filename,ssim,in_range
hd1004.jpg,0.5679,YES
hd1000.jpg,0.3633,NO
hd1010.jpg,0.3728,NO
hd1006.jpg,0.3967,NO
hd1005.jpg,0.4237,NO
hd1001.jpg,0.3460,NO
hd1007.jpg,0.5240,YES
hd1003.jpg,0.4642,NO
hd1011.jpg,0.4151,NO
hd1014.jpg,0.4161,NO
hd1012.jpg,0.4390,NO
hd1017.jpg,0.3121,NO
hd1015.jpg,0.3925,NO
hd1016.jpg,0.4086,NO
hd1013.jpg,0.3029,NO
hd1018.jpg,0.2020,NO
hd1029.jpg,0.2975,NO
hd1019.jpg,0.4164,NO
hd1020.jpg,0.4322,NO
hd1026.jpg,0.2908,NO
hd1022.jpg,0.3631,NO
hd1023.jpg,0.4155,NO
hd1027.jpg,0.3735,NO
hd1030.jpg,0.4225,NO
hd1031.jpg,0.7151,YES
hd1032.jpg,0.4406,NO
hd1033.jpg,0.3260,NO
hd1035.jpg,0.3917,NO
hd1037.jpg,0.4996,NO
hd1036.jpg,0.1793,NO
hd1038.jpg,0.4470,NO
hd104.jpg,0.3569,NO
hd1040.jpg,0.4871,NO
hd1041.jpg,0.3451,NO
hd1042.jpg,0.5428,YES
hd1043.jpg,0.4665,NO
hd1044.jpg,0.3070,NO
hd1045.jpg,0.3796,NO
hd1046.jpg,0.1792,NO
hd1047.jpg,0.4173,NO
hd1050.jpg,0.4302,NO
hd1051.jpg,0.3897,NO
hd1053.jpg,0.3865,NO
hd1052.jpg,0.3229,NO
hd1054.jpg,0.3639,NO
hd1055.jpg,0.3503,NO
hd1057.jpg,0.4253,NO
hd1056.jpg,0.1064,NO
hd1059.jpg,0.3605,NO
hd1061.jpg,0.3596,NO
hd1060.jpg,0.3722,NO
hd106.jpg,0.4410,NO
hd1063.jpg,0.4361,NO
hd1062.jpg,0.3397,NO
hd1064.jpg,0.4613,NO
hd1066.jpg,0.3342,NO
hd1067.jpg,0.3224,NO
hd1070.jpg,0.4041,NO
hd1069.jpg,0.6624,YES
hd1071.jpg,0.5154,YES
hd1073.jpg,0.5112,YES
hd1077.jpg,0.3298,NO
hd1078.jpg,0.3754,NO
hd1079.jpg,0.4697,NO
hd1080.jpg,0.1999,NO
hd1081.jpg,0.4699,NO
hd1082.jpg,0.5031,YES
hd1083.jpg,0.3565,NO
hd1086.jpg,0.3707,NO
hd1085.jpg,0.7297,YES
hd1084.jpg,0.5160,YES
hd1088.jpg,0.3160,NO
hd1089.jpg,0.6784,YES
hd1093.jpg,0.3401,NO
hd1091.jpg,0.4823,NO
hd1092.jpg,0.4058,NO
hd1095.jpg,0.6065,YES
hd1096.jpg,0.1955,NO
hd1097.jpg,0.6520,YES
hd1098.jpg,0.5862,YES
hd1099.jpg,0.2995,NO
hd1104.jpg,0.6534,YES
hd1103.jpg,0.6257,YES
hd1100.jpg,0.4055,NO
hd1105.jpg,0.6206,YES
hd1107.jpg,0.6843,YES
hd1106.jpg,0.5748,YES
hd1108.jpg,0.6707,YES
hd1110.jpg,0.6276,YES
hd111.jpg,0.3250,NO
hd1109.jpg,0.4338,NO
hd1111.jpg,0.3933,NO
hd1112.jpg,0.5713,YES
hd1113.jpg,0.3396,NO
hd1114.jpg,0.6205,YES
hd1115.jpg,0.4026,NO
hd1117.jpg,0.6866,YES
hd1116.jpg,0.4211,NO
hd1118.jpg,0.3706,NO
hd1119.jpg,0.4269,NO
hd1121.jpg,0.5534,YES
hd112.jpg,0.3653,NO
hd1120.jpg,0.4157,NO
hd1122.jpg,0.5281,YES
hd1123.jpg,0.6897,YES
hd1124.jpg,0.4228,NO
hd1125.jpg,0.4039,NO
hd1126.jpg,0.3979,NO
hd1128.jpg,0.2911,NO
hd1127.jpg,0.6978,YES
hd1129.jpg,0.3789,NO
hd113.jpg,0.4062,NO
hd1130.jpg,0.4022,NO
hd1131.jpg,0.2748,NO
hd1132.jpg,0.6633,YES
hd1133.jpg,0.3355,NO
hd1135.jpg,0.4008,NO
hd1134.jpg,0.3249,NO
hd1136.jpg,0.3991,NO
hd1137.jpg,0.4132,NO
hd1138.jpg,0.4268,NO
hd114.jpg,0.4036,NO
hd1139.jpg,0.4203,NO
hd1140.jpg,0.2851,NO
hd1141.jpg,0.5778,YES
hd1142.jpg,0.3844,NO
hd1143.jpg,0.4204,NO
hd1144.jpg,0.3832,NO
hd1146.jpg,0.6227,YES
hd1145.jpg,0.3940,NO
hd1147.jpg,0.3611,NO
hd1148.jpg,0.4328,NO
hd1149.jpg,0.4044,NO
hd1152.jpg,0.5831,YES
hd1150.jpg,0.3950,NO
hd1153.jpg,0.3996,NO
hd1154.jpg,0.3928,NO
hd1155.jpg,0.2708,NO
hd1156.jpg,0.3935,NO
hd1157.jpg,0.4107,NO
hd1160.jpg,0.6725,YES
hd1158.jpg,0.4135,NO
hd1159.jpg,0.3846,NO
hd1161.jpg,0.3472,NO
hd1162.jpg,0.3131,NO
hd1164.jpg,0.6080,YES
hd1163.jpg,0.4247,NO
hd1165.jpg,0.6072,YES
hd1166.jpg,0.4570,NO
hd1168.jpg,0.4922,NO
hd1169.jpg,0.3913,NO
hd1170.jpg,0.3945,NO
hd1171.jpg,0.3144,NO
hd1173.jpg,0.3911,NO
hd1172.jpg,0.3677,NO
hd1174.jpg,0.3788,NO
hd1176.jpg,0.5958,YES
hd1177.jpg,0.4028,NO
hd1178.jpg,0.3120,NO
hd1179.jpg,0.5080,YES
hd118.jpg,0.4999,NO
hd1180.jpg,0.3864,NO
hd1181.jpg,0.4090,NO
hd1182.jpg,0.4290,NO
hd1183.jpg,0.5197,YES
hd1188.jpg,0.6626,YES
hd1186.jpg,0.3162,NO
hd1185.jpg,0.4416,NO
hd1190.jpg,0.6814,YES
hd119.jpg,0.4018,NO
hd1201.jpg,0.5456,YES
hd1199.jpg,0.3456,NO
hd1202.jpg,0.5071,YES
hd1204.jpg,0.7527,YES
hd1203.jpg,0.4063,NO
hd1206.jpg,0.4408,NO
hd1209.jpg,0.3403,NO
hd1210.jpg,0.3521,NO
hd1211.jpg,0.2853,NO
hd1212.jpg,0.3338,NO
hd1213.jpg,0.3925,NO
hd1215.jpg,0.3606,NO
hd1214.jpg,0.3236,NO
hd1216.jpg,0.3354,NO
hd1218.jpg,0.6621,YES
hd1219.jpg,0.6137,YES
hd122.jpg,0.6095,YES
hd1220.jpg,0.3430,NO
hd1221.jpg,0.3019,NO
hd1223.jpg,0.3205,NO
hd1224.jpg,0.3527,NO
hd1225.jpg,0.6482,YES
hd1226.jpg,0.4364,NO
hd1228.jpg,0.3272,NO
hd1229.jpg,0.2420,NO
hd1230.jpg,0.4397,NO
hd1231.jpg,0.5487,YES
hd1232.jpg,0.5841,YES
hd1233.jpg,0.2050,NO
hd1234.jpg,0.4291,NO
hd1237.jpg,0.5868,YES
hd1236.jpg,0.5619,YES
hd1238.jpg,0.5191,YES
hd1239.jpg,0.3121,NO
hd1240.jpg,0.6358,YES
hd1242.jpg,0.4004,NO
hd1241.jpg,0.5047,YES
hd1243.jpg,0.4376,NO
hd1245.jpg,0.5644,YES
hd1244.jpg,0.3787,NO
hd1246.jpg,0.5276,YES
hd1247.jpg,0.2627,NO
hd1249.jpg,0.6621,YES
hd1250.jpg,0.4063,NO
hd1248.jpg,0.5549,YES
hd1251.jpg,0.1351,NO
hd1252.jpg,0.4629,NO
hd1253.jpg,0.6174,YES
hd1254.jpg,0.4000,NO
hd1255.jpg,0.3535,NO
hd1257.jpg,0.4792,NO
hd1258.jpg,0.6497,YES
hd1256.jpg,0.5210,YES
hd1259.jpg,0.6452,YES
hd126.jpg,0.3134,NO
hd1260.jpg,0.7588,YES
hd1261.jpg,0.6200,YES
hd1262.jpg,0.3727,NO
hd1264.jpg,0.6247,YES
hd1263.jpg,0.3216,NO
hd1265.jpg,0.3382,NO
hd1266.jpg,0.3301,NO
hd1267.jpg,0.1983,NO
hd1268.jpg,0.3701,NO
hd1269.jpg,0.3516,NO
hd1270.jpg,0.3887,NO
hd1271.jpg,0.3537,NO
hd1272.jpg,0.3647,NO
hd1273.jpg,0.3526,NO
hd1274.jpg,0.3914,NO
hd1275.jpg,0.4092,NO
hd1277.jpg,0.5350,YES
hd1276.jpg,0.3769,NO
hd1278.jpg,0.2472,NO
hd1279.jpg,0.3381,NO
hd128.jpg,0.6179,YES
hd1280.jpg,0.4113,NO
hd1281.jpg,0.3517,NO
hd1282.jpg,0.3466,NO
hd1283.jpg,0.4045,NO
hd1284.jpg,0.4246,NO
hd1285.jpg,0.3698,NO
hd1287.jpg,0.3542,NO
hd1288.jpg,0.4104,NO
hd1289.jpg,0.4691,NO
hd1291.jpg,0.6177,YES
hd1290.jpg,0.4168,NO
hd1292.jpg,0.3344,NO
hd1293.jpg,0.3676,NO
hd1294.jpg,0.3392,NO
hd1295.jpg,0.2996,NO
hd1296.jpg,0.3003,NO
hd1298.jpg,0.5726,YES
hd1297.jpg,0.4089,NO
hd1299.jpg,0.3424,NO
hd13.jpg,0.4190,NO
hd1300.jpg,0.3506,NO
hd1301.jpg,0.2021,NO
hd1302.jpg,0.3143,NO
hd1303.jpg,0.3754,NO
hd1305.jpg,0.6426,YES
hd1304.jpg,0.3792,NO
hd1307.jpg,0.4319,NO
hd131.jpg,0.5656,YES
hd1309.jpg,0.4407,NO
hd1310.jpg,0.5476,YES
hd1311.jpg,0.4894,NO
hd1313.jpg,0.4237,NO
hd1314.jpg,0.4011,NO
hd1315.jpg,0.4453,NO
hd1319.jpg,0.6710,YES
hd1317.jpg,0.4466,NO
hd1318.jpg,0.4692,NO
hd1320.jpg,0.3293,NO
hd1323.jpg,0.4927,NO
hd1322.jpg,0.2784,NO
hd1324.jpg,0.3744,NO
hd1326.jpg,0.2877,NO
hd1327.jpg,0.2043,NO
hd1329.jpg,0.3584,NO
hd1330.jpg,0.2865,NO
hd1331.jpg,0.3441,NO
hd1332.jpg,0.4207,NO
hd1334.jpg,0.6000,YES
hd1333.jpg,0.4126,NO
hd1336.jpg,0.5507,YES
hd1337.jpg,0.3459,NO
hd1338.jpg,0.3914,NO
hd1339.jpg,0.3438,NO
hd1340.jpg,0.3555,NO
hd1341.jpg,0.3543,NO
hd1342.jpg,0.3411,NO
hd1343.jpg,0.3331,NO
hd1344.jpg,0.5378,YES
hd1345.jpg,0.4015,NO
hd1348.jpg,0.5803,YES
hd1349.jpg,0.4813,NO
hd1350.jpg,0.5800,YES
hd1351.jpg,0.4827,NO
hd1352.jpg,0.4358,NO
hd1353.jpg,0.3094,NO
hd1354.jpg,0.4050,NO
hd1355.jpg,0.3576,NO
hd1356.jpg,0.2845,NO
hd1357.jpg,0.3706,NO
hd1358.jpg,0.4291,NO
hd1360.jpg,0.5113,YES
hd1359.jpg,0.5748,YES
hd1361.jpg,0.3606,NO
hd1363.jpg,0.3236,NO
hd1362.jpg,0.3918,NO
hd1365.jpg,0.3933,NO
hd1364.jpg,0.3520,NO
hd1367.jpg,0.3507,NO
hd1368.jpg,0.3676,NO
hd1369.jpg,0.3797,NO
hd137.jpg,0.2945,NO
hd1370.jpg,0.4298,NO
hd1371.jpg,0.4072,NO
hd1372.jpg,0.6133,YES
hd1373.jpg,0.3583,NO
hd1374.jpg,0.6884,YES
hd1375.jpg,0.3726,NO
hd1377.jpg,0.2617,NO
hd1378.jpg,0.5408,YES
hd1379.jpg,0.4307,NO
hd1380.jpg,0.3742,NO
hd1381.jpg,0.3376,NO
hd1382.jpg,0.3176,NO
hd1383.jpg,0.3489,NO
hd1384.jpg,0.6858,YES
hd1385.jpg,0.3467,NO
hd1386.jpg,0.4813,NO
hd1387.jpg,0.4583,NO
hd1388.jpg,0.1853,NO
hd1389.jpg,0.4666,NO
hd1390.jpg,0.4086,NO
hd1391.jpg,0.3250,NO
hd1392.jpg,0.4217,NO
hd1393.jpg,0.4018,NO
hd1394.jpg,0.3547,NO
hd1396.jpg,0.3407,NO
hd1395.jpg,0.5340,YES
hd1397.jpg,0.3865,NO
hd1398.jpg,0.3363,NO
hd1399.jpg,0.3228,NO
hd14.jpg,0.3032,NO
hd1400.jpg,0.4293,NO
hd1401.jpg,0.4144,NO
hd1402.jpg,0.4904,NO
hd1403.jpg,0.2159,NO
hd1404.jpg,0.4400,NO
hd1406.jpg,0.3844,NO
hd1407.jpg,0.4130,NO
hd1409.jpg,0.2966,NO
hd1410.jpg,0.4024,NO
hd1411.jpg,0.7259,YES
hd1412.jpg,0.4300,NO
hd1413.jpg,0.3966,NO
hd1414.jpg,0.4448,NO
hd1415.jpg,0.3851,NO
hd1417.jpg,0.3957,NO
hd1418.jpg,0.3708,NO
hd1419.jpg,0.3575,NO
hd142.jpg,0.3797,NO
hd1420.jpg,0.4181,NO
hd1421.jpg,0.4440,NO
hd1422.jpg,0.3824,NO
hd1423.jpg,0.2415,NO
hd1424.jpg,0.2368,NO
hd1426.jpg,0.2845,NO
hd1427.jpg,0.1916,NO
hd1428.jpg,0.4054,NO
hd1429.jpg,0.4034,NO
hd143.jpg,0.4504,NO
hd1430.jpg,0.3778,NO
hd1431.jpg,0.3917,NO
hd1432.jpg,0.5627,YES
hd1434.jpg,0.3204,NO
hd1433.jpg,0.2417,NO
hd1436.jpg,0.3107,NO
hd1437.jpg,0.2996,NO
hd1438.jpg,0.4658,NO
hd1439.jpg,0.3580,NO
hd1440.jpg,0.3770,NO
hd1441.jpg,0.3461,NO
hd1442.jpg,0.4109,NO
hd1443.jpg,0.4853,NO
hd1445.jpg,0.3621,NO
hd1446.jpg,0.3541,NO
hd1448.jpg,0.3166,NO
hd1447.jpg,0.2281,NO
hd1450.jpg,0.6060,YES
hd1449.jpg,0.2984,NO
hd1451.jpg,0.4847,NO
hd1452.jpg,0.2716,NO
hd1453.jpg,0.3179,NO
hd1454.jpg,0.5127,YES
hd1455.jpg,0.1867,NO
hd1456.jpg,0.1269,NO
hd1458.jpg,0.7710,YES
hd1457.jpg,0.4465,NO
hd1459.jpg,0.4228,NO
hd1460.jpg,0.4419,NO
hd1461.jpg,0.4341,NO
hd1462.jpg,0.4361,NO
hd1463.jpg,0.3637,NO
hd1464.jpg,0.5713,YES
hd1465.jpg,0.4587,NO
hd1466.jpg,0.4715,NO
hd1467.jpg,0.3035,NO
hd1468.jpg,0.4407,NO
hd1469.jpg,0.4164,NO
hd1470.jpg,0.4743,NO
hd1471.jpg,0.1741,NO
hd1473.jpg,0.4508,NO
hd1475.jpg,0.2158,NO
hd1474.jpg,0.3943,NO
hd1476.jpg,0.2635,NO
hd1477.jpg,0.4172,NO
hd1480.jpg,0.5072,YES
hd1478.jpg,0.3750,NO
hd1481.jpg,0.4119,NO
hd1482.jpg,0.6765,YES
hd1483.jpg,0.4141,NO
hd1484.jpg,0.4142,NO
hd1485.jpg,0.3504,NO
hd1486.jpg,0.4758,NO
hd1487.jpg,0.4540,NO
hd1488.jpg,0.1935,NO
hd1489.jpg,0.4923,NO
hd1490.jpg,0.3522,NO
hd1491.jpg,0.4128,NO
hd1492.jpg,0.4447,NO
hd1493.jpg,0.3556,NO
hd1494.jpg,0.2511,NO
hd1496.jpg,0.4202,NO
hd1497.jpg,0.3529,NO
hd1498.jpg,0.2784,NO
hd1499.jpg,0.4688,NO
hd1500.jpg,0.3908,NO
hd1501.jpg,0.2707,NO
hd1502.jpg,0.2896,NO
hd1503.jpg,0.4191,NO
hd1504.jpg,0.4122,NO
hd1505.jpg,0.4088,NO
hd1506.jpg,0.6371,YES
hd1507.jpg,0.3359,NO
hd1508.jpg,0.1857,NO
hd1510.jpg,0.3513,NO
hd1509.jpg,0.6715,YES
hd1511.jpg,0.2865,NO
hd1512.jpg,0.2795,NO
hd1514.jpg,0.3381,NO
hd1517.jpg,0.4935,NO
hd1518.jpg,0.2641,NO
hd1519.jpg,0.2656,NO
hd1520.jpg,0.3410,NO
hd1521.jpg,0.3417,NO
hd1523.jpg,0.3531,NO
hd1524.jpg,0.2141,NO
hd1526.jpg,0.4477,NO
hd1527.jpg,0.3526,NO
hd1528.jpg,0.2136,NO
hd1529.jpg,0.3055,NO
hd1531.jpg,0.5521,YES
hd153.jpg,0.6518,YES
hd1530.jpg,0.3651,NO
hd1532.jpg,0.3119,NO
hd1533.jpg,0.3068,NO
hd1534.jpg,0.3360,NO
hd1535.jpg,0.4756,NO
hd1536.jpg,0.3301,NO
hd1537.jpg,0.1219,NO
hd1538.jpg,0.3921,NO
hd1539.jpg,0.3074,NO
hd154.jpg,0.4063,NO
hd1540.jpg,0.7550,YES
hd1541.jpg,0.2744,NO
hd1542.jpg,0.3349,NO
hd1543.jpg,0.5965,YES
hd1544.jpg,0.4085,NO
hd1545.jpg,0.2989,NO
hd1546.jpg,0.2863,NO
hd1547.jpg,0.3144,NO
hd1549.jpg,0.3705,NO
hd1548.jpg,0.0410,NO
hd155.jpg,0.5162,YES
hd1550.jpg,0.4010,NO
hd1552.jpg,0.3611,NO
hd1553.jpg,0.2965,NO
hd1554.jpg,0.3191,NO
hd1551.jpg,0.6002,YES
hd1555.jpg,0.6059,YES
hd1556.jpg,0.2881,NO
hd1558.jpg,0.3126,NO
hd1559.jpg,0.3438,NO
hd156.jpg,0.3473,NO
hd1560.jpg,0.3639,NO
hd1561.jpg,0.3144,NO
hd1562.jpg,0.3885,NO
hd1563.jpg,0.4034,NO
hd1564.jpg,0.4179,NO
hd1565.jpg,0.3850,NO
hd1566.jpg,0.3479,NO
hd1568.jpg,0.2575,NO
hd1567.jpg,0.3188,NO
hd1569.jpg,0.3441,NO
hd1570.jpg,0.5140,YES
hd1571.jpg,0.4211,NO
hd1572.jpg,0.3968,NO
hd1573.jpg,0.3182,NO
hd1574.jpg,0.5014,YES
hd1577.jpg,0.3482,NO
hd1575.jpg,0.4736,NO
hd1576.jpg,0.3509,NO
hd1578.jpg,0.7118,YES
hd158.jpg,0.3874,NO
hd1580.jpg,0.3616,NO
hd1581.jpg,0.6663,YES
hd1582.jpg,0.4432,NO
hd1583.jpg,0.3234,NO
hd1585.jpg,0.3855,NO
hd1584.jpg,0.3758,NO
hd1586.jpg,0.4467,NO
hd1587.jpg,0.3218,NO
hd1588.jpg,0.3640,NO
hd1589.jpg,0.3993,NO
hd1590.jpg,0.2693,NO
hd1591.jpg,0.5242,YES
hd1592.jpg,0.5352,YES
hd1595.jpg,0.5909,YES
hd1593.jpg,0.5210,YES
hd1594.jpg,0.1448,NO
hd1596.jpg,0.2259,NO
hd1598.jpg,0.4001,NO
hd1597.jpg,0.3432,NO
hd1599.jpg,0.4586,NO
hd1600.jpg,0.2905,NO
hd1601.jpg,0.4431,NO
hd1602.jpg,0.3796,NO
hd1603.jpg,0.3708,NO
hd1604.jpg,0.4435,NO
hd1605.jpg,0.5403,YES
hd1606.jpg,0.2517,NO
hd1607.jpg,0.3209,NO
hd1608.jpg,0.3611,NO
hd1609.jpg,0.4219,NO
hd1610.jpg,0.3306,NO
hd1611.jpg,0.0653,NO
hd1612.jpg,0.2459,NO
hd1614.jpg,0.3885,NO
hd1615.jpg,0.1463,NO
hd1616.jpg,0.4451,NO
hd1618.jpg,0.5327,YES
hd1619.jpg,0.4192,NO
hd1620.jpg,0.3097,NO
hd1621.jpg,0.3135,NO
hd1622.jpg,0.4902,NO
hd1623.jpg,0.3332,NO
hd1624.jpg,0.3713,NO
hd1625.jpg,0.4194,NO
hd1627.jpg,0.3269,NO
hd1628.jpg,0.5697,YES
hd1632.jpg,0.2717,NO
hd1633.jpg,0.4713,NO
hd1634.jpg,0.5035,YES
hd1635.jpg,0.4832,NO
hd1636.jpg,0.3127,NO
hd1637.jpg,0.2007,NO
hd1638.jpg,0.5591,YES
hd1639.jpg,0.4935,NO
hd1641.jpg,0.5490,YES
hd1640.jpg,0.7563,YES
hd1642.jpg,0.5223,YES
hd1643.jpg,0.2124,NO
hd1644.jpg,0.4608,NO
hd1646.jpg,0.4408,NO
hd1647.jpg,0.5030,YES
hd1649.jpg,0.5382,YES
hd1650.jpg,0.3747,NO
hd1651.jpg,0.5124,YES
hd1652.jpg,0.5191,YES
hd1653.jpg,0.1947,NO
hd1654.jpg,0.5604,YES
hd1655.jpg,0.4822,NO
hd1657.jpg,0.4535,NO
hd1656.jpg,0.5168,YES
hd1659.jpg,0.3447,NO
hd1660.jpg,0.4312,NO
hd1661.jpg,0.4490,NO
hd1662.jpg,0.4734,NO
hd1663.jpg,0.3929,NO
hd1664.jpg,0.5470,YES
hd1665.jpg,0.6009,YES
hd1666.jpg,0.3895,NO
hd1667.jpg,0.5877,YES
hd1668.jpg,0.4483,NO
hd1669.jpg,0.7532,YES
hd1670.jpg,0.4860,NO
hd1671.jpg,0.2348,NO
hd1672.jpg,0.4831,NO
hd1673.jpg,0.4465,NO
hd1674.jpg,0.4576,NO
hd1675.jpg,0.4603,NO
hd1676.jpg,0.2967,NO
hd1677.jpg,0.6110,YES
hd1678.jpg,0.6024,YES
hd1681.jpg,0.6576,YES
hd1679.jpg,0.4772,NO
hd1680.jpg,0.4235,NO
hd1682.jpg,0.5492,YES
hd1683.jpg,0.4580,NO
hd1684.jpg,0.1656,NO
hd1685.jpg,0.4130,NO
hd1686.jpg,0.4500,NO
hd1687.jpg,0.3901,NO
hd1689.jpg,0.5841,YES
hd1688.jpg,0.4799,NO
hd1691.jpg,0.4773,NO
hd1692.jpg,0.4780,NO
hd1694.jpg,0.5373,YES
hd1695.jpg,0.3801,NO
hd1693.jpg,0.5796,YES
hd1696.jpg,0.4733,NO
hd1699.jpg,0.5073,YES
hd1698.jpg,0.4145,NO
hd170.jpg,0.6060,YES
hd1701.jpg,0.3240,NO
hd1700.jpg,0.4794,NO
hd1703.jpg,0.3414,NO
hd1704.jpg,0.4342,NO
hd1706.jpg,0.4828,NO
hd1707.jpg,0.4819,NO
hd1709.jpg,0.3853,NO
hd171.jpg,0.4687,NO
hd1708.jpg,0.4729,NO
hd1711.jpg,0.4110,NO
hd1712.jpg,0.4254,NO
hd1713.jpg,0.5332,YES
hd1714.jpg,0.3253,NO
hd1715.jpg,0.3907,NO
hd1716.jpg,0.6352,YES
hd1718.jpg,0.2963,NO
hd1717.jpg,0.5499,YES
hd1719.jpg,0.6951,YES
hd1720.jpg,0.2266,NO
hd1721.jpg,0.6183,YES
hd1722.jpg,0.4184,NO
hd1723.jpg,0.5195,YES
hd1724.jpg,0.6212,YES
hd1725.jpg,0.3594,NO
hd1726.jpg,0.2941,NO
hd1727.jpg,0.5728,YES
hd1728.jpg,0.4967,NO
hd1729.jpg,0.4236,NO
hd1730.jpg,0.3856,NO
hd1731.jpg,0.3208,NO
hd1732.jpg,0.4175,NO
hd1733.jpg,0.5718,YES
hd1734.jpg,0.1722,NO
hd1735.jpg,0.4422,NO
hd1736.jpg,0.5610,YES
hd1737.jpg,0.3495,NO
hd1738.jpg,0.5653,YES
hd1739.jpg,0.5458,YES
hd1740.jpg,0.5461,YES
hd1741.jpg,0.4248,NO
hd1743.jpg,0.6108,YES
hd1742.jpg,0.4733,NO
hd1745.jpg,0.5284,YES
hd1744.jpg,0.3023,NO
hd1746.jpg,0.3992,NO
hd1747.jpg,0.5405,YES
hd1748.jpg,0.3115,NO
hd1749.jpg,0.4558,NO
hd1750.jpg,0.4933,NO
hd1751.jpg,0.6312,YES
hd1752.jpg,0.2063,NO
hd1755.jpg,0.4429,NO
hd1753.jpg,0.4879,NO
hd1756.jpg,0.5249,YES
hd176.jpg,0.4540,NO
hd1757.jpg,0.3147,NO
hd1761.jpg,0.6799,YES
hd1760.jpg,0.5312,YES
hd1762.jpg,0.6340,YES
hd1764.jpg,0.6691,YES
hd1763.jpg,0.6109,YES
hd1765.jpg,0.6282,YES
hd1766.jpg,0.5923,YES
hd1768.jpg,0.6233,YES
hd1767.jpg,0.5007,YES
hd1769.jpg,0.1506,NO
hd1770.jpg,0.4782,NO
hd1771.jpg,0.5804,YES
hd1772.jpg,0.6413,YES
hd1773.jpg,0.5688,YES
hd1774.jpg,0.6171,YES
hd1775.jpg,0.6445,YES
hd1776.jpg,0.6006,YES
hd1777.jpg,0.5927,YES
hd1778.jpg,0.5962,YES
hd1779.jpg,0.5963,YES
hd1780.jpg,0.5682,YES
hd1781.jpg,0.3998,NO
hd1782.jpg,0.3226,NO
hd1783.jpg,0.6429,YES
hd1784.jpg,0.6779,YES
hd1786.jpg,0.6156,YES
hd1787.jpg,0.5971,YES
hd1788.jpg,0.6183,YES
hd1790.jpg,0.5888,YES
hd1793.jpg,0.5651,YES
hd1797.jpg,0.4098,NO
hd1794.jpg,0.4177,NO
hd1795.jpg,0.4594,NO
hd1798.jpg,0.5398,YES
hd1799.jpg,0.4796,NO
hd1800.jpg,0.6478,YES
hd180.jpg,0.5274,YES
hd1801.jpg,0.5870,YES
hd1802.jpg,0.5898,YES
hd1804.jpg,0.5090,YES
hd1803.jpg,0.3103,NO
hd1805.jpg,0.5698,YES
hd1806.jpg,0.3876,NO
hd1807.jpg,0.5938,YES
hd1809.jpg,0.6132,YES
hd1808.jpg,0.5148,YES
hd181.jpg,0.4656,NO
hd1810.jpg,0.6069,YES
hd1811.jpg,0.5673,YES
hd1812.jpg,0.6537,YES
hd1813.jpg,0.5740,YES
hd1814.jpg,0.4359,NO
hd1815.jpg,0.3517,NO
hd1816.jpg,0.4837,NO
hd1817.jpg,0.4446,NO
hd1819.jpg,0.3757,NO
hd1818.jpg,0.4250,NO
hd182.jpg,0.5448,YES
hd1820.jpg,0.2467,NO
hd1821.jpg,0.3917,NO
hd1822.jpg,0.4420,NO
hd1823.jpg,0.3799,NO
hd1826.jpg,0.6268,YES
hd1824.jpg,0.5020,YES
hd1825.jpg,0.3292,NO
hd1828.jpg,0.3115,NO
hd1829.jpg,0.4043,NO
hd1830.jpg,0.3915,NO
hd1831.jpg,0.4236,NO
hd1832.jpg,0.3334,NO
hd1833.jpg,0.2518,NO
hd1834.jpg,0.4181,NO
hd1835.jpg,0.4501,NO
hd1836.jpg,0.4313,NO
hd1838.jpg,0.4154,NO
hd1839.jpg,0.1558,NO
hd1840.jpg,0.3899,NO
hd1841.jpg,0.4580,NO
hd1843.jpg,0.4150,NO
hd1844.jpg,0.4927,NO
hd1845.jpg,0.4739,NO
hd1846.jpg,0.5120,YES
hd1847.jpg,0.5336,YES
hd1848.jpg,0.3699,NO
hd1849.jpg,0.5119,YES
hd1850.jpg,0.4469,NO
hd1851.jpg,0.4352,NO
hd1852.jpg,0.5028,YES
hd1853.jpg,0.3915,NO
hd1854.jpg,0.4670,NO
hd1855.jpg,0.4409,NO
hd1858.jpg,0.5633,YES
hd1857.jpg,0.4713,NO
hd1860.jpg,0.4851,NO
hd1861.jpg,0.3568,NO
hd1862.jpg,0.3968,NO
hd1863.jpg,0.4606,NO
hd1864.jpg,0.4936,NO
hd1865.jpg,0.5512,YES
hd1866.jpg,0.4247,NO
hd1867.jpg,0.1716,NO
hd1869.jpg,0.4573,NO
hd1870.jpg,0.3719,NO
hd1872.jpg,0.5791,YES
hd1873.jpg,0.3524,NO
hd1874.jpg,0.4732,NO
hd1875.jpg,0.4527,NO
hd1877.jpg,0.2140,NO
hd1878.jpg,0.4772,NO
hd1879.jpg,0.3735,NO
hd1881.jpg,0.3823,NO
hd1882.jpg,0.4215,NO
hd1880.jpg,0.4582,NO
hd1883.jpg,0.4009,NO
hd1884.jpg,0.2973,NO
hd1885.jpg,0.4104,NO
hd1886.jpg,0.1787,NO
hd1888.jpg,0.5906,YES
hd1887.jpg,0.3881,NO
hd1889.jpg,0.1533,NO
hd1890.jpg,0.4047,NO
hd1891.jpg,0.3522,NO
hd1892.jpg,0.4383,NO
hd1893.jpg,0.3551,NO
hd1894.jpg,0.4476,NO
hd1896.jpg,0.5860,YES
hd1895.jpg,0.5737,YES
hd1899.jpg,0.4370,NO
hd19.jpg,0.6965,YES
hd1897.jpg,0.4050,NO
hd1900.jpg,0.3474,NO
hd1901.jpg,0.3027,NO
hd1903.jpg,0.3681,NO
hd1904.jpg,0.3217,NO
hd1905.jpg,0.3263,NO
hd1907.jpg,0.3129,NO
hd1906.jpg,0.3866,NO
hd1908.jpg,0.3088,NO
hd1909.jpg,0.2799,NO
hd1910.jpg,0.6598,YES
hd1911.jpg,0.3662,NO
hd1912.jpg,0.3641,NO
hd1913.jpg,0.3687,NO
hd1916.jpg,0.4229,NO
hd1919.jpg,0.3256,NO
hd1917.jpg,0.3570,NO
hd192.jpg,0.5340,YES
hd1920.jpg,0.3495,NO
hd1921.jpg,0.3526,NO
hd1922.jpg,0.5250,YES
hd1923.jpg,0.5800,YES
hd1924.jpg,0.6200,YES
hd1925.jpg,0.4964,NO
hd1926.jpg,0.3021,NO
hd1928.jpg,0.1921,NO
hd193.jpg,0.2301,NO
hd1929.jpg,0.3207,NO
hd1930.jpg,0.3126,NO
hd1931.jpg,0.2954,NO
hd1933.jpg,0.2988,NO
hd1932.jpg,0.2553,NO
hd1934.jpg,0.2835,NO
hd1935.jpg,0.2941,NO
hd1936.jpg,0.3186,NO
hd1937.jpg,0.2183,NO
hd194.jpg,0.5349,YES
hd1938.jpg,0.2769,NO
hd1939.jpg,0.7590,YES
hd1940.jpg,0.8184,YES
hd1941.jpg,0.2611,NO
hd1942.jpg,0.3755,NO
hd1943.jpg,0.3123,NO
hd1944.jpg,0.2728,NO
hd1945.jpg,0.3049,NO
hd1947.jpg,0.3212,NO
hd1946.jpg,0.3561,NO
hd1948.jpg,0.4194,NO
hd1949.jpg,0.2640,NO
hd1950.jpg,0.3012,NO
hd1951.jpg,0.3426,NO
hd1952.jpg,0.4701,NO
hd1954.jpg,0.3003,NO
hd1953.jpg,0.1582,NO
hd1955.jpg,0.3527,NO
hd1956.jpg,0.3138,NO
hd1957.jpg,0.3334,NO
hd1958.jpg,0.3183,NO
hd1959.jpg,0.3796,NO
hd1961.jpg,0.3226,NO
hd1965.jpg,0.6407,YES
hd1964.jpg,0.6938,YES
hd1963.jpg,0.2872,NO
hd1966.jpg,0.4412,NO
hd1967.jpg,0.3161,NO
hd1968.jpg,0.2838,NO
hd1969.jpg,0.3073,NO
hd1970.jpg,0.3539,NO
hd1971.jpg,0.3246,NO
hd1972.jpg,0.3191,NO
hd1973.jpg,0.3594,NO
hd1975.jpg,0.4014,NO
hd1976.jpg,0.7288,YES
hd198.jpg,0.1771,NO
hd1978.jpg,0.3561,NO
hd1981.jpg,0.5793,YES
hd1979.jpg,0.3649,NO
hd1982.jpg,0.3337,NO
hd1983.jpg,0.2989,NO
hd1984.jpg,0.3413,NO
hd1986.jpg,0.2903,NO
hd1987.jpg,0.3240,NO
hd199.jpg,0.5932,YES
hd1988.jpg,0.4812,NO
hd1989.jpg,0.2757,NO
hd1990.jpg,0.3678,NO
hd1991.jpg,0.3348,NO
hd1992.jpg,0.3525,NO
hd1993.jpg,0.5260,YES
hd1994.jpg,0.3910,NO
hd1995.jpg,0.3584,NO
hd1997.jpg,0.3301,NO
hd1996.jpg,0.2839,NO
hd1998.jpg,0.3284,NO
hd1999.jpg,0.3570,NO
hd2000.jpg,0.2148,NO
hd2001.jpg,0.2822,NO
hd2002.jpg,0.2751,NO
hd2003.jpg,0.3766,NO
hd2004.jpg,0.3145,NO
hd2005.jpg,0.3044,NO
hd2006.jpg,0.5131,YES
hd2007.jpg,0.3643,NO
hd2009.jpg,0.2919,NO
hd201.jpg,0.1573,NO
hd2010.jpg,0.2752,NO
hd2011.jpg,0.3092,NO
hd2012.jpg,0.2561,NO
hd2013.jpg,0.3063,NO
hd2015.jpg,0.3017,NO
hd2016.jpg,0.2577,NO
hd2017.jpg,0.2774,NO
hd2018.jpg,0.2681,NO
hd202.jpg,0.5076,YES
hd2019.jpg,0.1926,NO
hd2020.jpg,0.3332,NO
hd2021.jpg,0.1940,NO
hd2022.jpg,0.2901,NO
hd2023.jpg,0.2199,NO
hd2024.jpg,0.6717,YES
hd2025.jpg,0.4000,NO
hd2026.jpg,0.2914,NO
hd2027.jpg,0.3424,NO
hd2029.jpg,0.3199,NO
hd2030.jpg,0.3008,NO
hd2031.jpg,0.3367,NO
hd2032.jpg,0.4088,NO
hd2034.jpg,0.3713,NO
hd2035.jpg,0.3989,NO
hd2036.jpg,0.3281,NO
hd2037.jpg,0.3239,NO
hd2038.jpg,0.2173,NO
hd2039.jpg,0.3629,NO
hd204.jpg,0.5172,YES
hd2040.jpg,0.3264,NO
hd2041.jpg,0.3049,NO
hd2042.jpg,0.3216,NO
hd2043.jpg,0.3747,NO
hd2044.jpg,0.3394,NO
hd2045.jpg,0.3270,NO
hd2046.jpg,0.4365,NO
hd2047.jpg,0.2053,NO
hd205.jpg,0.4942,NO
hd2049.jpg,0.2711,NO
hd2050.jpg,0.5904,YES
hd2052.jpg,0.5096,YES
hd2053.jpg,0.2607,NO
hd2054.jpg,0.0757,NO
hd2055.jpg,0.3466,NO
hd2056.jpg,0.3377,NO
hd2057.jpg,0.3537,NO
hd2058.jpg,0.1404,NO
hd2059.jpg,0.4112,NO
hd206.jpg,0.4704,NO
hd2060.jpg,0.3808,NO
hd2061.jpg,0.3006,NO
hd2062.jpg,0.4291,NO
hd2063.jpg,0.3480,NO
hd2064.jpg,0.3657,NO
hd2065.jpg,0.2316,NO
hd2067.jpg,0.2844,NO
hd2068.jpg,0.4739,NO
hd2069.jpg,0.3357,NO
hd2070.jpg,0.3025,NO
hd2071.jpg,0.6691,YES
hd2072.jpg,0.2840,NO
hd2073.jpg,0.3061,NO
hd2074.jpg,0.6899,YES
hd2076.jpg,0.2700,NO
hd2077.jpg,0.2991,NO
hd2078.jpg,0.3482,NO
hd2079.jpg,0.3392,NO
hd2080.jpg,0.3419,NO
hd2081.jpg,0.4076,NO
hd2082.jpg,0.3470,NO
hd2083.jpg,0.7542,YES
hd2084.jpg,0.3109,NO
hd2086.jpg,0.5976,YES
hd2088.jpg,0.2791,NO
hd2087.jpg,0.3715,NO
hd2089.jpg,0.3040,NO
hd2090.jpg,0.2850,NO
hd2091.jpg,0.2930,NO
hd2092.jpg,0.3095,NO
hd2094.jpg,0.3333,NO
hd2095.jpg,0.2766,NO
hd2096.jpg,0.6365,YES
hd2097.jpg,0.3360,NO
hd2098.jpg,0.5852,YES
hd210.jpg,0.4755,NO
hd2099.jpg,0.2781,NO
hd21.jpg,0.5024,YES
hd2100.jpg,0.3546,NO
hd2101.jpg,0.3266,NO
hd2102.jpg,0.3010,NO
hd2103.jpg,0.4694,NO
hd2104.jpg,0.3457,NO
hd2105.jpg,0.2947,NO
hd2106.jpg,0.3382,NO
hd2108.jpg,0.4800,NO
hd211.jpg,0.6023,YES
hd2109.jpg,0.3333,NO
hd2110.jpg,0.3805,NO
hd2111.jpg,0.4323,NO
hd2112.jpg,0.2959,NO
hd2114.jpg,0.5629,YES
hd2115.jpg,0.3618,NO
hd2116.jpg,0.3246,NO
hd2117.jpg,0.2504,NO
hd2118.jpg,0.2668,NO
hd2119.jpg,0.2850,NO
hd2120.jpg,0.2927,NO
hd2121.jpg,0.5666,YES
hd2122.jpg,0.7130,YES
hd2123.jpg,0.3030,NO
hd2124.jpg,0.2433,NO
hd2125.jpg,0.6059,YES
hd2126.jpg,0.0494,NO
hd2128.jpg,0.2893,NO
hd2129.jpg,0.2718,NO
hd2130.jpg,0.2973,NO
hd2131.jpg,0.2456,NO
hd2132.jpg,0.2707,NO
hd2134.jpg,0.7334,YES
hd2133.jpg,0.3256,NO
hd2136.jpg,0.5275,YES
hd2137.jpg,0.2790,NO
hd2138.jpg,0.3409,NO
hd214.jpg,0.5321,YES
hd2142.jpg,0.3078,NO
hd2143.jpg,0.2465,NO
hd2145.jpg,0.3762,NO
hd2144.jpg,0.3343,NO
hd2146.jpg,0.7044,YES
hd2147.jpg,0.3244,NO
hd2148.jpg,0.3693,NO
hd2149.jpg,0.3569,NO
hd215.jpg,0.5655,YES
hd2150.jpg,0.1285,NO
hd2153.jpg,0.4468,NO
hd2151.jpg,0.3469,NO
hd2155.jpg,0.4716,NO
hd2157.jpg,0.2699,NO
hd2156.jpg,0.4205,NO
hd2158.jpg,0.2800,NO
hd2160.jpg,0.1792,NO
hd2159.jpg,0.3943,NO
hd2161.jpg,0.3226,NO
hd2162.jpg,0.3264,NO
hd2163.jpg,0.3696,NO
hd2164.jpg,0.3072,NO
hd2165.jpg,0.2904,NO
hd2166.jpg,0.3679,NO
hd217.jpg,0.6546,YES
hd2167.jpg,0.2917,NO
hd2168.jpg,0.3525,NO
hd2170.jpg,0.4018,NO
hd2171.jpg,0.3524,NO
hd2172.jpg,0.6144,YES
hd2173.jpg,0.2800,NO
hd2174.jpg,0.6020,YES
hd2175.jpg,0.4733,NO
hd2176.jpg,0.3555,NO
hd2177.jpg,0.2753,NO
hd2178.jpg,0.2673,NO
hd218.jpg,0.4688,NO
hd2179.jpg,0.1661,NO
hd2180.jpg,0.3322,NO
hd2181.jpg,0.3533,NO
hd2182.jpg,0.5345,YES
hd2183.jpg,0.4297,NO
hd2185.jpg,0.3813,NO
hd2187.jpg,0.4031,NO
hd2188.jpg,0.3492,NO
hd2189.jpg,0.2879,NO
hd2190.jpg,0.6406,YES
hd219.jpg,0.3579,NO
hd2191.jpg,0.5408,YES
hd2193.jpg,0.3715,NO
hd2192.jpg,0.4392,NO
hd2194.jpg,0.3434,NO
hd2196.jpg,0.4918,NO
hd2195.jpg,0.3428,NO
hd2197.jpg,0.3150,NO
hd2198.jpg,0.3194,NO
hd220.jpg,0.5435,YES
hd2199.jpg,0.3240,NO
hd2200.jpg,0.4535,NO
hd2201.jpg,0.3300,NO
hd2202.jpg,0.6933,YES
hd2204.jpg,0.3230,NO
hd2205.jpg,0.4135,NO
hd2206.jpg,0.4314,NO
hd2207.jpg,0.3263,NO
hd2208.jpg,0.6147,YES
hd2209.jpg,0.3267,NO
hd2210.jpg,0.3262,NO
hd2212.jpg,0.3785,NO
hd2211.jpg,0.3344,NO
hd2213.jpg,0.3540,NO
hd2215.jpg,0.3389,NO
hd2216.jpg,0.1787,NO
hd2217.jpg,0.2310,NO
hd2218.jpg,0.3636,NO
hd2219.jpg,0.3333,NO
hd2220.jpg,0.7208,YES
hd222.jpg,0.2749,NO
hd2221.jpg,0.2385,NO
hd2223.jpg,0.3764,NO
hd2225.jpg,0.4536,NO
hd2224.jpg,0.3001,NO
hd2226.jpg,0.3016,NO
hd2227.jpg,0.3205,NO
hd2228.jpg,0.3368,NO
hd2229.jpg,0.2223,NO
hd2231.jpg,0.3551,NO
hd2230.jpg,0.3271,NO
hd2232.jpg,0.5619,YES
hd2233.jpg,0.4342,NO
hd2235.jpg,0.2942,NO
hd2236.jpg,0.3610,NO
hd2237.jpg,0.3282,NO
hd2238.jpg,0.3277,NO
hd2239.jpg,0.3554,NO
hd2240.jpg,0.3505,NO
hd2241.jpg,0.3133,NO
hd2242.jpg,0.3116,NO
hd2244.jpg,0.6626,YES
hd2245.jpg,0.3536,NO
hd2246.jpg,0.3378,NO
hd2247.jpg,0.3578,NO
hd2248.jpg,0.3437,NO
hd2249.jpg,0.4987,NO
hd2251.jpg,0.3339,NO
hd2252.jpg,0.3224,NO
hd2253.jpg,0.3545,NO
hd2255.jpg,0.2958,NO
hd2254.jpg,0.2906,NO
hd2256.jpg,0.3280,NO
hd2259.jpg,0.4097,NO
hd2258.jpg,0.5239,YES
hd2261.jpg,0.3721,NO
hd2260.jpg,0.3454,NO
hd2262.jpg,0.3746,NO
hd2263.jpg,0.4318,NO
hd2265.jpg,0.4372,NO
hd2266.jpg,0.3609,NO
hd2267.jpg,0.3291,NO
hd2268.jpg,0.3779,NO
hd2269.jpg,0.6791,YES
hd2270.jpg,0.3529,NO
hd2271.jpg,0.1270,NO
hd2272.jpg,0.3224,NO
hd2273.jpg,0.3198,NO
hd2274.jpg,0.3120,NO
hd2275.jpg,0.3575,NO
hd2276.jpg,0.3160,NO
hd2277.jpg,0.3605,NO
hd2278.jpg,0.3512,NO
hd2281.jpg,0.6594,YES
hd2279.jpg,0.2190,NO
hd2282.jpg,0.5853,YES
hd2283.jpg,0.3385,NO
hd2284.jpg,0.0729,NO
hd2285.jpg,0.4303,NO
hd2286.jpg,0.3395,NO
hd2287.jpg,0.3483,NO
hd229.jpg,0.4235,NO
hd2288.jpg,0.3098,NO
hd2289.jpg,0.3572,NO
hd2291.jpg,0.3317,NO
hd2292.jpg,0.3717,NO
hd2293.jpg,0.3076,NO
hd2294.jpg,0.4483,NO
hd2295.jpg,0.2096,NO
hd2296.jpg,0.3369,NO
hd2297.jpg,0.1290,NO
hd2298.jpg,0.3404,NO
hd2299.jpg,0.3797,NO
hd23.jpg,0.3733,NO
hd2301.jpg,0.3637,NO
hd2302.jpg,0.3381,NO
hd2303.jpg,0.3350,NO
hd2304.jpg,0.3566,NO
hd2305.jpg,0.3355,NO
hd2306.jpg,0.5071,YES
hd2307.jpg,0.2940,NO
hd2308.jpg,0.3885,NO
hd2309.jpg,0.3822,NO
hd2311.jpg,0.3733,NO
hd2310.jpg,0.2934,NO
hd2314.jpg,0.3766,NO
hd2312.jpg,0.4018,NO
hd2313.jpg,0.3424,NO
hd2315.jpg,0.3964,NO
hd2317.jpg,0.2721,NO
hd2318.jpg,0.1320,NO
hd232.jpg,0.3377,NO
hd2319.jpg,0.3256,NO
hd2320.jpg,0.2903,NO
hd2322.jpg,0.2975,NO
hd2321.jpg,0.3234,NO
hd2324.jpg,0.7016,YES
hd2325.jpg,0.3590,NO
hd2326.jpg,0.3089,NO
hd2327.jpg,0.2779,NO
hd2328.jpg,0.3216,NO
hd2329.jpg,0.3280,NO
hd2331.jpg,0.2789,NO
hd2330.jpg,0.4192,NO
hd2332.jpg,0.2990,NO
hd2333.jpg,0.3390,NO
hd2334.jpg,0.3586,NO
hd2335.jpg,0.3089,NO
hd2339.jpg,0.4095,NO
hd2336.jpg,0.1956,NO
hd2337.jpg,0.4661,NO
hd2338.jpg,0.3933,NO
hd234.jpg,0.3801,NO
hd2340.jpg,0.4172,NO
hd2341.jpg,0.3392,NO
hd2342.jpg,0.6345,YES
hd2343.jpg,0.3330,NO
hd2344.jpg,0.3606,NO
hd2345.jpg,0.3607,NO
hd2346.jpg,0.3779,NO
hd2347.jpg,0.3165,NO
hd2348.jpg,0.3920,NO
hd2349.jpg,0.1760,NO
hd235.jpg,0.6026,YES
hd2352.jpg,0.3560,NO
hd2354.jpg,0.1832,NO
hd2350.jpg,0.5398,YES
hd2353.jpg,0.2378,NO
hd2355.jpg,0.6557,YES
hd2356.jpg,0.3142,NO
hd2357.jpg,0.2903,NO
hd2358.jpg,0.3418,NO
hd236.jpg,0.2367,NO
hd2359.jpg,0.3384,NO
hd2360.jpg,0.2881,NO
hd2361.jpg,0.2767,NO
hd2362.jpg,0.3888,NO
hd2363.jpg,0.3347,NO
hd2364.jpg,0.3329,NO
hd2365.jpg,0.2878,NO
hd2366.jpg,0.2127,NO
hd237.jpg,0.5722,YES
hd2367.jpg,0.2299,NO
hd2368.jpg,0.3011,NO
hd24.jpg,0.3188,NO
hd241.jpg,0.4102,NO
hd242.jpg,0.6214,YES
hd246.jpg,0.4262,NO
hd245.jpg,0.3318,NO
hd249.jpg,0.6383,YES
hd25.jpg,0.3232,NO
hd251.jpg,0.6128,YES
hd253.jpg,0.2130,NO
hd254.jpg,0.5816,YES
hd255.jpg,0.4373,NO
hd262.jpg,0.5627,YES
hd260.jpg,0.3399,NO
hd256.jpg,0.3220,NO
hd261.jpg,0.4041,NO
hd267.jpg,0.5309,YES
hd268.jpg,0.6010,YES
hd275.jpg,0.4339,NO
hd276.jpg,0.6530,YES
hd281.jpg,0.6646,YES
hd277.jpg,0.7151,YES
hd283.jpg,0.6475,YES
hd291.jpg,0.4139,NO
hd299.jpg,0.4268,NO
hd300.jpg,0.3711,NO
hd304.jpg,0.6013,YES
hd302.jpg,0.2570,NO
hd312.jpg,0.6290,YES
hd305.jpg,0.4780,NO
hd311.jpg,0.3442,NO
hd323.jpg,0.5880,YES
hd330.jpg,0.6044,YES
hd32.jpg,0.5630,YES
hd333.jpg,0.4384,NO
hd334.jpg,0.6820,YES
hd335.jpg,0.5933,YES
hd339.jpg,0.4954,NO
hd340.jpg,0.3570,NO
hd346.jpg,0.5595,YES
hd345.jpg,0.4015,NO
hd344.jpg,0.5856,YES
hd347.jpg,0.3133,NO
hd348.jpg,0.1071,NO
hd35.jpg,0.3035,NO
hd351.jpg,0.6269,YES
hd352.jpg,0.1159,NO
hd353.jpg,0.3282,NO
hd355.jpg,0.3277,NO
hd361.jpg,0.2712,NO
hd363.jpg,0.5676,YES
hd367.jpg,0.4742,NO
hd377.jpg,0.2480,NO
hd375.jpg,0.4547,NO
hd376.jpg,0.5153,YES
hd378.jpg,0.3692,NO
hd387.jpg,0.6176,YES
hd393.jpg,0.3848,NO
hd397.jpg,0.5493,YES
hd40.jpg,0.3520,NO
hd403.jpg,0.4283,NO
hd406.jpg,0.4826,NO
hd41.jpg,0.6428,YES
hd410.jpg,0.4252,NO
hd411.jpg,0.3240,NO
hd412.jpg,0.7018,YES
hd413.jpg,0.4215,NO
hd414.jpg,0.6510,YES
hd415.jpg,0.6256,YES
hd416.jpg,0.5629,YES
hd421.jpg,0.2257,NO
hd422.jpg,0.3550,NO
hd424.jpg,0.4450,NO
hd425.jpg,0.4001,NO
hd426.jpg,0.5095,YES
hd430.jpg,0.3697,NO
hd434.jpg,0.5879,YES
hd436.jpg,0.6632,YES
hd435.jpg,0.4354,NO
hd437.jpg,0.4072,NO
hd441.jpg,0.5298,YES
hd443.jpg,0.6130,YES
hd445.jpg,0.4690,NO
hd446.jpg,0.5392,YES
hd448.jpg,0.6079,YES
hd456.jpg,0.3223,NO
hd458.jpg,0.6114,YES
hd450.jpg,0.3730,NO
hd46.jpg,0.7634,YES
hd460.jpg,0.4911,NO
hd461.jpg,0.6056,YES
hd463.jpg,0.2844,NO
hd467.jpg,0.2919,NO
hd474.jpg,0.5282,YES
hd468.jpg,0.1700,NO
hd473.jpg,0.7490,YES
hd476.jpg,0.4162,NO
hd477.jpg,0.6559,YES
hd479.jpg,0.3146,NO
hd478.jpg,0.3599,NO
hd485.jpg,0.6399,YES
hd486.jpg,0.5909,YES
hd490.jpg,0.6910,YES
hd488.jpg,0.7205,YES
hd489.jpg,0.3713,NO
hd491.jpg,0.6425,YES
hd492.jpg,0.6091,YES
hd495.jpg,0.4705,NO
hd497.jpg,0.2716,NO
hd499.jpg,0.5191,YES
hd500.jpg,0.6927,YES
hd501.jpg,0.5639,YES
hd502.jpg,0.4789,NO
hd503.jpg,0.5032,YES
hd507.jpg,0.5891,YES
hd505.jpg,0.5303,YES
hd511.jpg,0.5007,YES
hd515.jpg,0.4324,NO
hd509.jpg,0.4093,NO
hd519.jpg,0.6059,YES
hd521.jpg,0.6874,YES
hd524.jpg,0.6103,YES
hd525.jpg,0.6750,YES
hd527.jpg,0.6157,YES
hd522.jpg,0.3232,NO
hd529.jpg,0.1991,NO
hd528.jpg,0.6960,YES
hd533.jpg,0.3975,NO
hd534.jpg,0.4172,NO
hd535.jpg,0.6407,YES
hd537.jpg,0.6283,YES
hd538.jpg,0.1492,NO
hd539.jpg,0.2949,NO
hd540.jpg,0.2865,NO
hd542.jpg,0.4077,NO
hd541.jpg,0.4014,NO
hd544.jpg,0.3252,NO
hd545.jpg,0.6873,YES
hd546.jpg,0.3051,NO
hd548.jpg,0.4121,NO
hd550.jpg,0.5927,YES
hd549.jpg,0.6836,YES
hd553.jpg,0.3844,NO
hd554.jpg,0.6067,YES
hd557.jpg,0.6504,YES
hd558.jpg,0.7477,YES
hd561.jpg,0.6200,YES
hd563.jpg,0.6229,YES
hd568.jpg,0.6370,YES
hd569.jpg,0.7050,YES
hd572.jpg,0.6125,YES
hd573.jpg,0.6331,YES
hd575.jpg,0.4700,NO
hd583.jpg,0.3823,NO
hd580.jpg,0.2370,NO
hd584.jpg,0.4421,NO
hd585.jpg,0.3826,NO
hd593.jpg,0.2478,NO
hd597.jpg,0.4228,NO
hd598.jpg,0.3943,NO
hd602.jpg,0.6400,YES
hd601.jpg,0.4180,NO
hd605.jpg,0.4056,NO
hd606.jpg,0.3536,NO
hd607.jpg,0.6325,YES
hd608.jpg,0.3798,NO
hd609.jpg,0.3920,NO
hd610.jpg,0.4180,NO
hd612.jpg,0.3413,NO
hd614.jpg,0.6046,YES
hd613.jpg,0.4340,NO
hd615.jpg,0.3870,NO
hd616.jpg,0.4030,NO
hd617.jpg,0.4451,NO
hd618.jpg,0.4509,NO
hd619.jpg,0.1603,NO
hd621.jpg,0.2142,NO
hd623.jpg,0.4078,NO
hd622.jpg,0.4127,NO
hd624.jpg,0.3611,NO
hd626.jpg,0.3344,NO
hd625.jpg,0.5066,YES
hd627.jpg,0.4067,NO
hd628.jpg,0.4229,NO
hd629.jpg,0.4304,NO
hd630.jpg,0.4799,NO
hd631.jpg,0.4017,NO
hd632.jpg,0.4714,NO
hd634.jpg,0.3978,NO
hd633.jpg,0.2430,NO
hd635.jpg,0.3561,NO
hd636.jpg,0.4485,NO
hd637.jpg,0.4388,NO
hd639.jpg,0.5910,YES
hd640.jpg,0.5912,YES
hd641.jpg,0.4612,NO
hd642.jpg,0.1469,NO
hd643.jpg,0.5269,YES
hd644.jpg,0.3488,NO
hd645.jpg,0.5516,YES
hd647.jpg,0.6830,YES
hd646.jpg,0.3417,NO
hd648.jpg,0.4213,NO
hd649.jpg,0.4592,NO
hd650.jpg,0.5947,YES
hd65.jpg,0.2422,NO
hd651.jpg,0.4261,NO
hd652.jpg,0.3124,NO
hd653.jpg,0.2445,NO
hd654.jpg,0.2963,NO
hd655.jpg,0.3478,NO
hd658.jpg,0.3127,NO
hd656.jpg,0.5631,YES
hd659.jpg,0.2629,NO
hd660.jpg,0.4577,NO
hd661.jpg,0.5944,YES
hd662.jpg,0.7073,YES
hd664.jpg,0.4544,NO
hd665.jpg,0.3405,NO
hd666.jpg,0.5665,YES
hd667.jpg,0.4237,NO
hd668.jpg,0.3367,NO
hd67.jpg,0.6335,YES
hd669.jpg,0.4153,NO
hd670.jpg,0.4163,NO
hd671.jpg,0.5599,YES
hd672.jpg,0.2951,NO
hd673.jpg,0.4140,NO
hd674.jpg,0.3565,NO
hd675.jpg,0.3465,NO
hd676.jpg,0.6670,YES
hd677.jpg,0.1684,NO
hd678.jpg,0.4536,NO
hd679.jpg,0.3727,NO
hd68.jpg,0.4679,NO
hd680.jpg,0.4906,NO
hd682.jpg,0.4011,NO
hd681.jpg,0.4206,NO
hd683.jpg,0.4366,NO
hd684.jpg,0.4120,NO
hd685.jpg,0.3732,NO
hd687.jpg,0.3234,NO
hd686.jpg,0.3887,NO
hd688.jpg,0.2768,NO
hd689.jpg,0.3425,NO
hd690.jpg,0.3412,NO
hd691.jpg,0.3394,NO
hd692.jpg,0.4024,NO
hd695.jpg,0.6417,YES
hd696.jpg,0.4209,NO
hd699.jpg,0.6121,YES
hd694.jpg,0.4877,NO
hd697.jpg,0.4244,NO
hd698.jpg,0.3429,NO
hd700.jpg,0.2987,NO
hd701.jpg,0.3512,NO
hd702.jpg,0.3425,NO
hd703.jpg,0.3758,NO
hd705.jpg,0.4122,NO
hd706.jpg,0.3308,NO
hd710.jpg,0.3939,NO
hd708.jpg,0.4000,NO
hd711.jpg,0.3685,NO
hd712.jpg,0.7096,YES
hd713.jpg,0.4322,NO
hd714.jpg,0.3903,NO
hd715.jpg,0.3144,NO
hd716.jpg,0.4359,NO
hd717.jpg,0.4432,NO
hd718.jpg,0.3602,NO
hd719.jpg,0.3403,NO
hd72.jpg,0.3111,NO
hd720.jpg,0.3467,NO
hd721.jpg,0.5727,YES
hd724.jpg,0.5726,YES
hd722.jpg,0.3529,NO
hd723.jpg,0.3857,NO
hd725.jpg,0.2837,NO
hd726.jpg,0.3397,NO
hd727.jpg,0.3657,NO
hd728.jpg,0.4015,NO
hd729.jpg,0.4234,NO
hd730.jpg,0.2732,NO
hd731.jpg,0.4036,NO
hd73.jpg,0.1240,NO
hd732.jpg,0.2768,NO
hd733.jpg,0.3124,NO
hd734.jpg,0.2490,NO
hd736.jpg,0.6461,YES
hd735.jpg,0.3886,NO
hd737.jpg,0.7494,YES
hd739.jpg,0.2975,NO
hd740.jpg,0.3050,NO
hd743.jpg,0.1616,NO
hd742.jpg,0.3142,NO
hd744.jpg,0.2423,NO
hd745.jpg,0.4344,NO
hd746.jpg,0.3178,NO
hd747.jpg,0.4239,NO
hd749.jpg,0.3135,NO
hd750.jpg,0.2958,NO
hd751.jpg,0.2360,NO
hd753.jpg,0.4038,NO
hd754.jpg,0.3632,NO
hd755.jpg,0.5234,YES
hd757.jpg,0.2852,NO
hd756.jpg,0.5078,YES
hd758.jpg,0.2877,NO
hd759.jpg,0.2678,NO
hd763.jpg,0.3144,NO
hd764.jpg,0.2781,NO
hd766.jpg,0.3596,NO
hd767.jpg,0.3682,NO
hd771.jpg,0.4278,NO
hd768.jpg,0.3165,NO
hd772.jpg,0.6757,YES
hd770.jpg,0.3674,NO
hd769.jpg,0.3554,NO
hd773.jpg,0.2745,NO
hd774.jpg,0.2900,NO
hd775.jpg,0.3458,NO
hd779.jpg,0.3130,NO
hd778.jpg,0.3541,NO
hd777.jpg,0.3446,NO
hd781.jpg,0.3102,NO
hd780.jpg,0.6599,YES
hd782.jpg,0.2899,NO
hd783.jpg,0.2851,NO
hd784.jpg,0.5641,YES
hd789.jpg,0.3247,NO
hd786.jpg,0.3487,NO
hd787.jpg,0.3734,NO
hd790.jpg,0.4585,NO
hd788.jpg,0.2504,NO
hd791.jpg,0.3873,NO
hd792.jpg,0.3832,NO
hd793.jpg,0.4067,NO
hd797.jpg,0.6832,YES
hd795.jpg,0.6465,YES
hd796.jpg,0.5603,YES
hd799.jpg,0.1604,NO
hd798.jpg,0.4931,NO
hd800.jpg,0.3105,NO
hd801.jpg,0.5522,YES
hd803.jpg,0.4013,NO
hd806.jpg,0.4046,NO
hd807.jpg,0.2632,NO
hd804.jpg,0.3818,NO
hd808.jpg,0.3341,NO
hd809.jpg,0.4405,NO
hd810.jpg,0.5047,YES
hd811.jpg,0.5896,YES
hd812.jpg,0.4942,NO
hd813.jpg,0.3827,NO
hd815.jpg,0.5949,YES
hd816.jpg,0.5892,YES
hd817.jpg,0.3357,NO
hd818.jpg,0.3777,NO
hd819.jpg,0.4245,NO
hd820.jpg,0.5249,YES
hd821.jpg,0.6774,YES
hd822.jpg,0.3149,NO
hd823.jpg,0.3678,NO
hd824.jpg,0.3976,NO
hd825.jpg,0.6092,YES
hd826.jpg,0.4603,NO
hd827.jpg,0.4205,NO
hd828.jpg,0.3911,NO
hd829.jpg,0.3879,NO
hd830.jpg,0.3339,NO
hd83.jpg,0.4125,NO
hd831.jpg,0.4559,NO
hd832.jpg,0.4938,NO
hd834.jpg,0.6394,YES
hd836.jpg,0.5294,YES
hd833.jpg,0.4024,NO
hd837.jpg,0.4449,NO
hd838.jpg,0.3590,NO
hd839.jpg,0.6774,YES
hd84.jpg,0.3632,NO
hd843.jpg,0.4175,NO
hd840.jpg,0.2729,NO
hd844.jpg,0.5737,YES
hd848.jpg,0.1622,NO
hd851.jpg,0.1463,NO
hd852.jpg,0.3986,NO
hd853.jpg,0.6626,YES
hd854.jpg,0.3909,NO
hd855.jpg,0.4062,NO
hd856.jpg,0.3572,NO
hd858.jpg,0.2931,NO
hd857.jpg,0.1892,NO
hd860.jpg,0.4708,NO
hd862.jpg,0.4227,NO
hd863.jpg,0.3829,NO
hd865.jpg,0.5684,YES
hd866.jpg,0.3699,NO
hd864.jpg,0.4552,NO
hd867.jpg,0.4163,NO
hd868.jpg,0.5652,YES
hd869.jpg,0.4927,NO
hd870.jpg,0.3567,NO
hd87.jpg,0.3020,NO
hd871.jpg,0.3576,NO
hd877.jpg,0.5080,YES
hd872.jpg,0.4499,NO
hd874.jpg,0.4283,NO
hd878.jpg,0.4517,NO
hd879.jpg,0.3970,NO
hd88.jpg,0.3327,NO
hd881.jpg,0.3015,NO
hd882.jpg,0.3193,NO
hd884.jpg,0.4279,NO
hd886.jpg,0.4435,NO
hd888.jpg,0.3397,NO
hd890.jpg,0.3994,NO
hd891.jpg,0.7095,YES
hd892.jpg,0.4195,NO
hd894.jpg,0.6524,YES
hd895.jpg,0.3613,NO
hd897.jpg,0.5543,YES
hd899.jpg,0.3324,NO
hd90.jpg,0.3075,NO
hd900.jpg,0.3291,NO
hd901.jpg,0.3161,NO
hd903.jpg,0.3747,NO
hd904.jpg,0.3803,NO
hd905.jpg,0.5371,YES
hd907.jpg,0.6573,YES
hd910.jpg,0.4148,NO
hd911.jpg,0.3550,NO
hd913.jpg,0.5959,YES
hd914.jpg,0.4243,NO
hd915.jpg,0.5382,YES
hd917.jpg,0.3240,NO
hd918.jpg,0.4093,NO
hd919.jpg,0.3662,NO
hd920.jpg,0.3721,NO
hd922.jpg,0.3385,NO
hd924.jpg,0.4419,NO
hd926.jpg,0.2890,NO
hd931.jpg,0.5389,YES
hd928.jpg,0.3192,NO
hd932.jpg,0.4505,NO
hd933.jpg,0.3653,NO
hd934.jpg,0.4068,NO
hd935.jpg,0.4071,NO
hd936.jpg,0.4015,NO
hd937.jpg,0.3770,NO
hd938.jpg,0.3061,NO
hd94.jpg,0.6259,YES
hd941.jpg,0.4089,NO
hd942.jpg,0.4607,NO
hd943.jpg,0.3705,NO
hd944.jpg,0.3283,NO
hd945.jpg,0.2317,NO
hd946.jpg,0.5597,YES
hd949.jpg,0.4760,NO
hd950.jpg,0.3858,NO
hd955.jpg,0.6545,YES
hd956.jpg,0.6238,YES
hd957.jpg,0.4125,NO
hd958.jpg,0.3680,NO
hd959.jpg,0.5010,YES
hd963.jpg,0.4178,NO
hd960.jpg,0.3740,NO
hd964.jpg,0.2597,NO
hd966.jpg,0.6066,YES
hd965.jpg,0.3159,NO
hd967.jpg,0.2483,NO
hd969.jpg,0.3374,NO
hd970.jpg,0.3736,NO
hd971.jpg,0.4074,NO
hd973.jpg,0.3705,NO
hd972.jpg,0.3225,NO
hd974.jpg,0.3367,NO
hd975.jpg,0.3000,NO
hd976.jpg,0.2978,NO
hd977.jpg,0.3185,NO
hd978.jpg,0.1837,NO
hd980.jpg,0.3233,NO
hd979.jpg,0.3924,NO
hd981.jpg,0.3494,NO
hd982.jpg,0.3099,NO
hd983.jpg,0.2958,NO
hd984.jpg,0.2614,NO
hd985.jpg,0.6685,YES
hd986.jpg,0.2874,NO
hd987.jpg,0.2534,NO
hd992.jpg,0.1579,NO
hd988.jpg,0.1651,NO
hd993.jpg,0.4075,NO
hd989.jpg,0.3237,NO
hd994.jpg,0.3518,NO
hd995.jpg,0.3196,NO
hd998.jpg,0.3941,NO
hd999.jpg,0.4439,NO
hook100.jpg,0.2984,NO
hook1.jpg,0.2421,NO
hook10.jpg,0.1809,NO
hook1000.jpg,0.2451,NO
hook1001.jpg,0.2389,NO
hook1002.jpg,0.2445,NO
hook1003.jpg,0.2329,NO
hook1004.jpg,0.2852,NO
hook1006.jpg,0.1512,NO
hook1008.jpg,0.3076,NO
hook1007.jpg,0.2084,NO
hook1009.jpg,0.3259,NO
hook101.jpg,0.3129,NO
hook1010.jpg,0.2915,NO
hook1011.jpg,0.2942,NO
hook1013.jpg,0.3068,NO
hook1015.jpg,0.2841,NO
hook1018.jpg,0.2487,NO
hook102.jpg,0.2614,NO
hook1019.jpg,0.1423,NO
hook1020.jpg,0.2346,NO
hook1021.jpg,0.2501,NO
hook1022.jpg,0.2341,NO
hook1023.jpg,0.1741,NO
hook1024.jpg,0.2489,NO
hook1026.jpg,0.2207,NO
hook1028.jpg,0.2683,NO
hook1025.jpg,0.2627,NO
hook1029.jpg,0.1670,NO
hook103.jpg,0.3232,NO
hook1030.jpg,0.2485,NO
hook1031.jpg,0.1680,NO
hook1032.jpg,0.2092,NO
hook1035.jpg,0.2212,NO
hook1036.jpg,0.2293,NO
hook1034.jpg,0.2410,NO
hook1037.jpg,0.1282,NO
hook1038.jpg,0.2035,NO
hook1039.jpg,0.1367,NO
hook104.jpg,0.2917,NO
hook1040.jpg,0.4098,NO
hook1041.jpg,0.2455,NO
hook1042.jpg,0.1463,NO
hook1043.jpg,0.0827,NO
hook1044.jpg,0.2291,NO
hook1045.jpg,0.2098,NO
hook1046.jpg,0.2771,NO
hook1047.jpg,0.2872,NO
hook1048.jpg,0.3532,NO
hook1049.jpg,0.2893,NO
hook105.jpg,0.3057,NO
hook1050.jpg,0.3014,NO
hook1051.jpg,0.1674,NO
hook1052.jpg,0.3160,NO
hook1053.jpg,0.3653,NO
hook1054.jpg,0.3138,NO
hook1055.jpg,0.3515,NO
hook1056.jpg,0.3703,NO
hook1057.jpg,0.3666,NO
hook1058.jpg,0.3918,NO
hook1059.jpg,0.3874,NO
hook106.jpg,0.3094,NO
hook1060.jpg,0.4009,NO
hook1061.jpg,0.4128,NO
hook1062.jpg,0.3253,NO
hook1063.jpg,0.4278,NO
hook1064.jpg,0.3633,NO
hook1065.jpg,0.4540,NO
hook1066.jpg,0.3985,NO
hook1067.jpg,0.3482,NO
hook1068.jpg,0.5120,YES
hook1069.jpg,0.2977,NO
hook107.jpg,0.2388,NO
hook1071.jpg,0.1984,NO
hook1073.jpg,0.3631,NO
hook1072.jpg,0.2469,NO
hook1074.jpg,0.0098,NO
hook1075.jpg,0.3438,NO
hook1076.jpg,0.4210,NO
hook1077.jpg,0.4804,NO
hook1078.jpg,0.3878,NO
hook108.jpg,0.3062,NO
hook1079.jpg,0.4182,NO
hook1080.jpg,0.2911,NO
hook1081.jpg,0.2147,NO
hook1082.jpg,0.3447,NO
hook1083.jpg,0.3951,NO
hook1084.jpg,0.5186,YES
hook1085.jpg,0.3275,NO
hook1087.jpg,0.1693,NO
hook1088.jpg,0.6199,YES
hook109.jpg,0.2855,NO
hook1090.jpg,0.3650,NO
hook1091.jpg,0.3571,NO
hook1092.jpg,0.3653,NO
hook1093.jpg,0.4090,NO
hook1094.jpg,0.0763,NO
hook1095.jpg,0.2069,NO
hook1097.jpg,0.4312,NO
hook1096.jpg,0.0832,NO
hook11.jpg,0.2541,NO
hook1098.jpg,0.1092,NO
hook110.jpg,0.3313,NO
hook1100.jpg,0.3558,NO
hook1101.jpg,0.2398,NO
hook1102.jpg,0.2109,NO
hook1103.jpg,0.3453,NO
hook1104.jpg,0.3652,NO
hook1105.jpg,0.4067,NO
hook1106.jpg,0.2780,NO
hook1107.jpg,0.3638,NO
hook1108.jpg,0.0426,NO
hook1109.jpg,0.3561,NO
hook111.jpg,0.2963,NO
hook1110.jpg,0.4177,NO
hook1111.jpg,0.3533,NO
hook1113.jpg,0.3609,NO
hook1112.jpg,0.5181,YES
hook1114.jpg,0.2135,NO
hook1115.jpg,0.2052,NO
hook1117.jpg,0.3660,NO
hook1118.jpg,0.3442,NO
hook112.jpg,0.2903,NO
hook1119.jpg,0.1141,NO
hook1120.jpg,0.1433,NO
hook1121.jpg,0.1470,NO
hook1122.jpg,0.0394,NO
hook1123.jpg,0.3468,NO
hook1124.jpg,0.3397,NO
hook1126.jpg,0.2764,NO
hook1125.jpg,0.3601,NO
hook1127.jpg,0.4671,NO
hook1128.jpg,0.0964,NO
hook1129.jpg,0.1183,NO
hook1132.jpg,0.3989,NO
hook113.jpg,0.3617,NO
hook1133.jpg,0.1723,NO
hook1135.jpg,0.3371,NO
hook1137.jpg,0.3338,NO
hook1134.jpg,0.0845,NO
hook1138.jpg,0.2439,NO
hook1139.jpg,0.2284,NO
hook114.jpg,0.3130,NO
hook1140.jpg,0.3175,NO
hook1141.jpg,0.2517,NO
hook1143.jpg,0.3125,NO
hook1142.jpg,0.2180,NO
hook1144.jpg,0.0560,NO
hook1145.jpg,0.2544,NO
hook1147.jpg,0.1853,NO
hook1148.jpg,0.3466,NO
hook1149.jpg,0.1644,NO
hook115.jpg,0.3553,NO
hook1151.jpg,0.5167,YES
hook1150.jpg,0.1551,NO
hook1152.jpg,0.1825,NO
hook1153.jpg,0.3454,NO
hook1156.jpg,0.0915,NO
hook1157.jpg,0.3959,NO
hook1158.jpg,0.3496,NO
hook1159.jpg,0.2895,NO
hook116.jpg,0.2940,NO
hook1160.jpg,0.4715,NO
hook1161.jpg,0.2668,NO
hook1162.jpg,0.5427,YES
hook1163.jpg,0.1599,NO
hook1164.jpg,0.5213,YES
hook1165.jpg,0.3295,NO
hook1166.jpg,0.4095,NO
hook1167.jpg,0.4709,NO
hook1168.jpg,0.4599,NO
hook117.jpg,0.2984,NO
hook1170.jpg,-0.0300,NO
hook1171.jpg,0.1796,NO
hook1172.jpg,0.3554,NO
hook1173.jpg,0.5804,YES
hook1174.jpg,0.0003,NO
hook1175.jpg,0.3445,NO
hook1176.jpg,0.1321,NO
hook1177.jpg,0.3496,NO
hook1178.jpg,0.2825,NO
hook1179.jpg,0.0698,NO
hook118.jpg,0.2126,NO
hook1183.jpg,0.2676,NO
hook1182.jpg,0.3871,NO
hook1184.jpg,0.2827,NO
hook1185.jpg,0.2899,NO
hook1180.jpg,0.0304,NO
hook1186.jpg,0.4644,NO
hook1188.jpg,0.2451,NO
hook1187.jpg,0.1613,NO
hook1189.jpg,0.2465,NO
hook119.jpg,0.2630,NO
hook1190.jpg,0.2366,NO
hook1191.jpg,0.3060,NO
hook1192.jpg,0.3661,NO
hook1193.jpg,0.2531,NO
hook1194.jpg,0.3545,NO
hook1195.jpg,0.5335,YES
hook1197.jpg,0.3702,NO
hook1198.jpg,0.3878,NO
hook1199.jpg,0.3834,NO
hook12.jpg,0.1295,NO
hook120.jpg,0.2388,NO
hook1200.jpg,0.1909,NO
hook1201.jpg,0.5384,YES
hook1202.jpg,0.1603,NO
hook1204.jpg,0.4919,NO
hook1203.jpg,0.4729,NO
hook1205.jpg,0.2433,NO
hook1207.jpg,0.4929,NO
hook121.jpg,0.3272,NO
hook1209.jpg,0.3294,NO
hook1208.jpg,0.4496,NO
hook1210.jpg,0.3161,NO
hook1211.jpg,0.3698,NO
hook1212.jpg,0.4034,NO
hook1214.jpg,0.3861,NO
hook1217.jpg,0.3041,NO
hook1218.jpg,0.5175,YES
hook1219.jpg,0.2365,NO
hook1220.jpg,0.3747,NO
hook1221.jpg,0.2962,NO
hook1222.jpg,0.3788,NO
hook1223.jpg,0.2800,NO
hook1224.jpg,0.2884,NO
hook1225.jpg,0.2866,NO
hook1226.jpg,0.2491,NO
hook1228.jpg,0.2740,NO
hook1229.jpg,0.1878,NO
hook123.jpg,0.3246,NO
hook1230.jpg,0.1653,NO
hook1231.jpg,0.1631,NO
hook1232.jpg,0.2778,NO
hook1233.jpg,0.1703,NO
hook1234.jpg,0.2305,NO
hook1235.jpg,0.1340,NO
hook1236.jpg,0.1919,NO
hook1237.jpg,0.1355,NO
hook1239.jpg,0.2237,NO
hook1238.jpg,0.1400,NO
hook1240.jpg,0.3148,NO
hook1241.jpg,0.1076,NO
hook1242.jpg,0.2009,NO
hook1243.jpg,0.2029,NO
hook1244.jpg,0.1478,NO
hook1245.jpg,0.1640,NO
hook1246.jpg,0.1541,NO
hook1247.jpg,0.1741,NO
hook1248.jpg,0.2222,NO
hook1249.jpg,0.2515,NO
hook125.jpg,0.3034,NO
hook1250.jpg,0.1556,NO
hook1252.jpg,0.1923,NO
hook1251.jpg,0.0993,NO
hook1253.jpg,0.1850,NO
hook1255.jpg,0.2895,NO
hook1254.jpg,0.0312,NO
hook1256.jpg,0.2599,NO
hook1257.jpg,0.2557,NO
hook1258.jpg,0.2002,NO
hook1259.jpg,0.2796,NO
hook126.jpg,0.3469,NO
hook1260.jpg,0.2961,NO
hook1261.jpg,0.2778,NO
hook1262.jpg,0.2039,NO
hook1263.jpg,0.2874,NO
hook1264.jpg,0.2850,NO
hook1265.jpg,0.3320,NO
hook1266.jpg,0.3818,NO
hook1267.jpg,0.3648,NO
hook1269.jpg,0.4124,NO
hook1268.jpg,0.4439,NO
hook127.jpg,0.2828,NO
hook1272.jpg,0.3774,NO
hook1270.jpg,0.3784,NO
hook1273.jpg,0.4290,NO
hook1275.jpg,0.3212,NO
hook1274.jpg,0.4352,NO
hook1277.jpg,0.4578,NO
hook1278.jpg,0.4616,NO
hook1279.jpg,0.4420,NO
hook128.jpg,0.2942,NO
hook1280.jpg,0.4195,NO
hook1281.jpg,0.4466,NO
hook1282.jpg,0.3909,NO
hook1283.jpg,0.3599,NO
hook1286.jpg,0.3561,NO
hook1288.jpg,0.4108,NO
hook1289.jpg,0.4695,NO
hook129.jpg,0.2152,NO
hook1290.jpg,0.3813,NO
hook1291.jpg,0.3932,NO
hook1292.jpg,0.3255,NO
hook1293.jpg,0.3072,NO
hook1294.jpg,0.3110,NO
hook1295.jpg,0.1969,NO
hook1296.jpg,0.1415,NO
hook1297.jpg,0.2758,NO
hook1298.jpg,0.2819,NO
hook1299.jpg,0.2854,NO
hook130.jpg,0.3413,NO
hook13.jpg,0.2171,NO
hook1301.jpg,0.2502,NO
hook1302.jpg,0.2730,NO
hook1303.jpg,0.2703,NO
hook1304.jpg,0.2260,NO
hook1305.jpg,0.2269,NO
hook1306.jpg,0.2274,NO
hook1308.jpg,0.2301,NO
hook131.jpg,0.3066,NO
hook1309.jpg,0.2658,NO
hook1310.jpg,0.2079,NO
hook1311.jpg,0.2070,NO
hook1312.jpg,0.1947,NO
hook1313.jpg,0.2064,NO
hook1314.jpg,0.2002,NO
hook1315.jpg,0.2121,NO
hook1316.jpg,0.1978,NO
hook1317.jpg,0.1747,NO
hook1318.jpg,-0.0208,NO
hook1319.jpg,0.1312,NO
hook1320.jpg,0.1858,NO
hook1321.jpg,0.1398,NO
hook1322.jpg,0.2479,NO
hook1323.jpg,0.1896,NO
hook1324.jpg,0.2222,NO
hook1325.jpg,0.2007,NO
hook1326.jpg,0.2145,NO
hook1327.jpg,0.2168,NO
hook1329.jpg,-0.0225,NO
hook133.jpg,0.2952,NO
hook1330.jpg,0.2314,NO
hook1332.jpg,0.1581,NO
hook1331.jpg,0.2203,NO
hook1333.jpg,0.2349,NO
hook1334.jpg,0.2568,NO
hook1335.jpg,0.1659,NO
hook1336.jpg,0.2500,NO
hook1337.jpg,0.2820,NO
hook1339.jpg,0.2664,NO
hook134.jpg,0.2886,NO
hook1340.jpg,0.4545,NO
hook1341.jpg,0.2519,NO
hook1342.jpg,0.2631,NO
hook1343.jpg,0.2008,NO
hook1344.jpg,0.2251,NO
hook1345.jpg,0.2481,NO
hook1346.jpg,0.2520,NO
hook1347.jpg,0.2569,NO
hook1349.jpg,0.2762,NO
hook1348.jpg,0.2805,NO
hook135.jpg,0.3289,NO
hook1350.jpg,0.2950,NO
hook1352.jpg,0.2787,NO
hook1356.jpg,0.2719,NO
hook1353.jpg,0.2525,NO
hook1357.jpg,0.2579,NO
hook1358.jpg,0.2622,NO
hook1359.jpg,0.2102,NO
hook136.jpg,0.3373,NO
hook1360.jpg,0.2709,NO
hook1361.jpg,0.3564,NO
hook1362.jpg,0.0664,NO
hook1363.jpg,0.2461,NO
hook1364.jpg,0.1269,NO
hook1365.jpg,0.3011,NO
hook1366.jpg,0.3104,NO
hook1367.jpg,0.2541,NO
hook1369.jpg,0.3068,NO
hook137.jpg,0.2865,NO
hook1370.jpg,0.3053,NO
hook1371.jpg,0.3527,NO
hook1372.jpg,0.2677,NO
hook1374.jpg,0.2406,NO
hook1373.jpg,0.0244,NO
hook1377.jpg,0.1456,NO
hook1378.jpg,0.2013,NO
hook138.jpg,0.2563,NO
hook1380.jpg,0.3033,NO
hook1379.jpg,0.2626,NO
hook1381.jpg,0.2930,NO
hook1382.jpg,0.2702,NO
hook1383.jpg,0.3390,NO
hook1384.jpg,0.5056,YES
hook1385.jpg,0.2783,NO
hook1386.jpg,0.2683,NO
hook1388.jpg,0.2691,NO
hook1387.jpg,0.2305,NO
hook1389.jpg,0.2994,NO
hook139.jpg,0.3118,NO
hook1390.jpg,0.2754,NO
hook1391.jpg,0.2912,NO
hook1392.jpg,0.2581,NO
hook1393.jpg,0.2770,NO
hook1395.jpg,0.3536,NO
hook1394.jpg,0.1984,NO
hook1396.jpg,0.1751,NO
hook1397.jpg,0.3254,NO
hook1398.jpg,0.2197,NO
hook1399.jpg,0.2151,NO
hook140.jpg,0.2479,NO
hook1400.jpg,0.2586,NO
hook1404.jpg,0.1185,NO
hook1403.jpg,-0.0279,NO
hook1406.jpg,0.2095,NO
hook1407.jpg,0.1904,NO
hook1409.jpg,0.1859,NO
hook141.jpg,0.2917,NO
hook1411.jpg,0.1584,NO
hook1412.jpg,0.2289,NO
hook1414.jpg,0.1259,NO
hook1415.jpg,0.2107,NO
hook1416.jpg,0.2502,NO
hook1417.jpg,0.2161,NO
hook1418.jpg,0.4496,NO
hook1419.jpg,0.2305,NO
hook1420.jpg,0.1884,NO
hook142.jpg,0.3512,NO
hook1422.jpg,0.1931,NO
hook1424.jpg,0.1248,NO
hook1425.jpg,0.1390,NO
hook1426.jpg,0.1976,NO
hook1427.jpg,0.1986,NO
hook1428.jpg,0.0265,NO
hook1429.jpg,0.2180,NO
hook1430.jpg,0.1970,NO
hook1431.jpg,0.0307,NO
hook1432.jpg,0.2028,NO
hook1435.jpg,0.1282,NO
hook1433.jpg,0.1241,NO
hook1438.jpg,0.1190,NO
hook1436.jpg,0.1765,NO
hook1439.jpg,0.1603,NO
hook144.jpg,0.2891,NO
hook1440.jpg,0.1627,NO
hook1441.jpg,0.0335,NO
hook1443.jpg,0.2838,NO
hook1442.jpg,-0.0335,NO
hook1444.jpg,0.2431,NO
hook1445.jpg,0.2167,NO
hook1446.jpg,0.2262,NO
hook1448.jpg,0.1921,NO
hook1449.jpg,0.1992,NO
hook145.jpg,0.1547,NO
hook1450.jpg,0.1241,NO
hook1451.jpg,0.3202,NO
hook1452.jpg,0.1113,NO
hook1455.jpg,0.1837,NO
hook1454.jpg,0.1587,NO
hook1456.jpg,0.1731,NO
hook1457.jpg,0.1600,NO
hook1458.jpg,0.2687,NO
hook1459.jpg,-0.0075,NO
hook146.jpg,0.2755,NO
hook1460.jpg,0.2449,NO
hook1461.jpg,0.2321,NO
hook1462.jpg,0.3501,NO
hook1463.jpg,0.2733,NO
hook1464.jpg,0.1292,NO
hook1465.jpg,0.2721,NO
hook1466.jpg,0.2619,NO
hook1468.jpg,0.2583,NO
hook1469.jpg,0.2807,NO
hook1470.jpg,0.2714,NO
hook1471.jpg,0.1436,NO
hook1472.jpg,0.2774,NO
hook1473.jpg,0.0533,NO
hook1474.jpg,0.2751,NO
hook1475.jpg,0.2323,NO
hook1477.jpg,0.2294,NO
hook1478.jpg,0.2235,NO
hook1479.jpg,0.2316,NO
hook148.jpg,0.2158,NO
hook1481.jpg,0.2185,NO
hook1480.jpg,0.2383,NO
hook1482.jpg,0.2337,NO
hook1484.jpg,0.3413,NO
hook1486.jpg,0.1470,NO
hook1483.jpg,0.1464,NO
hook1487.jpg,0.1965,NO
hook1488.jpg,0.1976,NO
hook1489.jpg,0.2033,NO
hook1490.jpg,0.1636,NO
hook1491.jpg,0.2015,NO
hook1492.jpg,0.1783,NO
hook1494.jpg,0.2110,NO
hook1493.jpg,0.2152,NO
hook1496.jpg,0.1878,NO
hook1497.jpg,0.1937,NO
hook1498.jpg,0.1432,NO
hook1499.jpg,0.1376,NO
hook15.jpg,0.2952,NO
hook150.jpg,0.2522,NO
hook1500.jpg,0.1833,NO
hook1501.jpg,0.1799,NO
hook1502.jpg,0.1869,NO
hook1503.jpg,0.2006,NO
hook1504.jpg,0.1914,NO
hook1506.jpg,0.0988,NO
hook1507.jpg,0.1277,NO
hook1508.jpg,0.1892,NO
hook1509.jpg,0.1874,NO
hook151.jpg,0.2347,NO
hook1510.jpg,0.1820,NO
hook1511.jpg,0.2149,NO
hook1512.jpg,0.1937,NO
hook1515.jpg,0.1834,NO
hook1516.jpg,0.1974,NO
hook1517.jpg,0.2067,NO
hook1518.jpg,0.3343,NO
hook1519.jpg,0.1681,NO
hook152.jpg,0.2857,NO
hook1520.jpg,0.1975,NO
hook1522.jpg,0.1097,NO
hook1523.jpg,0.1928,NO
hook1524.jpg,0.1694,NO
hook1525.jpg,0.2358,NO
hook1526.jpg,0.2258,NO
hook1528.jpg,0.1920,NO
hook1527.jpg,0.1871,NO
hook1529.jpg,0.1433,NO
hook153.jpg,0.2709,NO
hook1530.jpg,0.2552,NO
hook1531.jpg,0.1613,NO
hook1533.jpg,0.2357,NO
hook1532.jpg,0.1985,NO
hook1535.jpg,0.1697,NO
hook1534.jpg,0.2179,NO
hook1536.jpg,0.2619,NO
hook1538.jpg,0.2149,NO
hook1539.jpg,0.2286,NO
hook154.jpg,0.1518,NO
hook1541.jpg,0.1887,NO
hook1540.jpg,0.1032,NO
hook1543.jpg,0.2005,NO
hook1542.jpg,0.2628,NO
hook1544.jpg,0.1907,NO
hook1545.jpg,0.2503,NO
hook1546.jpg,0.1852,NO
hook1548.jpg,0.2038,NO
hook155.jpg,0.2564,NO
hook1549.jpg,0.2065,NO
hook1551.jpg,0.3722,NO
hook1552.jpg,0.1505,NO
hook1553.jpg,0.2258,NO
hook1555.jpg,0.2885,NO
hook1556.jpg,0.2351,NO
hook1557.jpg,0.1655,NO
hook1560.jpg,0.2526,NO
hook156.jpg,0.2918,NO
hook1558.jpg,0.1355,NO
hook1559.jpg,0.1854,NO
hook1561.jpg,0.1333,NO
hook1562.jpg,0.1818,NO
hook1563.jpg,0.2311,NO
hook1564.jpg,0.2253,NO
hook1565.jpg,0.1515,NO
hook1568.jpg,0.2934,NO
hook1566.jpg,0.2333,NO
hook1567.jpg,0.1491,NO
hook1569.jpg,0.2312,NO
hook157.jpg,0.2530,NO
hook1570.jpg,0.2019,NO
hook1571.jpg,0.2494,NO
hook1572.jpg,0.2354,NO
hook1575.jpg,0.2377,NO
hook1574.jpg,0.1401,NO
hook1576.jpg,0.3124,NO
hook1573.jpg,0.1367,NO
hook1577.jpg,0.1793,NO
hook1578.jpg,0.2247,NO
hook1580.jpg,0.1955,NO
hook158.jpg,0.1137,NO
hook1582.jpg,0.2887,NO
hook1583.jpg,0.2060,NO
hook1585.jpg,0.2132,NO
hook1584.jpg,0.0854,NO
hook1586.jpg,0.1551,NO
hook1587.jpg,0.1866,NO
hook1588.jpg,0.1586,NO
hook1589.jpg,0.1465,NO
hook159.jpg,0.3058,NO
hook1590.jpg,0.2306,NO
hook1591.jpg,0.1671,NO
hook1592.jpg,0.2578,NO
hook1593.jpg,0.2347,NO
hook1594.jpg,0.2835,NO
hook1596.jpg,0.1774,NO
hook1595.jpg,-0.0169,NO
hook1597.jpg,0.1370,NO
hook1598.jpg,0.1907,NO
hook1599.jpg,0.1373,NO
hook160.jpg,0.2694,NO
hook16.jpg,0.0354,NO
hook1600.jpg,0.0927,NO
hook1601.jpg,0.1388,NO
hook1602.jpg,0.1388,NO
hook1603.jpg,0.3402,NO
hook1604.jpg,0.1879,NO
hook1605.jpg,0.3032,NO
hook1606.jpg,0.1186,NO
hook1607.jpg,0.2555,NO
hook1608.jpg,0.3260,NO
hook1609.jpg,0.3027,NO
hook161.jpg,0.2314,NO
hook1611.jpg,0.3547,NO
hook1612.jpg,0.3549,NO
hook1615.jpg,0.3039,NO
hook1616.jpg,0.3648,NO
hook1617.jpg,0.0588,NO
hook1618.jpg,0.2889,NO
hook1619.jpg,0.4414,NO
hook162.jpg,0.0435,NO
hook1620.jpg,0.3594,NO
hook1621.jpg,0.3923,NO
hook1622.jpg,0.3780,NO
hook1623.jpg,0.4437,NO
hook1624.jpg,0.3255,NO
hook1625.jpg,0.4890,NO
hook1626.jpg,0.3563,NO
hook1627.jpg,0.5569,YES
hook1628.jpg,0.2462,NO
hook1629.jpg,0.3409,NO
hook1630.jpg,0.3631,NO
hook1631.jpg,0.4004,NO
hook1632.jpg,0.1050,NO
hook1633.jpg,0.4621,NO
hook1634.jpg,0.4217,NO
hook1635.jpg,0.3437,NO
hook1636.jpg,0.1724,NO
hook1639.jpg,0.3102,NO
hook1637.jpg,0.0866,NO
hook1638.jpg,0.1973,NO
hook164.jpg,0.2915,NO
hook1640.jpg,0.1893,NO
hook1641.jpg,0.3366,NO
hook1642.jpg,0.0508,NO
hook1643.jpg,0.3443,NO
hook1644.jpg,0.3165,NO
hook1645.jpg,0.2632,NO
hook1646.jpg,0.3221,NO
hook1647.jpg,0.3154,NO
hook1648.jpg,0.2206,NO
hook165.jpg,0.2295,NO
hook1649.jpg,-0.0026,NO
hook1650.jpg,0.4643,NO
hook1651.jpg,0.2609,NO
hook1652.jpg,0.1257,NO
hook1653.jpg,0.2009,NO
hook1654.jpg,0.1243,NO
hook1656.jpg,0.1339,NO
hook1657.jpg,0.2031,NO
hook1658.jpg,0.3232,NO
hook1659.jpg,0.1352,NO
hook166.jpg,0.2034,NO
hook1664.jpg,0.1519,NO
hook1660.jpg,0.0837,NO
hook1662.jpg,-0.0168,NO
hook1665.jpg,0.1745,NO
hook1666.jpg,0.0183,NO
hook1667.jpg,0.1338,NO
hook1668.jpg,0.2408,NO
hook1669.jpg,0.1445,NO
hook167.jpg,0.2997,NO
hook1670.jpg,0.0509,NO
hook1671.jpg,0.1941,NO
hook1672.jpg,0.4084,NO
hook1673.jpg,0.3593,NO
hook1675.jpg,0.2280,NO
hook1674.jpg,0.0071,NO
hook1676.jpg,0.0735,NO
hook1677.jpg,0.2978,NO
hook1679.jpg,0.2842,NO
hook1678.jpg,0.0995,NO
hook168.jpg,0.1297,NO
hook1680.jpg,0.1390,NO
hook1681.jpg,0.2727,NO
hook1682.jpg,0.1233,NO
hook1683.jpg,0.0957,NO
hook1684.jpg,0.1511,NO
hook1685.jpg,0.2165,NO
hook1686.jpg,0.1768,NO
hook1687.jpg,0.2691,NO
hook1689.jpg,0.3599,NO
hook169.jpg,0.1080,NO
hook1690.jpg,0.1198,NO
hook1691.jpg,0.1343,NO
hook1692.jpg,0.2377,NO
hook1694.jpg,0.4832,NO
hook1693.jpg,0.0796,NO
hook1695.jpg,0.3442,NO
hook1696.jpg,0.2189,NO
hook1697.jpg,0.2517,NO
hook1698.jpg,0.2577,NO
hook1699.jpg,0.1130,NO
hook17.jpg,0.2499,NO
hook170.jpg,0.1651,NO
hook1700.jpg,0.1143,NO
hook1701.jpg,0.1428,NO
hook1702.jpg,0.0325,NO
hook1703.jpg,0.2293,NO
hook1704.jpg,0.1528,NO
hook1705.jpg,0.0729,NO
hook1706.jpg,0.2987,NO
hook1707.jpg,0.3248,NO
hook1708.jpg,0.1956,NO
hook1709.jpg,0.2573,NO
hook171.jpg,0.1892,NO
hook1710.jpg,0.3320,NO
hook1711.jpg,0.2781,NO
hook1713.jpg,0.2572,NO
hook1712.jpg,0.3780,NO
hook1714.jpg,0.1176,NO
hook1715.jpg,0.2935,NO
hook1717.jpg,0.3014,NO
hook1718.jpg,0.1740,NO
hook1719.jpg,0.2722,NO
hook172.jpg,0.2472,NO
hook1720.jpg,0.0042,NO
hook1721.jpg,0.1274,NO
hook1722.jpg,0.3836,NO
hook1723.jpg,0.0601,NO
hook1724.jpg,0.2847,NO
hook1725.jpg,0.1283,NO
hook1726.jpg,0.4679,NO
hook1727.jpg,0.2665,NO
hook1728.jpg,0.1548,NO
hook1729.jpg,0.2145,NO
hook173.jpg,0.2007,NO
hook1731.jpg,0.2817,NO
hook1730.jpg,0.0718,NO
hook1732.jpg,0.0053,NO
hook1733.jpg,0.2163,NO
hook1734.jpg,0.1161,NO
hook1735.jpg,0.4329,NO
hook1736.jpg,0.4571,NO
hook1738.jpg,0.1579,NO
hook1737.jpg,0.0081,NO
hook1739.jpg,0.1925,NO
hook1740.jpg,0.0120,NO
hook1741.jpg,0.3134,NO
hook1743.jpg,0.0348,NO
hook1745.jpg,0.2441,NO
hook1744.jpg,0.4745,NO
hook1747.jpg,0.3408,NO
hook1746.jpg,0.1680,NO
hook1748.jpg,0.2855,NO
hook1749.jpg,0.2564,NO
hook175.jpg,0.0062,NO
hook1750.jpg,0.2363,NO
hook1751.jpg,0.1572,NO
hook1752.jpg,0.1568,NO
hook1753.jpg,0.1545,NO
hook1754.jpg,0.3942,NO
hook1755.jpg,0.4115,NO
hook1756.jpg,0.2881,NO
hook1759.jpg,0.3757,NO
hook1757.jpg,0.3842,NO
hook176.jpg,0.1938,NO
hook1760.jpg,0.4090,NO
hook1761.jpg,0.4483,NO
hook1762.jpg,0.3547,NO
hook1763.jpg,0.3436,NO
hook1765.jpg,0.4074,NO
hook1766.jpg,0.4302,NO
hook1767.jpg,0.4204,NO
hook1769.jpg,0.3097,NO
hook1768.jpg,0.4285,NO
hook177.jpg,0.0716,NO
hook1770.jpg,0.4848,NO
hook1771.jpg,0.3931,NO
hook1772.jpg,0.3981,NO
hook1774.jpg,0.4446,NO
hook1775.jpg,0.4014,NO
hook1776.jpg,0.1941,NO
hook1777.jpg,0.3858,NO
hook1778.jpg,0.3640,NO
hook1779.jpg,0.4174,NO
hook178.jpg,0.1071,NO
hook1780.jpg,0.3901,NO
hook1781.jpg,0.3806,NO
hook1782.jpg,0.3572,NO
hook1783.jpg,0.3764,NO
hook1784.jpg,0.0918,NO
hook1785.jpg,0.3794,NO
hook1786.jpg,0.3612,NO
hook1787.jpg,0.3434,NO
hook1788.jpg,0.3274,NO
hook1789.jpg,0.3466,NO
hook1790.jpg,0.3289,NO
hook1791.jpg,0.2883,NO
hook1792.jpg,0.3488,NO
hook1793.jpg,0.3117,NO
hook1794.jpg,0.2108,NO
hook1795.jpg,0.2680,NO
hook1796.jpg,0.1759,NO
hook1797.jpg,0.2401,NO
hook1798.jpg,0.1634,NO
hook1799.jpg,0.1530,NO
hook18.jpg,0.2889,NO
hook180.jpg,0.1757,NO
hook1800.jpg,0.1510,NO
hook1801.jpg,0.1529,NO
hook1802.jpg,0.2343,NO
hook1803.jpg,0.2374,NO
hook1804.jpg,0.1647,NO
hook1806.jpg,0.4124,NO
hook1805.jpg,0.1668,NO
hook1807.jpg,0.3056,NO
hook1808.jpg,0.1666,NO
hook181.jpg,0.1907,NO
hook1812.jpg,0.3069,NO
hook1810.jpg,0.2473,NO
hook1813.jpg,0.3193,NO
hook1815.jpg,0.2789,NO
hook1814.jpg,0.3184,NO
hook1816.jpg,0.2898,NO
hook1817.jpg,0.2253,NO
hook1818.jpg,0.2759,NO
hook1819.jpg,0.2294,NO
hook182.jpg,0.2575,NO
hook1820.jpg,0.2885,NO
hook1821.jpg,0.2664,NO
hook1823.jpg,0.2928,NO
hook1822.jpg,0.3912,NO
hook1824.jpg,0.2702,NO
hook1825.jpg,0.2756,NO
hook1826.jpg,0.2422,NO
hook1827.jpg,0.2935,NO
hook1828.jpg,0.0604,NO
hook1830.jpg,0.2720,NO
hook183.jpg,0.1170,NO
hook1829.jpg,0.2881,NO
hook1831.jpg,0.2958,NO
hook1832.jpg,0.3069,NO
hook1833.jpg,0.3024,NO
hook1834.jpg,0.2396,NO
hook1835.jpg,0.2503,NO
hook1837.jpg,0.3024,NO
hook1836.jpg,0.3521,NO
hook1838.jpg,0.3766,NO
hook184.jpg,0.2805,NO
hook1839.jpg,0.0224,NO
hook1841.jpg,0.4404,NO
hook1842.jpg,0.2413,NO
hook1844.jpg,0.3922,NO
hook1846.jpg,0.4335,NO
hook1843.jpg,0.3189,NO
hook1847.jpg,0.4786,NO
hook1848.jpg,0.2817,NO
hook1849.jpg,0.3199,NO
hook185.jpg,0.1332,NO
hook1850.jpg,0.3681,NO
hook1853.jpg,0.3140,NO
hook1851.jpg,0.2272,NO
hook1852.jpg,0.1036,NO
hook1854.jpg,0.3507,NO
hook1855.jpg,0.3016,NO
hook1856.jpg,0.2753,NO
hook1857.jpg,0.2983,NO
hook1859.jpg,0.2877,NO
hook1858.jpg,0.3045,NO
hook186.jpg,0.1640,NO
hook1860.jpg,0.3233,NO
hook1862.jpg,0.3282,NO
hook1863.jpg,0.0467,NO
hook1864.jpg,0.2930,NO
hook1865.jpg,0.2968,NO
hook1866.jpg,0.2851,NO
hook1868.jpg,0.2955,NO
hook1869.jpg,0.3013,NO
hook187.jpg,0.0972,NO
hook1870.jpg,0.3087,NO
hook1871.jpg,0.1690,NO
hook1872.jpg,0.2848,NO
hook1873.jpg,0.2182,NO
hook1874.jpg,0.3283,NO
hook1875.jpg,0.1974,NO
hook1876.jpg,0.2956,NO
hook1877.jpg,0.3117,NO
hook1878.jpg,0.2522,NO
hook1879.jpg,0.2322,NO
hook188.jpg,0.0484,NO
hook1880.jpg,0.2064,NO
hook1881.jpg,0.2165,NO
hook1882.jpg,0.1683,NO
hook1883.jpg,0.1675,NO
hook1884.jpg,0.1132,NO
hook1885.jpg,0.1790,NO
hook1886.jpg,0.1201,NO
hook1888.jpg,0.1979,NO
hook1889.jpg,0.2183,NO
hook189.jpg,0.1587,NO
hook1890.jpg,0.0279,NO
hook1892.jpg,0.1685,NO
hook1893.jpg,0.1609,NO
hook1894.jpg,0.1673,NO
hook1895.jpg,0.1523,NO
hook1898.jpg,0.2414,NO
hook19.jpg,0.1994,NO
hook190.jpg,0.0877,NO
hook1901.jpg,0.1899,NO
hook1902.jpg,0.0785,NO
hook1903.jpg,0.1262,NO
hook1904.jpg,0.2818,NO
hook1905.jpg,0.2191,NO
hook1906.jpg,0.1410,NO
hook1907.jpg,0.2049,NO
hook1909.jpg,0.2534,NO
hook1908.jpg,0.1047,NO
hook1910.jpg,-0.0225,NO
hook1912.jpg,0.1528,NO
hook191.jpg,-0.0128,NO
hook1913.jpg,0.1667,NO
hook1914.jpg,0.1178,NO
hook1915.jpg,0.2065,NO
hook1916.jpg,0.1293,NO
hook1917.jpg,0.1038,NO
hook1918.jpg,0.0903,NO
hook192.jpg,0.1414,NO
hook1919.jpg,0.0585,NO
hook1920.jpg,0.2012,NO
hook1921.jpg,0.2710,NO
hook1922.jpg,0.2246,NO
hook1923.jpg,0.3603,NO
hook1924.jpg,0.3114,NO
hook1926.jpg,0.2737,NO
hook1925.jpg,0.3224,NO
hook1928.jpg,0.3302,NO
hook1927.jpg,0.3040,NO
hook1929.jpg,0.0295,NO
hook1930.jpg,0.3403,NO
hook1931.jpg,0.3197,NO
hook1932.jpg,0.1785,NO
hook1933.jpg,0.3172,NO
hook1934.jpg,0.2293,NO
hook1935.jpg,0.3183,NO
hook1936.jpg,0.2970,NO
hook1937.jpg,0.0908,NO
hook1938.jpg,0.2284,NO
hook1939.jpg,0.3108,NO
hook194.jpg,0.1218,NO
hook1941.jpg,0.1971,NO
hook1943.jpg,0.1884,NO
hook1940.jpg,0.0067,NO
hook1944.jpg,0.3443,NO
hook1945.jpg,0.0763,NO
hook1946.jpg,0.2771,NO
hook1947.jpg,0.2198,NO
hook1948.jpg,0.1585,NO
hook1949.jpg,0.2094,NO
hook195.jpg,0.1518,NO
hook1950.jpg,0.2010,NO
hook1951.jpg,0.4733,NO
hook1952.jpg,0.2360,NO
hook1953.jpg,0.1486,NO
hook1954.jpg,0.1409,NO
hook1955.jpg,0.2315,NO
hook1956.jpg,0.1477,NO
hook1959.jpg,0.1889,NO
hook1958.jpg,0.1485,NO
hook1960.jpg,0.1638,NO
hook1961.jpg,0.2020,NO
hook1963.jpg,0.3048,NO
hook1964.jpg,0.1838,NO
hook1962.jpg,0.2608,NO
hook1965.jpg,0.1777,NO
hook1966.jpg,0.2009,NO
hook1967.jpg,0.2320,NO
hook1969.jpg,0.1977,NO
hook197.jpg,0.1688,NO
hook1970.jpg,0.1089,NO
hook1971.jpg,0.1944,NO
hook1972.jpg,0.1590,NO
hook1973.jpg,0.1461,NO
hook1974.jpg,0.1372,NO
hook1975.jpg,0.1357,NO
hook1976.jpg,0.0850,NO
hook1977.jpg,0.1157,NO
hook1979.jpg,0.2030,NO
hook198.jpg,0.0819,NO
hook1981.jpg,0.0469,NO
hook1983.jpg,0.2080,NO
hook1984.jpg,0.1499,NO
hook1985.jpg,0.3356,NO
hook1986.jpg,0.1358,NO
hook1987.jpg,0.1840,NO
hook1988.jpg,0.2000,NO
hook1989.jpg,0.1876,NO
hook199.jpg,0.1249,NO
hook1990.jpg,0.0657,NO
hook1991.jpg,0.2029,NO
hook1992.jpg,0.3491,NO
hook1993.jpg,0.2756,NO
hook1994.jpg,0.3890,NO
hook1995.jpg,0.3355,NO
hook1996.jpg,0.3309,NO
hook1997.jpg,0.3398,NO
hook2.jpg,0.2803,NO
hook1999.jpg,0.2332,NO
hook20.jpg,0.1431,NO
hook200.jpg,0.1465,NO
hook2000.jpg,0.1026,NO
hook2001.jpg,0.2646,NO
hook2002.jpg,0.2886,NO
hook2003.jpg,0.2865,NO
hook2004.jpg,0.2979,NO
hook2005.jpg,0.2938,NO
hook2006.jpg,0.2824,NO
hook2007.jpg,0.3354,NO
hook2008.jpg,0.3032,NO
hook2009.jpg,0.2919,NO
hook201.jpg,0.3053,NO
hook2011.jpg,0.4143,NO
hook2012.jpg,0.3536,NO
hook2013.jpg,0.2992,NO
hook2014.jpg,0.2068,NO
hook2015.jpg,0.3420,NO
hook2016.jpg,0.2807,NO
hook2017.jpg,0.2892,NO
hook2018.jpg,0.2043,NO
hook202.jpg,0.3010,NO
hook2019.jpg,0.1418,NO
hook2020.jpg,0.2571,NO
hook2021.jpg,0.2056,NO
hook2022.jpg,0.2261,NO
hook2024.jpg,0.2078,NO
hook2023.jpg,0.3994,NO
hook2025.jpg,0.2175,NO
hook2026.jpg,0.1965,NO
hook2027.jpg,0.2077,NO
hook2028.jpg,0.1776,NO
hook203.jpg,0.1961,NO
hook2030.jpg,0.2174,NO
hook2031.jpg,0.2513,NO
hook2032.jpg,0.1363,NO
hook2033.jpg,0.1879,NO
hook2034.jpg,0.1307,NO
hook2035.jpg,0.1395,NO
hook2036.jpg,0.1548,NO
hook2037.jpg,0.1403,NO
hook2038.jpg,0.1699,NO
hook2039.jpg,0.1870,NO
hook204.jpg,0.1891,NO
hook2040.jpg,0.4450,NO
hook2041.jpg,0.1806,NO
hook2042.jpg,0.1553,NO
hook2043.jpg,0.2220,NO
hook2044.jpg,0.1918,NO
hook2045.jpg,0.2979,NO
hook2046.jpg,0.2628,NO
hook2047.jpg,0.1481,NO
hook2048.jpg,0.2892,NO
hook2049.jpg,0.3688,NO
hook205.jpg,0.2470,NO
hook2050.jpg,0.3197,NO
hook2051.jpg,0.3404,NO
hook2052.jpg,0.2161,NO
hook2053.jpg,0.3479,NO
hook2054.jpg,0.3309,NO
hook2055.jpg,0.3492,NO
hook2056.jpg,0.3844,NO
hook2057.jpg,0.3599,NO
hook2058.jpg,0.3413,NO
hook2059.jpg,0.2078,NO
hook206.jpg,0.3101,NO
hook2060.jpg,0.2936,NO
hook2061.jpg,0.2602,NO
hook2062.jpg,0.0647,NO
hook2063.jpg,0.2091,NO
hook2064.jpg,0.2137,NO
hook2066.jpg,0.2074,NO
hook2067.jpg,0.1707,NO
hook2068.jpg,0.1415,NO
hook2069.jpg,0.1539,NO
hook207.jpg,0.2062,NO
hook2070.jpg,0.1105,NO
hook2071.jpg,0.1482,NO
hook2072.jpg,0.1372,NO
hook2073.jpg,0.3578,NO
hook2075.jpg,0.1777,NO
hook2076.jpg,0.2400,NO
hook2077.jpg,0.0881,NO
hook2078.jpg,0.2375,NO
hook2079.jpg,0.2229,NO
hook208.jpg,0.2828,NO
hook2080.jpg,0.1838,NO
hook2081.jpg,0.1707,NO
hook2082.jpg,0.2049,NO
hook2083.jpg,0.1842,NO
hook2084.jpg,0.2873,NO
hook2085.jpg,0.1206,NO
hook2086.jpg,0.1662,NO
hook2087.jpg,0.2107,NO
hook2088.jpg,0.1589,NO
hook209.jpg,0.1682,NO
hook2090.jpg,0.2214,NO
hook2092.jpg,0.1241,NO
hook2093.jpg,0.1943,NO
hook2095.jpg,0.2642,NO
hook2096.jpg,0.2512,NO
hook2094.jpg,0.0957,NO
hook2097.jpg,0.1659,NO
hook2098.jpg,0.2478,NO
hook2099.jpg,0.1658,NO
hook21.jpg,0.2141,NO
hook210.jpg,0.2850,NO
hook2100.jpg,0.2160,NO
hook2102.jpg,0.1543,NO
hook2104.jpg,0.1322,NO
hook2105.jpg,0.1447,NO
hook2103.jpg,0.1492,NO
hook2106.jpg,0.0785,NO
hook2107.jpg,0.2239,NO
hook2108.jpg,0.1094,NO
hook211.jpg,0.2796,NO
hook2109.jpg,0.1496,NO
hook2110.jpg,0.1529,NO
hook2111.jpg,0.1329,NO
hook2112.jpg,0.1159,NO
hook2113.jpg,0.1438,NO
hook2114.jpg,0.1132,NO
hook2115.jpg,0.1921,NO
hook2117.jpg,0.0987,NO
hook2116.jpg,0.1176,NO
hook2119.jpg,0.1268,NO
hook2118.jpg,0.1137,NO
hook212.jpg,0.2914,NO
hook2120.jpg,0.1949,NO
hook2121.jpg,0.1110,NO
hook2122.jpg,0.0884,NO
hook2123.jpg,0.1146,NO
hook2124.jpg,0.1205,NO
hook2125.jpg,0.1650,NO
hook2127.jpg,0.1270,NO
hook2126.jpg,0.1509,NO
hook2128.jpg,0.0821,NO
hook2129.jpg,0.1955,NO
hook213.jpg,0.2605,NO
hook2130.jpg,0.1284,NO
hook2131.jpg,0.1580,NO
hook2132.jpg,0.0978,NO
hook2134.jpg,0.1856,NO
hook2133.jpg,0.1321,NO
hook2135.jpg,0.1516,NO
hook2136.jpg,0.1362,NO
hook2137.jpg,0.1053,NO
hook2138.jpg,0.0864,NO
hook2139.jpg,0.1305,NO
hook214.jpg,0.2540,NO
hook2140.jpg,0.2255,NO
hook2141.jpg,0.2069,NO
hook2142.jpg,0.1509,NO
hook2143.jpg,0.1366,NO
hook2144.jpg,0.1501,NO
hook2145.jpg,0.1217,NO
hook2146.jpg,0.1876,NO
hook2147.jpg,0.2236,NO
hook2148.jpg,0.1039,NO
hook2149.jpg,0.1280,NO
hook2150.jpg,0.1083,NO
hook2151.jpg,0.1998,NO
hook2152.jpg,0.1600,NO
hook2154.jpg,0.1148,NO
hook2153.jpg,0.1022,NO
hook2155.jpg,0.0689,NO
hook2156.jpg,0.0479,NO
hook2157.jpg,0.1263,NO
hook2158.jpg,0.1183,NO
hook2160.jpg,0.0826,NO
hook2161.jpg,0.1049,NO
hook2162.jpg,0.0977,NO
hook2163.jpg,0.1214,NO
hook2164.jpg,0.1314,NO
hook2165.jpg,0.0939,NO
hook2166.jpg,0.1440,NO
hook2167.jpg,0.1207,NO
hook2168.jpg,0.2076,NO
hook2169.jpg,0.1163,NO
hook217.jpg,0.2204,NO
hook2170.jpg,0.1207,NO
hook2171.jpg,0.1149,NO
hook2172.jpg,0.0718,NO
hook2173.jpg,0.4713,NO
hook2174.jpg,0.1247,NO
hook2175.jpg,0.1026,NO
hook2177.jpg,0.1078,NO
hook2179.jpg,0.1072,NO
hook2178.jpg,0.1126,NO
hook218.jpg,0.2345,NO
hook2180.jpg,0.1208,NO
hook2181.jpg,0.1326,NO
hook2182.jpg,0.1567,NO
hook2184.jpg,0.2506,NO
hook2183.jpg,0.0999,NO
hook2185.jpg,0.1293,NO
hook2187.jpg,0.1453,NO
hook2188.jpg,0.1630,NO
hook219.jpg,0.2399,NO
hook2190.jpg,0.0965,NO
hook2191.jpg,0.0933,NO
hook2192.jpg,0.0812,NO
hook2193.jpg,0.0947,NO
hook2194.jpg,0.0760,NO
hook2196.jpg,0.1707,NO
hook2197.jpg,0.2489,NO
hook2198.jpg,0.1618,NO
hook22.jpg,0.1781,NO
hook220.jpg,0.2429,NO
hook2200.jpg,0.1674,NO
hook2201.jpg,0.1527,NO
hook2202.jpg,0.1639,NO
hook2203.jpg,0.1396,NO
hook2204.jpg,0.1528,NO
hook2205.jpg,0.1488,NO
hook2206.jpg,0.1667,NO
hook2207.jpg,0.3005,NO
hook2208.jpg,0.1402,NO
hook2209.jpg,0.1417,NO
hook2210.jpg,0.1345,NO
hook2211.jpg,0.1368,NO
hook2212.jpg,0.1270,NO
hook2213.jpg,0.1335,NO
hook2214.jpg,0.1368,NO
hook2216.jpg,0.1428,NO
hook2217.jpg,0.1629,NO
hook2219.jpg,0.1763,NO
hook222.jpg,0.3041,NO
hook2218.jpg,0.0603,NO
hook2220.jpg,0.1723,NO
hook2221.jpg,0.1308,NO
hook2222.jpg,0.1674,NO
hook2223.jpg,0.1899,NO
hook2224.jpg,0.2131,NO
hook2226.jpg,0.2094,NO
hook2225.jpg,0.1929,NO
hook2227.jpg,0.1551,NO
hook2228.jpg,0.1047,NO
hook2229.jpg,0.3505,NO
hook223.jpg,0.2871,NO
hook2230.jpg,0.1322,NO
hook2231.jpg,0.1373,NO
hook2232.jpg,0.1520,NO
hook2233.jpg,0.1396,NO
hook2234.jpg,0.3005,NO
hook2235.jpg,0.1948,NO
hook2236.jpg,0.1655,NO
hook2237.jpg,0.1816,NO
hook2238.jpg,0.1379,NO
hook2239.jpg,0.1761,NO
hook224.jpg,0.3206,NO
hook2240.jpg,0.5040,YES
hook2241.jpg,0.1834,NO
hook2242.jpg,0.1636,NO
hook2243.jpg,0.2116,NO
hook2244.jpg,0.1609,NO
hook2245.jpg,0.1013,NO
hook2246.jpg,0.1647,NO
hook2247.jpg,0.0365,NO
hook2248.jpg,0.1868,NO
hook2249.jpg,0.1153,NO
hook225.jpg,0.3283,NO
hook2250.jpg,0.1836,NO
hook2251.jpg,0.2589,NO
hook2252.jpg,0.1841,NO
hook2253.jpg,0.1960,NO
hook2254.jpg,0.1674,NO
hook2255.jpg,0.2528,NO
hook2256.jpg,0.2567,NO
hook2257.jpg,0.2848,NO
hook2258.jpg,0.2585,NO
hook2259.jpg,0.2622,NO
hook226.jpg,0.3261,NO
hook2260.jpg,0.2481,NO
hook2261.jpg,0.2485,NO
hook2262.jpg,0.0415,NO
hook2263.jpg,0.2805,NO
hook2264.jpg,0.2930,NO
hook2265.jpg,0.2691,NO
hook2266.jpg,0.3004,NO
hook2267.jpg,0.2722,NO
hook2268.jpg,0.4372,NO
hook227.jpg,0.3083,NO
hook2270.jpg,0.3497,NO
hook2272.jpg,0.2891,NO
hook2271.jpg,0.2604,NO
hook2273.jpg,0.1335,NO
hook2274.jpg,0.1058,NO
hook2276.jpg,0.1817,NO
hook2277.jpg,0.4255,NO
hook2278.jpg,0.1428,NO
hook2279.jpg,0.2056,NO
hook228.jpg,0.2684,NO
hook2280.jpg,0.2383,NO
hook2282.jpg,0.2593,NO
hook2283.jpg,0.1532,NO
hook2284.jpg,0.4955,NO
hook2285.jpg,0.1597,NO
hook2286.jpg,0.1686,NO
hook2287.jpg,0.2207,NO
hook2289.jpg,0.2299,NO
hook2288.jpg,0.0784,NO
hook229.jpg,0.2154,NO
hook2290.jpg,0.2308,NO
hook2291.jpg,0.2259,NO
hook2292.jpg,0.1989,NO
hook2293.jpg,0.1620,NO
hook2294.jpg,0.2765,NO
hook2296.jpg,0.4243,NO
hook2295.jpg,0.3435,NO
hook2297.jpg,0.1928,NO
hook2298.jpg,0.1965,NO
hook2299.jpg,0.1747,NO
hook23.jpg,0.4783,NO
hook230.jpg,0.3001,NO
hook2300.jpg,0.2978,NO
hook2301.jpg,0.2681,NO
hook2302.jpg,0.1284,NO
hook2303.jpg,0.2162,NO
hook2304.jpg,0.1862,NO
hook2305.jpg,0.1735,NO
hook2306.jpg,0.1898,NO
hook2307.jpg,0.2550,NO
hook2308.jpg,0.2129,NO
hook2309.jpg,0.1951,NO
hook231.jpg,0.3306,NO
hook2310.jpg,0.2030,NO
hook2311.jpg,0.2346,NO
hook2313.jpg,0.2325,NO
hook2314.jpg,0.1495,NO
hook2315.jpg,0.1804,NO
hook2316.jpg,0.2532,NO
hook2317.jpg,0.1811,NO
hook2318.jpg,0.4371,NO
hook2319.jpg,0.2011,NO
hook232.jpg,0.2666,NO
hook2320.jpg,0.2391,NO
hook2321.jpg,0.2661,NO
hook2322.jpg,0.1997,NO
hook2323.jpg,0.2579,NO
hook2324.jpg,0.1904,NO
hook2325.jpg,0.2204,NO
hook2327.jpg,0.1665,NO
hook2326.jpg,0.2050,NO
hook2328.jpg,0.2168,NO
hook2329.jpg,0.4700,NO
hook233.jpg,0.3034,NO
hook2334.jpg,0.1960,NO
hook2333.jpg,0.1734,NO
hook2335.jpg,0.2319,NO
hook2336.jpg,0.1943,NO
hook2337.jpg,0.2112,NO
hook2338.jpg,0.2088,NO
hook2339.jpg,0.2151,NO
hook234.jpg,0.2260,NO
hook2340.jpg,0.5008,YES
hook2341.jpg,0.1303,NO
hook2342.jpg,0.1555,NO
hook2343.jpg,0.1769,NO
hook2344.jpg,0.2006,NO
hook2345.jpg,0.2528,NO
hook2346.jpg,0.2349,NO
hook2347.jpg,0.2088,NO
hook2348.jpg,0.2489,NO
hook2349.jpg,0.2205,NO
hook235.jpg,0.2306,NO
hook2351.jpg,0.2259,NO
hook2352.jpg,0.1984,NO
hook2353.jpg,0.1882,NO
hook2354.jpg,0.1693,NO
hook2355.jpg,0.1746,NO
hook2357.jpg,0.1950,NO
hook2358.jpg,0.2061,NO
hook2359.jpg,0.2842,NO
hook2360.jpg,0.2208,NO
hook2362.jpg,0.2049,NO
hook2363.jpg,0.1930,NO
hook2364.jpg,0.2515,NO
hook2365.jpg,0.1581,NO
hook2366.jpg,0.2028,NO
hook2367.jpg,0.2319,NO
hook2368.jpg,0.0974,NO
hook237.jpg,0.2274,NO
hook2370.jpg,0.0981,NO
hook2371.jpg,0.4073,NO
hook2372.jpg,0.1106,NO
hook2373.jpg,0.2570,NO
hook2374.jpg,0.1792,NO
hook2375.jpg,0.2144,NO
hook2376.jpg,0.3464,NO
hook2377.jpg,0.3571,NO
hook2378.jpg,0.3284,NO
hook238.jpg,0.1320,NO
hook2380.jpg,0.3111,NO
hook2381.jpg,0.2751,NO
hook2382.jpg,0.3037,NO
hook2383.jpg,0.3030,NO
hook2384.jpg,-0.0305,NO
hook2385.jpg,0.2961,NO
hook2386.jpg,0.3157,NO
hook2387.jpg,0.2981,NO
hook2388.jpg,0.2514,NO
hook2389.jpg,0.2625,NO
hook239.jpg,0.2731,NO
hook2390.jpg,0.2973,NO
hook2391.jpg,0.2715,NO
hook2392.jpg,0.2579,NO
hook2393.jpg,0.2323,NO
hook2394.jpg,0.2140,NO
hook2395.jpg,0.2926,NO
hook2396.jpg,0.2046,NO
hook2397.jpg,0.2376,NO
hook24.jpg,0.1740,NO
hook240.jpg,0.1683,NO
hook2400.jpg,0.2076,NO
hook2401.jpg,0.1777,NO
hook2402.jpg,0.1913,NO
hook2403.jpg,0.1578,NO
hook2405.jpg,0.1784,NO
hook2406.jpg,0.3349,NO
hook2407.jpg,0.2361,NO
hook2409.jpg,0.2721,NO
hook2408.jpg,0.0482,NO
hook241.jpg,0.2586,NO
hook2410.jpg,0.2122,NO
hook2411.jpg,0.2123,NO
hook2413.jpg,0.1517,NO
hook2415.jpg,0.2058,NO
hook2417.jpg,0.2117,NO
hook2418.jpg,0.2823,NO
hook2419.jpg,0.1745,NO
hook242.jpg,0.0889,NO
hook2420.jpg,0.1587,NO
hook2421.jpg,0.1845,NO
hook2422.jpg,0.1748,NO
hook2423.jpg,0.2933,NO
hook2424.jpg,0.2565,NO
hook2425.jpg,0.2432,NO
hook2426.jpg,0.2359,NO
hook2427.jpg,0.1171,NO
hook2429.jpg,0.3603,NO
hook2428.jpg,0.3550,NO
hook243.jpg,0.2380,NO
hook2430.jpg,0.1850,NO
hook2432.jpg,0.3453,NO
hook2433.jpg,0.2603,NO
hook2434.jpg,0.1826,NO
hook2436.jpg,0.1788,NO
hook2438.jpg,0.1672,NO
hook2435.jpg,0.1727,NO
hook2439.jpg,0.1378,NO
hook244.jpg,0.1904,NO
hook2440.jpg,0.1579,NO
hook2441.jpg,0.1641,NO
hook2442.jpg,0.1576,NO
hook2443.jpg,0.1605,NO
hook2444.jpg,0.1590,NO
hook2445.jpg,0.1363,NO
hook2446.jpg,0.2008,NO
hook2447.jpg,0.1348,NO
hook2448.jpg,0.1351,NO
hook2449.jpg,0.1146,NO
hook245.jpg,0.3622,NO
hook2450.jpg,0.1141,NO
hook2451.jpg,0.1598,NO
hook2452.jpg,0.1208,NO
hook2453.jpg,0.2152,NO
hook2454.jpg,0.1601,NO
hook2455.jpg,0.1083,NO
hook2456.jpg,0.0957,NO
hook2457.jpg,0.1035,NO
hook2458.jpg,0.1496,NO
hook246.jpg,0.2494,NO
hook2460.jpg,0.1537,NO
hook2461.jpg,0.0787,NO
hook2462.jpg,0.2387,NO
hook2463.jpg,0.1373,NO
hook2464.jpg,0.1302,NO
hook2465.jpg,0.1562,NO
hook2466.jpg,0.1301,NO
hook2468.jpg,0.0782,NO
hook247.jpg,0.2664,NO
hook2470.jpg,0.1289,NO
hook2471.jpg,0.0705,NO
hook2472.jpg,0.1506,NO
hook2473.jpg,0.1095,NO
hook2474.jpg,0.0845,NO
hook2475.jpg,0.1468,NO
hook2476.jpg,0.0614,NO
hook2477.jpg,0.1382,NO
hook2478.jpg,0.1037,NO
hook2479.jpg,0.1501,NO
hook248.jpg,0.2594,NO
hook2480.jpg,0.0942,NO
hook2481.jpg,0.1603,NO
hook2482.jpg,0.1899,NO
hook2483.jpg,0.0834,NO
hook2485.jpg,0.0694,NO
hook2486.jpg,0.0376,NO
hook2487.jpg,0.1461,NO
hook249.jpg,0.2156,NO
hook2489.jpg,0.0512,NO
hook2490.jpg,0.1348,NO
hook2491.jpg,0.0986,NO
hook2492.jpg,0.1347,NO
hook2493.jpg,0.1329,NO
hook2496.jpg,0.1476,NO
hook2495.jpg,0.1537,NO
hook2498.jpg,0.1053,NO
hook2499.jpg,0.1036,NO
hook25.jpg,0.0527,NO
hook250.jpg,0.1812,NO
hook2500.jpg,0.1181,NO
hook2501.jpg,0.1269,NO
hook2503.jpg,0.1521,NO
hook2504.jpg,0.1196,NO
hook2505.jpg,0.0940,NO
hook2506.jpg,0.2787,NO
hook2507.jpg,0.1410,NO
hook2508.jpg,0.0507,NO
hook2509.jpg,0.1191,NO
hook251.jpg,0.2219,NO
hook2510.jpg,0.1255,NO
hook2512.jpg,0.1338,NO
hook2513.jpg,0.1681,NO
hook2514.jpg,0.1448,NO
hook2515.jpg,0.1330,NO
hook2516.jpg,0.1384,NO
hook2517.jpg,0.3244,NO
hook2518.jpg,0.1452,NO
hook2519.jpg,0.1423,NO
hook252.jpg,0.2664,NO
hook2520.jpg,0.1337,NO
hook2521.jpg,0.0661,NO
hook2522.jpg,0.1229,NO
hook2523.jpg,0.0878,NO
hook2524.jpg,0.1346,NO
hook2525.jpg,0.0749,NO
hook2526.jpg,0.0652,NO
hook2527.jpg,0.0755,NO
hook2528.jpg,0.1362,NO
hook2529.jpg,0.1157,NO
hook253.jpg,0.1933,NO
hook2530.jpg,0.1773,NO
hook2531.jpg,0.0818,NO
hook2532.jpg,0.2037,NO
hook2534.jpg,0.1478,NO
hook2535.jpg,0.0644,NO
hook2536.jpg,0.1012,NO
hook2537.jpg,0.1213,NO
hook2538.jpg,0.1988,NO
hook2539.jpg,0.1589,NO
hook254.jpg,0.2755,NO
hook2540.jpg,0.3537,NO
hook2541.jpg,0.2038,NO
hook2542.jpg,0.1070,NO
hook2543.jpg,0.1441,NO
hook2545.jpg,0.1402,NO
hook2546.jpg,0.1336,NO
hook2547.jpg,0.1397,NO
hook2549.jpg,0.1410,NO
hook255.jpg,0.2193,NO
hook2550.jpg,0.0885,NO
hook2551.jpg,0.2762,NO
hook2552.jpg,0.0811,NO
hook2553.jpg,0.1120,NO
hook2554.jpg,0.1151,NO
hook2555.jpg,0.0477,NO
hook2556.jpg,0.1286,NO
hook2557.jpg,0.1204,NO
hook2558.jpg,0.0893,NO
hook2559.jpg,0.0992,NO
hook256.jpg,0.2389,NO
hook2560.jpg,0.1598,NO
hook2562.jpg,0.4015,NO
hook2563.jpg,0.0786,NO
hook2564.jpg,0.1408,NO
hook2568.jpg,0.1507,NO
hook2569.jpg,0.1108,NO
hook257.jpg,0.0563,NO
hook2570.jpg,0.1744,NO
hook2571.jpg,0.1707,NO
hook2572.jpg,0.2059,NO
hook2573.jpg,0.2996,NO
hook2574.jpg,0.2361,NO
hook2575.jpg,0.1332,NO
hook2576.jpg,0.1557,NO
hook2577.jpg,0.0970,NO
hook2578.jpg,0.0714,NO
hook2579.jpg,0.1443,NO
hook2580.jpg,0.1410,NO
hook2581.jpg,0.1423,NO
hook2582.jpg,0.1201,NO
hook2583.jpg,0.1373,NO
hook2584.jpg,0.1732,NO
hook2585.jpg,0.1479,NO
hook2587.jpg,0.1870,NO
hook2588.jpg,0.1600,NO
hook259.jpg,0.0571,NO
hook2591.jpg,0.1568,NO
hook2592.jpg,0.2515,NO
hook2593.jpg,0.1753,NO
hook2594.jpg,0.4122,NO
hook2596.jpg,0.3660,NO
hook2595.jpg,0.0447,NO
hook2597.jpg,0.2098,NO
hook2598.jpg,0.2193,NO
hook2599.jpg,0.2191,NO
hook26.jpg,0.1931,NO
hook260.jpg,0.2000,NO
hook2600.jpg,0.3024,NO
hook2601.jpg,0.3030,NO
hook2602.jpg,0.2913,NO
hook2603.jpg,0.2482,NO
hook2604.jpg,0.2308,NO
hook2605.jpg,0.1823,NO
hook2606.jpg,0.1796,NO
hook2607.jpg,0.2008,NO
hook2608.jpg,0.2074,NO
hook2609.jpg,0.2249,NO
hook261.jpg,0.2346,NO
hook2610.jpg,0.1714,NO
hook2611.jpg,0.2612,NO
hook2612.jpg,0.3069,NO
hook2614.jpg,0.3342,NO
hook2615.jpg,0.3230,NO
hook2616.jpg,0.2891,NO
hook2617.jpg,0.1256,NO
hook2618.jpg,0.2148,NO
hook2619.jpg,0.2404,NO
hook262.jpg,0.2401,NO
hook2620.jpg,0.2092,NO
hook2621.jpg,0.2618,NO
hook2622.jpg,0.2585,NO
hook2623.jpg,0.2313,NO
hook2624.jpg,0.2635,NO
hook2625.jpg,0.3248,NO
hook2626.jpg,0.3022,NO
hook2627.jpg,0.3367,NO
hook2628.jpg,0.3269,NO
hook263.jpg,0.1887,NO
hook2629.jpg,0.1380,NO
hook2630.jpg,0.2339,NO
hook2631.jpg,0.2602,NO
hook2633.jpg,0.2981,NO
hook2634.jpg,0.3710,NO
hook2636.jpg,0.2991,NO
hook2637.jpg,0.3059,NO
hook2638.jpg,0.2879,NO
hook2639.jpg,0.2529,NO
hook264.jpg,0.2032,NO
hook2640.jpg,0.2909,NO
hook2641.jpg,0.3632,NO
hook2642.jpg,0.4004,NO
hook2643.jpg,0.3790,NO
hook2644.jpg,0.3195,NO
hook2645.jpg,0.3574,NO
hook2646.jpg,0.3177,NO
hook2647.jpg,0.3265,NO
hook2648.jpg,0.3386,NO
hook2649.jpg,0.4027,NO
hook265.jpg,0.0438,NO
hook2651.jpg,0.2670,NO
hook2650.jpg,0.3163,NO
hook2652.jpg,0.3905,NO
hook2653.jpg,0.3284,NO
hook2654.jpg,0.3161,NO
hook2656.jpg,0.2872,NO
hook2657.jpg,0.2718,NO
hook2658.jpg,0.4102,NO
hook2659.jpg,0.2506,NO
hook2660.jpg,0.2474,NO
hook2661.jpg,0.2427,NO
hook2663.jpg,0.5351,YES
hook2662.jpg,0.1108,NO
hook2665.jpg,0.2305,NO
hook2666.jpg,0.1512,NO
hook2667.jpg,0.2476,NO
hook2669.jpg,0.2677,NO
hook267.jpg,0.0727,NO
hook2670.jpg,0.2613,NO
hook2671.jpg,0.2415,NO
hook2673.jpg,0.1848,NO
hook2674.jpg,0.3567,NO
hook2675.jpg,0.2813,NO
hook2676.jpg,0.2326,NO
hook2677.jpg,0.2434,NO
hook2678.jpg,0.2711,NO
hook2679.jpg,0.1947,NO
hook2680.jpg,0.2412,NO
hook2681.jpg,0.1839,NO
hook268.jpg,0.1888,NO
hook2682.jpg,0.2540,NO
hook2683.jpg,0.1772,NO
hook2684.jpg,0.2701,NO
hook2685.jpg,0.2243,NO
hook2686.jpg,0.2432,NO
hook2687.jpg,0.2467,NO
hook2689.jpg,0.2259,NO
hook2688.jpg,0.2527,NO
hook269.jpg,0.1843,NO
hook2690.jpg,0.1355,NO
hook2691.jpg,0.2615,NO
hook2692.jpg,0.2648,NO
hook2693.jpg,0.2763,NO
hook2694.jpg,0.2466,NO
hook2695.jpg,0.4290,NO
hook2696.jpg,0.2194,NO
hook2697.jpg,0.1186,NO
hook2698.jpg,0.2527,NO
hook2699.jpg,0.1786,NO
hook270.jpg,0.2526,NO
hook2700.jpg,0.2324,NO
hook2701.jpg,0.2251,NO
hook2702.jpg,0.2241,NO
hook2704.jpg,0.1685,NO
hook2705.jpg,0.2300,NO
hook2706.jpg,0.4429,NO
hook2707.jpg,0.1497,NO
hook2709.jpg,0.1339,NO
hook271.jpg,0.2342,NO
hook2711.jpg,0.2144,NO
hook2710.jpg,0.1536,NO
hook2713.jpg,0.2344,NO
hook2714.jpg,0.2405,NO
hook2715.jpg,0.2286,NO
hook2716.jpg,0.2784,NO
hook2717.jpg,0.2577,NO
hook2719.jpg,0.2423,NO
hook2718.jpg,0.1518,NO
hook2720.jpg,0.2616,NO
hook272.jpg,0.1418,NO
hook2721.jpg,0.2216,NO
hook2722.jpg,0.2249,NO
hook2723.jpg,0.2901,NO
hook2724.jpg,0.2707,NO
hook2725.jpg,0.2438,NO
hook2726.jpg,0.2687,NO
hook2727.jpg,0.2588,NO
hook2728.jpg,0.2985,NO
hook2729.jpg,0.2187,NO
hook273.jpg,0.2803,NO
hook2730.jpg,0.1161,NO
hook2733.jpg,0.2393,NO
hook2734.jpg,0.2114,NO
hook2735.jpg,0.1855,NO
hook2736.jpg,0.2139,NO
hook2737.jpg,0.2399,NO
hook2738.jpg,0.2995,NO
hook2739.jpg,0.2997,NO
hook2740.jpg,0.3351,NO
hook2741.jpg,0.2622,NO
hook2743.jpg,0.2612,NO
hook2742.jpg,0.2002,NO
hook2744.jpg,0.1896,NO
hook2746.jpg,0.2834,NO
hook2745.jpg,0.1497,NO
hook2747.jpg,0.2764,NO
hook2748.jpg,0.2306,NO
hook2749.jpg,0.2375,NO
hook2750.jpg,0.2425,NO
hook2752.jpg,0.2384,NO
hook2751.jpg,0.0423,NO
hook2753.jpg,0.2394,NO
hook2754.jpg,0.2384,NO
hook275.jpg,0.1294,NO
hook2756.jpg,0.2112,NO
hook2757.jpg,0.2727,NO
hook2758.jpg,0.2351,NO
hook2759.jpg,0.2387,NO
hook276.jpg,0.1672,NO
hook2760.jpg,0.2172,NO
hook2761.jpg,0.1036,NO
hook2762.jpg,0.3250,NO
hook2764.jpg,0.2166,NO
hook2765.jpg,0.2107,NO
hook2766.jpg,0.1293,NO
hook2767.jpg,0.1551,NO
hook2769.jpg,0.1106,NO
hook2770.jpg,0.2354,NO
hook277.jpg,0.1931,NO
hook2771.jpg,0.2414,NO
hook2773.jpg,0.0718,NO
hook2774.jpg,0.2137,NO
hook2775.jpg,0.2419,NO
hook2776.jpg,0.2214,NO
hook2777.jpg,0.2347,NO
hook2778.jpg,0.1406,NO
hook278.jpg,0.1031,NO
hook2780.jpg,0.2341,NO
hook2781.jpg,0.1848,NO
hook2782.jpg,0.2562,NO
hook2783.jpg,0.1955,NO
hook2784.jpg,0.4183,NO
hook2785.jpg,0.4506,NO
hook2787.jpg,0.2274,NO
hook2788.jpg,0.2571,NO
hook2789.jpg,0.0360,NO
hook279.jpg,0.1861,NO
hook2790.jpg,0.2226,NO
hook2791.jpg,0.2218,NO
hook2793.jpg,0.2579,NO
hook2792.jpg,0.1526,NO
hook2794.jpg,0.2649,NO
hook2795.jpg,0.1802,NO
hook2796.jpg,0.1283,NO
hook2797.jpg,0.2426,NO
hook2798.jpg,0.1238,NO
hook2799.jpg,0.2206,NO
hook28.jpg,0.1704,NO
hook280.jpg,0.1562,NO
hook2800.jpg,0.2304,NO
hook2802.jpg,0.2211,NO
hook2804.jpg,0.2751,NO
hook2803.jpg,0.1191,NO
hook2807.jpg,0.2123,NO
hook2808.jpg,0.1912,NO
hook281.jpg,0.0797,NO
hook2809.jpg,0.2057,NO
hook2810.jpg,0.2305,NO
hook2811.jpg,0.2090,NO
hook2814.jpg,0.1734,NO
hook2815.jpg,0.2025,NO
hook2816.jpg,0.2058,NO
hook2817.jpg,0.1907,NO
hook2818.jpg,0.1646,NO
hook2819.jpg,0.1575,NO
hook282.jpg,0.0995,NO
hook2820.jpg,0.4402,NO
hook2821.jpg,0.2532,NO
hook2823.jpg,0.2783,NO
hook2825.jpg,0.3289,NO
hook2826.jpg,0.2487,NO
hook2827.jpg,0.3391,NO
hook2828.jpg,0.3047,NO
hook2829.jpg,0.2775,NO
hook283.jpg,0.1458,NO
hook2830.jpg,0.3190,NO
hook2831.jpg,0.2915,NO
hook2832.jpg,0.3073,NO
hook2833.jpg,0.3371,NO
hook2834.jpg,0.3309,NO
hook2835.jpg,0.3138,NO
hook2836.jpg,0.3306,NO
hook2837.jpg,0.2639,NO
hook2838.jpg,0.4626,NO
hook284.jpg,0.2330,NO
hook2840.jpg,0.5071,YES
hook2841.jpg,0.2402,NO
hook2842.jpg,0.2164,NO
hook2843.jpg,0.1773,NO
hook2845.jpg,0.2804,NO
hook2844.jpg,0.2883,NO
hook2846.jpg,0.2089,NO
hook2847.jpg,0.3232,NO
hook285.jpg,0.1584,NO
hook2849.jpg,0.1218,NO
hook2851.jpg,0.0253,NO
hook2853.jpg,0.3001,NO
hook2852.jpg,0.0585,NO
hook2854.jpg,0.3455,NO
hook2855.jpg,0.3410,NO
hook2856.jpg,0.3872,NO
hook2858.jpg,0.3790,NO
hook2859.jpg,0.3212,NO
hook286.jpg,0.1020,NO
hook2860.jpg,0.4120,NO
hook2861.jpg,0.2597,NO
hook2862.jpg,0.4045,NO
hook2863.jpg,0.4081,NO
hook2864.jpg,0.4040,NO
hook2865.jpg,0.4163,NO
hook2866.jpg,0.4682,NO
hook2867.jpg,0.5150,YES
hook2868.jpg,0.4087,NO
hook2869.jpg,0.4260,NO
hook287.jpg,0.0815,NO
hook2870.jpg,0.3734,NO
hook2871.jpg,0.3603,NO
hook2872.jpg,0.3287,NO
hook2873.jpg,0.4829,NO
hook2874.jpg,0.3211,NO
hook2875.jpg,0.2643,NO
hook2876.jpg,0.3132,NO
hook2877.jpg,0.2949,NO
hook2878.jpg,0.2847,NO
hook2879.jpg,0.2793,NO
hook288.jpg,0.1019,NO
hook2880.jpg,0.2406,NO
hook2882.jpg,0.2564,NO
hook2883.jpg,0.2575,NO
hook2884.jpg,0.2448,NO
hook2885.jpg,0.2644,NO
hook2886.jpg,0.2719,NO
hook2887.jpg,0.2259,NO
hook2888.jpg,0.1059,NO
hook2889.jpg,0.2595,NO
hook289.jpg,0.0602,NO
hook2890.jpg,0.2677,NO
hook2891.jpg,0.1578,NO
hook2892.jpg,0.2886,NO
hook2893.jpg,0.2061,NO
hook2894.jpg,0.2607,NO
hook2895.jpg,0.4314,NO
hook2897.jpg,0.2490,NO
hook2896.jpg,0.2905,NO
hook2898.jpg,0.0978,NO
hook2899.jpg,0.1333,NO
hook29.jpg,0.2254,NO
hook290.jpg,0.0921,NO
hook2900.jpg,0.2646,NO
hook2901.jpg,0.2417,NO
hook2902.jpg,0.1810,NO
hook2903.jpg,0.1596,NO
hook2904.jpg,0.2222,NO
hook2905.jpg,0.2413,NO
hook2907.jpg,0.1480,NO
hook2908.jpg,0.1835,NO
hook2909.jpg,0.1295,NO
hook291.jpg,0.1654,NO
hook2910.jpg,0.2669,NO
hook2912.jpg,0.2786,NO
hook2913.jpg,0.0958,NO
hook2914.jpg,0.2306,NO
hook2915.jpg,0.2473,NO
hook2916.jpg,0.2249,NO
hook2917.jpg,0.3117,NO
hook2918.jpg,0.2013,NO
hook2919.jpg,0.1919,NO
hook292.jpg,0.0967,NO
hook2920.jpg,0.3491,NO
hook2921.jpg,0.3101,NO
hook2922.jpg,0.4184,NO
hook2923.jpg,0.4086,NO
hook2924.jpg,0.2628,NO
hook2926.jpg,0.3365,NO
hook2925.jpg,0.4272,NO
hook2927.jpg,0.2202,NO
hook2928.jpg,0.4350,NO
hook2929.jpg,0.5043,YES
hook293.jpg,0.0888,NO
hook2930.jpg,0.4678,NO
hook2931.jpg,0.4442,NO
hook2933.jpg,0.3414,NO
hook2934.jpg,0.4518,NO
hook2935.jpg,0.2772,NO
hook2937.jpg,0.3146,NO
hook2936.jpg,0.3872,NO
hook2938.jpg,0.3080,NO
hook2939.jpg,0.4107,NO
hook294.jpg,0.0860,NO
hook2940.jpg,0.3532,NO
hook2941.jpg,0.3047,NO
hook2942.jpg,0.3975,NO
hook2943.jpg,0.1889,NO
hook2944.jpg,0.3862,NO
hook2945.jpg,0.1911,NO
hook2947.jpg,0.2665,NO
hook2946.jpg,0.2942,NO
hook2948.jpg,0.4515,NO
hook2949.jpg,0.3088,NO
hook295.jpg,0.3602,NO
hook2950.jpg,0.3242,NO
hook2951.jpg,0.2634,NO
hook2952.jpg,0.1602,NO
hook2953.jpg,0.3239,NO
hook2954.jpg,0.3087,NO
hook2955.jpg,0.1837,NO
hook2956.jpg,0.2957,NO
hook2958.jpg,0.2353,NO
hook296.jpg,0.1697,NO
hook2957.jpg,0.2456,NO
hook2960.jpg,0.3002,NO
hook2961.jpg,0.2487,NO
hook2963.jpg,0.2372,NO
hook2964.jpg,0.2875,NO
hook2965.jpg,0.2771,NO
hook2967.jpg,0.3069,NO
hook2966.jpg,0.1574,NO
hook2968.jpg,0.4387,NO
hook2969.jpg,0.3717,NO
hook2970.jpg,0.3693,NO
hook2971.jpg,0.2428,NO
hook2972.jpg,0.3437,NO
hook2973.jpg,0.3994,NO
hook2975.jpg,0.4015,NO
hook2974.jpg,0.1318,NO
hook2976.jpg,0.3242,NO
hook2977.jpg,0.2335,NO
hook2978.jpg,0.2440,NO
hook2979.jpg,0.2665,NO
hook2980.jpg,0.2187,NO
hook298.jpg,0.1847,NO
hook2981.jpg,0.2127,NO
hook2982.jpg,0.1616,NO
hook2985.jpg,0.4036,NO
hook2987.jpg,0.3626,NO
hook2986.jpg,0.2299,NO
hook2988.jpg,0.1712,NO
hook2989.jpg,0.2365,NO
hook299.jpg,0.1114,NO
hook2991.jpg,0.2739,NO
hook2993.jpg,0.2877,NO
hook2992.jpg,0.3613,NO
hook2994.jpg,0.4136,NO
hook2995.jpg,0.1208,NO
hook2996.jpg,0.3058,NO
hook2997.jpg,0.2960,NO
hook2998.jpg,0.2727,NO
hook2999.jpg,0.2475,NO
hook3.jpg,0.2180,NO
hook30.jpg,0.2155,NO
hook300.jpg,0.1530,NO
hook3000.jpg,0.2182,NO
hook3001.jpg,0.2335,NO
hook3002.jpg,0.2599,NO
hook3003.jpg,0.2309,NO
hook3004.jpg,0.1217,NO
hook3005.jpg,0.2105,NO
hook3007.jpg,0.2767,NO
hook3008.jpg,0.0640,NO
hook3009.jpg,0.2027,NO
hook301.jpg,0.1330,NO
hook3011.jpg,0.3635,NO
hook3012.jpg,0.3029,NO
hook3013.jpg,0.1579,NO
hook3014.jpg,0.2148,NO
hook3016.jpg,0.0608,NO
hook3017.jpg,0.1805,NO
hook3018.jpg,0.2606,NO
hook302.jpg,0.0940,NO
hook3019.jpg,0.1209,NO
hook3020.jpg,0.1530,NO
hook3021.jpg,0.1120,NO
hook3023.jpg,0.1546,NO
hook3022.jpg,0.2249,NO
hook3025.jpg,0.1463,NO
hook3026.jpg,0.1389,NO
hook3027.jpg,0.1354,NO
hook3024.jpg,0.0405,NO
hook3028.jpg,0.1892,NO
hook3029.jpg,0.2559,NO
hook303.jpg,0.1029,NO
hook3030.jpg,0.1678,NO
hook3032.jpg,0.2034,NO
hook3031.jpg,-0.0142,NO
hook3033.jpg,0.0858,NO
hook3034.jpg,-0.0201,NO
hook3035.jpg,0.0555,NO
hook3036.jpg,0.1144,NO
hook3038.jpg,0.0793,NO
hook3037.jpg,0.1315,NO
hook304.jpg,0.1123,NO
hook3040.jpg,0.2136,NO
hook3041.jpg,0.1501,NO
hook3042.jpg,0.2132,NO
hook3043.jpg,0.1047,NO
hook3044.jpg,0.2156,NO
hook3045.jpg,0.2683,NO
hook3046.jpg,0.1450,NO
hook3047.jpg,0.1503,NO
hook3048.jpg,0.1176,NO
hook305.jpg,0.0702,NO
hook3051.jpg,0.2746,NO
hook3050.jpg,-0.0037,NO
hook3053.jpg,0.1214,NO
hook3054.jpg,0.1264,NO
hook3052.jpg,0.0309,NO
hook3056.jpg,0.1021,NO
hook3055.jpg,-0.0301,NO
hook3057.jpg,0.2056,NO
hook3058.jpg,0.1207,NO
hook3059.jpg,0.1228,NO
hook306.jpg,0.1302,NO
hook3060.jpg,0.2285,NO
hook3061.jpg,0.1168,NO
hook3062.jpg,0.2643,NO
hook3063.jpg,0.2465,NO
hook3064.jpg,0.2491,NO
hook3065.jpg,0.2355,NO
hook3066.jpg,0.1933,NO
hook3067.jpg,0.2531,NO
hook3068.jpg,0.2003,NO
hook3069.jpg,0.2056,NO
hook307.jpg,0.1878,NO
hook3070.jpg,0.1962,NO
hook3071.jpg,0.2948,NO
hook3072.jpg,0.2974,NO
hook308.jpg,0.0756,NO
hook309.jpg,0.1114,NO
hook31.jpg,0.1382,NO
hook310.jpg,0.1119,NO
hook311.jpg,0.0552,NO
hook312.jpg,0.1225,NO
hook314.jpg,0.0973,NO
hook313.jpg,0.0844,NO
hook315.jpg,0.1223,NO
hook316.jpg,0.0858,NO
hook317.jpg,0.0237,NO
hook318.jpg,0.0939,NO
hook319.jpg,0.0967,NO
hook320.jpg,0.0430,NO
hook321.jpg,0.2213,NO
hook322.jpg,0.1706,NO
hook324.jpg,0.1430,NO
hook325.jpg,0.1466,NO
hook326.jpg,0.2487,NO
hook327.jpg,0.1210,NO
hook328.jpg,0.0969,NO
hook330.jpg,0.1027,NO
hook331.jpg,0.1115,NO
hook332.jpg,0.1085,NO
hook333.jpg,0.0276,NO
hook334.jpg,0.1113,NO
hook336.jpg,0.0976,NO
hook338.jpg,0.0909,NO
hook337.jpg,0.0870,NO
hook339.jpg,0.0923,NO
hook340.jpg,0.2906,NO
hook341.jpg,0.1180,NO
hook342.jpg,0.1259,NO
hook343.jpg,0.0811,NO
hook345.jpg,0.2596,NO
hook344.jpg,0.2950,NO
hook346.jpg,0.0733,NO
hook347.jpg,0.2311,NO
hook348.jpg,0.1751,NO
hook349.jpg,0.2294,NO
hook35.jpg,0.1899,NO
hook350.jpg,0.0676,NO
hook351.jpg,0.2717,NO
hook352.jpg,0.1934,NO
hook355.jpg,0.2305,NO
hook356.jpg,0.3302,NO
hook358.jpg,0.2494,NO
hook359.jpg,0.2747,NO
hook36.jpg,0.4817,NO
hook360.jpg,0.3072,NO
hook361.jpg,0.3182,NO
hook362.jpg,0.3082,NO
hook363.jpg,0.3097,NO
hook364.jpg,0.3109,NO
hook365.jpg,0.2972,NO
hook366.jpg,0.3430,NO
hook367.jpg,0.3351,NO
hook369.jpg,0.3276,NO
hook368.jpg,0.3793,NO
hook37.jpg,0.2333,NO
hook370.jpg,0.3016,NO
hook372.jpg,0.2875,NO
hook373.jpg,0.1733,NO
hook374.jpg,0.2551,NO
hook375.jpg,0.2497,NO
hook376.jpg,0.2774,NO
hook377.jpg,0.2471,NO
hook378.jpg,0.2460,NO
hook379.jpg,0.2443,NO
hook38.jpg,0.2068,NO
hook380.jpg,0.2924,NO
hook381.jpg,0.2757,NO
hook382.jpg,0.2788,NO
hook384.jpg,0.2997,NO
hook383.jpg,0.5227,YES
hook385.jpg,0.2616,NO
hook387.jpg,0.2665,NO
hook388.jpg,0.1515,NO
hook389.jpg,0.2565,NO
hook39.jpg,0.1855,NO
hook390.jpg,0.2537,NO
hook392.jpg,0.2879,NO
hook391.jpg,0.1905,NO
hook393.jpg,0.2906,NO
hook395.jpg,0.3478,NO
hook396.jpg,0.2342,NO
hook397.jpg,0.2648,NO
hook399.jpg,0.3196,NO
hook4.jpg,0.1752,NO
hook400.jpg,0.1994,NO
hook401.jpg,0.2574,NO
hook403.jpg,0.2361,NO
hook402.jpg,0.2352,NO
hook404.jpg,0.2223,NO
hook405.jpg,0.2357,NO
hook406.jpg,0.2164,NO
hook407.jpg,0.2983,NO
hook408.jpg,0.1949,NO
hook409.jpg,0.3180,NO
hook41.jpg,0.2016,NO
hook410.jpg,0.2642,NO
hook411.jpg,0.2005,NO
hook413.jpg,0.2664,NO
hook414.jpg,0.2307,NO
hook415.jpg,0.2300,NO
hook416.jpg,0.2122,NO
hook417.jpg,0.2318,NO
hook418.jpg,0.3501,NO
hook419.jpg,0.2427,NO
hook42.jpg,0.2146,NO
hook420.jpg,0.2104,NO
hook421.jpg,0.2208,NO
hook422.jpg,0.2130,NO
hook423.jpg,0.2366,NO
hook424.jpg,0.1991,NO
hook425.jpg,0.2488,NO
hook427.jpg,0.2953,NO
hook428.jpg,0.3459,NO
hook429.jpg,0.3054,NO
hook43.jpg,0.3101,NO
hook430.jpg,0.3400,NO
hook431.jpg,0.3332,NO
hook432.jpg,0.3638,NO
hook433.jpg,0.4047,NO
hook434.jpg,0.3838,NO
hook435.jpg,0.3907,NO
hook436.jpg,0.3436,NO
hook438.jpg,0.3611,NO
hook437.jpg,0.4156,NO
hook439.jpg,0.3998,NO
hook44.jpg,0.2783,NO
hook440.jpg,0.3450,NO
hook441.jpg,0.3417,NO
hook442.jpg,0.3222,NO
hook443.jpg,0.4026,NO
hook445.jpg,0.5136,YES
hook444.jpg,0.3887,NO
hook446.jpg,0.4016,NO
hook447.jpg,0.4078,NO
hook448.jpg,0.4509,NO
hook449.jpg,0.3403,NO
hook450.jpg,0.3408,NO
hook45.jpg,0.1691,NO
hook451.jpg,0.3096,NO
hook452.jpg,0.4720,NO
hook453.jpg,0.4168,NO
hook454.jpg,0.3698,NO
hook455.jpg,0.4916,NO
hook456.jpg,0.4218,NO
hook458.jpg,0.3857,NO
hook459.jpg,0.3955,NO
hook457.jpg,0.4809,NO
hook46.jpg,0.2059,NO
hook460.jpg,0.4646,NO
hook461.jpg,0.3845,NO
hook463.jpg,0.4385,NO
hook465.jpg,0.4473,NO
hook466.jpg,0.4498,NO
hook467.jpg,0.3626,NO
hook469.jpg,0.4046,NO
hook468.jpg,0.3875,NO
hook47.jpg,0.2748,NO
hook470.jpg,0.4552,NO
hook471.jpg,0.4653,NO
hook472.jpg,0.5045,YES
hook473.jpg,0.3582,NO
hook475.jpg,0.4202,NO
hook476.jpg,0.4800,NO
hook477.jpg,0.4066,NO
hook478.jpg,0.4136,NO
hook479.jpg,0.3887,NO
hook48.jpg,0.1072,NO
hook480.jpg,0.3938,NO
hook481.jpg,0.3724,NO
hook482.jpg,0.3710,NO
hook483.jpg,0.5382,YES
hook484.jpg,0.3963,NO
hook485.jpg,0.4904,NO
hook487.jpg,0.4167,NO
hook488.jpg,0.3793,NO
hook49.jpg,0.2931,NO
hook489.jpg,0.3960,NO
hook490.jpg,0.3494,NO
hook491.jpg,0.3577,NO
hook492.jpg,0.3924,NO
hook493.jpg,0.3866,NO
hook494.jpg,0.4629,NO
hook495.jpg,0.3959,NO
hook497.jpg,0.4431,NO
hook498.jpg,0.4066,NO
hook499.jpg,0.5928,YES
hook5.jpg,0.2289,NO
hook50.jpg,0.1890,NO
hook500.jpg,0.4416,NO
hook501.jpg,0.5644,YES
hook502.jpg,0.3302,NO
hook503.jpg,0.5282,YES
hook504.jpg,0.3708,NO
hook505.jpg,0.3859,NO
hook506.jpg,0.3771,NO
hook508.jpg,0.3909,NO
hook509.jpg,0.3575,NO
hook51.jpg,0.1579,NO
hook510.jpg,0.3557,NO
hook511.jpg,0.3302,NO
hook512.jpg,0.3259,NO
hook513.jpg,0.3142,NO
hook514.jpg,0.3044,NO
hook515.jpg,0.3259,NO
hook516.jpg,0.3097,NO
hook517.jpg,0.2381,NO
hook518.jpg,0.4332,NO
hook519.jpg,0.3295,NO
hook520.jpg,0.3418,NO
hook522.jpg,0.3056,NO
hook521.jpg,0.4167,NO
hook52.jpg,0.0123,NO
hook523.jpg,0.3136,NO
hook524.jpg,0.2209,NO
hook525.jpg,0.2749,NO
hook526.jpg,0.2665,NO
hook527.jpg,0.2587,NO
hook528.jpg,0.2433,NO
hook529.jpg,0.4234,NO
hook53.jpg,0.3278,NO
hook530.jpg,0.1152,NO
hook531.jpg,0.2506,NO
hook532.jpg,0.2478,NO
hook533.jpg,0.1900,NO
hook534.jpg,0.2436,NO
hook535.jpg,0.1158,NO
hook537.jpg,0.1954,NO
hook536.jpg,0.1164,NO
hook538.jpg,0.1689,NO
hook539.jpg,0.1329,NO
hook54.jpg,0.2189,NO
hook540.jpg,0.3606,NO
hook542.jpg,0.2049,NO
hook541.jpg,0.2133,NO
hook544.jpg,0.1378,NO
hook545.jpg,0.1500,NO
hook543.jpg,0.1951,NO
hook546.jpg,0.1665,NO
hook547.jpg,0.1138,NO
hook548.jpg,0.1880,NO
hook549.jpg,0.1749,NO
hook551.jpg,0.4317,NO
hook550.jpg,0.0686,NO
hook552.jpg,0.2427,NO
hook553.jpg,0.1945,NO
hook554.jpg,0.1629,NO
hook555.jpg,-0.0141,NO
hook556.jpg,0.1390,NO
hook557.jpg,0.4414,NO
hook558.jpg,0.1107,NO
hook559.jpg,0.1267,NO
hook56.jpg,0.2243,NO
hook560.jpg,0.0314,NO
hook561.jpg,0.1580,NO
hook562.jpg,0.3785,NO
hook563.jpg,0.2428,NO
hook564.jpg,0.2465,NO
hook565.jpg,0.3197,NO
hook566.jpg,0.3426,NO
hook567.jpg,0.1732,NO
hook568.jpg,0.2776,NO
hook57.jpg,0.1336,NO
hook570.jpg,0.1589,NO
hook571.jpg,0.1961,NO
hook572.jpg,0.1862,NO
hook576.jpg,0.2642,NO
hook575.jpg,0.2564,NO
hook577.jpg,0.2169,NO
hook578.jpg,0.3185,NO
hook579.jpg,0.2222,NO
hook58.jpg,0.2591,NO
hook580.jpg,0.1547,NO
hook582.jpg,0.2099,NO
hook583.jpg,0.1644,NO
hook585.jpg,0.2067,NO
hook584.jpg,0.2368,NO
hook586.jpg,0.1934,NO
hook587.jpg,0.1884,NO
hook588.jpg,0.1729,NO
hook589.jpg,0.1719,NO
hook59.jpg,0.2293,NO
hook590.jpg,0.1847,NO
hook591.jpg,0.2130,NO
hook592.jpg,0.1430,NO
hook593.jpg,0.2312,NO
hook594.jpg,0.1906,NO
hook595.jpg,0.4089,NO
hook596.jpg,0.1998,NO
hook597.jpg,0.1539,NO
hook598.jpg,0.2194,NO
hook599.jpg,0.1601,NO
hook60.jpg,0.2718,NO
hook601.jpg,0.2187,NO
hook602.jpg,0.2381,NO
hook603.jpg,0.2626,NO
hook604.jpg,0.1998,NO
hook605.jpg,0.1543,NO
hook606.jpg,0.4834,NO
hook607.jpg,0.2267,NO
hook608.jpg,0.2655,NO
hook609.jpg,0.2074,NO
hook61.jpg,0.2451,NO
hook610.jpg,0.2059,NO
hook611.jpg,0.1831,NO
hook612.jpg,0.1616,NO
hook613.jpg,0.1872,NO
hook614.jpg,0.1244,NO
hook615.jpg,0.2038,NO
hook617.jpg,0.4539,NO
hook616.jpg,0.1856,NO
hook618.jpg,0.1476,NO
hook619.jpg,0.1675,NO
hook620.jpg,0.2487,NO
hook621.jpg,0.2549,NO
hook622.jpg,0.1268,NO
hook623.jpg,0.2086,NO
hook624.jpg,0.1837,NO
hook625.jpg,0.2428,NO
hook627.jpg,0.3154,NO
hook626.jpg,0.2336,NO
hook628.jpg,0.2526,NO
hook629.jpg,0.3771,NO
hook63.jpg,0.2291,NO
hook630.jpg,0.1630,NO
hook632.jpg,0.4775,NO
hook633.jpg,0.1347,NO
hook631.jpg,0.0264,NO
hook635.jpg,0.0063,NO
hook636.jpg,0.4410,NO
hook637.jpg,0.2497,NO
hook638.jpg,0.3158,NO
hook639.jpg,0.2926,NO
hook640.jpg,0.4583,NO
hook64.jpg,0.1944,NO
hook642.jpg,0.3846,NO
hook643.jpg,0.1723,NO
hook644.jpg,0.1467,NO
hook645.jpg,0.2764,NO
hook646.jpg,0.3049,NO
hook647.jpg,0.4511,NO
hook648.jpg,0.3883,NO
hook649.jpg,0.3100,NO
hook65.jpg,0.2553,NO
hook650.jpg,0.1742,NO
hook651.jpg,0.4416,NO
hook652.jpg,0.3905,NO
hook654.jpg,0.3076,NO
hook655.jpg,0.3902,NO
hook657.jpg,0.3638,NO
hook659.jpg,0.1981,NO
hook66.jpg,0.1737,NO
hook661.jpg,0.2688,NO
hook660.jpg,0.2058,NO
hook662.jpg,0.5058,YES
hook663.jpg,0.2410,NO
hook664.jpg,0.3777,NO
hook665.jpg,0.3859,NO
hook666.jpg,0.2412,NO
hook667.jpg,0.4333,NO
hook668.jpg,0.1860,NO
hook67.jpg,0.2737,NO
hook669.jpg,0.1632,NO
hook670.jpg,0.1892,NO
hook672.jpg,0.2347,NO
hook671.jpg,0.1624,NO
hook673.jpg,0.5679,YES
hook674.jpg,0.1545,NO
hook675.jpg,0.1951,NO
hook676.jpg,0.2078,NO
hook677.jpg,0.1959,NO
hook678.jpg,0.2579,NO
hook679.jpg,0.1798,NO
hook68.jpg,0.2351,NO
hook680.jpg,0.1985,NO
hook682.jpg,0.1257,NO
hook684.jpg,0.5279,YES
hook685.jpg,0.2561,NO
hook686.jpg,0.1016,NO
hook687.jpg,0.2788,NO
hook688.jpg,0.2709,NO
hook689.jpg,0.2507,NO
hook69.jpg,0.1936,NO
hook690.jpg,0.2798,NO
hook691.jpg,0.2341,NO
hook692.jpg,0.2978,NO
hook693.jpg,0.3366,NO
hook694.jpg,0.2640,NO
hook695.jpg,0.3662,NO
hook697.jpg,0.2137,NO
hook698.jpg,0.1984,NO
hook7.jpg,0.2456,NO
hook699.jpg,0.2453,NO
hook70.jpg,0.1129,NO
hook700.jpg,0.2062,NO
hook701.jpg,0.2456,NO
hook703.jpg,0.2427,NO
hook704.jpg,0.2026,NO
hook705.jpg,0.2376,NO
hook706.jpg,0.5718,YES
hook707.jpg,0.2336,NO
hook708.jpg,0.2573,NO
hook709.jpg,0.2580,NO
hook710.jpg,0.2748,NO
hook711.jpg,0.3093,NO
hook715.jpg,0.2919,NO
hook716.jpg,0.2683,NO
hook717.jpg,0.4329,NO
hook719.jpg,0.2369,NO
hook72.jpg,0.2867,NO
hook720.jpg,0.2290,NO
hook721.jpg,0.2884,NO
hook722.jpg,0.1517,NO
hook723.jpg,0.2184,NO
hook724.jpg,0.1997,NO
hook725.jpg,0.1880,NO
hook726.jpg,0.1100,NO
hook727.jpg,0.1355,NO
hook728.jpg,0.5065,YES
hook729.jpg,0.2644,NO
hook730.jpg,0.4356,NO
hook731.jpg,0.1552,NO
hook732.jpg,0.2212,NO
hook734.jpg,0.1250,NO
hook735.jpg,0.0976,NO
hook736.jpg,0.1985,NO
hook737.jpg,0.1969,NO
hook738.jpg,0.1557,NO
hook74.jpg,0.2864,NO
hook741.jpg,0.5896,YES
hook742.jpg,0.1277,NO
hook743.jpg,0.1658,NO
hook744.jpg,0.1670,NO
hook745.jpg,0.2037,NO
hook746.jpg,0.2102,NO
hook748.jpg,0.1896,NO
hook749.jpg,0.2339,NO
hook75.jpg,0.2585,NO
hook750.jpg,0.3404,NO
hook751.jpg,0.2119,NO
hook753.jpg,0.2137,NO
hook754.jpg,0.1971,NO
hook755.jpg,0.1916,NO
hook756.jpg,0.2906,NO
hook757.jpg,0.2297,NO
hook758.jpg,0.2214,NO
hook759.jpg,0.1962,NO
hook76.jpg,0.2714,NO
hook760.jpg,0.2124,NO
hook761.jpg,0.2332,NO
hook762.jpg,0.0972,NO
hook763.jpg,0.3678,NO
hook764.jpg,0.1408,NO
hook765.jpg,0.1537,NO
hook766.jpg,0.1696,NO
hook767.jpg,0.3391,NO
hook768.jpg,0.2680,NO
hook769.jpg,0.2752,NO
hook77.jpg,0.2959,NO
hook770.jpg,0.2437,NO
hook771.jpg,0.2239,NO
hook773.jpg,0.3194,NO
hook772.jpg,0.3981,NO
hook774.jpg,0.4288,NO
hook775.jpg,0.2076,NO
hook777.jpg,0.3040,NO
hook779.jpg,0.3114,NO
hook778.jpg,0.2103,NO
hook780.jpg,0.2167,NO
hook781.jpg,0.2388,NO
hook782.jpg,0.3083,NO
hook783.jpg,0.1896,NO
hook784.jpg,0.2455,NO
hook786.jpg,0.2870,NO
hook787.jpg,0.0566,NO
hook788.jpg,0.2184,NO
hook789.jpg,0.2600,NO
hook79.jpg,0.0653,NO
hook791.jpg,0.0977,NO
hook790.jpg,0.1263,NO
hook792.jpg,0.1817,NO
hook793.jpg,0.3077,NO
hook794.jpg,0.1032,NO
hook795.jpg,0.1984,NO
hook797.jpg,0.1697,NO
hook798.jpg,0.1421,NO
hook799.jpg,0.1692,NO
hook8.jpg,0.2295,NO
hook80.jpg,0.2814,NO
hook800.jpg,0.1925,NO
hook801.jpg,0.3014,NO
hook802.jpg,0.1945,NO
hook803.jpg,0.1190,NO
hook805.jpg,0.1528,NO
hook804.jpg,0.1411,NO
hook806.jpg,0.1209,NO
hook808.jpg,0.1155,NO
hook809.jpg,0.0939,NO
hook81.jpg,0.2541,NO
hook810.jpg,0.2095,NO
hook811.jpg,0.0760,NO
hook812.jpg,0.1985,NO
hook814.jpg,0.3108,NO
hook815.jpg,0.1154,NO
hook816.jpg,0.2990,NO
hook817.jpg,0.1394,NO
hook818.jpg,0.0649,NO
hook819.jpg,0.1428,NO
hook82.jpg,0.3626,NO
hook820.jpg,0.1954,NO
hook822.jpg,0.3354,NO
hook821.jpg,0.1308,NO
hook823.jpg,0.1661,NO
hook825.jpg,0.4120,NO
hook826.jpg,0.4314,NO
hook827.jpg,0.1859,NO
hook828.jpg,0.1377,NO
hook830.jpg,0.3656,NO
hook83.jpg,0.2305,NO
hook829.jpg,0.6035,YES
hook832.jpg,0.5630,YES
hook833.jpg,0.4160,NO
hook834.jpg,0.4626,NO
hook835.jpg,0.2321,NO
hook836.jpg,0.1208,NO
hook84.jpg,0.2175,NO
hook838.jpg,0.0662,NO
hook837.jpg,0.0493,NO
hook840.jpg,0.3390,NO
hook841.jpg,0.0564,NO
hook842.jpg,0.2356,NO
hook843.jpg,0.3137,NO
hook844.jpg,0.2719,NO
hook845.jpg,0.2399,NO
hook846.jpg,0.3637,NO
hook847.jpg,0.2140,NO
hook848.jpg,0.2680,NO
hook849.jpg,0.1682,NO
hook85.jpg,0.1785,NO
hook850.jpg,0.2190,NO
hook852.jpg,0.3109,NO
hook853.jpg,0.2225,NO
hook855.jpg,0.3791,NO
hook856.jpg,0.2110,NO
hook857.jpg,0.2292,NO
hook859.jpg,0.1419,NO
hook86.jpg,0.2321,NO
hook860.jpg,0.2416,NO
hook861.jpg,0.3524,NO
hook862.jpg,0.2528,NO
hook863.jpg,0.5580,YES
hook864.jpg,0.2535,NO
hook865.jpg,0.1289,NO
hook866.jpg,0.2235,NO
hook867.jpg,0.4112,NO
hook869.jpg,0.1283,NO
hook868.jpg,0.2076,NO
hook87.jpg,0.1439,NO
hook870.jpg,0.0708,NO
hook871.jpg,0.2495,NO
hook872.jpg,0.1365,NO
hook874.jpg,0.3977,NO
hook873.jpg,0.1722,NO
hook875.jpg,0.2461,NO
hook876.jpg,0.2061,NO
hook877.jpg,0.2426,NO
hook878.jpg,0.2397,NO
hook879.jpg,0.2782,NO
hook880.jpg,0.1499,NO
hook88.jpg,0.2278,NO
hook881.jpg,0.2166,NO
hook883.jpg,0.1292,NO
hook884.jpg,0.2061,NO
hook885.jpg,0.3251,NO
hook888.jpg,0.1519,NO
hook887.jpg,0.0417,NO
hook889.jpg,0.1179,NO
hook89.jpg,0.2725,NO
hook890.jpg,0.2322,NO
hook892.jpg,0.2077,NO
hook893.jpg,0.1760,NO
hook895.jpg,0.1206,NO
hook896.jpg,0.3668,NO
hook897.jpg,0.1857,NO
hook898.jpg,0.0918,NO
hook899.jpg,0.2805,NO
hook9.jpg,0.1312,NO
hook90.jpg,0.1991,NO
hook900.jpg,0.2161,NO
hook901.jpg,0.2094,NO
hook902.jpg,0.1953,NO
hook903.jpg,0.2085,NO
hook904.jpg,0.1973,NO
hook905.jpg,0.2001,NO
hook906.jpg,0.2234,NO
hook907.jpg,-0.0058,NO
hook908.jpg,0.1184,NO
hook909.jpg,0.2466,NO
hook910.jpg,0.3004,NO
hook911.jpg,0.2061,NO
hook912.jpg,0.0563,NO
hook913.jpg,0.2327,NO
hook914.jpg,0.2112,NO
hook915.jpg,0.2062,NO
hook916.jpg,0.1342,NO
hook917.jpg,0.2110,NO
hook919.jpg,0.2020,NO
hook918.jpg,0.0835,NO
hook92.jpg,0.1777,NO
hook920.jpg,0.1837,NO
hook923.jpg,0.1407,NO
hook924.jpg,0.4475,NO
hook925.jpg,0.2281,NO
hook926.jpg,0.1276,NO
hook927.jpg,0.2716,NO
hook928.jpg,0.2075,NO
hook929.jpg,0.3210,NO
hook930.jpg,0.2473,NO
hook93.jpg,0.0662,NO
hook931.jpg,0.2337,NO
hook933.jpg,0.2682,NO
hook934.jpg,0.1110,NO
hook935.jpg,0.1477,NO
hook936.jpg,0.2802,NO
hook937.jpg,0.2818,NO
hook938.jpg,0.3854,NO
hook939.jpg,0.3107,NO
hook94.jpg,0.2104,NO
hook940.jpg,0.3529,NO
hook941.jpg,0.4310,NO
hook942.jpg,0.1780,NO
hook943.jpg,0.2677,NO
hook944.jpg,0.2014,NO
hook945.jpg,0.4088,NO
hook946.jpg,0.3619,NO
hook947.jpg,0.1601,NO
hook948.jpg,0.1569,NO
hook949.jpg,0.1339,NO
hook95.jpg,0.2154,NO
hook950.jpg,0.0691,NO
hook951.jpg,0.5445,YES
hook952.jpg,0.1876,NO
hook953.jpg,0.1396,NO
hook954.jpg,0.3654,NO
hook955.jpg,0.1178,NO
hook956.jpg,0.1126,NO
hook957.jpg,0.1100,NO
hook958.jpg,0.1453,NO
hook959.jpg,0.3612,NO
hook96.jpg,0.2505,NO
hook960.jpg,0.0756,NO
hook961.jpg,0.1210,NO
hook962.jpg,0.2780,NO
hook963.jpg,0.0733,NO
hook964.jpg,0.1804,NO
hook965.jpg,0.1290,NO
hook966.jpg,0.0990,NO
hook967.jpg,0.1202,NO
hook968.jpg,0.1711,NO
hook969.jpg,0.2215,NO
hook97.jpg,0.2344,NO
hook970.jpg,0.0399,NO
hook971.jpg,0.1327,NO
hook972.jpg,0.2170,NO
hook974.jpg,0.2720,NO
hook975.jpg,0.2436,NO
hook976.jpg,0.2146,NO
hook977.jpg,0.2534,NO
hook978.jpg,0.2575,NO
hook979.jpg,0.2567,NO
hook98.jpg,0.2224,NO
hook980.jpg,0.2595,NO
hook981.jpg,0.1744,NO
hook982.jpg,0.2901,NO
hook985.jpg,0.2752,NO
hook984.jpg,0.2226,NO
hook986.jpg,0.2369,NO
hook987.jpg,0.2372,NO
hook988.jpg,0.2394,NO
hook990.jpg,0.1169,NO
hook991.jpg,0.1560,NO
hook992.jpg,0.1591,NO
hook993.jpg,0.2445,NO
hook994.jpg,0.1278,NO
hook995.jpg,0.1916,NO
hook996.jpg,0.1398,NO
hook997.jpg,0.2409,NO
hook998.jpg,0.2063,NO
hook999.jpg,0.2365,NO
hpdr10.jpg,0.5679,YES
hpdr100.jpg,0.1664,NO
hpdr1001.jpg,0.7645,YES
hpdr1002.jpg,0.5332,YES
hpdr1003.jpg,0.2491,NO
hpdr1004.jpg,0.3112,NO
hpdr1005.jpg,0.6519,YES
hpdr1006.jpg,0.4609,NO
hpdr1007.jpg,0.2894,NO
hpdr1008.jpg,0.2905,NO
hpdr1009.jpg,0.3042,NO
hpdr101.jpg,0.4383,NO
hpdr1010.jpg,0.4424,NO
hpdr1013.jpg,0.2211,NO
hpdr1014.jpg,0.1383,NO
hpdr1017.jpg,0.6465,YES
hpdr1018.jpg,0.7347,YES
hpdr102.jpg,0.7382,YES
hpdr1024.jpg,0.3886,NO
hpdr1026.jpg,0.3844,NO
hpdr1037.jpg,0.2217,NO
hpdr1038.jpg,0.5237,YES
hpdr1039.jpg,0.2227,NO
hpdr104.jpg,0.2183,NO
hpdr1041.jpg,0.1717,NO
hpdr1045.jpg,0.3141,NO
hpdr1046.jpg,0.1970,NO
hpdr1047.jpg,0.3485,NO
hpdr1048.jpg,0.3267,NO
hpdr1049.jpg,0.2949,NO
hpdr1050.jpg,0.6284,YES
hpdr1051.jpg,0.2558,NO
hpdr1052.jpg,0.2719,NO
hpdr1053.jpg,0.3051,NO
hpdr1054.jpg,0.2701,NO
hpdr1055.jpg,0.3713,NO
hpdr1056.jpg,0.4548,NO
hpdr1057.jpg,0.1407,NO
hpdr1058.jpg,0.3831,NO
hpdr1059.jpg,0.3249,NO
hpdr106.jpg,0.3878,NO
hpdr1062.jpg,0.5816,YES
hpdr1065.jpg,0.3946,NO
hpdr1064.jpg,0.1662,NO
hpdr1066.jpg,0.5036,YES
hpdr1068.jpg,0.5141,YES
hpdr1067.jpg,0.1682,NO
hpdr1069.jpg,0.3604,NO
hpdr107.jpg,0.6531,YES
hpdr1070.jpg,0.5522,YES
hpdr1071.jpg,0.3947,NO
hpdr1072.jpg,0.1930,NO
hpdr1073.jpg,0.5947,YES
hpdr1075.jpg,0.5852,YES
hpdr1074.jpg,0.6423,YES
hpdr1076.jpg,0.2272,NO
hpdr1077.jpg,0.4862,NO
hpdr1078.jpg,0.2163,NO
hpdr1079.jpg,0.5714,YES
hpdr108.jpg,0.6640,YES
hpdr1080.jpg,0.4357,NO
hpdr1081.jpg,0.4777,NO
hpdr1082.jpg,0.2406,NO
hpdr1083.jpg,0.4091,NO
hpdr1084.jpg,0.3978,NO
hpdr1085.jpg,0.7181,YES
hpdr1086.jpg,0.7268,YES
hpdr1087.jpg,0.5935,YES
hpdr1088.jpg,0.6456,YES
hpdr1089.jpg,0.6332,YES
hpdr1090.jpg,0.4720,NO
hpdr109.jpg,0.1899,NO
hpdr1091.jpg,0.4148,NO
hpdr1092.jpg,0.7449,YES
hpdr1093.jpg,0.7768,YES
hpdr1094.jpg,0.7130,YES
hpdr1095.jpg,0.6693,YES
hpdr1096.jpg,0.6179,YES
hpdr1097.jpg,0.7707,YES
hpdr1098.jpg,0.8054,YES
hpdr1099.jpg,0.7247,YES
hpdr110.jpg,0.6307,YES
hpdr1101.jpg,0.4441,NO
hpdr1102.jpg,0.7324,YES
hpdr1103.jpg,0.7480,YES
hpdr1104.jpg,0.7399,YES
hpdr1105.jpg,0.2301,NO
hpdr1106.jpg,0.7987,YES
hpdr1107.jpg,0.7911,YES
hpdr1108.jpg,0.8009,YES
hpdr1109.jpg,0.6786,YES
hpdr111.jpg,0.5575,YES
hpdr1110.jpg,0.7497,YES
hpdr1111.jpg,0.2740,NO
hpdr1112.jpg,0.8984,YES
hpdr1113.jpg,0.6540,YES
hpdr1114.jpg,0.2175,NO
hpdr1115.jpg,0.7501,YES
hpdr1116.jpg,0.7653,YES
hpdr1117.jpg,0.7446,YES
hpdr1118.jpg,0.7807,YES
hpdr1119.jpg,0.7587,YES
hpdr112.jpg,0.5558,YES
hpdr1120.jpg,0.3490,NO
hpdr1121.jpg,0.7575,YES
hpdr1122.jpg,0.7904,YES
hpdr1123.jpg,0.7482,YES
hpdr1126.jpg,0.7404,YES
hpdr1127.jpg,0.1739,NO
hpdr1128.jpg,0.3180,NO
hpdr1129.jpg,0.3240,NO
hpdr113.jpg,0.7949,YES
hpdr1130.jpg,0.6705,YES
hpdr1133.jpg,0.3224,NO
hpdr1131.jpg,0.3133,NO
hpdr1135.jpg,0.5266,YES
hpdr1136.jpg,0.1460,NO
hpdr1138.jpg,0.8496,YES
hpdr1140.jpg,0.3964,NO
hpdr1141.jpg,0.3761,NO
hpdr1142.jpg,0.3670,NO
hpdr1143.jpg,0.2115,NO
hpdr1144.jpg,0.4693,NO
hpdr1145.jpg,0.6227,YES
hpdr1146.jpg,0.2799,NO
hpdr1147.jpg,0.5013,YES
hpdr1149.jpg,0.1877,NO
hpdr115.jpg,0.1808,NO
hpdr1150.jpg,0.7655,YES
hpdr1151.jpg,0.4480,NO
hpdr1152.jpg,0.3553,NO
hpdr1153.jpg,0.3062,NO
hpdr1154.jpg,0.4091,NO
hpdr1156.jpg,0.6443,YES
hpdr1157.jpg,0.1389,NO
hpdr1158.jpg,0.5549,YES
hpdr1159.jpg,0.4908,NO
hpdr116.jpg,0.6430,YES
hpdr1160.jpg,0.3857,NO
hpdr1162.jpg,0.6946,YES
hpdr1164.jpg,0.3469,NO
hpdr1163.jpg,0.2431,NO
hpdr1165.jpg,0.7716,YES
hpdr1166.jpg,0.7412,YES
hpdr1167.jpg,0.6786,YES
hpdr1169.jpg,0.5817,YES
hpdr117.jpg,0.5717,YES
hpdr1170.jpg,0.8124,YES
hpdr1171.jpg,0.6509,YES
hpdr1172.jpg,0.7989,YES
hpdr1174.jpg,0.6690,YES
hpdr1175.jpg,0.3073,NO
hpdr1176.jpg,0.7090,YES
hpdr1177.jpg,0.8152,YES
hpdr1178.jpg,0.7027,YES
hpdr118.jpg,0.5751,YES
hpdr1180.jpg,0.7113,YES
hpdr1182.jpg,0.5195,YES
hpdr1183.jpg,0.7665,YES
hpdr1184.jpg,0.6071,YES
hpdr1186.jpg,0.6360,YES
hpdr1187.jpg,0.7643,YES
hpdr1188.jpg,0.7738,YES
hpdr1189.jpg,0.5782,YES
hpdr1190.jpg,0.7341,YES
hpdr119.jpg,0.6012,YES
hpdr1191.jpg,0.5770,YES
hpdr1192.jpg,0.7862,YES
hpdr1193.jpg,0.7194,YES
hpdr1194.jpg,0.8201,YES
hpdr1195.jpg,0.7720,YES
hpdr1196.jpg,0.8021,YES
hpdr1198.jpg,0.7169,YES
hpdr1197.jpg,0.6692,YES
hpdr1199.jpg,0.7786,YES
hpdr12.jpg,0.5921,YES
hpdr120.jpg,0.2938,NO
hpdr1200.jpg,0.2078,NO
hpdr1202.jpg,0.2336,NO
hpdr1203.jpg,0.5737,YES
hpdr1204.jpg,0.8064,YES
hpdr1206.jpg,0.5325,YES
hpdr1207.jpg,0.5186,YES
hpdr1208.jpg,0.4830,NO
hpdr1209.jpg,0.5306,YES
hpdr121.jpg,0.1552,NO
hpdr1210.jpg,0.2095,NO
hpdr1211.jpg,0.7009,YES
hpdr1212.jpg,0.5328,YES
hpdr1213.jpg,0.6283,YES
hpdr1214.jpg,0.6246,YES
hpdr1215.jpg,0.6240,YES
hpdr1216.jpg,0.6419,YES
hpdr1217.jpg,0.5719,YES
hpdr1218.jpg,0.6488,YES
hpdr1219.jpg,0.6290,YES
hpdr122.jpg,0.1760,NO
hpdr1220.jpg,0.6468,YES
hpdr1221.jpg,0.7170,YES
hpdr1222.jpg,0.7336,YES
hpdr1223.jpg,0.5811,YES
hpdr1224.jpg,0.2172,NO
hpdr1225.jpg,0.7993,YES
hpdr1227.jpg,0.5364,YES
hpdr1228.jpg,0.6858,YES
hpdr1229.jpg,0.1619,NO
hpdr123.jpg,0.3960,NO
hpdr1230.jpg,0.6703,YES
hpdr1231.jpg,0.4941,NO
hpdr1232.jpg,0.6788,YES
hpdr1234.jpg,0.6328,YES
hpdr1236.jpg,0.2870,NO
hpdr1235.jpg,0.4829,NO
hpdr1239.jpg,0.1886,NO
hpdr124.jpg,0.2531,NO
hpdr1240.jpg,0.8226,YES
hpdr1241.jpg,0.7353,YES
hpdr1242.jpg,0.2363,NO
hpdr1243.jpg,0.6456,YES
hpdr1244.jpg,0.7121,YES
hpdr1246.jpg,0.5385,YES
hpdr1245.jpg,0.2010,NO
hpdr1248.jpg,0.6740,YES
hpdr1247.jpg,0.5962,YES
hpdr1249.jpg,0.5561,YES
hpdr125.jpg,0.4076,NO
hpdr1250.jpg,0.6293,YES
hpdr1251.jpg,0.7378,YES
hpdr1252.jpg,0.3227,NO
hpdr1253.jpg,0.5210,YES
hpdr1255.jpg,0.1960,NO
hpdr1256.jpg,0.3284,NO
hpdr1257.jpg,0.3485,NO
hpdr1258.jpg,0.8490,YES
hpdr1259.jpg,0.4202,NO
hpdr126.jpg,0.2162,NO
hpdr1260.jpg,0.2953,NO
hpdr1261.jpg,0.1499,NO
hpdr1263.jpg,0.3849,NO
hpdr1264.jpg,0.4132,NO
hpdr1265.jpg,0.2375,NO
hpdr1266.jpg,0.6350,YES
hpdr1267.jpg,0.2670,NO
hpdr1268.jpg,0.3294,NO
hpdr1269.jpg,0.8101,YES
hpdr127.jpg,0.1180,NO
hpdr1270.jpg,0.5208,YES
hpdr1271.jpg,0.2951,NO
hpdr1272.jpg,0.6002,YES
hpdr1273.jpg,0.4754,NO
hpdr1274.jpg,0.5531,YES
hpdr1275.jpg,0.1273,NO
hpdr1276.jpg,0.5529,YES
hpdr1277.jpg,0.2957,NO
hpdr1278.jpg,0.3577,NO
hpdr1279.jpg,0.2562,NO
hpdr128.jpg,0.4573,NO
hpdr1281.jpg,0.5020,YES
hpdr1282.jpg,0.4731,NO
hpdr1283.jpg,0.3617,NO
hpdr1284.jpg,0.2968,NO
hpdr1285.jpg,0.6671,YES
hpdr1287.jpg,0.5629,YES
hpdr1286.jpg,0.5740,YES
hpdr1288.jpg,0.5339,YES
hpdr1289.jpg,0.2520,NO
hpdr129.jpg,0.7072,YES
hpdr1293.jpg,0.5591,YES
hpdr1292.jpg,0.5659,YES
hpdr1294.jpg,0.4558,NO
hpdr1297.jpg,0.2561,NO
hpdr1295.jpg,0.3238,NO
hpdr1298.jpg,0.3994,NO
hpdr1296.jpg,0.3560,NO
hpdr1299.jpg,0.4021,NO
hpdr13.jpg,0.3337,NO
hpdr130.jpg,0.2367,NO
hpdr1300.jpg,0.1736,NO
hpdr1301.jpg,0.3271,NO
hpdr1303.jpg,0.5184,YES
hpdr1304.jpg,0.3169,NO
hpdr1306.jpg,0.3653,NO
hpdr1305.jpg,0.4047,NO
hpdr1307.jpg,0.3773,NO
hpdr1309.jpg,0.8355,YES
hpdr131.jpg,0.2707,NO
hpdr1310.jpg,0.5668,YES
hpdr1311.jpg,0.1657,NO
hpdr1312.jpg,0.3356,NO
hpdr1314.jpg,0.2736,NO
hpdr1315.jpg,0.2057,NO
hpdr1316.jpg,0.2557,NO
hpdr1317.jpg,0.3481,NO
hpdr1318.jpg,0.5146,YES
hpdr1319.jpg,0.3591,NO
hpdr132.jpg,0.2263,NO
hpdr1320.jpg,0.1658,NO
hpdr1321.jpg,0.2987,NO
hpdr1322.jpg,0.3570,NO
hpdr1323.jpg,0.4103,NO
hpdr1325.jpg,0.4644,NO
hpdr1326.jpg,0.3597,NO
hpdr133.jpg,0.1821,NO
hpdr1330.jpg,0.5309,YES
hpdr1331.jpg,0.3506,NO
hpdr1332.jpg,0.2824,NO
hpdr1333.jpg,0.8996,YES
hpdr1334.jpg,0.1246,NO
hpdr1335.jpg,0.6167,YES
hpdr1338.jpg,0.2724,NO
hpdr1337.jpg,0.2755,NO
hpdr1339.jpg,0.1517,NO
hpdr1340.jpg,0.3793,NO
hpdr1341.jpg,0.4600,NO
hpdr1342.jpg,0.4040,NO
hpdr1343.jpg,0.2358,NO
hpdr1344.jpg,0.1398,NO
hpdr1346.jpg,0.8039,YES
hpdr1345.jpg,0.1622,NO
hpdr1348.jpg,0.3719,NO
hpdr1349.jpg,0.3415,NO
hpdr135.jpg,0.2510,NO
hpdr1350.jpg,0.3368,NO
hpdr1351.jpg,0.4803,NO
hpdr1354.jpg,0.2019,NO
hpdr1356.jpg,0.5266,YES
hpdr1357.jpg,0.3610,NO
hpdr1355.jpg,0.4065,NO
hpdr1359.jpg,0.6606,YES
hpdr136.jpg,0.6321,YES
hpdr1360.jpg,0.5647,YES
hpdr1361.jpg,0.4074,NO
hpdr1362.jpg,0.5491,YES
hpdr1364.jpg,0.3947,NO
hpdr1363.jpg,0.5501,YES
hpdr1365.jpg,0.4081,NO
hpdr1366.jpg,0.3042,NO
hpdr1367.jpg,0.5002,YES
hpdr1368.jpg,0.4163,NO
hpdr1369.jpg,0.7130,YES
hpdr137.jpg,0.4946,NO
hpdr1370.jpg,0.3138,NO
hpdr1371.jpg,0.0162,NO
hpdr1372.jpg,0.4004,NO
hpdr1373.jpg,0.2268,NO
hpdr1374.jpg,0.6971,YES
hpdr1377.jpg,0.5446,YES
hpdr1376.jpg,0.6002,YES
hpdr1379.jpg,0.4500,NO
hpdr1380.jpg,0.4117,NO
hpdr138.jpg,0.2971,NO
hpdr1381.jpg,0.2081,NO
hpdr1378.jpg,0.4414,NO
hpdr1382.jpg,0.5140,YES
hpdr1383.jpg,0.2561,NO
hpdr1384.jpg,0.2100,NO
hpdr1385.jpg,0.3458,NO
hpdr1387.jpg,0.3555,NO
hpdr1388.jpg,0.7734,YES
hpdr1386.jpg,0.3242,NO
hpdr1389.jpg,0.3167,NO
hpdr139.jpg,0.2585,NO
hpdr1390.jpg,0.3343,NO
hpdr1391.jpg,0.3803,NO
hpdr1392.jpg,0.3904,NO
hpdr1393.jpg,0.4671,NO
hpdr1394.jpg,0.4620,NO
hpdr1395.jpg,0.6921,YES
hpdr1396.jpg,0.4203,NO
hpdr1397.jpg,0.4073,NO
hpdr1398.jpg,0.3188,NO
hpdr1399.jpg,0.3713,NO
hpdr140.jpg,0.2460,NO
hpdr1400.jpg,0.3247,NO
hpdr1402.jpg,0.5046,YES
hpdr1401.jpg,0.2893,NO
hpdr1403.jpg,0.3989,NO
hpdr1404.jpg,0.4045,NO
hpdr1405.jpg,0.4866,NO
hpdr1406.jpg,0.3665,NO
hpdr1407.jpg,0.7258,YES
hpdr1408.jpg,0.3769,NO
hpdr1409.jpg,0.4334,NO
hpdr141.jpg,0.6697,YES
hpdr1411.jpg,0.4215,NO
hpdr1410.jpg,0.5247,YES
hpdr1413.jpg,0.4466,NO
hpdr1416.jpg,0.3943,NO
hpdr1418.jpg,0.3618,NO
hpdr1419.jpg,0.4927,NO
hpdr1420.jpg,0.4074,NO
hpdr142.jpg,0.3018,NO
hpdr1421.jpg,0.4777,NO
hpdr1422.jpg,0.3510,NO
hpdr1425.jpg,0.6142,YES
hpdr1426.jpg,0.6105,YES
hpdr1427.jpg,0.3054,NO
hpdr1428.jpg,0.4251,NO
hpdr1429.jpg,0.6959,YES
hpdr143.jpg,0.2837,NO
hpdr1430.jpg,0.5105,YES
hpdr1432.jpg,0.7496,YES
hpdr1433.jpg,0.2824,NO
hpdr1431.jpg,0.7871,YES
hpdr1434.jpg,0.1973,NO
hpdr1436.jpg,0.2675,NO
hpdr1435.jpg,0.3478,NO
hpdr1437.jpg,0.3695,NO
hpdr1438.jpg,0.2872,NO
hpdr144.jpg,0.3269,NO
hpdr1440.jpg,0.2743,NO
hpdr1441.jpg,0.3035,NO
hpdr1442.jpg,0.2938,NO
hpdr1444.jpg,0.7447,YES
hpdr1446.jpg,0.4512,NO
hpdr1447.jpg,0.3693,NO
hpdr1448.jpg,0.2891,NO
hpdr1449.jpg,0.4897,NO
hpdr145.jpg,0.0910,NO
hpdr1450.jpg,0.4355,NO
hpdr1451.jpg,0.4298,NO
hpdr1452.jpg,0.3566,NO
hpdr1453.jpg,0.3057,NO
hpdr1454.jpg,0.2206,NO
hpdr1455.jpg,0.5964,YES
hpdr1456.jpg,0.2802,NO
hpdr1457.jpg,0.7263,YES
hpdr1458.jpg,0.2775,NO
hpdr1459.jpg,0.2821,NO
hpdr146.jpg,0.3464,NO
hpdr1460.jpg,0.3613,NO
hpdr1461.jpg,0.4838,NO
hpdr1462.jpg,0.5423,YES
hpdr1463.jpg,0.7816,YES
hpdr1464.jpg,0.6388,YES
hpdr1466.jpg,0.5803,YES
hpdr1467.jpg,0.5437,YES
hpdr1468.jpg,0.4086,NO
hpdr1469.jpg,0.4954,NO
hpdr1470.jpg,0.4081,NO
hpdr1473.jpg,0.3540,NO
hpdr1474.jpg,0.2903,NO
hpdr1475.jpg,0.3034,NO
hpdr1476.jpg,0.1972,NO
hpdr1477.jpg,0.5883,YES
hpdr1478.jpg,0.4567,NO
hpdr1479.jpg,0.3695,NO
hpdr148.jpg,0.3549,NO
hpdr1480.jpg,0.4139,NO
hpdr1481.jpg,0.6683,YES
hpdr1482.jpg,0.4549,NO
hpdr1483.jpg,0.1035,NO
hpdr1484.jpg,0.3393,NO
hpdr1485.jpg,0.6273,YES
hpdr1486.jpg,0.4038,NO
hpdr1488.jpg,0.5193,YES
hpdr1489.jpg,0.4648,NO
hpdr149.jpg,0.2813,NO
hpdr1491.jpg,0.3689,NO
hpdr1492.jpg,0.4607,NO
hpdr1493.jpg,0.6039,YES
hpdr1495.jpg,0.3380,NO
hpdr1496.jpg,0.3339,NO
hpdr1497.jpg,0.3288,NO
hpdr1498.jpg,0.4915,NO
hpdr1499.jpg,0.5035,YES
hpdr15.jpg,0.4812,NO
hpdr150.jpg,0.3462,NO
hpdr1500.jpg,0.4613,NO
hpdr1502.jpg,0.4972,NO
hpdr1504.jpg,0.1455,NO
hpdr1505.jpg,0.5541,YES
hpdr1506.jpg,0.6458,YES
hpdr1507.jpg,0.4643,NO
hpdr1508.jpg,0.7336,YES
hpdr1510.jpg,0.8750,YES
hpdr1511.jpg,0.6145,YES
hpdr1512.jpg,0.5714,YES
hpdr1513.jpg,0.5584,YES
hpdr1514.jpg,0.6315,YES
hpdr1515.jpg,0.4999,NO
hpdr1516.jpg,0.5343,YES
hpdr1517.jpg,0.5128,YES
hpdr1519.jpg,0.4223,NO
hpdr152.jpg,0.2890,NO
hpdr1520.jpg,0.5580,YES
hpdr1523.jpg,0.6780,YES
hpdr1524.jpg,0.7506,YES
hpdr1525.jpg,0.7723,YES
hpdr1527.jpg,0.6540,YES
hpdr1528.jpg,0.6250,YES
hpdr1529.jpg,0.2804,NO
hpdr153.jpg,0.4819,NO
hpdr1530.jpg,0.4593,NO
hpdr1531.jpg,0.7222,YES
hpdr1532.jpg,0.6492,YES
hpdr1533.jpg,0.6449,YES
hpdr1534.jpg,0.7945,YES
hpdr1535.jpg,0.3740,NO
hpdr1536.jpg,0.6917,YES
hpdr1537.jpg,0.1657,NO
hpdr1538.jpg,0.7665,YES
hpdr1539.jpg,0.5401,YES
hpdr1540.jpg,0.6242,YES
hpdr154.jpg,0.3971,NO
hpdr1541.jpg,0.6059,YES
hpdr1542.jpg,0.6031,YES
hpdr1543.jpg,0.6307,YES
hpdr1545.jpg,0.6372,YES
hpdr1546.jpg,0.5442,YES
hpdr1547.jpg,0.4547,NO
hpdr1548.jpg,0.6258,YES
hpdr1549.jpg,0.4566,NO
hpdr155.jpg,0.3066,NO
hpdr1550.jpg,0.5146,YES
hpdr1551.jpg,0.5076,YES
hpdr1552.jpg,0.4758,NO
hpdr1553.jpg,0.5336,YES
hpdr1554.jpg,0.6383,YES
hpdr1555.jpg,0.3386,NO
hpdr1556.jpg,0.6786,YES
hpdr1557.jpg,0.3335,NO
hpdr1558.jpg,0.5038,YES
hpdr1559.jpg,0.2404,NO
hpdr156.jpg,0.4137,NO
hpdr1561.jpg,0.5627,YES
hpdr1562.jpg,0.1817,NO
hpdr1563.jpg,0.6706,YES
hpdr1564.jpg,0.5953,YES
hpdr1565.jpg,0.4179,NO
hpdr1568.jpg,0.2477,NO
hpdr1569.jpg,0.4473,NO
hpdr157.jpg,0.4568,NO
hpdr1570.jpg,0.2441,NO
hpdr1571.jpg,0.7250,YES
hpdr1572.jpg,0.7393,YES
hpdr1573.jpg,0.6249,YES
hpdr1574.jpg,0.5576,YES
hpdr1575.jpg,0.3107,NO
hpdr1576.jpg,0.5357,YES
hpdr1577.jpg,0.7854,YES
hpdr1578.jpg,0.6854,YES
hpdr1579.jpg,0.4986,NO
hpdr158.jpg,0.4633,NO
hpdr1581.jpg,0.5144,YES
hpdr1582.jpg,0.2136,NO
hpdr1583.jpg,0.4148,NO
hpdr1584.jpg,0.4658,NO
hpdr1585.jpg,0.4190,NO
hpdr1586.jpg,0.3159,NO
hpdr1587.jpg,0.1551,NO
hpdr1588.jpg,0.8073,YES
hpdr1589.jpg,0.2850,NO
hpdr159.jpg,0.4919,NO
hpdr1590.jpg,0.2804,NO
hpdr1591.jpg,0.3497,NO
hpdr1593.jpg,0.3492,NO
hpdr1594.jpg,0.5692,YES
hpdr1595.jpg,0.7014,YES
hpdr1596.jpg,0.3352,NO
hpdr1597.jpg,0.7290,YES
hpdr1598.jpg,0.2306,NO
hpdr1599.jpg,0.7048,YES
hpdr16.jpg,0.4211,NO
hpdr1601.jpg,0.8511,YES
hpdr160.jpg,0.2391,NO
hpdr1602.jpg,0.8314,YES
hpdr1603.jpg,0.8395,YES
hpdr1606.jpg,0.7147,YES
hpdr1607.jpg,0.8963,YES
hpdr1608.jpg,0.8712,YES
hpdr1609.jpg,0.8789,YES
hpdr161.jpg,0.3076,NO
hpdr1610.jpg,0.8064,YES
hpdr1612.jpg,0.5291,YES
hpdr1613.jpg,0.4520,NO
hpdr1615.jpg,0.4662,NO
hpdr1614.jpg,0.2372,NO
hpdr1616.jpg,0.5307,YES
hpdr1617.jpg,0.6191,YES
hpdr1620.jpg,0.5990,YES
hpdr162.jpg,0.1761,NO
hpdr1621.jpg,0.7014,YES
hpdr1622.jpg,0.3698,NO
hpdr1625.jpg,0.6511,YES
hpdr1623.jpg,0.5433,YES
hpdr1624.jpg,0.7573,YES
hpdr1627.jpg,0.2519,NO
hpdr1629.jpg,0.8435,YES
hpdr1628.jpg,0.3499,NO
hpdr163.jpg,0.3931,NO
hpdr1630.jpg,0.3359,NO
hpdr1632.jpg,0.8687,YES
hpdr1633.jpg,0.4997,NO
hpdr1634.jpg,0.5559,YES
hpdr1636.jpg,0.4882,NO
hpdr1637.jpg,0.4253,NO
hpdr1635.jpg,0.6698,YES
hpdr1638.jpg,0.4707,NO
hpdr1639.jpg,0.5487,YES
hpdr1640.jpg,0.4122,NO
hpdr1643.jpg,0.8019,YES
hpdr164.jpg,0.6055,YES
hpdr1644.jpg,0.4220,NO
hpdr1645.jpg,0.4481,NO
hpdr1646.jpg,0.5576,YES
hpdr1647.jpg,0.4389,NO
hpdr1649.jpg,0.4718,NO
hpdr165.jpg,0.6474,YES
hpdr1650.jpg,0.3510,NO
hpdr1651.jpg,0.3050,NO
hpdr1653.jpg,0.6758,YES
hpdr1652.jpg,0.5449,YES
hpdr1654.jpg,0.6658,YES
hpdr1655.jpg,0.5861,YES
hpdr1656.jpg,0.3826,NO
hpdr1659.jpg,0.2657,NO
hpdr1658.jpg,0.6330,YES
hpdr166.jpg,0.7036,YES
hpdr1662.jpg,0.4191,NO
hpdr1661.jpg,0.1652,NO
hpdr1664.jpg,0.5851,YES
hpdr1663.jpg,0.4040,NO
hpdr1666.jpg,0.6296,YES
hpdr1667.jpg,0.3932,NO
hpdr1669.jpg,0.1850,NO
hpdr167.jpg,0.5331,YES
hpdr1670.jpg,0.3207,NO
hpdr1671.jpg,0.4975,NO
hpdr1672.jpg,0.5808,YES
hpdr1673.jpg,0.5827,YES
hpdr1674.jpg,0.5282,YES
hpdr1675.jpg,0.5983,YES
hpdr1676.jpg,0.2682,NO
hpdr1677.jpg,0.6067,YES
hpdr168.jpg,0.4269,NO
hpdr1682.jpg,0.4712,NO
hpdr1683.jpg,0.1485,NO
hpdr1684.jpg,0.1898,NO
hpdr1685.jpg,0.3240,NO
hpdr169.jpg,0.4809,NO
hpdr1691.jpg,0.2265,NO
hpdr1693.jpg,0.3468,NO
hpdr1695.jpg,0.2766,NO
hpdr1694.jpg,0.3498,NO
hpdr1696.jpg,0.3292,NO
hpdr17.jpg,0.3551,NO
hpdr170.jpg,0.7064,YES
hpdr1715.jpg,0.3635,NO
hpdr171.jpg,0.3922,NO
hpdr1727.jpg,0.5874,YES
hpdr173.jpg,0.5141,YES
hpdr174.jpg,0.6960,YES
hpdr1749.jpg,0.8745,YES
hpdr175.jpg,0.1236,NO
hpdr1750.jpg,0.6861,YES
hpdr1751.jpg,0.7152,YES
hpdr1752.jpg,0.2235,NO
hpdr1753.jpg,0.6894,YES
hpdr1755.jpg,0.5745,YES
hpdr1756.jpg,0.6805,YES
hpdr1757.jpg,0.6329,YES
hpdr1758.jpg,0.5929,YES
hpdr1759.jpg,0.5472,YES
hpdr176.jpg,0.4117,NO
hpdr1760.jpg,0.4439,NO
hpdr1761.jpg,0.4852,NO
hpdr1762.jpg,0.5487,YES
hpdr1763.jpg,0.5816,YES
hpdr1764.jpg,0.5473,YES
hpdr1765.jpg,0.8298,YES
hpdr1766.jpg,0.7618,YES
hpdr1767.jpg,0.6604,YES
hpdr1768.jpg,0.5657,YES
hpdr1769.jpg,0.3084,NO
hpdr177.jpg,0.6766,YES
hpdr1770.jpg,0.6830,YES
hpdr1771.jpg,0.6413,YES
hpdr1772.jpg,0.1746,NO
hpdr1773.jpg,0.6358,YES
hpdr1774.jpg,0.3083,NO
hpdr1775.jpg,0.5854,YES
hpdr1777.jpg,0.6113,YES
hpdr1778.jpg,0.8306,YES
hpdr178.jpg,0.5067,YES
hpdr1779.jpg,0.5653,YES
hpdr1780.jpg,0.6465,YES
hpdr1781.jpg,0.5165,YES
hpdr1782.jpg,0.4221,NO
hpdr1783.jpg,0.3903,NO
hpdr1784.jpg,0.5271,YES
hpdr1786.jpg,0.3301,NO
hpdr1785.jpg,0.2211,NO
hpdr1788.jpg,0.2236,NO
hpdr1789.jpg,0.1051,NO
hpdr179.jpg,0.6839,YES
hpdr1791.jpg,0.7461,YES
hpdr1792.jpg,0.2039,NO
hpdr1793.jpg,0.1812,NO
hpdr1794.jpg,0.1626,NO
hpdr1795.jpg,0.4788,NO
hpdr1797.jpg,0.2770,NO
hpdr1799.jpg,0.7144,YES
hpdr1798.jpg,0.1910,NO
hpdr18.jpg,0.6989,YES
hpdr180.jpg,0.3819,NO
hpdr1800.jpg,0.1283,NO
hpdr1801.jpg,0.4424,NO
hpdr1802.jpg,0.2536,NO
hpdr1803.jpg,0.8531,YES
hpdr1804.jpg,0.2626,NO
hpdr1805.jpg,0.1505,NO
hpdr1807.jpg,0.2817,NO
hpdr1806.jpg,0.3448,NO
hpdr1808.jpg,0.3069,NO
hpdr1810.jpg,0.7692,YES
hpdr1809.jpg,0.2591,NO
hpdr181.jpg,0.5893,YES
hpdr1812.jpg,0.3078,NO
hpdr1811.jpg,0.2760,NO
hpdr1813.jpg,0.2896,NO
hpdr1814.jpg,0.3969,NO
hpdr1815.jpg,0.3173,NO
hpdr1817.jpg,0.3654,NO
hpdr1818.jpg,0.5376,YES
hpdr1816.jpg,0.3353,NO
hpdr182.jpg,0.6450,YES
hpdr1820.jpg,0.3603,NO
hpdr1821.jpg,0.1874,NO
hpdr1822.jpg,0.3180,NO
hpdr1823.jpg,0.4813,NO
hpdr1824.jpg,0.5085,YES
hpdr1825.jpg,0.5181,YES
hpdr1828.jpg,0.3294,NO
hpdr1827.jpg,0.5299,YES
hpdr1829.jpg,0.6403,YES
hpdr183.jpg,0.4863,NO
hpdr1830.jpg,0.3576,NO
hpdr1831.jpg,0.3545,NO
hpdr1834.jpg,0.6408,YES
hpdr1835.jpg,0.6428,YES
hpdr1832.jpg,0.8772,YES
hpdr1833.jpg,0.4259,NO
hpdr1836.jpg,0.6696,YES
hpdr1837.jpg,0.6745,YES
hpdr1838.jpg,0.6306,YES
hpdr184.jpg,0.5228,YES
hpdr1840.jpg,0.6663,YES
hpdr1841.jpg,0.7197,YES
hpdr1839.jpg,0.2133,NO
hpdr1842.jpg,0.7402,YES
hpdr1843.jpg,0.8662,YES
hpdr1844.jpg,0.6980,YES
hpdr1845.jpg,0.7348,YES
hpdr1846.jpg,0.6965,YES
hpdr1849.jpg,0.5099,YES
hpdr1847.jpg,0.6797,YES
hpdr1850.jpg,0.7567,YES
hpdr185.jpg,0.7126,YES
hpdr1852.jpg,0.6300,YES
hpdr1851.jpg,0.2427,NO
hpdr1853.jpg,0.6849,YES
hpdr1856.jpg,0.6706,YES
hpdr1854.jpg,0.8324,YES
hpdr1857.jpg,0.6610,YES
hpdr1858.jpg,0.7001,YES
hpdr1859.jpg,0.6346,YES
hpdr186.jpg,0.6659,YES
hpdr1862.jpg,0.6816,YES
hpdr1860.jpg,0.4016,NO
hpdr1866.jpg,0.6409,YES
hpdr1863.jpg,0.1048,NO
hpdr1864.jpg,0.2446,NO
hpdr1865.jpg,0.7490,YES
hpdr1867.jpg,0.5984,YES
hpdr1868.jpg,0.4874,NO
hpdr1869.jpg,0.6542,YES
hpdr187.jpg,0.6451,YES
hpdr1870.jpg,0.6434,YES
hpdr1871.jpg,0.6960,YES
hpdr1873.jpg,0.6759,YES
hpdr1872.jpg,0.5862,YES
hpdr1874.jpg,0.6774,YES
hpdr1875.jpg,0.6114,YES
hpdr1878.jpg,0.6775,YES
hpdr1877.jpg,0.2223,NO
hpdr1879.jpg,0.3937,NO
hpdr188.jpg,0.6854,YES
hpdr1880.jpg,0.6420,YES
hpdr1884.jpg,0.6603,YES
hpdr1883.jpg,0.6898,YES
hpdr1886.jpg,0.7219,YES
hpdr1887.jpg,0.7810,YES
hpdr1889.jpg,0.2688,NO
hpdr1890.jpg,0.6518,YES
hpdr1891.jpg,0.6359,YES
hpdr189.jpg,0.6466,YES
hpdr1892.jpg,0.6546,YES
hpdr1893.jpg,0.5750,YES
hpdr1894.jpg,0.6819,YES
hpdr1895.jpg,0.6558,YES
hpdr1896.jpg,0.6838,YES
hpdr1897.jpg,0.6318,YES
hpdr190.jpg,0.6819,YES
hpdr1899.jpg,0.8570,YES
hpdr1898.jpg,0.2176,NO
hpdr1900.jpg,0.6934,YES
hpdr19.jpg,0.4775,NO
hpdr1901.jpg,0.4033,NO
hpdr1903.jpg,0.6611,YES
hpdr1904.jpg,0.6707,YES
hpdr1905.jpg,0.6164,YES
hpdr1907.jpg,0.5888,YES
hpdr1906.jpg,0.6615,YES
hpdr1909.jpg,0.6681,YES
hpdr1908.jpg,0.6807,YES
hpdr191.jpg,0.3907,NO
hpdr1910.jpg,0.8192,YES
hpdr1911.jpg,0.5954,YES
hpdr1913.jpg,0.6538,YES
hpdr1915.jpg,0.6055,YES
hpdr1916.jpg,0.6909,YES
hpdr1914.jpg,0.3148,NO
hpdr1917.jpg,0.3576,NO
hpdr1919.jpg,0.6925,YES
hpdr1918.jpg,0.3291,NO
hpdr192.jpg,0.6810,YES
hpdr1920.jpg,0.6834,YES
hpdr1922.jpg,0.6664,YES
hpdr1923.jpg,0.6473,YES
hpdr1925.jpg,0.7173,YES
hpdr1924.jpg,0.6141,YES
hpdr1927.jpg,0.4783,NO
hpdr1926.jpg,0.2031,NO
hpdr1928.jpg,0.7193,YES
hpdr1929.jpg,0.6502,YES
hpdr193.jpg,0.6838,YES
hpdr1930.jpg,0.7284,YES
hpdr1931.jpg,0.6932,YES
hpdr1932.jpg,0.6816,YES
hpdr1934.jpg,0.6512,YES
hpdr1935.jpg,0.6244,YES
hpdr1936.jpg,0.5740,YES
hpdr1937.jpg,0.6970,YES
hpdr1938.jpg,0.5241,YES
hpdr1939.jpg,0.6421,YES
hpdr194.jpg,0.6634,YES
hpdr1940.jpg,0.6733,YES
hpdr1941.jpg,0.6721,YES
hpdr1942.jpg,0.6545,YES
hpdr1944.jpg,0.3760,NO
hpdr1943.jpg,0.2109,NO
hpdr1945.jpg,0.5682,YES
hpdr1948.jpg,0.6543,YES
hpdr1947.jpg,0.6193,YES
hpdr1949.jpg,0.6618,YES
hpdr195.jpg,0.4397,NO
hpdr1950.jpg,0.3256,NO
hpdr1951.jpg,0.6322,YES
hpdr1952.jpg,0.6613,YES
hpdr1953.jpg,0.5767,YES
hpdr1955.jpg,0.7010,YES
hpdr1954.jpg,0.6854,YES
hpdr1956.jpg,0.6491,YES
hpdr1957.jpg,0.6777,YES
hpdr1958.jpg,0.6472,YES
hpdr1959.jpg,0.6136,YES
hpdr196.jpg,0.6928,YES
hpdr1961.jpg,0.6499,YES
hpdr1963.jpg,0.6440,YES
hpdr1962.jpg,0.3114,NO
hpdr1964.jpg,0.6755,YES
hpdr1965.jpg,0.7717,YES
hpdr1966.jpg,0.6278,YES
hpdr1967.jpg,0.5811,YES
hpdr1968.jpg,0.5375,YES
hpdr1969.jpg,0.6921,YES
hpdr197.jpg,0.6516,YES
hpdr1970.jpg,0.7245,YES
hpdr1971.jpg,0.5783,YES
hpdr1972.jpg,0.5194,YES
hpdr1973.jpg,0.5961,YES
hpdr1975.jpg,0.6411,YES
hpdr1976.jpg,0.1945,NO
hpdr1977.jpg,0.5871,YES
hpdr1978.jpg,0.3079,NO
hpdr1979.jpg,0.5064,YES
hpdr198.jpg,0.5623,YES
hpdr1980.jpg,0.5596,YES
hpdr1981.jpg,0.1731,NO
hpdr1982.jpg,0.5859,YES
hpdr1984.jpg,0.5454,YES
hpdr1985.jpg,0.5888,YES
hpdr1986.jpg,0.1586,NO
hpdr1987.jpg,0.5840,YES
hpdr1988.jpg,0.3458,NO
hpdr1989.jpg,0.5816,YES
hpdr199.jpg,0.6302,YES
hpdr1990.jpg,0.5572,YES
hpdr1991.jpg,0.5409,YES
hpdr1992.jpg,0.4705,NO
hpdr1993.jpg,0.5023,YES
hpdr1994.jpg,0.6164,YES
hpdr1995.jpg,0.6206,YES
hpdr1996.jpg,0.5973,YES
hpdr1997.jpg,0.5849,YES
hpdr1999.jpg,0.5748,YES
hpdr2.jpg,0.8070,YES
hpdr20.jpg,0.3044,NO
hpdr200.jpg,0.6526,YES
hpdr2001.jpg,0.5902,YES
hpdr2002.jpg,0.6308,YES
hpdr2000.jpg,0.3917,NO
hpdr2003.jpg,0.5301,YES
hpdr2004.jpg,0.6306,YES
hpdr2005.jpg,0.1717,NO
hpdr2006.jpg,0.5457,YES
hpdr2007.jpg,0.5918,YES
hpdr2008.jpg,0.6069,YES
hpdr201.jpg,0.1695,NO
hpdr2010.jpg,0.5503,YES
hpdr2011.jpg,0.6695,YES
hpdr2012.jpg,0.5781,YES
hpdr2015.jpg,0.6076,YES
hpdr2016.jpg,0.5430,YES
hpdr2013.jpg,0.1910,NO
hpdr2017.jpg,0.6574,YES
hpdr2018.jpg,0.6177,YES
hpdr2019.jpg,0.7521,YES
hpdr2020.jpg,0.6912,YES
hpdr2021.jpg,0.6669,YES
hpdr2023.jpg,0.6808,YES
hpdr2024.jpg,0.7388,YES
hpdr2025.jpg,0.1699,NO
hpdr2026.jpg,0.6396,YES
hpdr2028.jpg,0.5762,YES
hpdr2027.jpg,0.5572,YES
hpdr2029.jpg,0.5982,YES
hpdr203.jpg,0.6211,YES
hpdr2030.jpg,0.5691,YES
hpdr2031.jpg,0.5157,YES
hpdr2033.jpg,0.6332,YES
hpdr2032.jpg,0.2811,NO
hpdr2035.jpg,0.5997,YES
hpdr2036.jpg,0.5124,YES
hpdr2037.jpg,0.2226,NO
hpdr2038.jpg,0.5529,YES
hpdr2039.jpg,0.5946,YES
hpdr204.jpg,0.5776,YES
hpdr2040.jpg,0.5291,YES
hpdr2041.jpg,0.5672,YES
hpdr2044.jpg,0.2975,NO
hpdr2043.jpg,0.4617,NO
hpdr2045.jpg,0.5197,YES
hpdr2046.jpg,0.5202,YES
hpdr2047.jpg,0.4734,NO
hpdr2048.jpg,0.6226,YES
hpdr205.jpg,0.5689,YES
hpdr2049.jpg,0.2660,NO
hpdr2050.jpg,0.5453,YES
hpdr2051.jpg,0.4841,NO
hpdr2052.jpg,0.5442,YES
hpdr2053.jpg,0.4320,NO
hpdr2054.jpg,0.5005,YES
hpdr2055.jpg,0.2796,NO
hpdr2056.jpg,0.4491,NO
hpdr2058.jpg,0.3225,NO
hpdr2057.jpg,0.5181,YES
hpdr2059.jpg,0.0987,NO
hpdr206.jpg,0.6601,YES
hpdr2060.jpg,0.1181,NO
hpdr2061.jpg,0.2816,NO
hpdr2062.jpg,0.1263,NO
hpdr2064.jpg,0.1771,NO
hpdr2063.jpg,0.1221,NO
hpdr2065.jpg,0.5429,YES
hpdr2066.jpg,0.0848,NO
hpdr2067.jpg,0.1339,NO
hpdr2068.jpg,0.1354,NO
hpdr207.jpg,0.6563,YES
hpdr2069.jpg,0.1505,NO
hpdr2070.jpg,0.1598,NO
hpdr2071.jpg,0.1585,NO
hpdr2072.jpg,0.0462,NO
hpdr2074.jpg,0.1648,NO
hpdr2073.jpg,0.2802,NO
hpdr2075.jpg,0.1669,NO
hpdr208.jpg,0.5954,YES
hpdr2076.jpg,0.5261,YES
hpdr2080.jpg,0.1495,NO
hpdr2081.jpg,0.1998,NO
hpdr2082.jpg,0.1944,NO
hpdr2083.jpg,0.8105,YES
hpdr2084.jpg,0.6754,YES
hpdr2086.jpg,0.3565,NO
hpdr2087.jpg,0.5397,YES
hpdr2085.jpg,0.3961,NO
hpdr2088.jpg,0.7927,YES
hpdr209.jpg,0.6288,YES
hpdr2089.jpg,0.7103,YES
hpdr2090.jpg,0.2039,NO
hpdr2091.jpg,0.7598,YES
hpdr2093.jpg,0.6727,YES
hpdr2092.jpg,0.5754,YES
hpdr2094.jpg,0.6563,YES
hpdr2095.jpg,0.6994,YES
hpdr2096.jpg,0.6544,YES
hpdr2097.jpg,0.2233,NO
hpdr2098.jpg,0.3741,NO
hpdr2099.jpg,0.3423,NO
hpdr210.jpg,0.6401,YES
hpdr21.jpg,0.3513,NO
hpdr2100.jpg,0.7381,YES
hpdr2102.jpg,0.5735,YES
hpdr2103.jpg,0.5346,YES
hpdr2104.jpg,0.5660,YES
hpdr2105.jpg,0.7102,YES
hpdr2106.jpg,0.5113,YES
hpdr2107.jpg,0.3307,NO
hpdr211.jpg,0.5633,YES
hpdr2108.jpg,0.5698,YES
hpdr2111.jpg,0.3008,NO
hpdr2113.jpg,0.5080,YES
hpdr2112.jpg,0.3853,NO
hpdr2114.jpg,0.5310,YES
hpdr2115.jpg,0.5191,YES
hpdr2116.jpg,0.4233,NO
hpdr2117.jpg,0.6043,YES
hpdr2118.jpg,0.2035,NO
hpdr212.jpg,0.5954,YES
hpdr2120.jpg,0.2915,NO
hpdr2124.jpg,0.2695,NO
hpdr2126.jpg,0.5737,YES
hpdr2127.jpg,0.5429,YES
hpdr2128.jpg,0.3266,NO
hpdr2129.jpg,0.7859,YES
hpdr213.jpg,0.2037,NO
hpdr2130.jpg,0.7535,YES
hpdr2131.jpg,0.7800,YES
hpdr2132.jpg,0.4400,NO
hpdr2133.jpg,0.6988,YES
hpdr2134.jpg,0.7879,YES
hpdr2135.jpg,0.6405,YES
hpdr2136.jpg,0.2700,NO
hpdr2137.jpg,0.7262,YES
hpdr2138.jpg,0.6273,YES
hpdr2141.jpg,0.4521,NO
hpdr2142.jpg,0.4905,NO
hpdr2143.jpg,0.2204,NO
hpdr2144.jpg,0.4527,NO
hpdr2145.jpg,0.3688,NO
hpdr2148.jpg,0.3735,NO
hpdr2146.jpg,0.4336,NO
hpdr2149.jpg,0.3023,NO
hpdr215.jpg,0.6241,YES
hpdr2150.jpg,0.3635,NO
hpdr2151.jpg,0.2658,NO
hpdr2152.jpg,0.2498,NO
hpdr2153.jpg,0.3407,NO
hpdr2155.jpg,0.3421,NO
hpdr2154.jpg,0.1646,NO
hpdr2156.jpg,0.4044,NO
hpdr2157.jpg,0.6385,YES
hpdr2158.jpg,0.2994,NO
hpdr2159.jpg,0.7098,YES
hpdr216.jpg,0.6302,YES
hpdr2160.jpg,0.4729,NO
hpdr2161.jpg,0.7149,YES
hpdr2162.jpg,0.3871,NO
hpdr2163.jpg,0.8325,YES
hpdr2164.jpg,0.7924,YES
hpdr2165.jpg,0.6123,YES
hpdr2166.jpg,0.6987,YES
hpdr2167.jpg,0.8730,YES
hpdr217.jpg,0.6615,YES
hpdr2168.jpg,0.2289,NO
hpdr2170.jpg,0.7421,YES
hpdr2171.jpg,0.7707,YES
hpdr2172.jpg,0.3048,NO
hpdr2174.jpg,0.8702,YES
hpdr2173.jpg,0.1649,NO
hpdr2175.jpg,0.3795,NO
hpdr2176.jpg,0.3713,NO
hpdr2177.jpg,0.3775,NO
hpdr218.jpg,0.6937,YES
hpdr2179.jpg,0.4287,NO
hpdr2180.jpg,0.4249,NO
hpdr2181.jpg,0.2601,NO
hpdr2182.jpg,0.6413,YES
hpdr2183.jpg,0.6489,YES
hpdr2184.jpg,0.2442,NO
hpdr2186.jpg,0.7630,YES
hpdr2187.jpg,0.6515,YES
hpdr2188.jpg,0.5815,YES
hpdr2189.jpg,0.4396,NO
hpdr2190.jpg,0.4547,NO
hpdr2191.jpg,0.4726,NO
hpdr2192.jpg,0.3925,NO
hpdr2193.jpg,0.5573,YES
hpdr2194.jpg,0.4382,NO
hpdr2195.jpg,0.5898,YES
hpdr2198.jpg,0.6796,YES
hpdr2199.jpg,0.1919,NO
hpdr2200.jpg,0.3365,NO
hpdr2201.jpg,0.4223,NO
hpdr2202.jpg,0.5938,YES
hpdr2204.jpg,0.3822,NO
hpdr2203.jpg,0.4193,NO
hpdr2205.jpg,0.3839,NO
hpdr2206.jpg,0.5059,YES
hpdr2207.jpg,0.1947,NO
hpdr2208.jpg,0.6442,YES
hpdr2209.jpg,0.1435,NO
hpdr221.jpg,0.3930,NO
hpdr2210.jpg,0.5784,YES
hpdr2211.jpg,0.5170,YES
hpdr2212.jpg,0.0689,NO
hpdr2213.jpg,0.3036,NO
hpdr2214.jpg,0.3407,NO
hpdr2215.jpg,0.6298,YES
hpdr2216.jpg,0.5075,YES
hpdr2217.jpg,0.6672,YES
hpdr2218.jpg,0.1743,NO
hpdr222.jpg,0.5879,YES
hpdr2219.jpg,0.3601,NO
hpdr2220.jpg,0.3618,NO
hpdr2221.jpg,0.6926,YES
hpdr2222.jpg,0.5066,YES
hpdr2223.jpg,0.3449,NO
hpdr2224.jpg,0.1285,NO
hpdr2225.jpg,0.6460,YES
hpdr2227.jpg,0.5168,YES
hpdr2226.jpg,0.4553,NO
hpdr2228.jpg,0.6360,YES
hpdr2229.jpg,0.3225,NO
hpdr223.jpg,0.6856,YES
hpdr2230.jpg,0.1847,NO
hpdr2231.jpg,0.1430,NO
hpdr2232.jpg,0.2133,NO
hpdr2233.jpg,0.4653,NO
hpdr2234.jpg,0.4591,NO
hpdr2236.jpg,0.5341,YES
hpdr2237.jpg,0.4726,NO
hpdr2238.jpg,0.5464,YES
hpdr2239.jpg,0.2325,NO
hpdr224.jpg,0.7341,YES
hpdr2240.jpg,0.5437,YES
hpdr2243.jpg,0.3904,NO
hpdr2242.jpg,0.1351,NO
hpdr2244.jpg,0.4362,NO
hpdr2245.jpg,0.3985,NO
hpdr2246.jpg,0.3559,NO
hpdr2247.jpg,0.3575,NO
hpdr2249.jpg,0.3607,NO
hpdr2251.jpg,0.3336,NO
hpdr225.jpg,0.4318,NO
hpdr2253.jpg,0.3959,NO
hpdr2254.jpg,0.5037,YES
hpdr2255.jpg,0.4438,NO
hpdr2256.jpg,0.5015,YES
hpdr2257.jpg,0.4445,NO
hpdr2258.jpg,0.5178,YES
hpdr226.jpg,0.6692,YES
hpdr2259.jpg,0.4402,NO
hpdr2260.jpg,0.4080,NO
hpdr2261.jpg,0.5259,YES
hpdr2263.jpg,0.3824,NO
hpdr2262.jpg,0.4237,NO
hpdr2264.jpg,0.4136,NO
hpdr2265.jpg,0.4164,NO
hpdr2266.jpg,0.3590,NO
hpdr2267.jpg,0.4264,NO
hpdr2268.jpg,0.1627,NO
hpdr2269.jpg,0.3949,NO
hpdr227.jpg,0.6450,YES
hpdr2270.jpg,0.4224,NO
hpdr2271.jpg,0.3852,NO
hpdr2272.jpg,0.3204,NO
hpdr2275.jpg,0.5247,YES
hpdr2276.jpg,0.2864,NO
hpdr2277.jpg,0.4835,NO
hpdr228.jpg,0.6729,YES
hpdr2279.jpg,0.2973,NO
hpdr2281.jpg,0.2868,NO
hpdr2283.jpg,0.6018,YES
hpdr2284.jpg,0.5900,YES
hpdr2285.jpg,0.3132,NO
hpdr2286.jpg,0.4108,NO
hpdr2287.jpg,0.3480,NO
hpdr229.jpg,0.6529,YES
hpdr2290.jpg,0.4993,NO
hpdr2292.jpg,0.4654,NO
hpdr2293.jpg,0.3909,NO
hpdr2294.jpg,0.4520,NO
hpdr2295.jpg,0.3723,NO
hpdr2296.jpg,0.2091,NO
hpdr2297.jpg,0.2744,NO
hpdr2298.jpg,0.5135,YES
hpdr2299.jpg,0.4282,NO
hpdr230.jpg,0.6236,YES
hpdr23.jpg,0.5661,YES
hpdr2303.jpg,0.4056,NO
hpdr2305.jpg,0.4322,NO
hpdr2304.jpg,0.4287,NO
hpdr2306.jpg,0.3360,NO
hpdr2307.jpg,0.4545,NO
hpdr2308.jpg,0.3374,NO
hpdr231.jpg,0.5790,YES
hpdr2309.jpg,0.4521,NO
hpdr2310.jpg,0.3649,NO
hpdr2311.jpg,0.3263,NO
hpdr2316.jpg,0.3782,NO
hpdr2317.jpg,0.2201,NO
hpdr2318.jpg,0.3117,NO
hpdr232.jpg,0.7364,YES
hpdr2319.jpg,0.2858,NO
hpdr2320.jpg,0.2174,NO
hpdr2321.jpg,0.1645,NO
hpdr2323.jpg,0.2956,NO
hpdr2322.jpg,0.2614,NO
hpdr2324.jpg,0.1902,NO
hpdr2325.jpg,0.2859,NO
hpdr2326.jpg,0.2000,NO
hpdr2327.jpg,0.2972,NO
hpdr2328.jpg,0.0727,NO
hpdr2330.jpg,0.2724,NO
hpdr2331.jpg,0.3054,NO
hpdr2332.jpg,0.3419,NO
hpdr2334.jpg,0.4616,NO
hpdr2335.jpg,0.3477,NO
hpdr2336.jpg,0.3910,NO
hpdr2337.jpg,0.2948,NO
hpdr2338.jpg,0.3615,NO
hpdr2339.jpg,0.3458,NO
hpdr2341.jpg,0.2988,NO
hpdr2340.jpg,0.4027,NO
hpdr2342.jpg,0.4452,NO
hpdr2343.jpg,0.1422,NO
hpdr2344.jpg,0.2558,NO
hpdr2345.jpg,0.3397,NO
hpdr2346.jpg,0.3414,NO
hpdr2347.jpg,0.2966,NO
hpdr2349.jpg,0.4234,NO
hpdr2348.jpg,0.4609,NO
hpdr235.jpg,0.6886,YES
hpdr2350.jpg,0.4309,NO
hpdr2351.jpg,0.3019,NO
hpdr2352.jpg,0.1378,NO
hpdr2353.jpg,0.3655,NO
hpdr2354.jpg,0.2251,NO
hpdr2355.jpg,0.3757,NO
hpdr2357.jpg,0.3431,NO
hpdr2358.jpg,0.4436,NO
hpdr2359.jpg,0.3141,NO
hpdr236.jpg,0.4522,NO
hpdr2360.jpg,0.5070,YES
hpdr2361.jpg,0.3500,NO
hpdr2362.jpg,0.3460,NO
hpdr2363.jpg,0.5047,YES
hpdr2364.jpg,0.3899,NO
hpdr2365.jpg,0.3141,NO
hpdr2366.jpg,0.3620,NO
hpdr2367.jpg,0.3518,NO
hpdr2368.jpg,0.5123,YES
hpdr2369.jpg,0.4384,NO
hpdr237.jpg,0.6888,YES
hpdr2371.jpg,0.3338,NO
hpdr2370.jpg,0.4518,NO
hpdr2372.jpg,0.2910,NO
hpdr2374.jpg,0.2179,NO
hpdr2373.jpg,0.1060,NO
hpdr2375.jpg,0.2384,NO
hpdr2376.jpg,0.2260,NO
hpdr2377.jpg,0.3077,NO
hpdr2379.jpg,0.3092,NO
hpdr2378.jpg,0.2174,NO
hpdr238.jpg,0.6975,YES
hpdr2380.jpg,0.3138,NO
hpdr2381.jpg,0.5616,YES
hpdr2382.jpg,0.3331,NO
hpdr2383.jpg,0.3521,NO
hpdr2384.jpg,0.3709,NO
hpdr2386.jpg,0.3653,NO
hpdr2385.jpg,0.3735,NO
hpdr2387.jpg,0.3171,NO
hpdr2388.jpg,0.4168,NO
hpdr2389.jpg,0.3632,NO
hpdr239.jpg,0.6212,YES
hpdr2390.jpg,0.3276,NO
hpdr2392.jpg,0.3219,NO
hpdr2394.jpg,0.2694,NO
hpdr2396.jpg,0.3017,NO
hpdr2397.jpg,0.2847,NO
hpdr2398.jpg,0.3207,NO
hpdr2399.jpg,0.3768,NO
hpdr240.jpg,0.6642,YES
hpdr2400.jpg,0.3590,NO
hpdr2401.jpg,0.3013,NO
hpdr2402.jpg,0.5067,YES
hpdr2403.jpg,0.5252,YES
hpdr2404.jpg,0.5100,YES
hpdr2405.jpg,0.5403,YES
hpdr2408.jpg,0.6311,YES
hpdr2407.jpg,0.5165,YES
hpdr241.jpg,0.6791,YES
hpdr2409.jpg,0.3663,NO
hpdr242.jpg,0.6375,YES
hpdr2420.jpg,0.2670,NO
hpdr2429.jpg,0.4578,NO
hpdr243.jpg,0.5848,YES
hpdr2431.jpg,0.2155,NO
hpdr2430.jpg,0.4369,NO
hpdr2432.jpg,0.5980,YES
hpdr2433.jpg,0.4876,NO
hpdr2434.jpg,0.5964,YES
hpdr2435.jpg,0.5760,YES
hpdr2436.jpg,0.5763,YES
hpdr2438.jpg,0.5789,YES
hpdr244.jpg,0.6862,YES
hpdr2439.jpg,0.5960,YES
hpdr2440.jpg,0.4629,NO
hpdr2441.jpg,0.5595,YES
hpdr2442.jpg,0.2164,NO
hpdr2443.jpg,0.5120,YES
hpdr2444.jpg,0.6160,YES
hpdr2445.jpg,0.6211,YES
hpdr2448.jpg,0.4368,NO
hpdr2446.jpg,0.1665,NO
hpdr2449.jpg,0.1848,NO
hpdr245.jpg,0.1608,NO
hpdr2450.jpg,0.3462,NO
hpdr2451.jpg,0.8291,YES
hpdr2452.jpg,0.8100,YES
hpdr2453.jpg,0.4452,NO
hpdr2454.jpg,0.2483,NO
hpdr2455.jpg,0.5556,YES
hpdr2457.jpg,0.2979,NO
hpdr2456.jpg,0.8016,YES
hpdr2458.jpg,0.3227,NO
hpdr2459.jpg,0.3579,NO
hpdr2460.jpg,0.3725,NO
hpdr2461.jpg,0.8010,YES
hpdr2462.jpg,0.3980,NO
hpdr2465.jpg,0.3455,NO
hpdr2463.jpg,0.3200,NO
hpdr2467.jpg,0.4356,NO
hpdr2468.jpg,0.3766,NO
hpdr2469.jpg,0.5749,YES
hpdr247.jpg,0.1850,NO
hpdr2470.jpg,0.6443,YES
hpdr2471.jpg,0.5440,YES
hpdr2472.jpg,0.4714,NO
hpdr2478.jpg,0.5088,YES
hpdr2477.jpg,0.1764,NO
hpdr2479.jpg,0.4909,NO
hpdr248.jpg,0.6457,YES
hpdr2480.jpg,0.3269,NO
hpdr2481.jpg,0.3586,NO
hpdr2482.jpg,0.5190,YES
hpdr2483.jpg,0.5536,YES
hpdr2484.jpg,0.3474,NO
hpdr2485.jpg,0.7096,YES
hpdr2487.jpg,0.2245,NO
hpdr2486.jpg,0.4909,NO
hpdr249.jpg,0.7098,YES
hpdr2489.jpg,0.1817,NO
hpdr2490.jpg,0.8042,YES
hpdr2491.jpg,0.5328,YES
hpdr2495.jpg,0.3992,NO
hpdr2492.jpg,0.2435,NO
hpdr2496.jpg,0.4726,NO
hpdr2497.jpg,0.4380,NO
hpdr2499.jpg,0.5021,YES
hpdr25.jpg,0.3960,NO
hpdr250.jpg,0.6312,YES
hpdr2501.jpg,0.5216,YES
hpdr2500.jpg,0.2073,NO
hpdr2503.jpg,0.4827,NO
hpdr2502.jpg,0.4704,NO
hpdr2504.jpg,0.5143,YES
hpdr2505.jpg,0.4344,NO
hpdr2506.jpg,0.5604,YES
hpdr2507.jpg,0.5638,YES
hpdr2508.jpg,0.5464,YES
hpdr2510.jpg,0.5823,YES
hpdr2512.jpg,0.4890,NO
hpdr2511.jpg,0.3061,NO
hpdr2513.jpg,0.5054,YES
hpdr2514.jpg,0.4381,NO
hpdr2515.jpg,0.5371,YES
hpdr2516.jpg,0.7282,YES
hpdr2519.jpg,0.5921,YES
hpdr252.jpg,0.6438,YES
hpdr2521.jpg,0.3172,NO
hpdr2517.jpg,0.3863,NO
hpdr2522.jpg,0.3882,NO
hpdr2523.jpg,0.3070,NO
hpdr2524.jpg,0.3718,NO
hpdr2525.jpg,0.7554,YES
hpdr253.jpg,0.6624,YES
hpdr2526.jpg,0.4175,NO
hpdr2527.jpg,0.5109,YES
hpdr2528.jpg,0.3833,NO
hpdr2529.jpg,0.4167,NO
hpdr2530.jpg,0.4019,NO
hpdr2531.jpg,0.4152,NO
hpdr2532.jpg,0.3646,NO
hpdr2533.jpg,0.3626,NO
hpdr2535.jpg,0.3559,NO
hpdr2534.jpg,0.3551,NO
hpdr2536.jpg,0.4219,NO
hpdr2537.jpg,0.2771,NO
hpdr2539.jpg,0.4713,NO
hpdr254.jpg,0.6569,YES
hpdr2540.jpg,0.2751,NO
hpdr2542.jpg,0.3352,NO
hpdr2543.jpg,0.4113,NO
hpdr2544.jpg,0.2493,NO
hpdr2541.jpg,0.0984,NO
hpdr2545.jpg,0.4573,NO
hpdr2546.jpg,0.4677,NO
hpdr255.jpg,0.6863,YES
hpdr2549.jpg,0.3867,NO
hpdr2551.jpg,0.1856,NO
hpdr2553.jpg,0.3517,NO
hpdr2552.jpg,0.0525,NO
hpdr2554.jpg,0.2644,NO
hpdr2555.jpg,0.2719,NO
hpdr2556.jpg,0.2678,NO
hpdr2557.jpg,0.2728,NO
hpdr2558.jpg,0.2923,NO
hpdr256.jpg,0.6213,YES
hpdr2559.jpg,0.3958,NO
hpdr2561.jpg,0.3599,NO
hpdr2560.jpg,0.4187,NO
hpdr2562.jpg,0.4383,NO
hpdr2563.jpg,0.5262,YES
hpdr2564.jpg,0.4783,NO
hpdr2565.jpg,0.1821,NO
hpdr2566.jpg,0.3676,NO
hpdr2567.jpg,0.3696,NO
hpdr257.jpg,0.7155,YES
hpdr2569.jpg,0.1078,NO
hpdr2568.jpg,0.0882,NO
hpdr2570.jpg,0.0867,NO
hpdr2571.jpg,0.1678,NO
hpdr2572.jpg,0.2099,NO
hpdr2573.jpg,0.2497,NO
hpdr2574.jpg,0.3645,NO
hpdr2575.jpg,0.3741,NO
hpdr2576.jpg,0.2675,NO
hpdr2577.jpg,0.2391,NO
hpdr2578.jpg,0.2680,NO
hpdr2579.jpg,0.5584,YES
hpdr258.jpg,0.1788,NO
hpdr2580.jpg,0.4158,NO
hpdr2582.jpg,0.3173,NO
hpdr2581.jpg,0.5395,YES
hpdr2583.jpg,0.4524,NO
hpdr2584.jpg,0.4715,NO
hpdr2585.jpg,0.1883,NO
hpdr2586.jpg,0.3392,NO
hpdr2587.jpg,0.2376,NO
hpdr2588.jpg,0.0971,NO
hpdr259.jpg,0.7107,YES
hpdr2590.jpg,0.1690,NO
hpdr2591.jpg,0.3014,NO
hpdr2592.jpg,0.1103,NO
hpdr2593.jpg,0.2838,NO
hpdr2595.jpg,0.4037,NO
hpdr2596.jpg,0.2816,NO
hpdr2597.jpg,0.1515,NO
hpdr2598.jpg,0.2021,NO
hpdr260.jpg,0.4512,NO
hpdr2599.jpg,0.3686,NO
hpdr26.jpg,0.4365,NO
hpdr2600.jpg,0.3413,NO
hpdr2601.jpg,0.3503,NO
hpdr2602.jpg,0.4306,NO
hpdr2603.jpg,0.3171,NO
hpdr2604.jpg,0.4454,NO
hpdr2605.jpg,0.3921,NO
hpdr2608.jpg,0.4350,NO
hpdr2606.jpg,0.2859,NO
hpdr2609.jpg,0.1831,NO
hpdr261.jpg,0.6841,YES
hpdr2611.jpg,0.5082,YES
hpdr2612.jpg,0.1685,NO
hpdr2613.jpg,0.2454,NO
hpdr2615.jpg,0.4441,NO
hpdr2616.jpg,0.4823,NO
hpdr2618.jpg,0.5220,YES
hpdr2619.jpg,0.2830,NO
hpdr262.jpg,0.7162,YES
hpdr2620.jpg,0.2257,NO
hpdr2622.jpg,0.4685,NO
hpdr2623.jpg,0.5383,YES
hpdr2621.jpg,0.5925,YES
hpdr2625.jpg,0.4957,NO
hpdr2626.jpg,0.1811,NO
hpdr2627.jpg,0.2490,NO
hpdr2628.jpg,0.5290,YES
hpdr2629.jpg,0.4465,NO
hpdr263.jpg,0.6291,YES
hpdr2631.jpg,0.2152,NO
hpdr2632.jpg,0.3538,NO
hpdr2634.jpg,0.4854,NO
hpdr2635.jpg,0.4651,NO
hpdr2633.jpg,0.0130,NO
hpdr2636.jpg,0.4103,NO
hpdr2637.jpg,0.3807,NO
hpdr2638.jpg,0.5059,YES
hpdr2639.jpg,0.1565,NO
hpdr264.jpg,0.2577,NO
hpdr2642.jpg,0.1927,NO
hpdr2644.jpg,0.4307,NO
hpdr2640.jpg,0.4930,NO
hpdr2645.jpg,0.5447,YES
hpdr2647.jpg,0.5414,YES
hpdr2648.jpg,0.5579,YES
hpdr2649.jpg,0.5829,YES
hpdr2650.jpg,0.5346,YES
hpdr2651.jpg,0.5144,YES
hpdr2652.jpg,0.4920,NO
hpdr2653.jpg,0.1116,NO
hpdr2654.jpg,0.4600,NO
hpdr2655.jpg,0.0365,NO
hpdr2656.jpg,0.5525,YES
hpdr2657.jpg,0.4965,NO
hpdr2658.jpg,0.4765,NO
hpdr266.jpg,0.6677,YES
hpdr2659.jpg,0.4183,NO
hpdr2660.jpg,0.3801,NO
hpdr2661.jpg,0.5500,YES
hpdr2664.jpg,0.2569,NO
hpdr2665.jpg,0.5317,YES
hpdr2663.jpg,0.5620,YES
hpdr2662.jpg,0.5386,YES
hpdr2666.jpg,0.5355,YES
hpdr2667.jpg,0.4810,NO
hpdr2668.jpg,0.5763,YES
hpdr2669.jpg,0.6164,YES
hpdr267.jpg,0.5813,YES
hpdr2670.jpg,0.5437,YES
hpdr2671.jpg,0.5280,YES
hpdr2672.jpg,0.5275,YES
hpdr2673.jpg,0.5234,YES
hpdr2674.jpg,0.5334,YES
hpdr2675.jpg,0.4758,NO
hpdr2676.jpg,0.2213,NO
hpdr2677.jpg,0.5504,YES
hpdr268.jpg,0.5869,YES
hpdr2678.jpg,0.5539,YES
hpdr2679.jpg,0.4919,NO
hpdr2681.jpg,0.5936,YES
hpdr2682.jpg,0.8003,YES
hpdr2683.jpg,0.8105,YES
hpdr2685.jpg,0.7515,YES
hpdr2686.jpg,0.7421,YES
hpdr2687.jpg,0.2494,NO
hpdr2689.jpg,0.8020,YES
hpdr2690.jpg,0.4969,NO
hpdr2691.jpg,0.1972,NO
hpdr2692.jpg,0.6033,YES
hpdr2693.jpg,0.5070,YES
hpdr2694.jpg,0.4695,NO
hpdr2695.jpg,0.6071,YES
hpdr2696.jpg,0.5411,YES
hpdr2697.jpg,0.6195,YES
hpdr2698.jpg,0.2831,NO
hpdr2699.jpg,0.1314,NO
hpdr27.jpg,0.3346,NO
hpdr270.jpg,0.6691,YES
hpdr2700.jpg,0.5972,YES
hpdr2702.jpg,0.5408,YES
hpdr2704.jpg,0.4563,NO
hpdr2705.jpg,0.1816,NO
hpdr2707.jpg,0.5656,YES
hpdr2708.jpg,0.5428,YES
hpdr271.jpg,0.6601,YES
hpdr2709.jpg,0.2493,NO
hpdr2710.jpg,0.5569,YES
hpdr2711.jpg,0.5571,YES
hpdr2712.jpg,0.5362,YES
hpdr2714.jpg,0.6122,YES
hpdr2715.jpg,0.5733,YES
hpdr2716.jpg,0.3991,NO
hpdr2717.jpg,0.3939,NO
hpdr2718.jpg,0.4608,NO
hpdr2719.jpg,0.4693,NO
hpdr272.jpg,0.6009,YES
hpdr2720.jpg,0.4074,NO
hpdr2721.jpg,0.4242,NO
hpdr2722.jpg,0.4864,NO
hpdr2723.jpg,0.3040,NO
hpdr2724.jpg,0.2832,NO
hpdr2725.jpg,0.4072,NO
hpdr2726.jpg,0.1627,NO
hpdr2727.jpg,0.1675,NO
hpdr2728.jpg,0.3823,NO
hpdr273.jpg,0.6874,YES
hpdr2729.jpg,0.1539,NO
hpdr2730.jpg,0.5689,YES
hpdr2731.jpg,0.3732,NO
hpdr2732.jpg,0.4916,NO
hpdr2733.jpg,0.3032,NO
hpdr2734.jpg,0.6347,YES
hpdr2738.jpg,0.4493,NO
hpdr2735.jpg,0.5792,YES
hpdr2736.jpg,0.6241,YES
hpdr2739.jpg,0.5433,YES
hpdr274.jpg,0.6591,YES
hpdr2742.jpg,0.3456,NO
hpdr2744.jpg,0.4254,NO
hpdr2745.jpg,0.5043,YES
hpdr2746.jpg,0.5251,YES
hpdr2747.jpg,0.5132,YES
hpdr275.jpg,0.6558,YES
hpdr2748.jpg,0.5430,YES
hpdr2749.jpg,0.4961,NO
hpdr2750.jpg,0.4337,NO
hpdr2751.jpg,0.4315,NO
hpdr2752.jpg,0.3045,NO
hpdr2753.jpg,0.4303,NO
hpdr2754.jpg,0.3191,NO
hpdr2756.jpg,0.6534,YES
hpdr2755.jpg,0.2469,NO
hpdr2757.jpg,0.4733,NO
hpdr2758.jpg,0.5019,YES
hpdr2759.jpg,0.4766,NO
hpdr276.jpg,0.7114,YES
hpdr2760.jpg,0.5500,YES
hpdr2762.jpg,0.3745,NO
hpdr2764.jpg,0.2847,NO
hpdr2763.jpg,0.4610,NO
hpdr2765.jpg,0.4627,NO
hpdr2766.jpg,0.3544,NO
hpdr2767.jpg,0.3618,NO
hpdr2768.jpg,0.5283,YES
hpdr277.jpg,0.4077,NO
hpdr2769.jpg,0.4674,NO
hpdr2770.jpg,0.3483,NO
hpdr2771.jpg,0.1381,NO
hpdr2772.jpg,0.5307,YES
hpdr2774.jpg,0.1515,NO
hpdr2776.jpg,0.4106,NO
hpdr2777.jpg,0.4038,NO
hpdr2778.jpg,0.4679,NO
hpdr278.jpg,0.6468,YES
hpdr2779.jpg,0.1654,NO
hpdr2780.jpg,0.3058,NO
hpdr2781.jpg,0.2437,NO
hpdr2782.jpg,0.6593,YES
hpdr2783.jpg,0.5195,YES
hpdr2784.jpg,0.3958,NO
hpdr2785.jpg,0.5560,YES
hpdr2786.jpg,0.3198,NO
hpdr2787.jpg,0.5223,YES
hpdr2788.jpg,0.3475,NO
hpdr2789.jpg,0.6831,YES
hpdr279.jpg,0.3840,NO
hpdr2790.jpg,0.4453,NO
hpdr2791.jpg,0.6152,YES
hpdr2792.jpg,0.6082,YES
hpdr2793.jpg,0.5964,YES
hpdr2794.jpg,0.4282,NO
hpdr2795.jpg,0.6339,YES
hpdr2796.jpg,0.4597,NO
hpdr2797.jpg,0.4275,NO
hpdr2798.jpg,0.4186,NO
hpdr2799.jpg,0.2913,NO
hpdr280.jpg,0.4442,NO
hpdr28.jpg,0.2357,NO
hpdr2801.jpg,0.5367,YES
hpdr2802.jpg,0.5940,YES
hpdr2803.jpg,0.4020,NO
hpdr2804.jpg,0.4587,NO
hpdr2805.jpg,0.5610,YES
hpdr2807.jpg,0.5743,YES
hpdr281.jpg,0.6122,YES
hpdr2808.jpg,0.3790,NO
hpdr2809.jpg,0.4534,NO
hpdr2810.jpg,0.3155,NO
hpdr2811.jpg,0.4460,NO
hpdr2812.jpg,0.3869,NO
hpdr2813.jpg,0.4096,NO
hpdr2814.jpg,0.3622,NO
hpdr2815.jpg,0.3265,NO
hpdr2816.jpg,0.4699,NO
hpdr2817.jpg,0.4307,NO
hpdr2818.jpg,0.4984,NO
hpdr2819.jpg,0.3902,NO
hpdr2820.jpg,0.3474,NO
hpdr2821.jpg,0.1990,NO
hpdr2822.jpg,0.5021,YES
hpdr2823.jpg,0.4295,NO
hpdr2824.jpg,0.2837,NO
hpdr2825.jpg,0.2740,NO
hpdr2826.jpg,0.3246,NO
hpdr2827.jpg,0.3670,NO
hpdr2828.jpg,0.5058,YES
hpdr283.jpg,0.6845,YES
hpdr2829.jpg,0.1165,NO
hpdr2830.jpg,0.2450,NO
hpdr2832.jpg,0.3264,NO
hpdr2831.jpg,0.3963,NO
hpdr2834.jpg,0.4099,NO
hpdr2836.jpg,0.4366,NO
hpdr2835.jpg,0.0209,NO
hpdr2837.jpg,0.4616,NO
hpdr2839.jpg,0.1819,NO
hpdr284.jpg,0.6165,YES
hpdr2840.jpg,0.3641,NO
hpdr2841.jpg,0.4893,NO
hpdr2842.jpg,0.6354,YES
hpdr2843.jpg,0.2146,NO
hpdr2844.jpg,0.4781,NO
hpdr2845.jpg,0.4644,NO
hpdr2846.jpg,0.5224,YES
hpdr2847.jpg,0.5853,YES
hpdr2848.jpg,0.4775,NO
hpdr2849.jpg,0.5317,YES
hpdr2850.jpg,0.5556,YES
hpdr2851.jpg,0.5065,YES
hpdr2853.jpg,0.2950,NO
hpdr2854.jpg,0.2145,NO
hpdr2855.jpg,0.4250,NO
hpdr2856.jpg,0.5297,YES
hpdr2857.jpg,0.4428,NO
hpdr286.jpg,0.6138,YES
hpdr2858.jpg,0.6298,YES
hpdr2861.jpg,0.4720,NO
hpdr2862.jpg,0.4613,NO
hpdr2863.jpg,0.3834,NO
hpdr2866.jpg,0.4138,NO
hpdr2864.jpg,0.4197,NO
hpdr2868.jpg,0.4328,NO
hpdr2867.jpg,0.2231,NO
hpdr2869.jpg,0.4609,NO
hpdr287.jpg,0.6958,YES
hpdr2870.jpg,0.4362,NO
hpdr2871.jpg,0.4653,NO
hpdr2872.jpg,0.4278,NO
hpdr2873.jpg,0.2083,NO
hpdr2875.jpg,0.4401,NO
hpdr2874.jpg,0.2085,NO
hpdr2876.jpg,0.2086,NO
hpdr2877.jpg,0.4351,NO
hpdr2878.jpg,0.6769,YES
hpdr2879.jpg,0.3534,NO
hpdr288.jpg,0.7312,YES
hpdr2880.jpg,0.3901,NO
hpdr2882.jpg,0.2131,NO
hpdr2881.jpg,0.5599,YES
hpdr2883.jpg,0.6127,YES
hpdr2886.jpg,0.3511,NO
hpdr2887.jpg,0.1835,NO
hpdr2888.jpg,0.6622,YES
hpdr2889.jpg,0.3915,NO
hpdr2890.jpg,0.5024,YES
hpdr2892.jpg,0.4442,NO
hpdr2891.jpg,0.6123,YES
hpdr2895.jpg,0.2364,NO
hpdr2897.jpg,0.4272,NO
hpdr2898.jpg,0.4079,NO
hpdr2899.jpg,0.2621,NO
hpdr290.jpg,0.6129,YES
hpdr2900.jpg,0.4995,NO
hpdr2901.jpg,0.4077,NO
hpdr2903.jpg,0.3849,NO
hpdr2904.jpg,0.4160,NO
hpdr2906.jpg,0.6083,YES
hpdr2907.jpg,0.3759,NO
hpdr2908.jpg,0.4215,NO
hpdr2909.jpg,0.4638,NO
hpdr291.jpg,0.6239,YES
hpdr2910.jpg,0.1898,NO
hpdr2912.jpg,0.4498,NO
hpdr2911.jpg,0.6438,YES
hpdr2913.jpg,0.4298,NO
hpdr2915.jpg,0.4010,NO
hpdr2914.jpg,0.5069,YES
hpdr2917.jpg,0.3933,NO
hpdr2918.jpg,0.4017,NO
hpdr2919.jpg,0.4135,NO
hpdr292.jpg,0.6317,YES
hpdr2921.jpg,0.2533,NO
hpdr2920.jpg,0.4461,NO
hpdr2922.jpg,0.4116,NO
hpdr2923.jpg,0.4429,NO
hpdr2924.jpg,0.5930,YES
hpdr2925.jpg,0.4349,NO
hpdr2927.jpg,0.4716,NO
hpdr2926.jpg,0.6085,YES
hpdr2928.jpg,0.5972,YES
hpdr2929.jpg,0.4812,NO
hpdr293.jpg,0.6724,YES
hpdr2930.jpg,0.2395,NO
hpdr2932.jpg,0.4638,NO
hpdr2933.jpg,0.4743,NO
hpdr2934.jpg,0.3913,NO
hpdr2935.jpg,0.1678,NO
hpdr2936.jpg,0.3383,NO
hpdr2937.jpg,0.1777,NO
hpdr2938.jpg,0.1808,NO
hpdr294.jpg,0.6510,YES
hpdr2939.jpg,0.3654,NO
hpdr2941.jpg,0.5518,YES
hpdr2942.jpg,0.5431,YES
hpdr2945.jpg,0.4388,NO
hpdr2943.jpg,0.4633,NO
hpdr2946.jpg,0.6385,YES
hpdr2947.jpg,0.4148,NO
hpdr2948.jpg,0.4320,NO
hpdr2949.jpg,0.1118,NO
hpdr295.jpg,0.6536,YES
hpdr2950.jpg,0.3684,NO
hpdr2951.jpg,0.2188,NO
hpdr2953.jpg,0.4469,NO
hpdr2952.jpg,0.3946,NO
hpdr2954.jpg,0.3104,NO
hpdr2955.jpg,0.3719,NO
hpdr2956.jpg,0.4269,NO
hpdr2957.jpg,0.4266,NO
hpdr296.jpg,0.5595,YES
hpdr2958.jpg,0.2186,NO
hpdr2959.jpg,0.5145,YES
hpdr2960.jpg,0.3771,NO
hpdr2962.jpg,0.4058,NO
hpdr2963.jpg,0.4942,NO
hpdr2964.jpg,0.4535,NO
hpdr2965.jpg,0.2295,NO
hpdr2966.jpg,0.4697,NO
hpdr2967.jpg,0.4320,NO
hpdr2968.jpg,0.6557,YES
hpdr2969.jpg,0.4671,NO
hpdr297.jpg,0.6309,YES
hpdr2972.jpg,0.3781,NO
hpdr2971.jpg,0.5261,YES
hpdr2973.jpg,0.1222,NO
hpdr2976.jpg,0.4571,NO
hpdr2974.jpg,0.6194,YES
hpdr2975.jpg,0.6610,YES
hpdr2977.jpg,0.6872,YES
hpdr2978.jpg,0.4410,NO
hpdr298.jpg,0.5535,YES
hpdr2980.jpg,0.6059,YES
hpdr2981.jpg,0.4511,NO
hpdr2982.jpg,0.3967,NO
hpdr2983.jpg,0.6698,YES
hpdr2984.jpg,0.2028,NO
hpdr2986.jpg,0.5696,YES
hpdr2987.jpg,0.3078,NO
hpdr2988.jpg,0.4669,NO
hpdr299.jpg,0.6055,YES
hpdr2989.jpg,0.4145,NO
hpdr2990.jpg,0.4290,NO
hpdr2992.jpg,0.5015,YES
hpdr2991.jpg,0.6364,YES
hpdr2993.jpg,0.5972,YES
hpdr2994.jpg,0.4091,NO
hpdr2995.jpg,0.4377,NO
hpdr2996.jpg,0.4611,NO
hpdr2997.jpg,0.5761,YES
hpdr2998.jpg,0.1931,NO
hpdr30.jpg,0.1925,NO
hpdr300.jpg,0.6648,YES
hpdr2999.jpg,0.4415,NO
hpdr3001.jpg,0.6266,YES
hpdr3002.jpg,0.1468,NO
hpdr3003.jpg,0.4626,NO
hpdr3005.jpg,0.5591,YES
hpdr3004.jpg,0.2353,NO
hpdr3007.jpg,0.3635,NO
hpdr3008.jpg,0.4293,NO
hpdr3009.jpg,0.2420,NO
hpdr301.jpg,0.6921,YES
hpdr3010.jpg,0.3484,NO
hpdr3011.jpg,0.4504,NO
hpdr3013.jpg,0.4769,NO
hpdr3012.jpg,0.4696,NO
hpdr3015.jpg,0.4217,NO
hpdr3014.jpg,0.4160,NO
hpdr3016.jpg,0.4149,NO
hpdr3017.jpg,0.6387,YES
hpdr3018.jpg,0.6127,YES
hpdr302.jpg,0.4776,NO
hpdr3020.jpg,0.4003,NO
hpdr3021.jpg,0.4025,NO
hpdr3023.jpg,0.4485,NO
hpdr3022.jpg,0.5628,YES
hpdr3024.jpg,0.3284,NO
hpdr3025.jpg,0.0273,NO
hpdr3026.jpg,0.3568,NO
hpdr3027.jpg,0.3773,NO
hpdr304.jpg,0.6720,YES
hpdr3028.jpg,0.3429,NO
hpdr3043.jpg,0.3348,NO
hpdr3032.jpg,0.4231,NO
hpdr305.jpg,0.5681,YES
hpdr306.jpg,0.6522,YES
hpdr3065.jpg,0.2067,NO
hpdr3066.jpg,0.3842,NO
hpdr3076.jpg,0.2938,NO
hpdr308.jpg,0.6879,YES
hpdr309.jpg,0.6102,YES
hpdr3087.jpg,0.3083,NO
hpdr3098.jpg,0.5228,YES
hpdr31.jpg,0.2065,NO
hpdr3111.jpg,0.6338,YES
hpdr3112.jpg,0.4426,NO
hpdr3113.jpg,0.4552,NO
hpdr3114.jpg,0.4494,NO
hpdr3115.jpg,0.4552,NO
hpdr3116.jpg,0.4087,NO
hpdr3117.jpg,0.4457,NO
hpdr3118.jpg,0.4303,NO
hpdr3119.jpg,0.1699,NO
hpdr312.jpg,0.6001,YES
hpdr3120.jpg,0.5165,YES
hpdr3121.jpg,0.2399,NO
hpdr3122.jpg,0.4510,NO
hpdr3123.jpg,0.4225,NO
hpdr3124.jpg,0.4243,NO
hpdr3125.jpg,0.2827,NO
hpdr3126.jpg,0.3651,NO
hpdr3127.jpg,0.4669,NO
hpdr3128.jpg,0.4646,NO
hpdr3129.jpg,0.4321,NO
hpdr313.jpg,0.2432,NO
hpdr3130.jpg,0.2149,NO
hpdr3131.jpg,0.4629,NO
hpdr3132.jpg,0.3713,NO
hpdr3135.jpg,0.4569,NO
hpdr3134.jpg,0.6527,YES
hpdr3136.jpg,0.4650,NO
hpdr3137.jpg,0.5986,YES
hpdr3138.jpg,0.3886,NO
hpdr3139.jpg,0.4709,NO
hpdr314.jpg,0.5557,YES
hpdr3140.jpg,0.4305,NO
hpdr3142.jpg,0.4393,NO
hpdr3141.jpg,0.4353,NO
hpdr3143.jpg,0.3449,NO
hpdr3145.jpg,0.4440,NO
hpdr3144.jpg,0.4804,NO
hpdr3147.jpg,0.4718,NO
hpdr3146.jpg,0.4764,NO
hpdr3148.jpg,0.5454,YES
hpdr3149.jpg,0.4975,NO
hpdr3150.jpg,0.5347,YES
hpdr3151.jpg,0.5247,YES
hpdr3153.jpg,0.4865,NO
hpdr3154.jpg,0.3885,NO
hpdr3155.jpg,0.5321,YES
hpdr3156.jpg,0.6235,YES
hpdr3157.jpg,0.2995,NO
hpdr3158.jpg,0.2364,NO
hpdr3159.jpg,0.2516,NO
hpdr316.jpg,0.5699,YES
hpdr3160.jpg,0.2947,NO
hpdr3162.jpg,0.4341,NO
hpdr3161.jpg,0.3758,NO
hpdr3163.jpg,0.1792,NO
hpdr3164.jpg,0.4550,NO
hpdr3165.jpg,0.2765,NO
hpdr3166.jpg,0.0927,NO
hpdr3167.jpg,0.5934,YES
hpdr3168.jpg,0.3200,NO
hpdr317.jpg,0.5880,YES
hpdr3171.jpg,0.3767,NO
hpdr3172.jpg,0.3776,NO
hpdr3173.jpg,0.3034,NO
hpdr3174.jpg,0.2691,NO
hpdr3175.jpg,0.2648,NO
hpdr3176.jpg,0.3442,NO
hpdr3177.jpg,0.2953,NO
hpdr3178.jpg,0.2341,NO
hpdr318.jpg,0.4436,NO
hpdr3179.jpg,0.2462,NO
hpdr3180.jpg,0.2469,NO
hpdr3181.jpg,0.4999,NO
hpdr3182.jpg,0.3155,NO
hpdr3185.jpg,0.2825,NO
hpdr3184.jpg,0.2157,NO
hpdr3186.jpg,0.3604,NO
hpdr3187.jpg,0.3750,NO
hpdr3188.jpg,0.2706,NO
hpdr3189.jpg,0.2726,NO
hpdr319.jpg,0.5756,YES
hpdr3190.jpg,0.1445,NO
hpdr3192.jpg,0.2692,NO
hpdr3191.jpg,0.2907,NO
hpdr3193.jpg,0.2685,NO
hpdr3195.jpg,0.2467,NO
hpdr3194.jpg,0.2637,NO
hpdr3196.jpg,0.3515,NO
hpdr3197.jpg,0.2457,NO
hpdr3199.jpg,0.2356,NO
hpdr320.jpg,0.6145,YES
hpdr32.jpg,0.7947,YES
hpdr3200.jpg,0.2499,NO
hpdr3201.jpg,0.2461,NO
hpdr3202.jpg,0.2264,NO
hpdr3204.jpg,0.3216,NO
hpdr3203.jpg,0.1040,NO
hpdr3205.jpg,0.4399,NO
hpdr3206.jpg,0.2429,NO
hpdr3207.jpg,0.2347,NO
hpdr3208.jpg,0.2783,NO
hpdr321.jpg,0.5078,YES
hpdr3209.jpg,0.2688,NO
hpdr3210.jpg,0.2988,NO
hpdr3211.jpg,0.3084,NO
hpdr3212.jpg,0.4887,NO
hpdr3213.jpg,0.2722,NO
hpdr3214.jpg,0.2490,NO
hpdr3216.jpg,0.3044,NO
hpdr3217.jpg,0.3217,NO
hpdr3218.jpg,0.6788,YES
hpdr322.jpg,0.4961,NO
hpdr3219.jpg,0.2759,NO
hpdr3220.jpg,0.2875,NO
hpdr3221.jpg,0.2748,NO
hpdr3222.jpg,0.2603,NO
hpdr3223.jpg,0.2154,NO
hpdr3225.jpg,0.2603,NO
hpdr3224.jpg,0.0172,NO
hpdr3226.jpg,0.3907,NO
hpdr3229.jpg,0.2601,NO
hpdr3231.jpg,0.4294,NO
hpdr3230.jpg,0.4014,NO
hpdr3233.jpg,0.3115,NO
hpdr3234.jpg,0.4245,NO
hpdr3235.jpg,0.2523,NO
hpdr3236.jpg,0.4622,NO
hpdr3237.jpg,0.4352,NO
hpdr3238.jpg,0.4403,NO
hpdr324.jpg,0.5546,YES
hpdr3239.jpg,0.4760,NO
hpdr3241.jpg,0.2665,NO
hpdr3240.jpg,0.2396,NO
hpdr3243.jpg,0.3965,NO
hpdr3245.jpg,0.2814,NO
hpdr3248.jpg,0.4579,NO
hpdr3247.jpg,0.1163,NO
hpdr325.jpg,0.6481,YES
hpdr3249.jpg,0.2274,NO
hpdr3250.jpg,0.2595,NO
hpdr3252.jpg,0.2365,NO
hpdr3253.jpg,0.2513,NO
hpdr3254.jpg,0.3051,NO
hpdr3256.jpg,0.2765,NO
hpdr3255.jpg,0.2692,NO
hpdr3257.jpg,0.3279,NO
hpdr3258.jpg,0.6814,YES
hpdr326.jpg,0.5372,YES
hpdr3259.jpg,0.3010,NO
hpdr3261.jpg,0.2569,NO
hpdr3262.jpg,0.1704,NO
hpdr3263.jpg,0.4408,NO
hpdr3264.jpg,0.4438,NO
hpdr3265.jpg,0.4098,NO
hpdr3266.jpg,0.1393,NO
hpdr3267.jpg,0.2327,NO
hpdr327.jpg,0.6343,YES
hpdr3268.jpg,0.2512,NO
hpdr3270.jpg,0.2403,NO
hpdr3271.jpg,0.3726,NO
hpdr3272.jpg,0.2428,NO
hpdr3274.jpg,0.2117,NO
hpdr3275.jpg,0.2584,NO
hpdr3278.jpg,0.2488,NO
hpdr3277.jpg,0.3021,NO
hpdr3279.jpg,0.2426,NO
hpdr328.jpg,0.6385,YES
hpdr3281.jpg,0.2999,NO
hpdr3282.jpg,0.3723,NO
hpdr3283.jpg,0.3965,NO
hpdr3285.jpg,0.2485,NO
hpdr3288.jpg,0.3297,NO
hpdr3287.jpg,0.2961,NO
hpdr3286.jpg,0.2433,NO
hpdr3289.jpg,0.2547,NO
hpdr329.jpg,0.5610,YES
hpdr3290.jpg,0.1820,NO
hpdr3291.jpg,0.3599,NO
hpdr3292.jpg,0.4370,NO
hpdr3293.jpg,0.2239,NO
hpdr3296.jpg,0.3044,NO
hpdr3295.jpg,0.1786,NO
hpdr3297.jpg,0.1532,NO
hpdr3298.jpg,0.2532,NO
hpdr330.jpg,0.5684,YES
hpdr33.jpg,0.6646,YES
hpdr3300.jpg,0.2918,NO
hpdr3301.jpg,0.2737,NO
hpdr3303.jpg,0.3800,NO
hpdr3302.jpg,0.2424,NO
hpdr3304.jpg,0.2215,NO
hpdr3305.jpg,0.2920,NO
hpdr3306.jpg,0.3639,NO
hpdr3307.jpg,0.2763,NO
hpdr331.jpg,0.5988,YES
hpdr3308.jpg,0.3768,NO
hpdr3310.jpg,0.6848,YES
hpdr3311.jpg,0.0637,NO
hpdr3313.jpg,0.3646,NO
hpdr3314.jpg,0.3681,NO
hpdr3315.jpg,0.4335,NO
hpdr3316.jpg,0.2626,NO
hpdr3317.jpg,0.2635,NO
hpdr3318.jpg,0.1684,NO
hpdr332.jpg,0.6137,YES
hpdr3319.jpg,0.2981,NO
hpdr3320.jpg,0.3229,NO
hpdr3321.jpg,0.4428,NO
hpdr3322.jpg,0.4362,NO
hpdr3323.jpg,0.3016,NO
hpdr3324.jpg,0.2960,NO
hpdr3325.jpg,0.3958,NO
hpdr3327.jpg,0.4391,NO
hpdr3326.jpg,0.4524,NO
hpdr3328.jpg,0.4105,NO
hpdr3329.jpg,0.4376,NO
hpdr333.jpg,0.5344,YES
hpdr3330.jpg,0.3337,NO
hpdr3331.jpg,0.1971,NO
hpdr3333.jpg,0.4163,NO
hpdr3334.jpg,0.6114,YES
hpdr3335.jpg,0.3507,NO
hpdr3336.jpg,0.5694,YES
hpdr3337.jpg,0.5483,YES
hpdr3338.jpg,0.3627,NO
hpdr334.jpg,0.5737,YES
hpdr3339.jpg,0.5944,YES
hpdr3340.jpg,0.4687,NO
hpdr3341.jpg,0.3536,NO
hpdr3342.jpg,0.4421,NO
hpdr3343.jpg,0.2044,NO
hpdr3344.jpg,0.4029,NO
hpdr3345.jpg,0.4322,NO
hpdr3346.jpg,0.4162,NO
hpdr3347.jpg,0.4861,NO
hpdr335.jpg,0.8601,YES
hpdr3348.jpg,0.5333,YES
hpdr3349.jpg,0.4778,NO
hpdr3350.jpg,0.4101,NO
hpdr3351.jpg,0.5776,YES
hpdr3352.jpg,0.4222,NO
hpdr3353.jpg,0.5892,YES
hpdr3354.jpg,0.2147,NO
hpdr3355.jpg,0.5904,YES
hpdr3356.jpg,0.3615,NO
hpdr3357.jpg,0.5162,YES
hpdr3358.jpg,0.6578,YES
hpdr3359.jpg,0.3869,NO
hpdr3360.jpg,0.5773,YES
hpdr3361.jpg,0.5964,YES
hpdr3362.jpg,0.4233,NO
hpdr3363.jpg,0.5954,YES
hpdr3364.jpg,0.5396,YES
hpdr3365.jpg,0.3745,NO
hpdr3366.jpg,0.6071,YES
hpdr3367.jpg,0.5473,YES
hpdr3368.jpg,0.6162,YES
hpdr337.jpg,0.6137,YES
hpdr3369.jpg,0.5526,YES
hpdr3370.jpg,0.5987,YES
hpdr3371.jpg,0.5846,YES
hpdr3373.jpg,0.5332,YES
hpdr3372.jpg,0.0488,NO
hpdr3374.jpg,0.5570,YES
hpdr3375.jpg,0.3530,NO
hpdr3376.jpg,0.2074,NO
hpdr3377.jpg,0.3931,NO
hpdr3378.jpg,0.5746,YES
hpdr3379.jpg,0.3637,NO
hpdr338.jpg,0.5987,YES
hpdr3380.jpg,0.4468,NO
hpdr3381.jpg,0.5908,YES
hpdr3382.jpg,0.6216,YES
hpdr3383.jpg,0.6049,YES
hpdr3384.jpg,0.5494,YES
hpdr3387.jpg,0.2101,NO
hpdr3386.jpg,0.3816,NO
hpdr339.jpg,0.5991,YES
hpdr3385.jpg,0.5755,YES
hpdr3388.jpg,0.5117,YES
hpdr3389.jpg,-0.0159,NO
hpdr3390.jpg,0.6173,YES
hpdr3391.jpg,0.4130,NO
hpdr3392.jpg,0.4118,NO
hpdr3393.jpg,0.6457,YES
hpdr3396.jpg,0.5892,YES
hpdr3397.jpg,0.5275,YES
hpdr3394.jpg,0.6202,YES
hpdr3398.jpg,0.2255,NO
hpdr3400.jpg,0.4171,NO
hpdr3399.jpg,0.5882,YES
hpdr3402.jpg,0.6275,YES
hpdr3401.jpg,0.5658,YES
hpdr3404.jpg,0.3703,NO
hpdr3403.jpg,0.3656,NO
hpdr3405.jpg,0.4236,NO
hpdr3406.jpg,0.6214,YES
hpdr3409.jpg,0.2408,NO
hpdr3408.jpg,0.5853,YES
hpdr3410.jpg,0.6169,YES
hpdr3411.jpg,0.5685,YES
hpdr3413.jpg,0.4378,NO
hpdr3412.jpg,0.4252,NO
hpdr3417.jpg,0.6096,YES
hpdr3415.jpg,0.5783,YES
hpdr3418.jpg,0.5801,YES
hpdr3419.jpg,0.5859,YES
hpdr342.jpg,0.6683,YES
hpdr3421.jpg,0.4229,NO
hpdr3424.jpg,0.5610,YES
hpdr3423.jpg,0.5608,YES
hpdr3420.jpg,0.3910,NO
hpdr3425.jpg,0.5968,YES
hpdr3426.jpg,0.5765,YES
hpdr3427.jpg,0.5812,YES
hpdr3428.jpg,0.5518,YES
hpdr3431.jpg,0.3248,NO
hpdr3429.jpg,0.5945,YES
hpdr3433.jpg,0.6105,YES
hpdr3432.jpg,0.5926,YES
hpdr3430.jpg,0.5613,YES
hpdr3434.jpg,0.5801,YES
hpdr3435.jpg,0.0200,NO
hpdr3436.jpg,0.5095,YES
hpdr3439.jpg,0.3967,NO
hpdr3438.jpg,0.6094,YES
hpdr3441.jpg,0.4416,NO
hpdr3442.jpg,0.1836,NO
hpdr3443.jpg,0.5958,YES
hpdr3444.jpg,0.5321,YES
hpdr3445.jpg,0.5338,YES
hpdr3446.jpg,0.4404,NO
hpdr345.jpg,0.6091,YES
hpdr3449.jpg,0.4385,NO
hpdr3450.jpg,0.5408,YES
hpdr3447.jpg,0.3997,NO
hpdr3451.jpg,0.3513,NO
hpdr3452.jpg,0.6409,YES
hpdr3453.jpg,0.4205,NO
hpdr3454.jpg,0.1928,NO
hpdr3455.jpg,0.6826,YES
hpdr346.jpg,0.6601,YES
hpdr3458.jpg,0.1768,NO
hpdr3456.jpg,0.1939,NO
hpdr3459.jpg,0.2139,NO
hpdr3460.jpg,0.1990,NO
hpdr3461.jpg,0.3621,NO
hpdr3462.jpg,0.2527,NO
hpdr3463.jpg,0.1723,NO
hpdr3465.jpg,0.3254,NO
hpdr3464.jpg,0.1537,NO
hpdr3467.jpg,0.1818,NO
hpdr3466.jpg,0.4502,NO
hpdr347.jpg,0.4673,NO
hpdr3468.jpg,0.1936,NO
hpdr3470.jpg,0.2098,NO
hpdr3471.jpg,0.1939,NO
hpdr3472.jpg,0.4077,NO
hpdr3476.jpg,0.2804,NO
hpdr3474.jpg,0.2889,NO
hpdr3475.jpg,0.2056,NO
hpdr3477.jpg,0.2157,NO
hpdr3479.jpg,0.3112,NO
hpdr348.jpg,0.6396,YES
hpdr3480.jpg,0.3748,NO
hpdr3481.jpg,0.3518,NO
hpdr3483.jpg,0.2477,NO
hpdr3482.jpg,0.4235,NO
hpdr3486.jpg,0.1902,NO
hpdr3487.jpg,0.3073,NO
hpdr3488.jpg,0.1810,NO
hpdr3489.jpg,0.1808,NO
hpdr349.jpg,0.6894,YES
hpdr3490.jpg,0.1827,NO
hpdr3491.jpg,0.1898,NO
hpdr3492.jpg,0.1675,NO
hpdr3494.jpg,0.2042,NO
hpdr3493.jpg,0.1725,NO
hpdr3495.jpg,0.1935,NO
hpdr3496.jpg,0.1977,NO
hpdr3498.jpg,0.3306,NO
hpdr35.jpg,0.7997,YES
hpdr3499.jpg,0.3093,NO
hpdr3500.jpg,0.1852,NO
hpdr350.jpg,0.3411,NO
hpdr3503.jpg,0.1868,NO
hpdr3504.jpg,0.3199,NO
hpdr3505.jpg,0.1763,NO
hpdr3506.jpg,0.2093,NO
hpdr351.jpg,0.6973,YES
hpdr3507.jpg,0.3204,NO
hpdr3509.jpg,0.2287,NO
hpdr3508.jpg,0.3349,NO
hpdr3510.jpg,0.3076,NO
hpdr3512.jpg,0.3713,NO
hpdr3511.jpg,0.3522,NO
hpdr3513.jpg,0.6304,YES
hpdr3516.jpg,0.4705,NO
hpdr3515.jpg,0.6433,YES
hpdr3519.jpg,0.3584,NO
hpdr3518.jpg,0.6122,YES
hpdr3520.jpg,0.3278,NO
hpdr3521.jpg,0.3953,NO
hpdr3522.jpg,0.2651,NO
hpdr3523.jpg,0.4059,NO
hpdr3526.jpg,0.3352,NO
hpdr3525.jpg,0.5281,YES
hpdr3528.jpg,0.4932,NO
hpdr3529.jpg,0.3766,NO
hpdr353.jpg,0.6483,YES
hpdr3531.jpg,0.3133,NO
hpdr3532.jpg,0.5508,YES
hpdr3533.jpg,0.3443,NO
hpdr3535.jpg,0.1929,NO
hpdr3534.jpg,0.2063,NO
hpdr3537.jpg,0.1638,NO
hpdr3536.jpg,0.1880,NO
hpdr3539.jpg,0.5172,YES
hpdr354.jpg,0.6653,YES
hpdr3540.jpg,0.1909,NO
hpdr3541.jpg,0.2083,NO
hpdr3542.jpg,0.2137,NO
hpdr3543.jpg,0.2013,NO
hpdr3544.jpg,0.2012,NO
hpdr3545.jpg,0.2283,NO
hpdr3546.jpg,0.1589,NO
hpdr3547.jpg,0.3312,NO
hpdr3548.jpg,0.1866,NO
hpdr3549.jpg,0.2084,NO
hpdr355.jpg,0.6868,YES
hpdr3550.jpg,0.2645,NO
hpdr3551.jpg,0.1840,NO
hpdr3552.jpg,0.2005,NO
hpdr3554.jpg,0.1952,NO
hpdr3555.jpg,0.2687,NO
hpdr3556.jpg,0.1985,NO
hpdr3558.jpg,0.2975,NO
hpdr3559.jpg,0.3652,NO
hpdr356.jpg,0.6889,YES
hpdr3563.jpg,0.2117,NO
hpdr3560.jpg,0.1952,NO
hpdr3561.jpg,0.3492,NO
hpdr3566.jpg,0.1296,NO
hpdr3567.jpg,0.1854,NO
hpdr357.jpg,0.6555,YES
hpdr3568.jpg,0.2460,NO
hpdr3570.jpg,0.2350,NO
hpdr3571.jpg,0.2459,NO
hpdr3572.jpg,0.4107,NO
hpdr3573.jpg,0.3750,NO
hpdr3574.jpg,0.3692,NO
hpdr3575.jpg,0.4467,NO
hpdr3576.jpg,0.4652,NO
hpdr3577.jpg,0.2254,NO
hpdr3578.jpg,0.0495,NO
hpdr3579.jpg,0.0933,NO
hpdr3581.jpg,0.3459,NO
hpdr3582.jpg,0.0977,NO
hpdr3583.jpg,0.1177,NO
hpdr3584.jpg,0.1473,NO
hpdr3585.jpg,0.1699,NO
hpdr3586.jpg,0.1360,NO
hpdr3587.jpg,0.2750,NO
hpdr359.jpg,0.6185,YES
hpdr3588.jpg,0.3899,NO
hpdr3589.jpg,0.3627,NO
hpdr3590.jpg,0.2731,NO
hpdr3591.jpg,0.3643,NO
hpdr3592.jpg,0.3202,NO
hpdr3593.jpg,0.4361,NO
hpdr3594.jpg,0.3692,NO
hpdr3595.jpg,0.3983,NO
hpdr3596.jpg,0.2714,NO
hpdr3597.jpg,0.3673,NO
hpdr3598.jpg,0.3270,NO
hpdr3599.jpg,0.3216,NO
hpdr36.jpg,0.5912,YES
hpdr360.jpg,0.5691,YES
hpdr3600.jpg,0.2725,NO
hpdr3602.jpg,0.6303,YES
hpdr3603.jpg,0.3284,NO
hpdr3604.jpg,0.5770,YES
hpdr3605.jpg,0.5997,YES
hpdr3607.jpg,0.4503,NO
hpdr361.jpg,0.5541,YES
hpdr3609.jpg,0.4512,NO
hpdr3610.jpg,0.3767,NO
hpdr3611.jpg,0.3769,NO
hpdr3612.jpg,0.4172,NO
hpdr3613.jpg,0.4020,NO
hpdr3614.jpg,0.4450,NO
hpdr3615.jpg,0.3005,NO
hpdr3617.jpg,0.5531,YES
hpdr3616.jpg,0.3448,NO
hpdr3618.jpg,0.3580,NO
hpdr362.jpg,0.6400,YES
hpdr3623.jpg,0.5617,YES
hpdr3624.jpg,0.5826,YES
hpdr3625.jpg,0.4746,NO
hpdr3626.jpg,0.5864,YES
hpdr3627.jpg,0.2266,NO
hpdr3628.jpg,0.4269,NO
hpdr363.jpg,0.5587,YES
hpdr3630.jpg,0.5122,YES
hpdr3632.jpg,0.5101,YES
hpdr3634.jpg,0.3845,NO
hpdr3633.jpg,0.3915,NO
hpdr3635.jpg,0.4706,NO
hpdr3636.jpg,0.4384,NO
hpdr3637.jpg,0.5059,YES
hpdr3638.jpg,0.3877,NO
hpdr364.jpg,0.5478,YES
hpdr3639.jpg,0.0605,NO
hpdr3640.jpg,0.5967,YES
hpdr3641.jpg,0.5510,YES
hpdr3642.jpg,0.4405,NO
hpdr3643.jpg,0.1564,NO
hpdr3644.jpg,0.5928,YES
hpdr3645.jpg,0.4890,NO
hpdr3646.jpg,0.4387,NO
hpdr3647.jpg,0.2905,NO
hpdr3648.jpg,0.1350,NO
hpdr3649.jpg,0.4030,NO
hpdr365.jpg,0.5821,YES
hpdr3651.jpg,0.3628,NO
hpdr3650.jpg,0.3927,NO
hpdr3652.jpg,0.3806,NO
hpdr3653.jpg,0.4534,NO
hpdr3655.jpg,0.4473,NO
hpdr3656.jpg,0.4909,NO
hpdr3657.jpg,0.4671,NO
hpdr3659.jpg,0.5788,YES
hpdr366.jpg,0.1483,NO
hpdr3660.jpg,0.5600,YES
hpdr3661.jpg,0.5178,YES
hpdr3662.jpg,0.4488,NO
hpdr3663.jpg,0.6346,YES
hpdr3664.jpg,0.5812,YES
hpdr3665.jpg,0.3579,NO
hpdr3666.jpg,0.3568,NO
hpdr3667.jpg,0.3723,NO
hpdr3668.jpg,0.4271,NO
hpdr3669.jpg,0.4701,NO
hpdr3670.jpg,0.2873,NO
hpdr3672.jpg,0.5510,YES
hpdr3673.jpg,0.3658,NO
hpdr3674.jpg,0.3644,NO
hpdr3675.jpg,0.3913,NO
hpdr3676.jpg,0.3171,NO
hpdr3677.jpg,0.2309,NO
hpdr3678.jpg,0.2482,NO
hpdr368.jpg,0.3778,NO
hpdr3679.jpg,0.2317,NO
hpdr3680.jpg,0.4880,NO
hpdr3681.jpg,0.3696,NO
hpdr3682.jpg,0.3748,NO
hpdr3684.jpg,0.2068,NO
hpdr3685.jpg,0.2125,NO
hpdr3686.jpg,0.3011,NO
hpdr3687.jpg,0.3165,NO
hpdr3688.jpg,0.3468,NO
hpdr3689.jpg,0.1879,NO
hpdr3690.jpg,0.2328,NO
hpdr3692.jpg,0.3442,NO
hpdr3693.jpg,0.3474,NO
hpdr3694.jpg,0.3635,NO
hpdr3695.jpg,0.3342,NO
hpdr3696.jpg,0.3054,NO
hpdr3697.jpg,0.2243,NO
hpdr3698.jpg,0.2368,NO
hpdr370.jpg,0.5517,YES
hpdr3699.jpg,0.3019,NO
hpdr3701.jpg,0.3155,NO
hpdr3702.jpg,0.3125,NO
hpdr3703.jpg,0.4518,NO
hpdr3704.jpg,0.3906,NO
hpdr3705.jpg,0.1548,NO
hpdr3706.jpg,0.3979,NO
hpdr3708.jpg,0.4949,NO
hpdr3707.jpg,0.6374,YES
hpdr371.jpg,0.5752,YES
hpdr3709.jpg,0.5475,YES
hpdr3713.jpg,0.4844,NO
hpdr3714.jpg,0.3940,NO
hpdr3715.jpg,0.4618,NO
hpdr372.jpg,0.5107,YES
hpdr3717.jpg,0.4337,NO
hpdr3718.jpg,0.1639,NO
hpdr3716.jpg,0.5215,YES
hpdr3725.jpg,0.3750,NO
hpdr373.jpg,0.4281,NO
hpdr3730.jpg,0.2226,NO
hpdr3731.jpg,0.1978,NO
hpdr3733.jpg,0.3164,NO
hpdr3735.jpg,0.2474,NO
hpdr3736.jpg,0.4241,NO
hpdr3737.jpg,0.2942,NO
hpdr3734.jpg,0.3625,NO
hpdr3738.jpg,0.2205,NO
hpdr3739.jpg,0.3182,NO
hpdr374.jpg,0.6861,YES
hpdr3740.jpg,0.3663,NO
hpdr3743.jpg,0.2232,NO
hpdr3741.jpg,0.1179,NO
hpdr3742.jpg,0.0657,NO
hpdr3744.jpg,0.1654,NO
hpdr3745.jpg,0.2032,NO
hpdr3746.jpg,0.1727,NO
hpdr3747.jpg,0.4981,NO
hpdr3748.jpg,0.2073,NO
hpdr375.jpg,0.6770,YES
hpdr3749.jpg,0.3443,NO
hpdr3750.jpg,0.3594,NO
hpdr3751.jpg,0.2692,NO
hpdr3752.jpg,0.3251,NO
hpdr3753.jpg,0.2271,NO
hpdr3754.jpg,0.2164,NO
hpdr3755.jpg,0.2388,NO
hpdr3757.jpg,0.1836,NO
hpdr3756.jpg,0.2292,NO
hpdr3758.jpg,0.4644,NO
hpdr3759.jpg,0.2598,NO
hpdr376.jpg,0.5375,YES
hpdr3760.jpg,0.4061,NO
hpdr3761.jpg,0.3328,NO
hpdr3762.jpg,0.4992,NO
hpdr3763.jpg,0.1277,NO
hpdr3764.jpg,0.2629,NO
hpdr3765.jpg,0.2500,NO
hpdr3767.jpg,0.1116,NO
hpdr3768.jpg,0.2038,NO
hpdr377.jpg,0.5523,YES
hpdr3771.jpg,0.2879,NO
hpdr3772.jpg,0.2321,NO
hpdr3773.jpg,0.2520,NO
hpdr3774.jpg,0.1985,NO
hpdr3778.jpg,0.4308,NO
hpdr378.jpg,0.4908,NO
hpdr3780.jpg,0.3940,NO
hpdr3788.jpg,0.3884,NO
hpdr379.jpg,0.2692,NO
hpdr3789.jpg,0.5049,YES
hpdr3790.jpg,0.5564,YES
hpdr3791.jpg,0.4130,NO
hpdr3793.jpg,0.3036,NO
hpdr3792.jpg,0.4491,NO
hpdr3794.jpg,0.3558,NO
hpdr3795.jpg,0.3462,NO
hpdr3798.jpg,0.2983,NO
hpdr3797.jpg,0.4785,NO
hpdr380.jpg,0.4505,NO
hpdr3800.jpg,0.2912,NO
hpdr3801.jpg,0.2798,NO
hpdr3802.jpg,0.4459,NO
hpdr3803.jpg,0.4446,NO
hpdr3804.jpg,0.4027,NO
hpdr3806.jpg,0.4184,NO
hpdr3805.jpg,0.4032,NO
hpdr3807.jpg,0.5098,YES
hpdr3808.jpg,0.4197,NO
hpdr381.jpg,0.5636,YES
hpdr3809.jpg,0.4541,NO
hpdr3810.jpg,0.5064,YES
hpdr3811.jpg,0.0176,NO
hpdr3813.jpg,0.3780,NO
hpdr3812.jpg,0.5383,YES
hpdr3814.jpg,0.3586,NO
hpdr3815.jpg,0.3290,NO
hpdr3816.jpg,0.3838,NO
hpdr3817.jpg,0.3807,NO
hpdr3818.jpg,0.3719,NO
hpdr3819.jpg,0.3597,NO
hpdr3820.jpg,0.3319,NO
hpdr382.jpg,0.5414,YES
hpdr3821.jpg,0.5452,YES
hpdr3824.jpg,0.4946,NO
hpdr3823.jpg,0.4328,NO
hpdr3825.jpg,0.3676,NO
hpdr3826.jpg,0.3753,NO
hpdr3827.jpg,0.3066,NO
hpdr3828.jpg,0.3018,NO
hpdr3829.jpg,0.2983,NO
hpdr383.jpg,0.5843,YES
hpdr3831.jpg,0.3603,NO
hpdr3832.jpg,0.3182,NO
hpdr3833.jpg,0.3315,NO
hpdr3834.jpg,0.4628,NO
hpdr3835.jpg,0.3904,NO
hpdr3836.jpg,0.3844,NO
hpdr3837.jpg,0.4345,NO
hpdr3838.jpg,0.2286,NO
hpdr384.jpg,0.5399,YES
hpdr3839.jpg,0.4319,NO
hpdr3841.jpg,0.4157,NO
hpdr3842.jpg,0.3802,NO
hpdr3844.jpg,0.5538,YES
hpdr3846.jpg,0.3124,NO
hpdr3845.jpg,0.5136,YES
hpdr3848.jpg,0.5328,YES
hpdr3847.jpg,0.4859,NO
hpdr3849.jpg,0.3304,NO
hpdr385.jpg,0.4764,NO
hpdr3850.jpg,0.2650,NO
hpdr3851.jpg,0.2565,NO
hpdr3855.jpg,0.4599,NO
hpdr3852.jpg,0.2241,NO
hpdr3857.jpg,0.3893,NO
hpdr3856.jpg,0.4351,NO
hpdr3858.jpg,0.3735,NO
hpdr3859.jpg,0.4411,NO
hpdr3860.jpg,0.2826,NO
hpdr3861.jpg,0.1451,NO
hpdr3864.jpg,0.3644,NO
hpdr3862.jpg,0.1505,NO
hpdr3865.jpg,0.3440,NO
hpdr3866.jpg,0.3660,NO
hpdr3867.jpg,0.3915,NO
hpdr387.jpg,0.6479,YES
hpdr3869.jpg,0.4948,NO
hpdr3870.jpg,0.4183,NO
hpdr3871.jpg,0.0982,NO
hpdr3872.jpg,0.3435,NO
hpdr3874.jpg,0.3662,NO
hpdr3875.jpg,0.2451,NO
hpdr3876.jpg,0.3601,NO
hpdr3877.jpg,0.3169,NO
hpdr3878.jpg,0.3479,NO
hpdr3879.jpg,0.4109,NO
hpdr388.jpg,0.4898,NO
hpdr3880.jpg,0.2283,NO
hpdr3881.jpg,0.2506,NO
hpdr3882.jpg,0.4172,NO
hpdr3883.jpg,0.3723,NO
hpdr3884.jpg,0.3249,NO
hpdr3885.jpg,0.3414,NO
hpdr3886.jpg,0.2863,NO
hpdr3887.jpg,0.2675,NO
hpdr3888.jpg,0.4611,NO
hpdr3889.jpg,0.3356,NO
hpdr3890.jpg,0.2153,NO
hpdr3891.jpg,0.3487,NO
hpdr3892.jpg,0.2747,NO
hpdr3895.jpg,0.5274,YES
hpdr3894.jpg,0.1654,NO
hpdr390.jpg,0.3108,NO
hpdr3900.jpg,0.3608,NO
hpdr3901.jpg,0.4596,NO
hpdr3903.jpg,0.2075,NO
hpdr3902.jpg,0.4687,NO
hpdr3905.jpg,0.2437,NO
hpdr3907.jpg,0.2847,NO
hpdr3906.jpg,0.3020,NO
hpdr3908.jpg,0.3064,NO
hpdr3909.jpg,0.3173,NO
hpdr3910.jpg,0.1496,NO
hpdr3911.jpg,0.3258,NO
hpdr391.jpg,-0.0042,NO
hpdr3912.jpg,0.3994,NO
hpdr3914.jpg,0.3770,NO
hpdr3915.jpg,0.3651,NO
hpdr3918.jpg,0.3651,NO
hpdr3919.jpg,0.5412,YES
hpdr3924.jpg,0.6709,YES
hpdr392.jpg,0.4213,NO
hpdr3920.jpg,0.5500,YES
hpdr3921.jpg,0.5462,YES
hpdr3925.jpg,0.1690,NO
hpdr3926.jpg,0.6181,YES
hpdr3922.jpg,0.5061,YES
hpdr3923.jpg,0.5683,YES
hpdr3927.jpg,0.2383,NO
hpdr3928.jpg,0.6853,YES
hpdr3930.jpg,0.6638,YES
hpdr3931.jpg,0.6504,YES
hpdr3932.jpg,0.6903,YES
hpdr3933.jpg,0.5893,YES
hpdr3934.jpg,0.6409,YES
hpdr3935.jpg,0.6661,YES
hpdr393.jpg,0.1393,NO
hpdr3936.jpg,0.6750,YES
hpdr3937.jpg,0.6328,YES
hpdr3938.jpg,0.6148,YES
hpdr3939.jpg,0.6264,YES
hpdr3940.jpg,0.6022,YES
hpdr3942.jpg,0.7122,YES
hpdr3944.jpg,0.6371,YES
hpdr3943.jpg,0.6562,YES
hpdr3945.jpg,0.6665,YES
hpdr3946.jpg,0.6568,YES
hpdr394.jpg,0.0513,NO
hpdr3947.jpg,0.6500,YES
hpdr3948.jpg,0.6464,YES
hpdr3949.jpg,0.6877,YES
hpdr3950.jpg,0.7054,YES
hpdr3951.jpg,0.6684,YES
hpdr3952.jpg,0.6586,YES
hpdr3953.jpg,0.6897,YES
hpdr3954.jpg,0.6867,YES
hpdr3955.jpg,0.7189,YES
hpdr395.jpg,0.1048,NO
hpdr3956.jpg,0.6695,YES
hpdr3957.jpg,0.7094,YES
hpdr3958.jpg,0.6849,YES
hpdr3959.jpg,0.7112,YES
hpdr3960.jpg,0.4961,NO
hpdr3961.jpg,0.1167,NO
hpdr3962.jpg,0.4281,NO
hpdr3963.jpg,0.2070,NO
hpdr3964.jpg,0.3694,NO
hpdr3965.jpg,0.4719,NO
hpdr396.jpg,0.1470,NO
hpdr3966.jpg,0.1208,NO
hpdr3967.jpg,0.4103,NO
hpdr3968.jpg,0.7227,YES
hpdr3970.jpg,0.5439,YES
hpdr3972.jpg,0.2505,NO
hpdr3973.jpg,0.1545,NO
hpdr3974.jpg,0.3126,NO
hpdr3976.jpg,0.5742,YES
hpdr3978.jpg,0.6687,YES
hpdr397.jpg,0.0615,NO
hpdr3980.jpg,0.7397,YES
hpdr3982.jpg,0.1627,NO
hpdr3981.jpg,0.1045,NO
hpdr3983.jpg,0.6631,YES
hpdr3984.jpg,0.6804,YES
hpdr398.jpg,0.1360,NO
hpdr3985.jpg,0.6380,YES
hpdr3986.jpg,0.2547,NO
hpdr3988.jpg,0.3838,NO
hpdr3989.jpg,0.5013,YES
hpdr3992.jpg,0.1462,NO
hpdr3993.jpg,0.7114,YES
hpdr3994.jpg,0.7163,YES
hpdr3995.jpg,0.3939,NO
hpdr3996.jpg,0.1413,NO
hpdr3997.jpg,0.6798,YES
hpdr399.jpg,0.7659,YES
hpdr3998.jpg,0.6579,YES
hpdr3999.jpg,0.5805,YES
hpdr4002.jpg,0.7585,YES
hpdr4001.jpg,0.6601,YES
hpdr4000.jpg,0.6880,YES
hpdr4004.jpg,0.2371,NO
hpdr4003.jpg,0.6947,YES
hpdr4006.jpg,0.1011,NO
hpdr4.jpg,0.4591,NO
hpdr400.jpg,0.1566,NO
hpdr4008.jpg,0.6844,YES
hpdr4007.jpg,0.6990,YES
hpdr4009.jpg,0.7033,YES
hpdr4010.jpg,0.3817,NO
hpdr4011.jpg,0.5139,YES
hpdr4012.jpg,0.6930,YES
hpdr4014.jpg,0.7590,YES
hpdr4016.jpg,0.7295,YES
hpdr4015.jpg,0.6617,YES
hpdr401.jpg,0.1310,NO
hpdr4017.jpg,0.3211,NO
hpdr4018.jpg,0.6490,YES
hpdr4020.jpg,0.1525,NO
hpdr4021.jpg,0.4020,NO
hpdr4022.jpg,0.3178,NO
hpdr4023.jpg,0.1489,NO
hpdr4025.jpg,0.1445,NO
hpdr4026.jpg,0.3176,NO
hpdr4027.jpg,0.3820,NO
hpdr402.jpg,0.1496,NO
hpdr4028.jpg,0.3600,NO
hpdr4029.jpg,0.6750,YES
hpdr4030.jpg,0.4065,NO
hpdr4031.jpg,0.3069,NO
hpdr4032.jpg,0.2919,NO
hpdr4033.jpg,0.3233,NO
hpdr4034.jpg,0.3385,NO
hpdr4035.jpg,0.2493,NO
hpdr4036.jpg,0.1926,NO
hpdr403.jpg,0.1453,NO
hpdr4038.jpg,0.2747,NO
hpdr4039.jpg,0.3432,NO
hpdr4040.jpg,0.6854,YES
hpdr4041.jpg,0.2476,NO
hpdr4042.jpg,0.1395,NO
hpdr4043.jpg,0.2620,NO
hpdr4044.jpg,0.2054,NO
hpdr4045.jpg,0.2940,NO
hpdr4046.jpg,0.2534,NO
hpdr404.jpg,0.1692,NO
hpdr4048.jpg,0.2053,NO
hpdr4049.jpg,0.3594,NO
hpdr4050.jpg,0.2690,NO
hpdr405.jpg,0.1654,NO
hpdr406.jpg,0.1627,NO
hpdr407.jpg,0.1445,NO
hpdr408.jpg,0.1706,NO
hpdr409.jpg,0.0695,NO
hpdr41.jpg,0.7597,YES
hpdr412.jpg,0.1573,NO
hpdr413.jpg,0.4665,NO
hpdr414.jpg,0.1555,NO
hpdr415.jpg,0.0535,NO
hpdr416.jpg,0.1898,NO
hpdr418.jpg,0.3665,NO
hpdr417.jpg,0.2542,NO
hpdr419.jpg,0.2724,NO
hpdr42.jpg,0.7033,YES
hpdr420.jpg,0.4039,NO
hpdr421.jpg,0.2587,NO
hpdr423.jpg,0.6107,YES
hpdr422.jpg,0.4481,NO
hpdr426.jpg,0.4467,NO
hpdr427.jpg,0.3855,NO
hpdr424.jpg,0.1737,NO
hpdr428.jpg,0.4096,NO
hpdr429.jpg,0.3432,NO
hpdr430.jpg,0.3063,NO
hpdr431.jpg,0.4193,NO
hpdr432.jpg,0.5670,YES
hpdr434.jpg,0.4790,NO
hpdr435.jpg,0.3975,NO
hpdr436.jpg,0.3040,NO
hpdr437.jpg,0.3208,NO
hpdr438.jpg,0.4036,NO
hpdr44.jpg,0.7099,YES
hpdr440.jpg,0.4103,NO
hpdr441.jpg,0.2846,NO
hpdr442.jpg,0.4224,NO
hpdr443.jpg,0.3059,NO
hpdr444.jpg,0.5276,YES
hpdr446.jpg,0.7247,YES
hpdr447.jpg,0.4298,NO
hpdr448.jpg,0.4291,NO
hpdr449.jpg,0.7110,YES
hpdr45.jpg,0.7396,YES
hpdr450.jpg,0.3218,NO
hpdr452.jpg,0.2005,NO
hpdr451.jpg,0.3736,NO
hpdr453.jpg,0.3104,NO
hpdr454.jpg,0.3369,NO
hpdr455.jpg,0.4312,NO
hpdr456.jpg,0.4369,NO
hpdr457.jpg,0.4439,NO
hpdr458.jpg,0.3872,NO
hpdr459.jpg,0.3452,NO
hpdr46.jpg,0.1969,NO
hpdr461.jpg,0.7116,YES
hpdr460.jpg,0.1169,NO
hpdr462.jpg,0.3768,NO
hpdr463.jpg,0.3724,NO
hpdr464.jpg,0.3268,NO
hpdr465.jpg,0.3940,NO
hpdr467.jpg,0.4804,NO
hpdr468.jpg,0.3717,NO
hpdr47.jpg,0.3989,NO
hpdr469.jpg,0.5633,YES
hpdr470.jpg,0.5343,YES
hpdr471.jpg,0.2639,NO
hpdr472.jpg,0.4353,NO
hpdr473.jpg,0.7848,YES
hpdr474.jpg,0.1579,NO
hpdr476.jpg,0.3791,NO
hpdr477.jpg,0.3419,NO
hpdr478.jpg,0.5847,YES
hpdr479.jpg,0.1983,NO
hpdr480.jpg,0.5408,YES
hpdr481.jpg,0.4681,NO
hpdr482.jpg,0.1882,NO
hpdr483.jpg,0.3668,NO
hpdr484.jpg,0.3906,NO
hpdr486.jpg,0.3030,NO
hpdr485.jpg,0.5392,YES
hpdr487.jpg,0.5584,YES
hpdr488.jpg,0.3860,NO
hpdr49.jpg,0.7359,YES
hpdr489.jpg,0.3738,NO
hpdr492.jpg,0.2748,NO
hpdr493.jpg,0.4566,NO
hpdr497.jpg,0.5390,YES
hpdr494.jpg,0.2680,NO
hpdr498.jpg,0.1906,NO
hpdr499.jpg,0.2485,NO
hpdr500.jpg,0.3816,NO
hpdr5.jpg,0.0788,NO
hpdr501.jpg,0.3059,NO
hpdr502.jpg,0.4923,NO
hpdr504.jpg,0.2885,NO
hpdr503.jpg,0.4601,NO
hpdr505.jpg,0.4707,NO
hpdr506.jpg,0.3544,NO
hpdr507.jpg,0.1821,NO
hpdr51.jpg,0.8178,YES
hpdr509.jpg,0.7011,YES
hpdr510.jpg,0.7498,YES
hpdr512.jpg,0.2540,NO
hpdr511.jpg,0.3352,NO
hpdr513.jpg,0.3590,NO
hpdr514.jpg,0.2324,NO
hpdr515.jpg,0.3370,NO
hpdr516.jpg,0.6457,YES
hpdr517.jpg,0.4588,NO
hpdr518.jpg,0.6376,YES
hpdr519.jpg,0.6083,YES
hpdr52.jpg,0.6319,YES
hpdr520.jpg,0.6184,YES
hpdr521.jpg,0.6410,YES
hpdr523.jpg,0.3980,NO
hpdr525.jpg,0.4797,NO
hpdr526.jpg,0.4284,NO
hpdr527.jpg,0.3599,NO
hpdr528.jpg,0.3278,NO
hpdr529.jpg,0.2930,NO
hpdr53.jpg,0.6844,YES
hpdr530.jpg,0.0788,NO
hpdr531.jpg,0.3437,NO
hpdr532.jpg,0.4446,NO
hpdr533.jpg,0.3633,NO
hpdr534.jpg,0.6592,YES
hpdr535.jpg,0.2494,NO
hpdr536.jpg,0.3534,NO
hpdr538.jpg,0.5200,YES
hpdr537.jpg,0.2209,NO
hpdr539.jpg,0.3068,NO
hpdr541.jpg,0.2797,NO
hpdr540.jpg,0.2206,NO
hpdr542.jpg,0.2691,NO
hpdr543.jpg,0.2276,NO
hpdr544.jpg,0.2828,NO
hpdr545.jpg,0.2561,NO
hpdr546.jpg,0.2467,NO
hpdr548.jpg,0.2251,NO
hpdr55.jpg,0.6307,YES
hpdr549.jpg,0.6331,YES
hpdr550.jpg,0.6605,YES
hpdr551.jpg,0.6615,YES
hpdr552.jpg,0.5491,YES
hpdr553.jpg,0.2144,NO
hpdr554.jpg,0.3470,NO
hpdr555.jpg,0.3920,NO
hpdr558.jpg,0.3726,NO
hpdr559.jpg,0.3303,NO
hpdr560.jpg,0.5238,YES
hpdr562.jpg,0.2726,NO
hpdr563.jpg,0.2952,NO
hpdr564.jpg,0.2187,NO
hpdr565.jpg,0.3397,NO
hpdr566.jpg,0.3829,NO
hpdr567.jpg,0.3829,NO
hpdr568.jpg,0.3359,NO
hpdr57.jpg,0.2981,NO
hpdr571.jpg,0.3621,NO
hpdr572.jpg,0.4326,NO
hpdr574.jpg,0.1275,NO
hpdr576.jpg,0.2733,NO
hpdr577.jpg,0.3697,NO
hpdr579.jpg,0.2943,NO
hpdr58.jpg,0.3505,NO
hpdr580.jpg,0.3281,NO
hpdr582.jpg,0.4094,NO
hpdr583.jpg,0.3543,NO
hpdr584.jpg,0.4866,NO
hpdr585.jpg,0.4074,NO
hpdr587.jpg,0.4251,NO
hpdr586.jpg,0.3729,NO
hpdr588.jpg,0.3842,NO
hpdr59.jpg,0.7679,YES
hpdr590.jpg,0.4139,NO
hpdr591.jpg,0.3005,NO
hpdr592.jpg,0.3713,NO
hpdr593.jpg,0.2607,NO
hpdr594.jpg,0.4423,NO
hpdr595.jpg,0.2758,NO
hpdr596.jpg,0.4425,NO
hpdr597.jpg,0.3208,NO
hpdr599.jpg,0.3115,NO
hpdr598.jpg,0.0078,NO
hpdr6.jpg,0.4369,NO
hpdr60.jpg,0.5788,YES
hpdr600.jpg,0.2198,NO
hpdr603.jpg,0.2908,NO
hpdr601.jpg,0.4008,NO
hpdr604.jpg,0.3081,NO
hpdr605.jpg,0.2931,NO
hpdr606.jpg,0.2280,NO
hpdr608.jpg,0.5267,YES
hpdr609.jpg,0.3541,NO
hpdr61.jpg,0.7399,YES
hpdr611.jpg,0.4124,NO
hpdr610.jpg,0.1468,NO
hpdr612.jpg,0.3689,NO
hpdr614.jpg,0.4565,NO
hpdr615.jpg,0.3078,NO
hpdr616.jpg,0.2706,NO
hpdr617.jpg,0.4301,NO
hpdr618.jpg,0.4182,NO
hpdr619.jpg,0.3348,NO
hpdr620.jpg,0.2012,NO
hpdr621.jpg,0.4376,NO
hpdr623.jpg,0.4380,NO
hpdr624.jpg,0.3427,NO
hpdr625.jpg,0.3950,NO
hpdr626.jpg,0.4906,NO
hpdr627.jpg,0.5205,YES
hpdr632.jpg,0.2102,NO
hpdr629.jpg,0.3689,NO
hpdr633.jpg,0.4415,NO
hpdr634.jpg,0.5620,YES
hpdr635.jpg,0.2581,NO
hpdr636.jpg,0.3295,NO
hpdr637.jpg,0.3639,NO
hpdr638.jpg,0.3681,NO
hpdr639.jpg,0.1597,NO
hpdr640.jpg,0.2399,NO
hpdr641.jpg,0.3497,NO
hpdr642.jpg,0.1876,NO
hpdr643.jpg,0.2983,NO
hpdr644.jpg,0.1875,NO
hpdr645.jpg,0.4563,NO
hpdr646.jpg,0.2192,NO
hpdr647.jpg,0.4148,NO
hpdr649.jpg,0.3869,NO
hpdr650.jpg,0.3768,NO
hpdr652.jpg,0.4388,NO
hpdr653.jpg,0.4557,NO
hpdr654.jpg,0.4560,NO
hpdr656.jpg,0.3615,NO
hpdr655.jpg,0.6864,YES
hpdr657.jpg,0.4819,NO
hpdr658.jpg,0.3872,NO
hpdr659.jpg,0.4289,NO
hpdr66.jpg,0.2258,NO
hpdr660.jpg,0.4675,NO
hpdr661.jpg,0.4619,NO
hpdr664.jpg,0.3314,NO
hpdr662.jpg,0.1723,NO
hpdr665.jpg,0.2177,NO
hpdr666.jpg,0.2372,NO
hpdr668.jpg,0.3012,NO
hpdr670.jpg,0.2637,NO
hpdr672.jpg,0.1753,NO
hpdr671.jpg,0.3929,NO
hpdr673.jpg,0.2226,NO
hpdr674.jpg,0.2860,NO
hpdr675.jpg,0.0537,NO
hpdr676.jpg,0.4109,NO
hpdr677.jpg,0.4924,NO
hpdr678.jpg,0.2812,NO
hpdr679.jpg,0.3372,NO
hpdr680.jpg,0.3404,NO
hpdr681.jpg,0.3285,NO
hpdr682.jpg,0.2138,NO
hpdr683.jpg,0.3361,NO
hpdr684.jpg,0.4230,NO
hpdr685.jpg,0.4122,NO
hpdr686.jpg,0.2859,NO
hpdr687.jpg,0.2241,NO
hpdr689.jpg,0.3686,NO
hpdr688.jpg,0.4064,NO
hpdr69.jpg,0.5732,YES
hpdr690.jpg,0.3592,NO
hpdr691.jpg,0.3162,NO
hpdr692.jpg,0.5260,YES
hpdr693.jpg,0.3827,NO
hpdr694.jpg,0.3895,NO
hpdr695.jpg,0.2742,NO
hpdr697.jpg,0.6314,YES
hpdr698.jpg,0.7256,YES
hpdr699.jpg,0.4385,NO
hpdr7.jpg,0.5583,YES
hpdr700.jpg,0.4585,NO
hpdr701.jpg,0.2634,NO
hpdr703.jpg,0.2681,NO
hpdr702.jpg,0.4138,NO
hpdr704.jpg,0.2689,NO
hpdr705.jpg,0.2052,NO
hpdr706.jpg,0.4238,NO
hpdr707.jpg,0.3552,NO
hpdr708.jpg,0.3136,NO
hpdr709.jpg,0.4394,NO
hpdr710.jpg,0.3648,NO
hpdr711.jpg,0.4880,NO
hpdr712.jpg,0.3338,NO
hpdr713.jpg,0.5037,YES
hpdr714.jpg,0.3513,NO
hpdr715.jpg,0.4894,NO
hpdr716.jpg,0.4492,NO
hpdr717.jpg,0.4969,NO
hpdr72.jpg,0.6677,YES
hpdr718.jpg,0.4715,NO
hpdr720.jpg,0.4652,NO
hpdr721.jpg,0.5278,YES
hpdr722.jpg,0.5076,YES
hpdr723.jpg,0.4949,NO
hpdr724.jpg,0.2906,NO
hpdr725.jpg,0.1362,NO
hpdr727.jpg,0.5723,YES
hpdr728.jpg,0.4787,NO
hpdr729.jpg,0.4677,NO
hpdr73.jpg,0.2355,NO
hpdr730.jpg,0.5742,YES
hpdr731.jpg,0.5008,YES
hpdr732.jpg,0.4541,NO
hpdr733.jpg,0.6566,YES
hpdr734.jpg,0.1026,NO
hpdr735.jpg,0.3479,NO
hpdr736.jpg,0.6376,YES
hpdr737.jpg,0.6832,YES
hpdr739.jpg,0.6522,YES
hpdr74.jpg,0.8354,YES
hpdr740.jpg,0.5288,YES
hpdr741.jpg,0.6129,YES
hpdr742.jpg,0.5891,YES
hpdr743.jpg,0.5528,YES
hpdr744.jpg,0.0690,NO
hpdr745.jpg,0.3658,NO
hpdr746.jpg,0.3375,NO
hpdr747.jpg,0.5646,YES
hpdr748.jpg,0.8583,YES
hpdr749.jpg,0.7297,YES
hpdr75.jpg,0.3002,NO
hpdr750.jpg,0.7208,YES
hpdr751.jpg,0.8715,YES
hpdr752.jpg,0.8509,YES
hpdr753.jpg,0.7938,YES
hpdr754.jpg,0.8450,YES
hpdr755.jpg,0.8273,YES
hpdr756.jpg,0.8493,YES
hpdr759.jpg,0.8632,YES
hpdr76.jpg,0.8303,YES
hpdr760.jpg,0.7962,YES
hpdr761.jpg,0.8163,YES
hpdr763.jpg,0.8370,YES
hpdr764.jpg,0.7997,YES
hpdr765.jpg,0.6101,YES
hpdr766.jpg,0.2066,NO
hpdr767.jpg,0.7310,YES
hpdr768.jpg,0.2920,NO
hpdr769.jpg,0.8308,YES
hpdr77.jpg,0.8060,YES
hpdr770.jpg,0.4904,NO
hpdr771.jpg,0.7096,YES
hpdr772.jpg,0.2884,NO
hpdr773.jpg,0.7702,YES
hpdr774.jpg,0.6066,YES
hpdr776.jpg,0.2773,NO
hpdr775.jpg,0.1614,NO
hpdr777.jpg,0.8449,YES
hpdr778.jpg,0.8695,YES
hpdr78.jpg,0.4532,NO
hpdr780.jpg,0.3261,NO
hpdr782.jpg,0.8121,YES
hpdr783.jpg,0.3632,NO
hpdr784.jpg,0.7381,YES
hpdr786.jpg,0.8998,YES
hpdr788.jpg,0.7876,YES
hpdr789.jpg,0.3400,NO
hpdr79.jpg,0.8589,YES
hpdr790.jpg,0.8286,YES
hpdr791.jpg,0.3760,NO
hpdr792.jpg,0.8332,YES
hpdr793.jpg,0.8457,YES
hpdr794.jpg,0.7475,YES
hpdr795.jpg,0.3269,NO
hpdr796.jpg,0.6845,YES
hpdr797.jpg,0.7195,YES
hpdr798.jpg,0.6709,YES
hpdr799.jpg,0.6545,YES
hpdr80.jpg,0.5741,YES
hpdr8.jpg,0.5712,YES
hpdr800.jpg,0.6852,YES
hpdr801.jpg,0.3898,NO
hpdr802.jpg,0.4227,NO
hpdr803.jpg,0.1577,NO
hpdr804.jpg,0.6035,YES
hpdr805.jpg,0.7814,YES
hpdr807.jpg,0.3543,NO
hpdr806.jpg,0.2405,NO
hpdr808.jpg,0.6389,YES
hpdr809.jpg,0.6714,YES
hpdr810.jpg,0.7758,YES
hpdr811.jpg,0.7768,YES
hpdr812.jpg,0.7547,YES
hpdr813.jpg,0.4461,NO
hpdr815.jpg,0.7405,YES
hpdr814.jpg,0.2161,NO
hpdr817.jpg,0.6946,YES
hpdr818.jpg,0.9075,YES
hpdr819.jpg,0.4094,NO
hpdr82.jpg,0.7839,YES
hpdr820.jpg,0.8486,YES
hpdr821.jpg,0.2103,NO
hpdr822.jpg,0.8946,YES
hpdr823.jpg,0.8908,YES
hpdr824.jpg,0.3727,NO
hpdr825.jpg,0.7152,YES
hpdr826.jpg,0.8905,YES
hpdr827.jpg,0.9006,YES
hpdr828.jpg,0.8781,YES
hpdr829.jpg,0.3996,NO
hpdr830.jpg,0.6004,YES
hpdr838.jpg,0.8700,YES
hpdr837.jpg,0.5981,YES
hpdr84.jpg,0.6978,YES
hpdr840.jpg,0.7664,YES
hpdr841.jpg,0.8483,YES
hpdr842.jpg,0.8860,YES
hpdr844.jpg,0.9107,YES
hpdr845.jpg,0.9011,YES
hpdr848.jpg,0.6734,YES
hpdr847.jpg,0.8607,YES
hpdr846.jpg,0.2222,NO
hpdr849.jpg,0.8674,YES
hpdr850.jpg,0.9061,YES
hpdr851.jpg,0.8221,YES
hpdr852.jpg,0.8367,YES
hpdr853.jpg,0.9048,YES
hpdr856.jpg,0.8782,YES
hpdr854.jpg,0.7732,YES
hpdr857.jpg,0.3462,NO
hpdr858.jpg,0.8883,YES
hpdr859.jpg,0.8695,YES
hpdr860.jpg,0.8969,YES
hpdr862.jpg,0.9002,YES
hpdr863.jpg,0.8535,YES
hpdr865.jpg,0.8175,YES
hpdr866.jpg,0.8801,YES
hpdr867.jpg,0.2413,NO
hpdr868.jpg,0.4328,NO
hpdr869.jpg,0.1722,NO
hpdr87.jpg,0.6572,YES
hpdr870.jpg,0.2125,NO
hpdr871.jpg,0.8542,YES
hpdr872.jpg,0.9044,YES
hpdr873.jpg,0.8699,YES
hpdr874.jpg,0.8901,YES
hpdr875.jpg,0.9021,YES
hpdr876.jpg,0.8994,YES
hpdr877.jpg,0.7213,YES
hpdr878.jpg,0.5698,YES
hpdr880.jpg,0.2299,NO
hpdr881.jpg,0.5742,YES
hpdr882.jpg,0.7355,YES
hpdr883.jpg,0.2559,NO
hpdr884.jpg,0.6125,YES
hpdr885.jpg,0.7265,YES
hpdr886.jpg,0.7116,YES
hpdr887.jpg,0.5638,YES
hpdr888.jpg,0.6576,YES
hpdr889.jpg,0.2148,NO
hpdr89.jpg,0.5234,YES
hpdr891.jpg,0.3183,NO
hpdr892.jpg,0.5274,YES
hpdr893.jpg,0.7543,YES
hpdr894.jpg,0.6534,YES
hpdr896.jpg,0.6190,YES
hpdr898.jpg,0.7561,YES
hpdr897.jpg,0.6947,YES
hpdr899.jpg,0.5669,YES
hpdr9.jpg,0.1548,NO
hpdr90.jpg,0.5881,YES
hpdr900.jpg,0.1994,NO
hpdr902.jpg,0.6116,YES
hpdr903.jpg,0.5995,YES
hpdr906.jpg,0.4010,NO
hpdr904.jpg,0.6440,YES
hpdr905.jpg,0.4698,NO
hpdr908.jpg,0.4979,NO
hpdr909.jpg,0.5114,YES
hpdr91.jpg,0.3609,NO
hpdr910.jpg,0.3626,NO
hpdr913.jpg,0.1448,NO
hpdr916.jpg,0.6867,YES
hpdr915.jpg,0.0384,NO
hpdr918.jpg,0.4000,NO
hpdr917.jpg,0.1581,NO
hpdr919.jpg,0.5500,YES
hpdr92.jpg,0.5466,YES
hpdr922.jpg,0.4313,NO
hpdr923.jpg,0.3300,NO
hpdr925.jpg,0.6654,YES
hpdr924.jpg,0.5047,YES
hpdr926.jpg,0.6456,YES
hpdr928.jpg,0.7474,YES
hpdr929.jpg,0.1879,NO
hpdr93.jpg,0.5093,YES
hpdr930.jpg,0.6757,YES
hpdr931.jpg,0.6839,YES
hpdr932.jpg,0.5557,YES
hpdr935.jpg,0.5336,YES
hpdr939.jpg,0.4819,NO
hpdr94.jpg,0.4272,NO
hpdr940.jpg,0.6338,YES
hpdr942.jpg,0.4229,NO
hpdr943.jpg,0.4484,NO
hpdr944.jpg,0.2073,NO
hpdr945.jpg,0.1729,NO
hpdr946.jpg,0.2856,NO
hpdr948.jpg,0.4587,NO
hpdr95.jpg,0.4619,NO
hpdr949.jpg,0.1532,NO
hpdr950.jpg,0.1268,NO
hpdr951.jpg,0.3606,NO
hpdr952.jpg,0.3689,NO
hpdr953.jpg,0.3787,NO
hpdr954.jpg,0.5751,YES
hpdr955.jpg,0.3556,NO
hpdr956.jpg,0.3844,NO
hpdr957.jpg,0.2710,NO
hpdr958.jpg,0.3612,NO
hpdr96.jpg,0.4790,NO
hpdr960.jpg,0.3628,NO
hpdr962.jpg,0.2191,NO
hpdr963.jpg,0.5099,YES
hpdr964.jpg,0.3132,NO
hpdr965.jpg,0.3114,NO
hpdr966.jpg,0.6220,YES
hpdr967.jpg,0.4779,NO
hpdr968.jpg,0.5506,YES
hpdr969.jpg,0.3494,NO
hpdr970.jpg,0.3467,NO
hpdr972.jpg,0.3523,NO
hpdr971.jpg,0.3696,NO
hpdr973.jpg,0.4253,NO
hpdr974.jpg,0.2087,NO
hpdr975.jpg,0.2035,NO
hpdr976.jpg,0.3475,NO
hpdr977.jpg,0.3029,NO
hpdr978.jpg,0.2297,NO
hpdr979.jpg,0.2175,NO
hpdr98.jpg,0.6370,YES
hpdr980.jpg,0.3130,NO
hpdr981.jpg,0.3185,NO
hpdr982.jpg,0.3189,NO
hpdr983.jpg,0.3468,NO
hpdr984.jpg,0.3088,NO
hpdr985.jpg,0.2655,NO
hpdr987.jpg,0.2498,NO
hpdr986.jpg,0.2491,NO
hpdr988.jpg,0.2937,NO
hpdr990.jpg,0.4580,NO
hpdr991.jpg,0.5190,YES
hpdr992.jpg,0.6351,YES
hpdr993.jpg,0.2848,NO
hptm01.jpg,0.4255,NO
hptm1000.jpg,0.7361,YES
hptm03.jpg,0.1646,NO
hptm1001.jpg,0.4725,NO
hptm1002.jpg,0.2328,NO
hptm1003.jpg,0.7813,YES
hptm1004.jpg,0.7550,YES
hptm1005.jpg,0.7020,YES
hptm1006.jpg,0.7609,YES
hptm1007.jpg,0.6818,YES
hptm1010.jpg,0.3397,NO
hptm1008.jpg,0.2962,NO
hptm1011.jpg,0.4139,NO
hptm1012.jpg,0.1393,NO
hptm1013.jpg,0.6859,YES
hptm1014.jpg,0.5078,YES
hptm1015.jpg,0.7087,YES
hptm1016.jpg,0.7108,YES
hptm1018.jpg,0.7400,YES
hptm1019.jpg,0.7536,YES
hptm1020.jpg,0.7760,YES
hptm1021.jpg,0.7979,YES
hptm1022.jpg,0.5392,YES
hptm1023.jpg,0.2486,NO
hptm1026.jpg,0.4350,NO
hptm1027.jpg,0.5169,YES
hptm1028.jpg,0.5030,YES
hptm1029.jpg,0.6603,YES
hptm1030.jpg,0.5811,YES
hptm1031.jpg,0.5014,YES
hptm1032.jpg,0.5087,YES
hptm1033.jpg,0.1975,NO
hptm1034.jpg,0.6603,YES
hptm1037.jpg,0.5657,YES
hptm1035.jpg,0.7456,YES
hptm1038.jpg,0.5047,YES
hptm1039.jpg,0.8012,YES
hptm104.jpg,0.1834,NO
hptm1040.jpg,0.7308,YES
hptm1041.jpg,0.1742,NO
hptm1042.jpg,0.5203,YES
hptm1044.jpg,0.5584,YES
hptm1043.jpg,0.5304,YES
hptm1045.jpg,0.4841,NO
hptm1046.jpg,0.6969,YES
hptm1047.jpg,0.5789,YES
hptm1048.jpg,0.5826,YES
hptm105.jpg,0.1700,NO
hptm1050.jpg,0.7538,YES
hptm1052.jpg,0.7542,YES
hptm1051.jpg,0.4410,NO
hptm1053.jpg,0.7414,YES
hptm1054.jpg,0.5161,YES
hptm1055.jpg,0.7899,YES
hptm1056.jpg,0.7668,YES
hptm1057.jpg,0.7207,YES
hptm1058.jpg,0.1360,NO
hptm1059.jpg,0.7136,YES
hptm1060.jpg,0.7424,YES
hptm1061.jpg,0.7070,YES
hptm1062.jpg,0.6187,YES
hptm1063.jpg,0.1522,NO
hptm1064.jpg,0.6651,YES
hptm1068.jpg,0.6590,YES
hptm1065.jpg,0.7374,YES
hptm1069.jpg,0.4270,NO
hptm107.jpg,0.7702,YES
hptm1070.jpg,0.3139,NO
hptm1072.jpg,0.4216,NO
hptm1073.jpg,0.4694,NO
hptm1074.jpg,0.1905,NO
hptm1075.jpg,0.4909,NO
hptm1076.jpg,0.4682,NO
hptm1079.jpg,0.6498,YES
hptm1078.jpg,0.5028,YES
hptm1080.jpg,0.4728,NO
hptm1081.jpg,0.3842,NO
hptm1082.jpg,0.4051,NO
hptm1083.jpg,0.5024,YES
hptm1084.jpg,0.5226,YES
hptm1085.jpg,0.4391,NO
hptm1087.jpg,0.7821,YES
hptm1086.jpg,0.0206,NO
hptm1090.jpg,0.4922,NO
hptm1091.jpg,0.2739,NO
hptm1092.jpg,0.5199,YES
hptm1094.jpg,0.5295,YES
hptm1095.jpg,0.3914,NO
hptm1096.jpg,0.2343,NO
hptm1098.jpg,0.2608,NO
hptm1099.jpg,0.5705,YES
hptm1100.jpg,0.5315,YES
hptm1101.jpg,0.1858,NO
hptm1102.jpg,0.7358,YES
hptm1103.jpg,0.1802,NO
hptm1104.jpg,0.7716,YES
hptm1105.jpg,0.5321,YES
hptm1108.jpg,0.5701,YES
hptm1106.jpg,0.5723,YES
hptm1109.jpg,0.1656,NO
hptm1110.jpg,0.6306,YES
hptm1113.jpg,0.4801,NO
hptm1114.jpg,0.5689,YES
hptm1112.jpg,0.7099,YES
hptm1115.jpg,0.8021,YES
hptm1117.jpg,0.7639,YES
hptm1116.jpg,0.7860,YES
hptm1118.jpg,0.2123,NO
hptm1119.jpg,0.5676,YES
hptm1121.jpg,0.5092,YES
hptm1120.jpg,0.6716,YES
hptm1122.jpg,0.5877,YES
hptm1123.jpg,0.2739,NO
hptm1125.jpg,0.6850,YES
hptm1124.jpg,0.4818,NO
hptm1126.jpg,0.3242,NO
hptm1127.jpg,0.4369,NO
hptm1129.jpg,0.7343,YES
hptm1130.jpg,0.6283,YES
hptm1131.jpg,0.2739,NO
hptm1132.jpg,0.2494,NO
hptm1134.jpg,0.2435,NO
hptm1135.jpg,0.2151,NO
hptm1136.jpg,0.5648,YES
hptm1137.jpg,0.5610,YES
hptm1139.jpg,0.2579,NO
hptm1141.jpg,0.7830,YES
hptm1142.jpg,0.3016,NO
hptm1143.jpg,0.6603,YES
hptm1144.jpg,0.6731,YES
hptm1145.jpg,0.5745,YES
hptm1146.jpg,0.4533,NO
hptm1147.jpg,0.7041,YES
hptm1149.jpg,0.5947,YES
hptm1150.jpg,0.5819,YES
hptm1151.jpg,0.6408,YES
hptm1152.jpg,0.2294,NO
hptm1153.jpg,0.2362,NO
hptm1154.jpg,0.6694,YES
hptm1155.jpg,0.6746,YES
hptm1156.jpg,0.4702,NO
hptm1157.jpg,0.2732,NO
hptm1158.jpg,0.4221,NO
hptm1159.jpg,0.5909,YES
hptm1160.jpg,0.1631,NO
hptm1162.jpg,0.5524,YES
hptm1161.jpg,0.1798,NO
hptm1164.jpg,0.6518,YES
hptm1167.jpg,0.6355,YES
hptm1165.jpg,0.4641,NO
hptm1166.jpg,0.6598,YES
hptm1169.jpg,0.2438,NO
hptm1168.jpg,0.0567,NO
hptm1170.jpg,0.2588,NO
hptm1171.jpg,0.2593,NO
hptm1173.jpg,0.5308,YES
hptm1175.jpg,0.6777,YES
hptm1177.jpg,0.2060,NO
hptm1176.jpg,0.6786,YES
hptm1178.jpg,0.3483,NO
hptm1179.jpg,0.0790,NO
hptm1180.jpg,0.6117,YES
hptm1181.jpg,0.7047,YES
hptm1184.jpg,0.7619,YES
hptm1185.jpg,0.7775,YES
hptm1186.jpg,0.5677,YES
hptm1187.jpg,0.7536,YES
hptm1188.jpg,0.1740,NO
hptm1189.jpg,0.5126,YES
hptm1191.jpg,0.4700,NO
hptm1190.jpg,0.1106,NO
hptm1192.jpg,0.7764,YES
hptm1193.jpg,0.8048,YES
hptm1194.jpg,0.8106,YES
hptm1196.jpg,0.7280,YES
hptm1197.jpg,0.7779,YES
hptm1198.jpg,0.8078,YES
hptm1199.jpg,0.8476,YES
hptm1200.jpg,0.7648,YES
hptm1201.jpg,0.4208,NO
hptm1203.jpg,0.7143,YES
hptm1204.jpg,0.8147,YES
hptm1205.jpg,0.1102,NO
hptm1206.jpg,0.7213,YES
hptm1207.jpg,0.5770,YES
hptm1209.jpg,0.6612,YES
hptm1208.jpg,0.2372,NO
hptm1212.jpg,0.5645,YES
hptm1223.jpg,0.6436,YES
hptm1224.jpg,0.7103,YES
hptm1225.jpg,0.6850,YES
hptm1226.jpg,0.6581,YES
hptm1228.jpg,0.7287,YES
hptm1229.jpg,0.7129,YES
hptm1230.jpg,0.5751,YES
hptm1231.jpg,0.3999,NO
hptm1233.jpg,0.6825,YES
hptm1234.jpg,0.1500,NO
hptm1235.jpg,0.5792,YES
hptm1236.jpg,0.6340,YES
hptm1237.jpg,0.3445,NO
hptm1238.jpg,0.7094,YES
hptm1239.jpg,0.7617,YES
hptm1240.jpg,0.2175,NO
hptm1241.jpg,0.1842,NO
hptm1242.jpg,0.7174,YES
hptm1243.jpg,0.7549,YES
hptm1245.jpg,0.2582,NO
hptm1246.jpg,0.6576,YES
hptm1247.jpg,0.3982,NO
hptm1249.jpg,0.6044,YES
hptm1250.jpg,0.4959,NO
hptm1252.jpg,0.5659,YES
hptm1251.jpg,0.6605,YES
hptm1253.jpg,0.2437,NO
hptm1254.jpg,0.6142,YES
hptm1256.jpg,0.2967,NO
hptm1255.jpg,0.5971,YES
hptm1257.jpg,0.3759,NO
hptm1258.jpg,0.7587,YES
hptm1260.jpg,0.5474,YES
hptm1259.jpg,0.5259,YES
hptm1261.jpg,0.6135,YES
hptm1262.jpg,0.4639,NO
hptm1263.jpg,0.7863,YES
hptm1264.jpg,0.7076,YES
hptm1265.jpg,0.6232,YES
hptm1267.jpg,0.6153,YES
hptm1268.jpg,0.1628,NO
hptm1269.jpg,0.0950,NO
hptm1270.jpg,0.5142,YES
hptm1271.jpg,0.6437,YES
hptm1273.jpg,0.2460,NO
hptm1275.jpg,0.1755,NO
hptm1274.jpg,0.7163,YES
hptm1276.jpg,0.7730,YES
hptm1277.jpg,0.3308,NO
hptm1278.jpg,0.7484,YES
hptm1280.jpg,0.0655,NO
hptm1281.jpg,0.2807,NO
hptm1282.jpg,0.5555,YES
hptm1283.jpg,0.2125,NO
hptm1284.jpg,0.6380,YES
hptm1285.jpg,0.6061,YES
hptm1286.jpg,0.7304,YES
hptm1287.jpg,0.2053,NO
hptm1288.jpg,0.1596,NO
hptm1289.jpg,0.1789,NO
hptm1290.jpg,0.7657,YES
hptm1291.jpg,0.5440,YES
hptm1292.jpg,0.5236,YES
hptm1293.jpg,0.7205,YES
hptm1294.jpg,0.4346,NO
hptm1295.jpg,0.1837,NO
hptm1296.jpg,0.5356,YES
hptm1297.jpg,0.5581,YES
hptm1298.jpg,0.4943,NO
hptm1300.jpg,0.5871,YES
hptm1299.jpg,0.7698,YES
hptm1301.jpg,0.7783,YES
hptm1302.jpg,0.4368,NO
hptm1303.jpg,0.4651,NO
hptm1304.jpg,0.7863,YES
hptm1305.jpg,0.7959,YES
hptm1306.jpg,0.5886,YES
hptm1307.jpg,0.5934,YES
hptm1308.jpg,0.0790,NO
hptm1309.jpg,0.7694,YES
hptm1310.jpg,0.7250,YES
hptm1311.jpg,0.6955,YES
hptm1313.jpg,0.2796,NO
hptm1315.jpg,0.1162,NO
hptm1316.jpg,0.4972,NO
hptm1317.jpg,0.5944,YES
hptm1318.jpg,0.5817,YES
hptm1319.jpg,0.4636,NO
hptm1320.jpg,0.4284,NO
hptm1323.jpg,0.7288,YES
hptm1322.jpg,0.1641,NO
hptm1321.jpg,0.3689,NO
hptm1325.jpg,0.4003,NO
hptm1326.jpg,0.4283,NO
hptm1328.jpg,0.6724,YES
hptm1327.jpg,0.1629,NO
hptm1329.jpg,0.5855,YES
hptm1330.jpg,0.7246,YES
hptm1331.jpg,0.7354,YES
hptm1333.jpg,0.1311,NO
hptm1334.jpg,0.6685,YES
hptm1335.jpg,0.6732,YES
hptm1337.jpg,0.4660,NO
hptm1338.jpg,0.4514,NO
hptm1339.jpg,0.7955,YES
hptm1340.jpg,0.0758,NO
hptm1341.jpg,0.3849,NO
hptm1342.jpg,0.4695,NO
hptm1345.jpg,0.1817,NO
hptm1346.jpg,0.7094,YES
hptm1347.jpg,0.4085,NO
hptm1348.jpg,0.5900,YES
hptm1349.jpg,0.5903,YES
hptm1350.jpg,0.5854,YES
hptm1352.jpg,0.6995,YES
hptm1351.jpg,0.7234,YES
hptm1353.jpg,0.7403,YES
hptm1355.jpg,0.7951,YES
hptm1356.jpg,0.3965,NO
hptm1354.jpg,0.1140,NO
hptm1357.jpg,0.5010,YES
hptm1358.jpg,0.5123,YES
hptm1360.jpg,0.6802,YES
hptm1359.jpg,0.5819,YES
hptm1363.jpg,0.5607,YES
hptm1364.jpg,0.1636,NO
hptm1365.jpg,0.2153,NO
hptm1366.jpg,0.2481,NO
hptm1368.jpg,0.2401,NO
hptm1369.jpg,0.5506,YES
hptm1370.jpg,0.6216,YES
hptm1372.jpg,0.6086,YES
hptm1371.jpg,0.6234,YES
hptm1373.jpg,0.5772,YES
hptm1374.jpg,0.7267,YES
hptm1375.jpg,0.2287,NO
hptm1376.jpg,0.0307,NO
hptm1377.jpg,0.6497,YES
hptm1378.jpg,0.6117,YES
hptm1380.jpg,0.5883,YES
hptm1381.jpg,0.7245,YES
hptm1383.jpg,0.5859,YES
hptm1384.jpg,0.5851,YES
hptm1386.jpg,0.4916,NO
hptm1387.jpg,0.4253,NO
hptm1382.jpg,0.0677,NO
hptm1388.jpg,0.6668,YES
hptm1389.jpg,0.4858,NO
hptm1390.jpg,0.6905,YES
hptm1391.jpg,0.4367,NO
hptm1392.jpg,0.0744,NO
hptm1396.jpg,0.7389,YES
hptm1394.jpg,0.6080,YES
hptm1395.jpg,0.6881,YES
hptm1397.jpg,0.3642,NO
hptm1398.jpg,0.4097,NO
hptm1399.jpg,0.4072,NO
hptm1400.jpg,0.1280,NO
hptm1401.jpg,0.1009,NO
hptm1404.jpg,0.7247,YES
hptm1402.jpg,0.4770,NO
hptm1405.jpg,0.1918,NO
hptm1406.jpg,0.5797,YES
hptm1407.jpg,0.1914,NO
hptm1408.jpg,0.6799,YES
hptm1409.jpg,0.5694,YES
hptm1410.jpg,0.6128,YES
hptm1411.jpg,0.5876,YES
hptm1413.jpg,0.1798,NO
hptm1414.jpg,0.4853,NO
hptm1415.jpg,0.7066,YES
hptm1416.jpg,0.5331,YES
hptm1417.jpg,0.6250,YES
hptm1419.jpg,0.2142,NO
hptm1418.jpg,0.1743,NO
hptm1420.jpg,0.4388,NO
hptm1421.jpg,0.5838,YES
hptm1422.jpg,0.4959,NO
hptm1423.jpg,0.1210,NO
hptm1424.jpg,0.4840,NO
hptm1426.jpg,0.5479,YES
hptm1427.jpg,0.4528,NO
hptm1428.jpg,0.1589,NO
hptm1430.jpg,0.5373,YES
hptm1429.jpg,0.4980,NO
hptm1431.jpg,0.2123,NO
hptm1432.jpg,0.5735,YES
hptm1434.jpg,0.6477,YES
hptm1433.jpg,0.1169,NO
hptm1435.jpg,0.3683,NO
hptm1436.jpg,0.3711,NO
hptm1437.jpg,0.4357,NO
hptm1438.jpg,0.4998,NO
hptm1439.jpg,0.5210,YES
hptm1440.jpg,0.4558,NO
hptm1443.jpg,0.6571,YES
hptm1441.jpg,0.1841,NO
hptm1444.jpg,0.6999,YES
hptm1445.jpg,0.6847,YES
hptm1446.jpg,0.6474,YES
hptm1447.jpg,0.1848,NO
hptm1448.jpg,0.7733,YES
hptm1449.jpg,0.4913,NO
hptm1450.jpg,0.6255,YES
hptm1451.jpg,0.7641,YES
hptm1452.jpg,0.7579,YES
hptm1454.jpg,0.6148,YES
hptm1455.jpg,0.4557,NO
hptm1456.jpg,0.5166,YES
hptm1457.jpg,0.1646,NO
hptm1458.jpg,0.1913,NO
hptm1460.jpg,0.1885,NO
hptm1461.jpg,0.6725,YES
hptm1462.jpg,0.2522,NO
hptm1464.jpg,0.6254,YES
hptm1465.jpg,0.1456,NO
hptm1467.jpg,0.5178,YES
hptm1466.jpg,0.4839,NO
hptm1468.jpg,0.5245,YES
hptm1469.jpg,0.4560,NO
hptm1470.jpg,0.7363,YES
hptm1471.jpg,0.7237,YES
hptm1472.jpg,0.1622,NO
hptm1474.jpg,0.4706,NO
hptm1473.jpg,0.4318,NO
hptm1475.jpg,0.5023,YES
hptm1476.jpg,0.1467,NO
hptm1477.jpg,0.3201,NO
hptm1478.jpg,0.1905,NO
hptm1479.jpg,0.4225,NO
hptm1480.jpg,0.1766,NO
hptm148.jpg,0.0918,NO
hptm1482.jpg,0.8094,YES
hptm1483.jpg,0.3691,NO
hptm1484.jpg,0.4135,NO
hptm1486.jpg,0.5335,YES
hptm1485.jpg,0.6575,YES
hptm1487.jpg,0.7266,YES
hptm1488.jpg,0.4878,NO
hptm1489.jpg,0.7188,YES
hptm1490.jpg,0.7894,YES
hptm1492.jpg,0.4314,NO
hptm1491.jpg,0.2190,NO
hptm1494.jpg,0.3412,NO
hptm1493.jpg,0.1669,NO
hptm1496.jpg,0.0880,NO
hptm1497.jpg,0.1438,NO
hptm1498.jpg,0.7503,YES
hptm1501.jpg,0.1971,NO
hptm1500.jpg,0.1297,NO
hptm1502.jpg,0.5399,YES
hptm1503.jpg,0.5547,YES
hptm1504.jpg,0.4977,NO
hptm1505.jpg,0.2004,NO
hptm1506.jpg,0.5728,YES
hptm1507.jpg,0.2257,NO
hptm1509.jpg,0.5305,YES
hptm1508.jpg,0.6881,YES
hptm1510.jpg,0.2353,NO
hptm1511.jpg,0.6432,YES
hptm1512.jpg,0.7413,YES
hptm1513.jpg,0.7288,YES
hptm1514.jpg,0.2268,NO
hptm1515.jpg,0.5876,YES
hptm1516.jpg,0.5701,YES
hptm1517.jpg,0.2938,NO
hptm1518.jpg,0.3359,NO
hptm1519.jpg,0.3929,NO
hptm152.jpg,0.8274,YES
hptm1520.jpg,0.3188,NO
hptm1522.jpg,0.4689,NO
hptm1521.jpg,0.3037,NO
hptm1524.jpg,0.4808,NO
hptm1523.jpg,0.7641,YES
hptm1526.jpg,0.5152,YES
hptm1525.jpg,0.3547,NO
hptm1528.jpg,0.2238,NO
hptm153.jpg,0.6562,YES
hptm1530.jpg,0.2993,NO
hptm1531.jpg,0.3486,NO
hptm1532.jpg,0.6514,YES
hptm1533.jpg,0.1505,NO
hptm1534.jpg,0.7892,YES
hptm1536.jpg,0.7237,YES
hptm1537.jpg,0.7417,YES
hptm1539.jpg,0.2511,NO
hptm1542.jpg,0.3951,NO
hptm1540.jpg,0.4653,NO
hptm1541.jpg,0.8072,YES
hptm1543.jpg,0.3283,NO
hptm1546.jpg,0.3657,NO
hptm1545.jpg,0.1862,NO
hptm1544.jpg,0.6451,YES
hptm1547.jpg,0.1584,NO
hptm1548.jpg,0.2616,NO
hptm155.jpg,0.6980,YES
hptm1549.jpg,0.4211,NO
hptm1550.jpg,0.4107,NO
hptm1553.jpg,0.7596,YES
hptm1552.jpg,0.7071,YES
hptm1554.jpg,0.6415,YES
hptm1555.jpg,0.4299,NO
hptm1557.jpg,0.4273,NO
hptm1556.jpg,0.4906,NO
hptm1558.jpg,0.7747,YES
hptm1559.jpg,0.7466,YES
hptm1561.jpg,0.3928,NO
hptm1560.jpg,0.1232,NO
hptm1562.jpg,0.7370,YES
hptm1563.jpg,0.3273,NO
hptm1564.jpg,0.5185,YES
hptm1565.jpg,0.4574,NO
hptm1566.jpg,0.7440,YES
hptm1567.jpg,0.7624,YES
hptm1568.jpg,0.7886,YES
hptm1569.jpg,0.7882,YES
hptm1570.jpg,0.2176,NO
hptm1571.jpg,0.8086,YES
hptm1572.jpg,0.4647,NO
hptm1573.jpg,0.5109,YES
hptm1574.jpg,0.4375,NO
hptm1575.jpg,0.4587,NO
hptm1577.jpg,0.3687,NO
hptm1578.jpg,0.7259,YES
hptm1579.jpg,0.4624,NO
hptm1580.jpg,0.1405,NO
hptm1582.jpg,0.3569,NO
hptm1581.jpg,0.2046,NO
hptm1583.jpg,0.5299,YES
hptm1584.jpg,0.6028,YES
hptm1585.jpg,0.5466,YES
hptm1586.jpg,0.6194,YES
hptm1587.jpg,0.5771,YES
hptm1588.jpg,0.6086,YES
hptm1589.jpg,0.4577,NO
hptm1590.jpg,0.1004,NO
hptm1591.jpg,0.5616,YES
hptm1592.jpg,0.5585,YES
hptm1593.jpg,0.4313,NO
hptm1594.jpg,0.3675,NO
hptm1595.jpg,0.3642,NO
hptm1596.jpg,0.0518,NO
hptm1598.jpg,0.3271,NO
hptm1599.jpg,0.6465,YES
hptm1600.jpg,0.1650,NO
hptm1601.jpg,0.5118,YES
hptm1602.jpg,0.0274,NO
hptm1603.jpg,0.5963,YES
hptm1604.jpg,0.1750,NO
hptm1605.jpg,0.5980,YES
hptm1606.jpg,0.5275,YES
hptm1607.jpg,0.1913,NO
hptm1608.jpg,0.0559,NO
hptm1610.jpg,0.2018,NO
hptm1611.jpg,0.2341,NO
hptm1612.jpg,0.7228,YES
hptm1613.jpg,0.1210,NO
hptm1614.jpg,0.4977,NO
hptm1615.jpg,0.5693,YES
hptm1616.jpg,0.2606,NO
hptm1617.jpg,0.3713,NO
hptm1618.jpg,0.2860,NO
hptm1619.jpg,0.5341,YES
hptm1620.jpg,0.4730,NO
hptm1621.jpg,0.4018,NO
hptm1622.jpg,0.2956,NO
hptm1623.jpg,0.7705,YES
hptm1624.jpg,0.4238,NO
hptm1625.jpg,0.3963,NO
hptm1626.jpg,0.1952,NO
hptm1627.jpg,0.4527,NO
hptm1628.jpg,0.3078,NO
hptm1629.jpg,-0.0190,NO
hptm1630.jpg,0.2822,NO
hptm1631.jpg,0.4422,NO
hptm1632.jpg,0.3979,NO
hptm1633.jpg,0.2395,NO
hptm1634.jpg,0.2144,NO
hptm1635.jpg,0.3700,NO
hptm1636.jpg,0.3712,NO
hptm1637.jpg,0.2818,NO
hptm1638.jpg,0.5121,YES
hptm1639.jpg,0.6462,YES
hptm164.jpg,0.6706,YES
hptm1640.jpg,0.3587,NO
hptm1641.jpg,0.3137,NO
hptm1645.jpg,0.7399,YES
hptm1646.jpg,0.2279,NO
hptm1647.jpg,0.4761,NO
hptm1648.jpg,0.1896,NO
hptm1649.jpg,0.0682,NO
hptm1651.jpg,0.1796,NO
hptm1652.jpg,0.5111,YES
hptm1653.jpg,0.4640,NO
hptm1654.jpg,0.3766,NO
hptm1655.jpg,0.2742,NO
hptm1656.jpg,0.3846,NO
hptm1657.jpg,0.3251,NO
hptm1658.jpg,0.3680,NO
hptm166.jpg,0.4343,NO
hptm1660.jpg,0.2472,NO
hptm1661.jpg,0.4211,NO
hptm1662.jpg,0.1047,NO
hptm1663.jpg,0.3989,NO
hptm1664.jpg,0.4382,NO
hptm1665.jpg,0.0314,NO
hptm1667.jpg,0.4118,NO
hptm1666.jpg,0.4312,NO
hptm1668.jpg,0.4467,NO
hptm1669.jpg,0.7331,YES
hptm1670.jpg,0.0971,NO
hptm1671.jpg,0.2436,NO
hptm1672.jpg,0.2211,NO
hptm1673.jpg,0.2584,NO
hptm1675.jpg,0.3127,NO
hptm1674.jpg,0.1358,NO
hptm1676.jpg,0.2900,NO
hptm1677.jpg,0.3475,NO
hptm1678.jpg,0.6193,YES
hptm1680.jpg,0.4179,NO
hptm1681.jpg,0.3918,NO
hptm1682.jpg,0.7784,YES
hptm1683.jpg,0.7623,YES
hptm1684.jpg,0.7210,YES
hptm1685.jpg,0.7434,YES
hptm1686.jpg,0.5761,YES
hptm1687.jpg,0.1930,NO
hptm1688.jpg,0.1434,NO
hptm1689.jpg,0.5307,YES
hptm1690.jpg,0.7969,YES
hptm1691.jpg,0.1459,NO
hptm1694.jpg,0.5036,YES
hptm1696.jpg,0.1512,NO
hptm1697.jpg,0.4398,NO
hptm1698.jpg,0.5026,YES
hptm1699.jpg,0.4212,NO
hptm1700.jpg,0.2079,NO
hptm1701.jpg,0.7213,YES
hptm1702.jpg,0.6282,YES
hptm1703.jpg,0.5157,YES
hptm1704.jpg,0.4763,NO
hptm1705.jpg,0.3477,NO
hptm1707.jpg,0.4996,NO
hptm1708.jpg,0.4964,NO
hptm1706.jpg,0.1133,NO
hptm1709.jpg,0.4239,NO
hptm1711.jpg,0.3858,NO
hptm1712.jpg,0.3335,NO
hptm1713.jpg,0.3135,NO
hptm1710.jpg,0.4101,NO
hptm1714.jpg,0.5602,YES
hptm1715.jpg,0.4297,NO
hptm1716.jpg,0.2950,NO
hptm1717.jpg,0.2638,NO
hptm1718.jpg,0.3592,NO
hptm1719.jpg,0.5420,YES
hptm1720.jpg,0.5306,YES
hptm1721.jpg,0.5012,YES
hptm1722.jpg,0.1929,NO
hptm1724.jpg,0.6336,YES
hptm1725.jpg,0.5663,YES
hptm1726.jpg,0.0705,NO
hptm1728.jpg,0.5164,YES
hptm1727.jpg,0.6732,YES
hptm1729.jpg,0.3388,NO
hptm1730.jpg,0.3818,NO
hptm1731.jpg,0.3291,NO
hptm1732.jpg,0.3988,NO
hptm1733.jpg,0.4812,NO
hptm1734.jpg,0.3922,NO
hptm1735.jpg,0.4799,NO
hptm1737.jpg,0.2154,NO
hptm1738.jpg,0.5539,YES
hptm1739.jpg,0.2988,NO
hptm1740.jpg,0.4113,NO
hptm1742.jpg,0.3838,NO
hptm1743.jpg,0.4470,NO
hptm1744.jpg,0.2505,NO
hptm1745.jpg,0.4643,NO
hptm1746.jpg,0.2326,NO
hptm1747.jpg,0.5280,YES
hptm1748.jpg,0.3465,NO
hptm1749.jpg,0.3777,NO
hptm1750.jpg,0.2144,NO
hptm1751.jpg,0.1288,NO
hptm1752.jpg,0.1507,NO
hptm1755.jpg,0.3536,NO
hptm1754.jpg,0.2775,NO
hptm1756.jpg,0.4218,NO
hptm1757.jpg,0.1306,NO
hptm176.jpg,0.1316,NO
hptm1759.jpg,0.2210,NO
hptm1758.jpg,0.0423,NO
hptm1760.jpg,0.3985,NO
hptm1761.jpg,0.2974,NO
hptm1762.jpg,0.0979,NO
hptm1763.jpg,0.7068,YES
hptm1764.jpg,0.3600,NO
hptm1766.jpg,0.3736,NO
hptm1765.jpg,0.8205,YES
hptm1767.jpg,0.5756,YES
hptm1768.jpg,0.7077,YES
hptm1769.jpg,0.4494,NO
hptm1771.jpg,0.3083,NO
hptm1773.jpg,0.3305,NO
hptm1774.jpg,0.2642,NO
hptm1776.jpg,0.5147,YES
hptm1775.jpg,0.1317,NO
hptm1777.jpg,0.4660,NO
hptm1778.jpg,0.2591,NO
hptm1780.jpg,0.4715,NO
hptm1779.jpg,0.3073,NO
hptm1781.jpg,0.3243,NO
hptm1782.jpg,0.1439,NO
hptm1783.jpg,0.3544,NO
hptm1784.jpg,0.3312,NO
hptm1785.jpg,0.2695,NO
hptm1786.jpg,0.2752,NO
hptm1787.jpg,0.2740,NO
hptm1789.jpg,0.0913,NO
hptm1788.jpg,-0.0198,NO
hptm179.jpg,0.1842,NO
hptm1790.jpg,0.0976,NO
hptm1791.jpg,0.3956,NO
hptm1792.jpg,-0.0719,NO
hptm1793.jpg,0.1728,NO
hptm1794.jpg,0.1146,NO
hptm1795.jpg,0.2829,NO
hptm1796.jpg,0.1697,NO
hptm1797.jpg,0.2401,NO
hptm1799.jpg,0.2108,NO
hptm1798.jpg,0.1413,NO
hptm18.jpg,0.6618,YES
hptm180.jpg,0.6511,YES
hptm1800.jpg,0.1512,NO
hptm1801.jpg,0.1385,NO
hptm1802.jpg,0.4181,NO
hptm1804.jpg,0.2612,NO
hptm1805.jpg,0.1448,NO
hptm1806.jpg,0.3966,NO
hptm1807.jpg,0.2399,NO
hptm1808.jpg,0.2471,NO
hptm1809.jpg,0.2312,NO
hptm1810.jpg,0.2477,NO
hptm1811.jpg,0.3639,NO
hptm1812.jpg,0.4487,NO
hptm1814.jpg,0.4507,NO
hptm1815.jpg,0.0676,NO
hptm1816.jpg,0.3279,NO
hptm1813.jpg,0.5079,YES
hptm1817.jpg,0.3678,NO
hptm1818.jpg,0.5365,YES
hptm1819.jpg,0.6048,YES
hptm1820.jpg,0.1274,NO
hptm1821.jpg,0.1178,NO
hptm1822.jpg,0.0816,NO
hptm1823.jpg,0.5915,YES
hptm1824.jpg,0.4830,NO
hptm1825.jpg,0.1160,NO
hptm1827.jpg,0.5756,YES
hptm1826.jpg,0.3258,NO
hptm1828.jpg,0.0960,NO
hptm1829.jpg,0.2549,NO
hptm1830.jpg,0.2095,NO
hptm1832.jpg,0.5208,YES
hptm1831.jpg,0.0668,NO
hptm1833.jpg,0.5709,YES
hptm1835.jpg,0.1746,NO
hptm1834.jpg,0.1245,NO
hptm1836.jpg,0.1506,NO
hptm1838.jpg,0.1789,NO
hptm1839.jpg,0.4286,NO
hptm1840.jpg,0.1515,NO
hptm1841.jpg,0.0947,NO
hptm1842.jpg,0.1705,NO
hptm1843.jpg,0.4165,NO
hptm1844.jpg,0.3949,NO
hptm1845.jpg,0.6617,YES
hptm1847.jpg,0.1258,NO
hptm1848.jpg,0.3063,NO
hptm1849.jpg,0.1917,NO
hptm1850.jpg,0.2748,NO
hptm1851.jpg,0.1336,NO
hptm1852.jpg,0.2525,NO
hptm1853.jpg,0.2591,NO
hptm1855.jpg,0.2141,NO
hptm1856.jpg,0.2521,NO
hptm1857.jpg,0.6816,YES
hptm1858.jpg,0.2670,NO
hptm1860.jpg,0.2607,NO
hptm1862.jpg,0.2873,NO
hptm1861.jpg,0.2951,NO
hptm1863.jpg,0.1332,NO
hptm1864.jpg,0.0156,NO
hptm1865.jpg,0.2151,NO
hptm1867.jpg,0.3345,NO
hptm1868.jpg,0.7118,YES
hptm1869.jpg,0.5340,YES
hptm1873.jpg,0.3679,NO
hptm1870.jpg,0.3265,NO
hptm1875.jpg,0.4187,NO
hptm1876.jpg,0.5291,YES
hptm1877.jpg,0.5550,YES
hptm1878.jpg,0.3204,NO
hptm1879.jpg,0.2740,NO
hptm1880.jpg,0.5421,YES
hptm1882.jpg,0.3590,NO
hptm1883.jpg,0.2482,NO
hptm1881.jpg,0.0193,NO
hptm1884.jpg,0.2679,NO
hptm1885.jpg,0.2977,NO
hptm1886.jpg,0.3209,NO
hptm1887.jpg,0.5707,YES
hptm1888.jpg,0.6752,YES
hptm1890.jpg,0.5133,YES
hptm1891.jpg,0.1086,NO
hptm1892.jpg,0.4049,NO
hptm1893.jpg,0.3894,NO
hptm1894.jpg,0.0790,NO
hptm1895.jpg,0.4990,NO
hptm1896.jpg,0.3687,NO
hptm1899.jpg,0.1098,NO
hptm1897.jpg,0.0995,NO
hptm1898.jpg,0.2483,NO
hptm19.jpg,0.2490,NO
hptm190.jpg,0.6029,YES
hptm1900.jpg,0.1374,NO
hptm1901.jpg,0.6557,YES
hptm1902.jpg,0.3307,NO
hptm1906.jpg,0.2452,NO
hptm1903.jpg,0.1821,NO
hptm1905.jpg,0.2574,NO
hptm1907.jpg,0.0846,NO
hptm1909.jpg,0.4876,NO
hptm1910.jpg,0.2935,NO
hptm1911.jpg,0.4390,NO
hptm1912.jpg,0.3132,NO
hptm1913.jpg,0.3151,NO
hptm1915.jpg,0.4227,NO
hptm1914.jpg,0.1153,NO
hptm1916.jpg,0.2650,NO
hptm1917.jpg,0.3513,NO
hptm1918.jpg,0.3540,NO
hptm1919.jpg,0.2943,NO
hptm1920.jpg,0.3856,NO
hptm1921.jpg,0.4816,NO
hptm1923.jpg,0.3516,NO
hptm1926.jpg,0.0950,NO
hptm1924.jpg,0.6761,YES
hptm1927.jpg,0.1044,NO
hptm1928.jpg,0.3229,NO
hptm1929.jpg,0.1957,NO
hptm1931.jpg,0.0995,NO
hptm1933.jpg,0.1468,NO
hptm1932.jpg,0.0994,NO
hptm1934.jpg,0.3965,NO
hptm1935.jpg,0.6539,YES
hptm1937.jpg,0.0945,NO
hptm1938.jpg,0.3000,NO
hptm1939.jpg,0.1217,NO
hptm1940.jpg,0.4304,NO
hptm1941.jpg,0.4236,NO
hptm1942.jpg,0.1695,NO
hptm1943.jpg,0.2368,NO
hptm1944.jpg,0.5703,YES
hptm1945.jpg,0.4443,NO
hptm1948.jpg,0.2937,NO
hptm1947.jpg,0.1065,NO
hptm1949.jpg,0.3723,NO
hptm1950.jpg,0.3771,NO
hptm1951.jpg,0.4007,NO
hptm1952.jpg,0.5345,YES
hptm1953.jpg,0.3749,NO
hptm1954.jpg,0.3925,NO
hptm1956.jpg,0.4429,NO
hptm1955.jpg,0.4619,NO
hptm1957.jpg,0.5588,YES
hptm1958.jpg,0.2900,NO
hptm1959.jpg,0.0911,NO
hptm196.jpg,0.7014,YES
hptm1960.jpg,0.1048,NO
hptm1961.jpg,0.1135,NO
hptm1963.jpg,0.1934,NO
hptm1964.jpg,0.1150,NO
hptm1965.jpg,0.1556,NO
hptm1966.jpg,0.2555,NO
hptm1967.jpg,0.2787,NO
hptm1968.jpg,0.6468,YES
hptm1969.jpg,0.3106,NO
hptm197.jpg,0.7654,YES
hptm1970.jpg,0.2901,NO
hptm1971.jpg,0.1152,NO
hptm1972.jpg,0.3595,NO
hptm1973.jpg,0.5365,YES
hptm1974.jpg,0.4669,NO
hptm1975.jpg,0.3326,NO
hptm1977.jpg,0.1318,NO
hptm1976.jpg,0.3302,NO
hptm1978.jpg,0.6267,YES
hptm1979.jpg,0.4298,NO
hptm1980.jpg,0.4428,NO
hptm1981.jpg,0.6797,YES
hptm1982.jpg,0.3247,NO
hptm1983.jpg,0.3870,NO
hptm1984.jpg,0.4306,NO
hptm1985.jpg,0.0554,NO
hptm1986.jpg,0.3761,NO
hptm1987.jpg,0.7603,YES
hptm1988.jpg,0.3659,NO
hptm1989.jpg,0.6978,YES
hptm1990.jpg,0.4403,NO
hptm1991.jpg,0.2340,NO
hptm1993.jpg,0.5697,YES
hptm1995.jpg,0.4361,NO
hptm1996.jpg,0.7478,YES
hptm1997.jpg,0.7296,YES
hptm1998.jpg,0.6121,YES
hptm1999.jpg,0.5743,YES
hptm2001.jpg,0.2029,NO
hptm2003.jpg,0.4221,NO
hptm2004.jpg,0.4513,NO
hptm2005.jpg,0.1245,NO
hptm2006.jpg,0.6612,YES
hptm2007.jpg,0.7106,YES
hptm2009.jpg,0.1952,NO
hptm201.jpg,0.7492,YES
hptm2010.jpg,0.3102,NO
hptm2011.jpg,0.2169,NO
hptm2012.jpg,0.7304,YES
hptm2013.jpg,0.7149,YES
hptm2014.jpg,0.4649,NO
hptm2016.jpg,0.4298,NO
hptm2002.jpg,0.5007,YES
hptm2017.jpg,0.7110,YES
hptm2018.jpg,0.7600,YES
hptm2019.jpg,0.7117,YES
hptm2020.jpg,0.7157,YES
hptm2022.jpg,0.3584,NO
hptm2023.jpg,0.2318,NO
hptm2025.jpg,0.4473,NO
hptm2026.jpg,0.4920,NO
hptm2027.jpg,0.1388,NO
hptm2029.jpg,0.4182,NO
hptm2030.jpg,0.4057,NO
hptm2028.jpg,0.4445,NO
hptm2032.jpg,0.5721,YES
hptm2033.jpg,0.1843,NO
hptm2034.jpg,0.7229,YES
hptm2035.jpg,0.4012,NO
hptm2036.jpg,0.5187,YES
hptm2037.jpg,0.4980,NO
hptm2038.jpg,0.5175,YES
hptm2041.jpg,0.3111,NO
hptm2040.jpg,0.1782,NO
hptm2042.jpg,0.4228,NO
hptm2043.jpg,0.3389,NO
hptm2044.jpg,0.5231,YES
hptm2045.jpg,0.6415,YES
hptm2046.jpg,0.4405,NO
hptm2047.jpg,0.2767,NO
hptm2049.jpg,0.2270,NO
hptm2048.jpg,0.6379,YES
hptm2050.jpg,0.5713,YES
hptm2051.jpg,0.4305,NO
hptm2053.jpg,0.2168,NO
hptm2056.jpg,0.4198,NO
hptm2057.jpg,0.4982,NO
hptm2058.jpg,0.3309,NO
hptm2059.jpg,0.4151,NO
hptm206.jpg,0.6408,YES
hptm2060.jpg,0.3497,NO
hptm2061.jpg,0.1649,NO
hptm2062.jpg,0.2840,NO
hptm2064.jpg,0.3215,NO
hptm2065.jpg,0.6472,YES
hptm2066.jpg,0.5592,YES
hptm2067.jpg,0.7206,YES
hptm2068.jpg,0.5206,YES
hptm2069.jpg,0.8623,YES
hptm207.jpg,0.7520,YES
hptm2070.jpg,0.3048,NO
hptm2071.jpg,0.8262,YES
hptm2072.jpg,0.7654,YES
hptm2073.jpg,0.1608,NO
hptm2074.jpg,0.5050,YES
hptm2075.jpg,0.4091,NO
hptm2077.jpg,0.3614,NO
hptm2078.jpg,0.4416,NO
hptm2079.jpg,0.3971,NO
hptm208.jpg,0.7008,YES
hptm2080.jpg,0.4845,NO
hptm2081.jpg,0.3026,NO
hptm2082.jpg,0.3830,NO
hptm2084.jpg,0.5702,YES
hptm2083.jpg,0.5715,YES
hptm2085.jpg,0.7454,YES
hptm2086.jpg,0.7407,YES
hptm2087.jpg,0.7449,YES
hptm2089.jpg,0.4627,NO
hptm2091.jpg,0.4786,NO
hptm2090.jpg,0.1630,NO
hptm2092.jpg,0.6733,YES
hptm2093.jpg,0.1779,NO
hptm2095.jpg,0.4326,NO
hptm2094.jpg,0.0793,NO
hptm2096.jpg,0.0699,NO
hptm2097.jpg,0.2882,NO
hptm2098.jpg,0.2054,NO
hptm2099.jpg,0.4770,NO
hptm2100.jpg,0.5099,YES
hptm2102.jpg,0.4760,NO
hptm2103.jpg,0.6565,YES
hptm2104.jpg,0.6735,YES
hptm2105.jpg,0.5317,YES
hptm2106.jpg,0.2406,NO
hptm2107.jpg,0.3053,NO
hptm2108.jpg,0.3250,NO
hptm2109.jpg,0.3996,NO
hptm211.jpg,0.6290,YES
hptm2111.jpg,0.2898,NO
hptm2110.jpg,0.1437,NO
hptm2112.jpg,0.1766,NO
hptm2113.jpg,0.7078,YES
hptm2115.jpg,0.3505,NO
hptm2116.jpg,0.6347,YES
hptm2117.jpg,0.4636,NO
hptm2118.jpg,0.5336,YES
hptm2119.jpg,0.5560,YES
hptm2120.jpg,0.7400,YES
hptm2121.jpg,0.7610,YES
hptm2122.jpg,0.7284,YES
hptm2123.jpg,0.8179,YES
hptm2124.jpg,0.3963,NO
hptm2125.jpg,0.7684,YES
hptm2129.jpg,0.2270,NO
hptm2126.jpg,0.0388,NO
hptm213.jpg,0.4807,NO
hptm2128.jpg,0.2433,NO
hptm2130.jpg,0.4215,NO
hptm2133.jpg,0.7447,YES
hptm2131.jpg,0.2104,NO
hptm2134.jpg,0.5407,YES
hptm2139.jpg,0.3096,NO
hptm2135.jpg,0.4673,NO
hptm2137.jpg,0.2652,NO
hptm214.jpg,0.2805,NO
hptm2140.jpg,0.2805,NO
hptm2142.jpg,0.2285,NO
hptm2141.jpg,0.7285,YES
hptm2144.jpg,0.1580,NO
hptm2146.jpg,0.4964,NO
hptm2147.jpg,0.4847,NO
hptm2145.jpg,0.3984,NO
hptm2148.jpg,0.7722,YES
hptm2149.jpg,0.2745,NO
hptm2150.jpg,0.7758,YES
hptm2152.jpg,0.2050,NO
hptm2153.jpg,0.0551,NO
hptm2154.jpg,0.7480,YES
hptm2156.jpg,0.4936,NO
hptm2155.jpg,0.7451,YES
hptm2157.jpg,0.7407,YES
hptm2158.jpg,0.7895,YES
hptm2159.jpg,0.6842,YES
hptm2160.jpg,0.4661,NO
hptm2162.jpg,0.7044,YES
hptm2163.jpg,0.4303,NO
hptm2164.jpg,0.6389,YES
hptm2165.jpg,0.2003,NO
hptm2166.jpg,0.5387,YES
hptm2167.jpg,0.4535,NO
hptm2168.jpg,0.7014,YES
hptm2169.jpg,0.4046,NO
hptm217.jpg,0.4881,NO
hptm2173.jpg,0.3302,NO
hptm2174.jpg,0.7218,YES
hptm2175.jpg,0.4262,NO
hptm2176.jpg,0.7154,YES
hptm2177.jpg,0.3393,NO
hptm2178.jpg,0.2654,NO
hptm218.jpg,0.6861,YES
hptm2180.jpg,0.3152,NO
hptm2181.jpg,0.2002,NO
hptm2182.jpg,0.0981,NO
hptm2183.jpg,0.1704,NO
hptm2184.jpg,0.1945,NO
hptm2185.jpg,0.6757,YES
hptm2189.jpg,0.5176,YES
hptm219.jpg,0.1973,NO
hptm2190.jpg,0.7410,YES
hptm2191.jpg,0.4321,NO
hptm2192.jpg,0.4350,NO
hptm2193.jpg,0.6958,YES
hptm2194.jpg,0.7189,YES
hptm2195.jpg,0.1148,NO
hptm2196.jpg,0.7514,YES
hptm2197.jpg,0.6983,YES
hptm2198.jpg,0.2355,NO
hptm2199.jpg,0.2409,NO
hptm220.jpg,0.4604,NO
hptm2200.jpg,0.5433,YES
hptm2201.jpg,0.6778,YES
hptm2202.jpg,0.4082,NO
hptm2203.jpg,0.4365,NO
hptm2204.jpg,0.3688,NO
hptm2206.jpg,0.3981,NO
hptm2208.jpg,0.4468,NO
hptm2209.jpg,0.4369,NO
hptm2210.jpg,0.1456,NO
hptm2211.jpg,0.6965,YES
hptm2212.jpg,0.5011,YES
hptm2213.jpg,0.4108,NO
hptm2214.jpg,0.3054,NO
hptm2215.jpg,0.2422,NO
hptm2216.jpg,0.3683,NO
hptm2217.jpg,0.3693,NO
hptm2218.jpg,0.5731,YES
hptm2219.jpg,0.1511,NO
hptm222.jpg,0.5560,YES
hptm2220.jpg,0.7294,YES
hptm2221.jpg,0.7874,YES
hptm2222.jpg,0.7898,YES
hptm2223.jpg,0.3698,NO
hptm2224.jpg,0.1603,NO
hptm2225.jpg,0.7382,YES
hptm2226.jpg,0.4892,NO
hptm2227.jpg,0.7365,YES
hptm2229.jpg,0.2164,NO
hptm223.jpg,0.4547,NO
hptm2230.jpg,0.4719,NO
hptm2231.jpg,0.6566,YES
hptm2232.jpg,0.3522,NO
hptm2233.jpg,0.2637,NO
hptm2234.jpg,0.4288,NO
hptm2237.jpg,0.6402,YES
hptm2236.jpg,0.7278,YES
hptm2238.jpg,0.0193,NO
hptm2239.jpg,0.4351,NO
hptm2240.jpg,0.6359,YES
hptm2241.jpg,0.2941,NO
hptm2243.jpg,0.7379,YES
hptm2245.jpg,0.4723,NO
hptm2247.jpg,0.3698,NO
hptm2246.jpg,0.7171,YES
hptm2248.jpg,0.4194,NO
hptm2249.jpg,0.3659,NO
hptm225.jpg,0.7114,YES
hptm2250.jpg,0.4450,NO
hptm2251.jpg,0.0978,NO
hptm2252.jpg,0.7972,YES
hptm2253.jpg,0.6221,YES
hptm2255.jpg,0.6687,YES
hptm2256.jpg,0.5618,YES
hptm2257.jpg,0.1677,NO
hptm2258.jpg,0.3382,NO
hptm2259.jpg,0.4349,NO
hptm2260.jpg,0.2918,NO
hptm226.jpg,0.6699,YES
hptm2261.jpg,0.4442,NO
hptm2262.jpg,0.4161,NO
hptm2264.jpg,0.6988,YES
hptm2263.jpg,0.0069,NO
hptm2265.jpg,0.6111,YES
hptm2266.jpg,0.5683,YES
hptm2268.jpg,0.4956,NO
hptm2267.jpg,0.7337,YES
hptm2269.jpg,0.5679,YES
hptm227.jpg,0.4698,NO
hptm2270.jpg,0.6878,YES
hptm2271.jpg,0.7556,YES
hptm2272.jpg,0.7729,YES
hptm2273.jpg,0.7652,YES
hptm2274.jpg,0.2237,NO
hptm2275.jpg,0.1895,NO
hptm2279.jpg,0.3445,NO
hptm2278.jpg,0.1074,NO
hptm228.jpg,0.1837,NO
hptm2280.jpg,0.1676,NO
hptm2281.jpg,0.1116,NO
hptm2282.jpg,0.1126,NO
hptm2285.jpg,0.2454,NO
hptm2283.jpg,0.1784,NO
hptm2286.jpg,0.1507,NO
hptm2287.jpg,0.1112,NO
hptm2288.jpg,0.2034,NO
hptm2289.jpg,0.1633,NO
hptm229.jpg,0.4177,NO
hptm2290.jpg,0.1632,NO
hptm2291.jpg,0.5647,YES
hptm2292.jpg,0.0254,NO
hptm2293.jpg,0.2822,NO
hptm2294.jpg,0.3135,NO
hptm2295.jpg,0.2734,NO
hptm2297.jpg,0.3558,NO
hptm2299.jpg,0.1448,NO
hptm2301.jpg,0.3389,NO
hptm2302.jpg,0.1654,NO
hptm2303.jpg,0.4551,NO
hptm2304.jpg,0.3827,NO
hptm2305.jpg,0.1386,NO
hptm2306.jpg,0.1782,NO
hptm2307.jpg,0.5313,YES
hptm2309.jpg,0.0905,NO
hptm231.jpg,0.6982,YES
hptm2310.jpg,0.2478,NO
hptm2311.jpg,0.1612,NO
hptm2312.jpg,0.5100,YES
hptm2314.jpg,0.3596,NO
hptm2313.jpg,0.3780,NO
hptm2317.jpg,0.3704,NO
hptm2318.jpg,0.0984,NO
hptm2319.jpg,0.1376,NO
hptm2320.jpg,0.2377,NO
hptm232.jpg,0.4022,NO
hptm2321.jpg,0.1991,NO
hptm2324.jpg,0.3657,NO
hptm2325.jpg,0.3719,NO
hptm2322.jpg,0.2637,NO
hptm2326.jpg,0.2024,NO
hptm2327.jpg,0.1328,NO
hptm2329.jpg,0.3989,NO
hptm2328.jpg,0.4009,NO
hptm233.jpg,0.4700,NO
hptm2332.jpg,0.2861,NO
hptm2333.jpg,0.2280,NO
hptm2330.jpg,0.6866,YES
hptm2334.jpg,0.4052,NO
hptm2335.jpg,0.3127,NO
hptm2336.jpg,0.2618,NO
hptm2338.jpg,0.3838,NO
hptm2339.jpg,0.3455,NO
hptm234.jpg,0.4754,NO
hptm2340.jpg,0.2787,NO
hptm2341.jpg,0.0994,NO
hptm2342.jpg,0.2425,NO
hptm2343.jpg,0.1335,NO
hptm2345.jpg,0.3489,NO
hptm2344.jpg,0.1373,NO
hptm2346.jpg,0.1373,NO
hptm2347.jpg,0.1827,NO
hptm2349.jpg,0.3337,NO
hptm2351.jpg,0.3667,NO
hptm2352.jpg,0.2123,NO
hptm2353.jpg,0.4176,NO
hptm2354.jpg,0.3579,NO
hptm2355.jpg,0.4749,NO
hptm2358.jpg,0.5199,YES
hptm236.jpg,0.5175,YES
hptm2361.jpg,0.5216,YES
hptm2362.jpg,0.1231,NO
hptm2363.jpg,0.2923,NO
hptm2364.jpg,0.1247,NO
hptm2366.jpg,0.2526,NO
hptm2367.jpg,0.3390,NO
hptm2368.jpg,0.2443,NO
hptm2369.jpg,0.3921,NO
hptm237.jpg,0.4019,NO
hptm2370.jpg,0.3751,NO
hptm2371.jpg,0.3414,NO
hptm2372.jpg,0.1115,NO
hptm2374.jpg,0.1284,NO
hptm2375.jpg,0.1565,NO
hptm2378.jpg,0.1120,NO
hptm2379.jpg,0.5291,YES
hptm2380.jpg,0.1402,NO
hptm238.jpg,0.1728,NO
hptm2387.jpg,0.4973,NO
hptm2388.jpg,0.2736,NO
hptm2390.jpg,0.4340,NO
hptm239.jpg,0.2053,NO
hptm2391.jpg,0.0130,NO
hptm2398.jpg,0.1230,NO
hptm2399.jpg,0.6308,YES
hptm240.jpg,0.7018,YES
hptm2400.jpg,0.4780,NO
hptm2401.jpg,0.3396,NO
hptm2403.jpg,0.4002,NO
hptm2402.jpg,0.5378,YES
hptm2404.jpg,0.3685,NO
hptm2405.jpg,0.1486,NO
hptm2411.jpg,0.2300,NO
hptm2409.jpg,0.2658,NO
hptm2412.jpg,0.6081,YES
hptm2413.jpg,0.1309,NO
hptm2414.jpg,0.2001,NO
hptm2415.jpg,0.1232,NO
hptm2416.jpg,0.3821,NO
hptm2417.jpg,0.0949,NO
hptm2420.jpg,0.2510,NO
hptm2421.jpg,0.2811,NO
hptm2423.jpg,0.3742,NO
hptm2424.jpg,0.2789,NO
hptm2425.jpg,0.1169,NO
hptm2426.jpg,0.3720,NO
hptm2427.jpg,0.3410,NO
hptm2429.jpg,0.3097,NO
hptm243.jpg,0.5829,YES
hptm2428.jpg,0.3087,NO
hptm2430.jpg,0.2962,NO
hptm2431.jpg,0.3089,NO
hptm2432.jpg,0.2543,NO
hptm2433.jpg,0.6427,YES
hptm2434.jpg,0.5348,YES
hptm2435.jpg,0.2607,NO
hptm2437.jpg,0.1325,NO
hptm2436.jpg,0.4293,NO
hptm244.jpg,0.1327,NO
hptm2440.jpg,0.4184,NO
hptm2442.jpg,0.7747,YES
hptm2441.jpg,0.3798,NO
hptm2443.jpg,0.7746,YES
hptm2444.jpg,0.4970,NO
hptm2448.jpg,0.3519,NO
hptm2445.jpg,0.5408,YES
hptm2453.jpg,0.2895,NO
hptm2449.jpg,0.2266,NO
hptm2455.jpg,0.2463,NO
hptm2454.jpg,0.4927,NO
hptm2456.jpg,0.3827,NO
hptm2457.jpg,0.5170,YES
hptm2458.jpg,0.5052,YES
hptm2459.jpg,0.4949,NO
hptm2460.jpg,0.2498,NO
hptm246.jpg,0.1947,NO
hptm2467.jpg,0.3511,NO
hptm2461.jpg,0.7276,YES
hptm247.jpg,0.3361,NO
hptm2476.jpg,0.3504,NO
hptm2478.jpg,0.3788,NO
hptm2477.jpg,0.2316,NO
hptm248.jpg,0.4955,NO
hptm2481.jpg,0.2169,NO
hptm2483.jpg,0.2705,NO
hptm2482.jpg,0.3815,NO
hptm2484.jpg,0.2999,NO
hptm2485.jpg,0.4662,NO
hptm2488.jpg,0.2453,NO
hptm249.jpg,0.4749,NO
hptm2497.jpg,0.2626,NO
hptm2498.jpg,0.2765,NO
hptm2499.jpg,0.2322,NO
hptm250.jpg,0.4812,NO
hptm2500.jpg,0.3174,NO
hptm2506.jpg,0.1169,NO
hptm2507.jpg,0.2663,NO
hptm2508.jpg,0.1349,NO
hptm2509.jpg,0.1809,NO
hptm251.jpg,0.7709,YES
hptm2510.jpg,0.3926,NO
hptm2511.jpg,0.5181,YES
hptm2513.jpg,0.5773,YES
hptm2514.jpg,0.2499,NO
hptm2515.jpg,0.0909,NO
hptm2516.jpg,0.2720,NO
hptm2518.jpg,0.4976,NO
hptm2517.jpg,0.5465,YES
hptm2519.jpg,0.3441,NO
hptm252.jpg,0.5601,YES
hptm2520.jpg,0.3365,NO
hptm2522.jpg,0.2690,NO
hptm2521.jpg,0.0394,NO
hptm2523.jpg,0.3284,NO
hptm253.jpg,0.7194,YES
hptm2524.jpg,0.4222,NO
hptm2531.jpg,0.6841,YES
hptm2532.jpg,0.1666,NO
hptm2533.jpg,0.3289,NO
hptm2534.jpg,0.3443,NO
hptm2537.jpg,0.6600,YES
hptm254.jpg,0.5168,YES
hptm2545.jpg,0.1913,NO
hptm255.jpg,0.5982,YES
hptm2550.jpg,0.3694,NO
hptm2554.jpg,0.3648,NO
hptm2555.jpg,0.2025,NO
hptm2556.jpg,0.2277,NO
hptm2559.jpg,0.2729,NO
hptm256.jpg,0.4852,NO
hptm2561.jpg,0.2770,NO
hptm2562.jpg,0.2626,NO
hptm2563.jpg,0.2806,NO
hptm2564.jpg,0.2384,NO
hptm2565.jpg,0.1222,NO
hptm2566.jpg,0.1058,NO
hptm2567.jpg,0.1744,NO
hptm2568.jpg,0.0259,NO
hptm2569.jpg,0.3437,NO
hptm257.jpg,0.6463,YES
hptm2570.jpg,0.5536,YES
hptm2571.jpg,0.4144,NO
hptm2572.jpg,0.1483,NO
hptm2573.jpg,0.4617,NO
hptm2574.jpg,0.5531,YES
hptm2576.jpg,0.3160,NO
hptm2575.jpg,0.4902,NO
hptm2577.jpg,0.3091,NO
hptm2578.jpg,0.3217,NO
hptm2579.jpg,0.2282,NO
hptm258.jpg,0.3718,NO
hptm2580.jpg,0.4701,NO
hptm2581.jpg,0.5532,YES
hptm2582.jpg,0.5886,YES
hptm2583.jpg,0.6202,YES
hptm2584.jpg,0.5010,YES
hptm2585.jpg,0.4621,NO
hptm2586.jpg,0.4565,NO
hptm2587.jpg,0.3172,NO
hptm2588.jpg,0.3706,NO
hptm2589.jpg,0.4284,NO
hptm259.jpg,0.4845,NO
hptm2591.jpg,0.3497,NO
hptm2592.jpg,0.3020,NO
hptm2593.jpg,0.3757,NO
hptm2594.jpg,0.5912,YES
hptm2595.jpg,0.2769,NO
hptm2596.jpg,0.3802,NO
hptm2597.jpg,0.5170,YES
hptm2599.jpg,0.2493,NO
hptm260.jpg,0.7288,YES
hptm2600.jpg,0.4513,NO
hptm2601.jpg,0.4294,NO
hptm2602.jpg,0.3531,NO
hptm261.jpg,0.6354,YES
hptm2612.jpg,0.3894,NO
hptm2611.jpg,0.1968,NO
hptm2614.jpg,0.3951,NO
hptm2615.jpg,0.5020,YES
hptm2616.jpg,0.4684,NO
hptm2617.jpg,0.4689,NO
hptm2618.jpg,0.3854,NO
hptm2619.jpg,0.1685,NO
hptm262.jpg,0.5787,YES
hptm2620.jpg,0.6320,YES
hptm2621.jpg,0.4817,NO
hptm2622.jpg,0.5207,YES
hptm2623.jpg,0.3250,NO
hptm2624.jpg,0.6553,YES
hptm2625.jpg,0.2867,NO
hptm2626.jpg,0.5437,YES
hptm2629.jpg,0.5043,YES
hptm2628.jpg,0.6435,YES
hptm263.jpg,0.6044,YES
hptm2630.jpg,0.5247,YES
hptm2631.jpg,0.4125,NO
hptm2632.jpg,0.3980,NO
hptm2633.jpg,0.4309,NO
hptm2635.jpg,0.7049,YES
hptm2636.jpg,0.4894,NO
hptm2637.jpg,0.2059,NO
hptm2638.jpg,0.5511,YES
hptm2639.jpg,0.4988,NO
hptm264.jpg,0.5075,YES
hptm2640.jpg,0.5847,YES
hptm2641.jpg,0.4802,NO
hptm2642.jpg,0.6019,YES
hptm2643.jpg,0.5179,YES
hptm2644.jpg,0.4447,NO
hptm2646.jpg,0.4810,NO
hptm2647.jpg,0.2954,NO
hptm2648.jpg,0.2799,NO
hptm2649.jpg,0.2193,NO
hptm265.jpg,0.4770,NO
hptm2650.jpg,0.2777,NO
hptm2651.jpg,0.1596,NO
hptm2652.jpg,0.4601,NO
hptm2653.jpg,0.2038,NO
hptm2655.jpg,0.2369,NO
hptm2657.jpg,0.2155,NO
hptm2658.jpg,0.2002,NO
hptm2659.jpg,0.1912,NO
hptm266.jpg,0.1692,NO
hptm2660.jpg,0.4154,NO
hptm2662.jpg,0.2268,NO
hptm2664.jpg,0.3845,NO
hptm2663.jpg,0.4874,NO
hptm2665.jpg,0.4219,NO
hptm2666.jpg,0.2598,NO
hptm2668.jpg,0.4898,NO
hptm2669.jpg,0.2030,NO
hptm267.jpg,0.1344,NO
hptm2670.jpg,0.6551,YES
hptm2672.jpg,0.5322,YES
hptm2671.jpg,0.5445,YES
hptm2673.jpg,0.2409,NO
hptm2674.jpg,0.2628,NO
hptm2675.jpg,0.4317,NO
hptm2677.jpg,0.5822,YES
hptm2676.jpg,0.3952,NO
hptm2679.jpg,0.5044,YES
hptm2680.jpg,0.1822,NO
hptm2681.jpg,0.5203,YES
hptm2682.jpg,0.6278,YES
hptm2684.jpg,0.5172,YES
hptm2685.jpg,0.1599,NO
hptm2686.jpg,0.4071,NO
hptm2687.jpg,0.4416,NO
hptm2688.jpg,0.1763,NO
hptm269.jpg,0.4886,NO
hptm2690.jpg,0.4339,NO
hptm2691.jpg,0.4566,NO
hptm2692.jpg,0.5218,YES
hptm2693.jpg,0.5220,YES
hptm2694.jpg,0.4572,NO
hptm2696.jpg,0.3042,NO
hptm2695.jpg,0.3520,NO
hptm2697.jpg,0.4670,NO
hptm2698.jpg,0.4929,NO
hptm2699.jpg,0.5710,YES
hptm270.jpg,0.5700,YES
hptm2701.jpg,0.4478,NO
hptm2702.jpg,0.4661,NO
hptm2703.jpg,0.4521,NO
hptm2704.jpg,0.5051,YES
hptm2705.jpg,0.4707,NO
hptm2708.jpg,0.4602,NO
hptm271.jpg,0.4595,NO
hptm2710.jpg,0.4336,NO
hptm2712.jpg,0.5212,YES
hptm2713.jpg,0.4603,NO
hptm2714.jpg,0.1836,NO
hptm2715.jpg,0.1290,NO
hptm272.jpg,0.5388,YES
hptm2720.jpg,0.5066,YES
hptm2721.jpg,0.4845,NO
hptm2722.jpg,0.3035,NO
hptm2724.jpg,0.4551,NO
hptm2725.jpg,0.5011,YES
hptm2726.jpg,0.5763,YES
hptm2727.jpg,0.5941,YES
hptm2728.jpg,0.4490,NO
hptm2729.jpg,0.1769,NO
hptm273.jpg,0.5351,YES
hptm2730.jpg,0.5776,YES
hptm2731.jpg,0.4391,NO
hptm2732.jpg,0.4691,NO
hptm2733.jpg,0.5369,YES
hptm2736.jpg,0.4923,NO
hptm2737.jpg,0.4309,NO
hptm2739.jpg,0.5121,YES
hptm2738.jpg,0.4297,NO
hptm274.jpg,0.4986,NO
hptm2741.jpg,0.6454,YES
hptm2742.jpg,0.5698,YES
hptm2743.jpg,0.5336,YES
hptm2744.jpg,0.5451,YES
hptm2746.jpg,0.4526,NO
hptm2748.jpg,0.3924,NO
hptm2747.jpg,0.1128,NO
hptm2749.jpg,0.3817,NO
hptm275.jpg,0.1597,NO
hptm2750.jpg,0.3893,NO
hptm2752.jpg,0.4489,NO
hptm2753.jpg,0.4965,NO
hptm2755.jpg,0.4684,NO
hptm2758.jpg,0.4294,NO
hptm276.jpg,0.7917,YES
hptm2760.jpg,0.5495,YES
hptm2762.jpg,0.4187,NO
hptm2763.jpg,0.4333,NO
hptm2764.jpg,0.4797,NO
hptm2765.jpg,0.3353,NO
hptm2768.jpg,0.3616,NO
hptm2766.jpg,0.5431,YES
hptm2769.jpg,0.0197,NO
hptm277.jpg,0.1826,NO
hptm2770.jpg,0.3034,NO
hptm2771.jpg,0.3217,NO
hptm2772.jpg,0.5049,YES
hptm2773.jpg,0.3409,NO
hptm2775.jpg,0.2824,NO
hptm2774.jpg,0.4775,NO
hptm2776.jpg,0.3749,NO
hptm2777.jpg,0.3588,NO
hptm2781.jpg,0.4950,NO
hptm2779.jpg,0.1365,NO
hptm2780.jpg,0.1247,NO
hptm279.jpg,0.7208,YES
hptm2792.jpg,0.4824,NO
hptm2791.jpg,0.5391,YES
hptm2796.jpg,0.4027,NO
hptm2797.jpg,0.3788,NO
hptm2798.jpg,0.3280,NO
hptm2799.jpg,0.3094,NO
hptm280.jpg,0.2307,NO
hptm2801.jpg,0.3957,NO
hptm2802.jpg,0.3947,NO
hptm2804.jpg,0.1146,NO
hptm2805.jpg,0.2306,NO
hptm2806.jpg,0.3979,NO
hptm2807.jpg,0.4357,NO
hptm2808.jpg,0.2662,NO
hptm2809.jpg,0.1651,NO
hptm281.jpg,0.6647,YES
hptm2812.jpg,0.4913,NO
hptm2810.jpg,0.4815,NO
hptm2813.jpg,0.4040,NO
hptm2814.jpg,0.4122,NO
hptm2815.jpg,0.4435,NO
hptm2817.jpg,0.5361,YES
hptm2816.jpg,0.1772,NO
hptm2818.jpg,0.1953,NO
hptm2819.jpg,0.3660,NO
hptm282.jpg,0.7205,YES
hptm2820.jpg,0.2754,NO
hptm2821.jpg,0.3559,NO
hptm2823.jpg,0.3082,NO
hptm2825.jpg,0.4163,NO
hptm2824.jpg,0.2796,NO
hptm2826.jpg,0.3766,NO
hptm2827.jpg,0.3107,NO
hptm2828.jpg,0.2388,NO
hptm2829.jpg,0.3283,NO
hptm283.jpg,0.4038,NO
hptm2830.jpg,0.2665,NO
hptm2831.jpg,0.5500,YES
hptm2832.jpg,0.3658,NO
hptm2836.jpg,0.3982,NO
hptm2837.jpg,0.2428,NO
hptm2838.jpg,0.2619,NO
hptm2839.jpg,0.1119,NO
hptm284.jpg,0.5172,YES
hptm2840.jpg,0.2116,NO
hptm2843.jpg,0.4783,NO
hptm2842.jpg,0.1993,NO
hptm2844.jpg,0.1057,NO
hptm2845.jpg,0.1644,NO
hptm2847.jpg,0.6373,YES
hptm2848.jpg,0.5117,YES
hptm2849.jpg,0.5705,YES
hptm2850.jpg,0.5956,YES
hptm2851.jpg,0.0812,NO
hptm2852.jpg,0.1769,NO
hptm2853.jpg,0.4538,NO
hptm2854.jpg,0.3515,NO
hptm2855.jpg,0.3540,NO
hptm2856.jpg,0.3423,NO
hptm2858.jpg,0.3243,NO
hptm2859.jpg,0.3020,NO
hptm2860.jpg,0.3041,NO
hptm286.jpg,0.5753,YES
hptm2862.jpg,0.3153,NO
hptm2863.jpg,0.2975,NO
hptm2866.jpg,0.4454,NO
hptm2869.jpg,0.3765,NO
hptm287.jpg,0.6245,YES
hptm2870.jpg,0.2351,NO
hptm2872.jpg,0.3162,NO
hptm2871.jpg,0.2854,NO
hptm2873.jpg,0.2926,NO
hptm2874.jpg,0.6663,YES
hptm2875.jpg,0.3493,NO
hptm2876.jpg,0.1580,NO
hptm2877.jpg,0.4069,NO
hptm2878.jpg,0.3503,NO
hptm288.jpg,0.5223,YES
hptm2880.jpg,0.4504,NO
hptm2881.jpg,0.7421,YES
hptm2882.jpg,0.3842,NO
hptm2883.jpg,0.3322,NO
hptm2884.jpg,0.3653,NO
hptm2885.jpg,0.3384,NO
hptm2886.jpg,0.7324,YES
hptm2887.jpg,0.3263,NO
hptm2889.jpg,0.3106,NO
hptm289.jpg,0.5566,YES
hptm2891.jpg,0.3159,NO
hptm2892.jpg,0.2483,NO
hptm2893.jpg,0.3144,NO
hptm2894.jpg,0.3300,NO
hptm2895.jpg,0.3039,NO
hptm2896.jpg,0.3794,NO
hptm2897.jpg,0.2924,NO
hptm2898.jpg,0.7016,YES
hptm2899.jpg,0.3656,NO
hptm290.jpg,0.6317,YES
hptm2900.jpg,0.3712,NO
hptm2902.jpg,0.4647,NO
hptm2903.jpg,0.6695,YES
hptm2908.jpg,0.6942,YES
hptm2909.jpg,0.6873,YES
hptm291.jpg,0.4066,NO
hptm2910.jpg,0.4426,NO
hptm2913.jpg,0.1835,NO
hptm2911.jpg,0.7397,YES
hptm2914.jpg,0.4207,NO
hptm2915.jpg,0.4306,NO
hptm2916.jpg,0.1153,NO
hptm2917.jpg,0.4666,NO
hptm2918.jpg,0.3730,NO
hptm2919.jpg,0.6725,YES
hptm2920.jpg,0.6053,YES
hptm292.jpg,0.1425,NO
hptm2921.jpg,0.3496,NO
hptm2922.jpg,0.7101,YES
hptm2925.jpg,0.4023,NO
hptm2924.jpg,0.2179,NO
hptm2927.jpg,0.3727,NO
hptm2929.jpg,0.3644,NO
hptm2928.jpg,0.3721,NO
hptm293.jpg,0.0874,NO
hptm2931.jpg,0.4003,NO
hptm2932.jpg,0.4066,NO
hptm2933.jpg,0.3726,NO
hptm2935.jpg,0.3811,NO
hptm2936.jpg,0.3635,NO
hptm2937.jpg,0.3626,NO
hptm2939.jpg,0.4160,NO
hptm294.jpg,0.3389,NO
hptm2940.jpg,0.3747,NO
hptm2941.jpg,0.3475,NO
hptm2943.jpg,0.5316,YES
hptm2942.jpg,0.4909,NO
hptm2944.jpg,0.5643,YES
hptm2945.jpg,0.5134,YES
hptm2947.jpg,0.1716,NO
hptm2948.jpg,0.2766,NO
hptm2949.jpg,0.3392,NO
hptm2950.jpg,0.5561,YES
hptm2951.jpg,0.4409,NO
hptm2952.jpg,0.4759,NO
hptm2954.jpg,0.0533,NO
hptm2959.jpg,0.4191,NO
hptm2958.jpg,0.3113,NO
hptm296.jpg,0.4190,NO
hptm2960.jpg,0.3944,NO
hptm2961.jpg,0.3032,NO
hptm2963.jpg,0.3040,NO
hptm2964.jpg,0.3129,NO
hptm2965.jpg,0.4702,NO
hptm2966.jpg,0.4366,NO
hptm297.jpg,0.1956,NO
hptm2971.jpg,0.5696,YES
hptm2972.jpg,0.3353,NO
hptm2973.jpg,0.1494,NO
hptm2974.jpg,0.3654,NO
hptm2975.jpg,0.3417,NO
hptm2976.jpg,0.4841,NO
hptm2977.jpg,0.4418,NO
hptm2978.jpg,0.5709,YES
hptm298.jpg,0.7210,YES
hptm2980.jpg,0.5017,YES
hptm2981.jpg,0.3901,NO
hptm2982.jpg,0.6242,YES
hptm2983.jpg,0.4433,NO
hptm2985.jpg,0.3276,NO
hptm2986.jpg,0.4080,NO
hptm2987.jpg,0.5301,YES
hptm2989.jpg,0.6875,YES
hptm299.jpg,0.1807,NO
hptm2991.jpg,0.7012,YES
hptm2993.jpg,0.1010,NO
hptm2994.jpg,0.7145,YES
hptm2995.jpg,0.3504,NO
hptm2996.jpg,0.3447,NO
hptm2998.jpg,0.7090,YES
hptm2997.jpg,0.3078,NO
hptm300.jpg,0.4890,NO
hptm3000.jpg,0.7014,YES
hptm3002.jpg,0.4014,NO
hptm3003.jpg,0.3933,NO
hptm3004.jpg,0.4342,NO
hptm3006.jpg,0.2478,NO
hptm3005.jpg,0.3748,NO
hptm3007.jpg,0.3761,NO
hptm3009.jpg,0.6559,YES
hptm3008.jpg,0.4044,NO
hptm3010.jpg,0.3951,NO
hptm3011.jpg,0.4739,NO
hptm3013.jpg,0.4665,NO
hptm3014.jpg,0.4912,NO
hptm3015.jpg,0.4753,NO
hptm3016.jpg,0.4926,NO
hptm3018.jpg,0.4206,NO
hptm3019.jpg,0.5325,YES
hptm302.jpg,0.6784,YES
hptm3020.jpg,0.6932,YES
hptm3025.jpg,0.5335,YES
hptm3026.jpg,0.3992,NO
hptm3027.jpg,0.4431,NO
hptm3028.jpg,0.4201,NO
hptm3030.jpg,0.3913,NO
hptm3029.jpg,0.4511,NO
hptm3031.jpg,0.3472,NO
hptm3033.jpg,0.4627,NO
hptm3035.jpg,0.3318,NO
hptm3036.jpg,0.5750,YES
hptm3037.jpg,0.2119,NO
hptm3038.jpg,0.5098,YES
hptm3039.jpg,0.4685,NO
hptm304.jpg,0.6366,YES
hptm3040.jpg,0.4846,NO
hptm3043.jpg,0.5756,YES
hptm3045.jpg,0.4407,NO
hptm3046.jpg,0.5769,YES
hptm3047.jpg,0.3786,NO
hptm305.jpg,0.6357,YES
hptm3051.jpg,0.4029,NO
hptm3048.jpg,0.3556,NO
hptm3052.jpg,0.6707,YES
hptm3053.jpg,0.1493,NO
hptm3054.jpg,0.2843,NO
hptm3055.jpg,0.3528,NO
hptm3057.jpg,0.3129,NO
hptm3058.jpg,0.1932,NO
hptm3059.jpg,0.2914,NO
hptm306.jpg,0.4749,NO
hptm3060.jpg,0.2424,NO
hptm3061.jpg,0.2740,NO
hptm3062.jpg,0.2674,NO
hptm3063.jpg,0.0831,NO
hptm3064.jpg,0.7106,YES
hptm3066.jpg,0.2701,NO
hptm3067.jpg,0.6444,YES
hptm3065.jpg,0.0224,NO
hptm3068.jpg,0.1249,NO
hptm3069.jpg,0.3115,NO
hptm3070.jpg,0.4076,NO
hptm3071.jpg,0.4272,NO
hptm3073.jpg,0.3552,NO
hptm3074.jpg,0.2799,NO
hptm3076.jpg,0.1501,NO
hptm3077.jpg,0.2929,NO
hptm3078.jpg,0.5159,YES
hptm3079.jpg,0.2264,NO
hptm308.jpg,0.5584,YES
hptm3080.jpg,0.4948,NO
hptm3081.jpg,0.4602,NO
hptm3082.jpg,0.4770,NO
hptm3084.jpg,0.4296,NO
hptm3085.jpg,0.1536,NO
hptm3083.jpg,0.4195,NO
hptm3086.jpg,0.3816,NO
hptm3087.jpg,0.3061,NO
hptm3088.jpg,0.1209,NO
hptm309.jpg,0.6615,YES
hptm3090.jpg,0.4761,NO
hptm3091.jpg,0.3287,NO
hptm3092.jpg,0.3444,NO
hptm3093.jpg,0.1312,NO
hptm3094.jpg,0.3456,NO
hptm3095.jpg,0.4590,NO
hptm3097.jpg,0.4463,NO
hptm3098.jpg,0.1504,NO
hptm3099.jpg,0.1943,NO
hptm310.jpg,0.4203,NO
hptm3101.jpg,0.5485,YES
hptm3102.jpg,0.1387,NO
hptm3106.jpg,0.5994,YES
hptm3107.jpg,0.3153,NO
hptm3109.jpg,0.2845,NO
hptm311.jpg,0.7163,YES
hptm3111.jpg,0.2786,NO
hptm3110.jpg,0.2848,NO
hptm3112.jpg,0.3887,NO
hptm3113.jpg,0.3219,NO
hptm3114.jpg,0.4075,NO
hptm3115.jpg,0.3305,NO
hptm3116.jpg,0.1850,NO
hptm3117.jpg,0.3597,NO
hptm312.jpg,0.6754,YES
hptm3118.jpg,0.5163,YES
hptm3119.jpg,0.2931,NO
hptm3120.jpg,0.2478,NO
hptm3121.jpg,0.4160,NO
hptm3122.jpg,0.2774,NO
hptm3123.jpg,0.7214,YES
hptm3124.jpg,0.3339,NO
hptm3127.jpg,0.1746,NO
hptm3128.jpg,0.3412,NO
hptm3129.jpg,0.2808,NO
hptm313.jpg,0.2311,NO
hptm3138.jpg,0.2630,NO
hptm3139.jpg,0.3074,NO
hptm314.jpg,0.3996,NO
hptm3140.jpg,0.1330,NO
hptm3142.jpg,0.3706,NO
hptm3143.jpg,0.3341,NO
hptm3146.jpg,0.4533,NO
hptm3147.jpg,0.1556,NO
hptm3148.jpg,0.5782,YES
hptm3149.jpg,0.1277,NO
hptm315.jpg,0.3283,NO
hptm3150.jpg,0.1481,NO
hptm3151.jpg,0.1373,NO
hptm3152.jpg,0.2685,NO
hptm3153.jpg,0.2932,NO
hptm3154.jpg,0.2017,NO
hptm3155.jpg,0.2718,NO
hptm3158.jpg,0.3559,NO
hptm3159.jpg,0.1683,NO
hptm3163.jpg,0.1619,NO
hptm3165.jpg,0.3644,NO
hptm3164.jpg,0.1719,NO
hptm3166.jpg,0.2398,NO
hptm3169.jpg,0.2157,NO
hptm317.jpg,0.5310,YES
hptm3170.jpg,0.1816,NO
hptm3171.jpg,0.6320,YES
hptm3172.jpg,0.4857,NO
hptm3173.jpg,0.5196,YES
hptm3174.jpg,0.3989,NO
hptm3175.jpg,0.5170,YES
hptm3176.jpg,0.4935,NO
hptm3177.jpg,0.5543,YES
hptm3178.jpg,0.5066,YES
hptm318.jpg,0.4922,NO
hptm3180.jpg,0.5094,YES
hptm3182.jpg,0.5712,YES
hptm3181.jpg,0.5084,YES
hptm3183.jpg,0.3974,NO
hptm3184.jpg,0.4515,NO
hptm3185.jpg,0.4146,NO
hptm3186.jpg,0.3185,NO
hptm3187.jpg,0.5391,YES
hptm3188.jpg,0.3804,NO
hptm3192.jpg,0.4919,NO
hptm3190.jpg,0.3236,NO
hptm3193.jpg,0.4456,NO
hptm3194.jpg,0.2465,NO
hptm3195.jpg,0.1097,NO
hptm3197.jpg,0.4199,NO
hptm3198.jpg,0.5030,YES
hptm3199.jpg,0.5143,YES
hptm320.jpg,0.6857,YES
hptm3200.jpg,0.3849,NO
hptm3201.jpg,0.3402,NO
hptm3204.jpg,0.4299,NO
hptm3205.jpg,0.3820,NO
hptm3206.jpg,0.4379,NO
hptm3208.jpg,0.4209,NO
hptm3209.jpg,0.2299,NO
hptm321.jpg,0.5041,YES
hptm3210.jpg,0.5207,YES
hptm3211.jpg,0.5342,YES
hptm3212.jpg,0.3249,NO
hptm3213.jpg,0.5748,YES
hptm3214.jpg,0.2802,NO
hptm3215.jpg,0.4022,NO
hptm3216.jpg,0.0883,NO
hptm3217.jpg,0.3414,NO
hptm3219.jpg,0.2957,NO
hptm3218.jpg,0.0954,NO
hptm322.jpg,0.7138,YES
hptm3220.jpg,0.2613,NO
hptm3221.jpg,0.3217,NO
hptm3222.jpg,0.5766,YES
hptm3223.jpg,0.2917,NO
hptm3224.jpg,0.2572,NO
hptm3225.jpg,0.3690,NO
hptm3226.jpg,0.1413,NO
hptm3228.jpg,0.3595,NO
hptm3227.jpg,0.0951,NO
hptm3229.jpg,0.3337,NO
hptm323.jpg,0.6566,YES
hptm3230.jpg,0.2284,NO
hptm3231.jpg,0.4916,NO
hptm3232.jpg,0.3088,NO
hptm3234.jpg,0.3030,NO
hptm3235.jpg,0.4120,NO
hptm3236.jpg,0.4066,NO
hptm3237.jpg,0.4272,NO
hptm3238.jpg,0.2175,NO
hptm3239.jpg,0.2412,NO
hptm3240.jpg,0.2409,NO
hptm324.jpg,0.2752,NO
hptm3242.jpg,0.3373,NO
hptm3244.jpg,0.4646,NO
hptm3245.jpg,0.7366,YES
hptm3247.jpg,0.2948,NO
hptm3248.jpg,0.2078,NO
hptm325.jpg,0.1447,NO
hptm3252.jpg,0.3244,NO
hptm3253.jpg,0.3224,NO
hptm3254.jpg,0.3369,NO
hptm3255.jpg,0.2563,NO
hptm3256.jpg,0.3491,NO
hptm3257.jpg,0.4599,NO
hptm3258.jpg,0.4015,NO
hptm326.jpg,0.4624,NO
hptm3260.jpg,0.2874,NO
hptm3261.jpg,0.2993,NO
hptm3263.jpg,0.3678,NO
hptm3264.jpg,0.1441,NO
hptm3265.jpg,0.3849,NO
hptm3266.jpg,0.4083,NO
hptm3267.jpg,0.1996,NO
hptm3268.jpg,0.3364,NO
hptm327.jpg,0.7012,YES
hptm3272.jpg,0.3893,NO
hptm3271.jpg,0.6801,YES
hptm3274.jpg,0.4077,NO
hptm3273.jpg,0.6155,YES
hptm3275.jpg,0.4282,NO
hptm3276.jpg,0.2818,NO
hptm3277.jpg,0.3149,NO
hptm3279.jpg,0.3946,NO
hptm3278.jpg,0.4105,NO
hptm328.jpg,0.4985,NO
hptm3280.jpg,0.3657,NO
hptm3281.jpg,0.3117,NO
hptm3282.jpg,0.2681,NO
hptm3283.jpg,0.3081,NO
hptm3285.jpg,0.4931,NO
hptm3287.jpg,0.4226,NO
hptm3289.jpg,0.1100,NO
hptm3290.jpg,0.3892,NO
hptm3291.jpg,0.1504,NO
hptm3293.jpg,0.3911,NO
hptm3294.jpg,0.5927,YES
hptm3295.jpg,0.6795,YES
hptm3296.jpg,0.5730,YES
hptm3297.jpg,0.6253,YES
hptm3298.jpg,0.3903,NO
hptm3299.jpg,0.5885,YES
hptm3300.jpg,0.5614,YES
hptm330.jpg,0.3528,NO
hptm3302.jpg,0.2854,NO
hptm3301.jpg,0.6852,YES
hptm3303.jpg,0.2529,NO
hptm3304.jpg,0.2634,NO
hptm3306.jpg,0.2959,NO
hptm3307.jpg,0.2896,NO
hptm331.jpg,0.3636,NO
hptm3309.jpg,0.0502,NO
hptm3311.jpg,0.2013,NO
hptm3312.jpg,0.7199,YES
hptm3313.jpg,0.6773,YES
hptm3314.jpg,0.2993,NO
hptm3315.jpg,0.6942,YES
hptm3316.jpg,0.7354,YES
hptm332.jpg,0.4941,NO
hptm3319.jpg,0.4848,NO
hptm3321.jpg,0.5969,YES
hptm3322.jpg,0.4789,NO
hptm3320.jpg,0.1585,NO
hptm3430.jpg,0.4230,NO
hptm3431.jpg,0.3282,NO
hptm3432.jpg,0.4096,NO
hptm3435.jpg,0.1914,NO
hptm3433.jpg,0.0348,NO
hptm3436.jpg,0.7249,YES
hptm3437.jpg,0.7533,YES
hptm3438.jpg,0.1740,NO
hptm3439.jpg,0.5710,YES
hptm344.jpg,0.2157,NO
hptm3440.jpg,0.3251,NO
hptm3443.jpg,0.1329,NO
hptm3444.jpg,0.0609,NO
hptm3446.jpg,0.3810,NO
hptm3447.jpg,0.3818,NO
hptm3448.jpg,0.4897,NO
hptm3449.jpg,0.6909,YES
hptm3450.jpg,0.0963,NO
hptm3451.jpg,0.3355,NO
hptm3452.jpg,0.1303,NO
hptm3453.jpg,0.4696,NO
hptm3454.jpg,0.3888,NO
hptm3456.jpg,0.4293,NO
hptm3455.jpg,0.2008,NO
hptm3458.jpg,0.5066,YES
hptm3459.jpg,0.3742,NO
hptm346.jpg,0.7481,YES
hptm3461.jpg,0.6239,YES
hptm3460.jpg,0.4452,NO
hptm3462.jpg,0.7259,YES
hptm3465.jpg,0.7391,YES
hptm3466.jpg,0.1781,NO
hptm3469.jpg,0.2801,NO
hptm3470.jpg,0.1435,NO
hptm3471.jpg,0.7626,YES
hptm3472.jpg,0.6921,YES
hptm3473.jpg,0.4375,NO
hptm3474.jpg,0.5852,YES
hptm3475.jpg,0.3958,NO
hptm3476.jpg,0.6700,YES
hptm3477.jpg,0.1560,NO
hptm3479.jpg,0.5417,YES
hptm3480.jpg,0.3918,NO
hptm3481.jpg,0.5372,YES
hptm3483.jpg,0.4532,NO
hptm3484.jpg,0.4875,NO
hptm3485.jpg,0.4523,NO
hptm3486.jpg,0.4322,NO
hptm3487.jpg,0.4518,NO
hptm3488.jpg,0.3636,NO
hptm3490.jpg,0.1747,NO
hptm3491.jpg,0.5138,YES
hptm3492.jpg,0.5960,YES
hptm3493.jpg,0.6281,YES
hptm3495.jpg,0.5164,YES
hptm3497.jpg,0.6862,YES
hptm3496.jpg,0.0279,NO
hptm3498.jpg,0.7398,YES
hptm3499.jpg,0.0877,NO
hptm3500.jpg,0.4970,NO
hptm3502.jpg,0.7420,YES
hptm3503.jpg,0.7028,YES
hptm3505.jpg,0.1061,NO
hptm3507.jpg,0.0459,NO
hptm3508.jpg,0.2255,NO
hptm3509.jpg,0.0330,NO
hptm3510.jpg,0.7012,YES
hptm3511.jpg,0.2993,NO
hptm3512.jpg,0.5460,YES
hptm3513.jpg,0.7745,YES
hptm3514.jpg,0.1361,NO
hptm3515.jpg,0.0589,NO
hptm3516.jpg,0.0814,NO
hptm3517.jpg,0.6521,YES
hptm3518.jpg,0.3715,NO
hptm3519.jpg,0.7630,YES
hptm3521.jpg,0.4863,NO
hptm3524.jpg,0.1137,NO
hptm3525.jpg,0.1246,NO
hptm3526.jpg,0.3232,NO
hptm3527.jpg,0.4592,NO
hptm3528.jpg,0.1856,NO
hptm3529.jpg,0.6282,YES
hptm3530.jpg,0.0353,NO
hptm3531.jpg,0.3015,NO
hptm3532.jpg,0.0906,NO
hptm3533.jpg,0.1617,NO
hptm3534.jpg,0.3591,NO
hptm3535.jpg,0.2314,NO
hptm3536.jpg,0.2961,NO
hptm3537.jpg,0.1100,NO
hptm3538.jpg,0.2512,NO
hptm3539.jpg,0.1858,NO
hptm3541.jpg,0.7420,YES
hptm3540.jpg,0.1004,NO
hptm3542.jpg,0.1572,NO
hptm3543.jpg,0.8147,YES
hptm3544.jpg,0.4441,NO
hptm3547.jpg,0.6849,YES
hptm3546.jpg,0.1850,NO
hptm3548.jpg,0.1964,NO
hptm3550.jpg,0.1360,NO
hptm3551.jpg,0.0465,NO
hptm3554.jpg,0.6255,YES
hptm3552.jpg,0.7490,YES
hptm3555.jpg,0.5016,YES
hptm3556.jpg,0.3396,NO
hptm3557.jpg,0.4973,NO
hptm3558.jpg,0.5539,YES
hptm3560.jpg,0.1878,NO
hptm3561.jpg,0.4008,NO
hptm3562.jpg,0.4489,NO
hptm3563.jpg,0.4892,NO
hptm3564.jpg,0.4454,NO
hptm3565.jpg,0.4444,NO
hptm3566.jpg,0.4309,NO
hptm3567.jpg,0.3738,NO
hptm3568.jpg,0.4516,NO
hptm3569.jpg,0.3192,NO
hptm3573.jpg,0.4842,NO
hptm3571.jpg,0.6183,YES
hptm3574.jpg,0.5513,YES
hptm3575.jpg,0.3955,NO
hptm3576.jpg,0.4190,NO
hptm3577.jpg,0.4978,NO
hptm3578.jpg,0.3920,NO
hptm3579.jpg,0.2348,NO
hptm3580.jpg,0.2407,NO
hptm3581.jpg,0.6590,YES
hptm3582.jpg,0.6041,YES
hptm3583.jpg,0.4398,NO
hptm3584.jpg,0.4903,NO
hptm3585.jpg,0.5255,YES
hptm3586.jpg,0.7142,YES
hptm3588.jpg,0.5218,YES
hptm3587.jpg,0.5697,YES
hptm3589.jpg,0.1420,NO
hptm3590.jpg,0.6569,YES
hptm3592.jpg,0.6484,YES
hptm3591.jpg,0.5299,YES
hptm3593.jpg,0.5426,YES
hptm3594.jpg,0.7545,YES
hptm3595.jpg,0.7748,YES
hptm3596.jpg,0.5533,YES
hptm3598.jpg,0.4303,NO
hptm3599.jpg,0.6562,YES
hptm3600.jpg,0.3862,NO
hptm3602.jpg,0.6726,YES
hptm3603.jpg,0.1145,NO
hptm3604.jpg,0.4780,NO
hptm3606.jpg,0.3464,NO
hptm3605.jpg,-0.0033,NO
hptm3607.jpg,0.3366,NO
hptm3608.jpg,0.6224,YES
hptm3609.jpg,0.1466,NO
hptm3610.jpg,0.3538,NO
hptm3612.jpg,0.4380,NO
hptm3611.jpg,0.1977,NO
hptm3613.jpg,0.3983,NO
hptm3614.jpg,0.4258,NO
hptm3616.jpg,0.1465,NO
hptm3615.jpg,0.2098,NO
hptm3618.jpg,0.4696,NO
hptm3617.jpg,0.1100,NO
hptm3620.jpg,0.5224,YES
hptm3619.jpg,0.2249,NO
hptm3621.jpg,0.3679,NO
hptm3622.jpg,0.1266,NO
hptm3623.jpg,0.4604,NO
hptm3624.jpg,0.7573,YES
hptm3625.jpg,0.8203,YES
hptm3626.jpg,0.5393,YES
hptm3628.jpg,0.5453,YES
hptm3629.jpg,0.6067,YES
hptm3630.jpg,0.6147,YES
hptm3631.jpg,0.5356,YES
hptm3632.jpg,0.5595,YES
hptm3633.jpg,0.5957,YES
hptm3635.jpg,0.2279,NO
hptm3636.jpg,0.0493,NO
hptm3637.jpg,0.6704,YES
hptm3638.jpg,0.1174,NO
hptm3639.jpg,0.4778,NO
hptm3641.jpg,0.3426,NO
hptm3642.jpg,0.3689,NO
hptm3643.jpg,0.6717,YES
hptm3644.jpg,0.6278,YES
hptm3645.jpg,0.4684,NO
hptm3646.jpg,0.5496,YES
hptm3647.jpg,0.6288,YES
hptm3649.jpg,0.6462,YES
hptm3648.jpg,0.5981,YES
hptm3650.jpg,0.2512,NO
hptm3651.jpg,0.5519,YES
hptm3652.jpg,0.4735,NO
hptm3653.jpg,0.4321,NO
hptm3654.jpg,0.2885,NO
hptm3655.jpg,0.1717,NO
hptm3656.jpg,0.3966,NO
hptm3657.jpg,0.1393,NO
hptm3658.jpg,0.4888,NO
hptm3659.jpg,0.5475,YES
hptm3660.jpg,0.4555,NO
hptm3661.jpg,0.7066,YES
hptm3662.jpg,0.2144,NO
hptm3663.jpg,0.6457,YES
hptm3664.jpg,0.5368,YES
hptm3666.jpg,0.4689,NO
hptm3665.jpg,0.5414,YES
hptm3667.jpg,0.4399,NO
hptm3668.jpg,0.4604,NO
hptm3669.jpg,0.5157,YES
hptm3670.jpg,0.6194,YES
hptm3671.jpg,0.4750,NO
hptm3673.jpg,0.1420,NO
hptm3676.jpg,0.5711,YES
hptm3677.jpg,0.6381,YES
hptm3678.jpg,0.4396,NO
hptm3679.jpg,0.5891,YES
hptm3681.jpg,0.5810,YES
hptm3682.jpg,0.6006,YES
hptm3685.jpg,0.7434,YES
hptm3686.jpg,0.7296,YES
hptm3687.jpg,0.1704,NO
hptm3688.jpg,0.2519,NO
hptm3689.jpg,0.4348,NO
hptm3690.jpg,0.6690,YES
hptm3692.jpg,0.4997,NO
hptm3693.jpg,0.4901,NO
hptm3691.jpg,0.0903,NO
hptm3694.jpg,0.6137,YES
hptm3695.jpg,0.4385,NO
hptm3696.jpg,0.4048,NO
hptm3697.jpg,0.3655,NO
hptm3698.jpg,0.4846,NO
hptm3699.jpg,0.6261,YES
hptm3700.jpg,0.6428,YES
hptm3701.jpg,0.4323,NO
hptm3702.jpg,0.4852,NO
hptm3703.jpg,0.3817,NO
hptm3704.jpg,0.5783,YES
hptm3705.jpg,0.6128,YES
hptm3706.jpg,0.4362,NO
hptm3707.jpg,0.4886,NO
hptm3708.jpg,0.2162,NO
hptm3709.jpg,0.5998,YES
hptm3710.jpg,0.1547,NO
hptm3711.jpg,0.4936,NO
hptm3712.jpg,0.7103,YES
hptm3713.jpg,0.4980,NO
hptm3714.jpg,0.5751,YES
hptm3715.jpg,0.4174,NO
hptm3716.jpg,0.5160,YES
hptm3717.jpg,0.6934,YES
hptm3718.jpg,0.1630,NO
hptm3719.jpg,0.5556,YES
hptm3720.jpg,0.7542,YES
hptm372.jpg,0.6116,YES
hptm3723.jpg,0.5159,YES
hptm3725.jpg,0.5388,YES
hptm3724.jpg,0.1512,NO
hptm3728.jpg,0.2518,NO
hptm3729.jpg,0.5901,YES
hptm373.jpg,0.2449,NO
hptm3730.jpg,0.5602,YES
hptm3731.jpg,0.5947,YES
hptm3732.jpg,0.2327,NO
hptm3733.jpg,0.6439,YES
hptm3735.jpg,0.5919,YES
hptm3734.jpg,0.1804,NO
hptm3736.jpg,0.6365,YES
hptm3739.jpg,0.5093,YES
hptm3737.jpg,0.4871,NO
hptm374.jpg,0.5421,YES
hptm3740.jpg,0.6399,YES
hptm3741.jpg,0.6739,YES
hptm3742.jpg,0.6360,YES
hptm3743.jpg,0.7434,YES
hptm3744.jpg,0.6450,YES
hptm3746.jpg,0.6886,YES
hptm3745.jpg,0.2819,NO
hptm3747.jpg,0.5991,YES
hptm3748.jpg,0.7257,YES
hptm3749.jpg,0.7960,YES
hptm3750.jpg,0.8390,YES
hptm3751.jpg,0.7483,YES
hptm3752.jpg,0.4222,NO
hptm3753.jpg,0.1926,NO
hptm3755.jpg,0.2707,NO
hptm3754.jpg,0.3486,NO
hptm3757.jpg,0.2336,NO
hptm3758.jpg,0.1884,NO
hptm376.jpg,0.6197,YES
hptm3759.jpg,0.1258,NO
hptm3762.jpg,0.1287,NO
hptm3763.jpg,0.8074,YES
hptm3767.jpg,0.6527,YES
hptm3769.jpg,0.1901,NO
hptm3770.jpg,0.7140,YES
hptm3771.jpg,0.7280,YES
hptm3773.jpg,0.4280,NO
hptm3772.jpg,0.1404,NO
hptm3774.jpg,0.5207,YES
hptm3783.jpg,0.3789,NO
hptm3775.jpg,0.2137,NO
hptm3778.jpg,0.2393,NO
hptm3784.jpg,0.0991,NO
hptm3785.jpg,0.7692,YES
hptm3787.jpg,0.5768,YES
hptm3786.jpg,0.0722,NO
hptm3788.jpg,0.4904,NO
hptm3794.jpg,0.5162,YES
hptm3790.jpg,0.4431,NO
hptm379.jpg,0.1370,NO
hptm3797.jpg,0.4675,NO
hptm3798.jpg,0.4312,NO
hptm3801.jpg,0.4446,NO
hptm3800.jpg,0.1726,NO
hptm3804.jpg,0.1658,NO
hptm3806.jpg,0.6549,YES
hptm3808.jpg,0.2595,NO
hptm3807.jpg,0.4690,NO
hptm3810.jpg,0.5301,YES
hptm3809.jpg,0.6083,YES
hptm3811.jpg,0.4541,NO
hptm3812.jpg,0.4202,NO
hptm3813.jpg,0.5214,YES
hptm3814.jpg,0.4028,NO
hptm3815.jpg,0.4947,NO
hptm3817.jpg,0.3705,NO
hptm3816.jpg,0.6476,YES
hptm3818.jpg,0.4976,NO
hptm3820.jpg,0.6305,YES
hptm3819.jpg,0.6772,YES
hptm3821.jpg,0.7771,YES
hptm3822.jpg,0.6685,YES
hptm3823.jpg,0.5835,YES
hptm3824.jpg,0.4902,NO
hptm3825.jpg,0.5066,YES
hptm3827.jpg,0.3880,NO
hptm3828.jpg,0.5879,YES
hptm3829.jpg,0.6810,YES
hptm3830.jpg,0.6631,YES
hptm3831.jpg,0.6622,YES
hptm3832.jpg,0.6477,YES
hptm3833.jpg,0.0938,NO
hptm3835.jpg,0.7102,YES
hptm3836.jpg,0.2181,NO
hptm3838.jpg,0.7441,YES
hptm3837.jpg,0.3066,NO
hptm3839.jpg,0.4351,NO
hptm3842.jpg,0.6050,YES
hptm3843.jpg,0.6488,YES
hptm3840.jpg,0.7464,YES
hptm3844.jpg,0.7103,YES
hptm3845.jpg,0.4266,NO
hptm3846.jpg,0.6617,YES
hptm3847.jpg,0.7187,YES
hptm3848.jpg,0.4261,NO
hptm3850.jpg,0.7141,YES
hptm3849.jpg,0.7000,YES
hptm3851.jpg,0.5831,YES
hptm3852.jpg,0.7172,YES
hptm3853.jpg,0.5067,YES
hptm3854.jpg,0.2081,NO
hptm3857.jpg,0.7053,YES
hptm3856.jpg,0.1854,NO
hptm3858.jpg,0.7523,YES
hptm3859.jpg,0.7017,YES
hptm3861.jpg,0.3154,NO
hptm3863.jpg,0.2313,NO
hptm3865.jpg,0.6766,YES
hptm3866.jpg,0.5800,YES
hptm3867.jpg,0.3953,NO
hptm3868.jpg,0.5855,YES
hptm3869.jpg,0.5782,YES
hptm3870.jpg,0.6929,YES
hptm3871.jpg,0.6598,YES
hptm3872.jpg,0.1560,NO
hptm3873.jpg,0.2293,NO
hptm3874.jpg,0.4283,NO
hptm3876.jpg,0.5281,YES
hptm3875.jpg,0.2517,NO
hptm3877.jpg,0.4732,NO
hptm3878.jpg,0.5942,YES
hptm3879.jpg,0.4358,NO
hptm3881.jpg,0.4054,NO
hptm3882.jpg,0.3993,NO
hptm3883.jpg,0.3911,NO
hptm3886.jpg,0.5217,YES
hptm3884.jpg,0.5596,YES
hptm3887.jpg,0.5218,YES
hptm3888.jpg,0.6026,YES
hptm3889.jpg,0.3890,NO
hptm3890.jpg,0.7051,YES
hptm3891.jpg,0.5277,YES
hptm3892.jpg,0.4339,NO
hptm3893.jpg,0.4998,NO
hptm3894.jpg,0.1506,NO
hptm3896.jpg,0.6853,YES
hptm3897.jpg,0.4781,NO
hptm3898.jpg,0.4820,NO
hptm39.jpg,0.4909,NO
hptm3900.jpg,0.1602,NO
hptm3901.jpg,0.6451,YES
hptm3902.jpg,0.6523,YES
hptm3903.jpg,0.6723,YES
hptm3904.jpg,0.6955,YES
hptm3905.jpg,0.2201,NO
hptm3906.jpg,0.1732,NO
hptm3907.jpg,0.5767,YES
hptm3908.jpg,0.7398,YES
hptm3910.jpg,0.7596,YES
hptm3909.jpg,0.3676,NO
hptm3911.jpg,0.4256,NO
hptm3912.jpg,0.5407,YES
hptm3913.jpg,0.2904,NO
hptm3914.jpg,0.4611,NO
hptm3915.jpg,0.5371,YES
hptm3916.jpg,0.5396,YES
hptm3917.jpg,0.7059,YES
hptm3918.jpg,0.1833,NO
hptm3919.jpg,0.4622,NO
hptm3921.jpg,0.5193,YES
hptm3923.jpg,0.5178,YES
hptm3922.jpg,0.6737,YES
hptm3924.jpg,0.1991,NO
hptm3925.jpg,0.1992,NO
hptm3926.jpg,0.3245,NO
hptm3927.jpg,0.7196,YES
hptm3928.jpg,0.3707,NO
hptm3929.jpg,0.2028,NO
hptm3931.jpg,0.6985,YES
hptm3932.jpg,0.3419,NO
hptm3933.jpg,0.5287,YES
hptm3934.jpg,0.5260,YES
hptm3935.jpg,0.4560,NO
hptm3937.jpg,0.4428,NO
hptm3936.jpg,0.2115,NO
hptm3938.jpg,0.7888,YES
hptm3939.jpg,0.7587,YES
hptm3940.jpg,0.8394,YES
hptm3941.jpg,0.3899,NO
hptm3942.jpg,0.2108,NO
hptm3943.jpg,0.4335,NO
hptm3945.jpg,0.2469,NO
hptm3944.jpg,0.1216,NO
hptm3947.jpg,0.3117,NO
hptm3949.jpg,0.3536,NO
hptm3948.jpg,0.1049,NO
hptm3950.jpg,0.4115,NO
hptm3951.jpg,0.6322,YES
hptm3952.jpg,0.3589,NO
hptm3953.jpg,0.3792,NO
hptm3954.jpg,0.3780,NO
hptm3955.jpg,0.3727,NO
hptm3956.jpg,0.3312,NO
hptm3959.jpg,0.3031,NO
hptm3960.jpg,0.3735,NO
hptm3962.jpg,0.2844,NO
hptm3963.jpg,0.4629,NO
hptm3964.jpg,0.4104,NO
hptm3965.jpg,0.1497,NO
hptm3966.jpg,0.4013,NO
hptm3967.jpg,0.5319,YES
hptm3968.jpg,0.6086,YES
hptm3969.jpg,0.3209,NO
hptm3970.jpg,0.3377,NO
hptm3971.jpg,0.6870,YES
hptm3972.jpg,0.4040,NO
hptm3973.jpg,0.4573,NO
hptm3974.jpg,0.3899,NO
hptm3975.jpg,0.6192,YES
hptm3976.jpg,0.5667,YES
hptm3977.jpg,0.5412,YES
hptm3978.jpg,0.1907,NO
hptm3980.jpg,0.6828,YES
hptm3981.jpg,0.6086,YES
hptm3982.jpg,0.1662,NO
hptm3983.jpg,0.6253,YES
hptm3985.jpg,0.2294,NO
hptm3986.jpg,0.6110,YES
hptm3987.jpg,0.4963,NO
hptm3988.jpg,0.6507,YES
hptm3989.jpg,0.2109,NO
hptm3990.jpg,0.2072,NO
hptm3991.jpg,0.5165,YES
hptm3992.jpg,0.5175,YES
hptm3994.jpg,0.2153,NO
hptm3995.jpg,0.2069,NO
hptm3996.jpg,0.1179,NO
hptm3997.jpg,0.1089,NO
hptm3998.jpg,0.1630,NO
hptm3999.jpg,0.1052,NO
hptm40.jpg,0.7717,YES
hptm4000.jpg,0.4325,NO
hptm4001.jpg,0.3268,NO
hptm4002.jpg,0.4166,NO
hptm4003.jpg,0.4510,NO
hptm4004.jpg,0.4236,NO
hptm4005.jpg,0.4448,NO
hptm4006.jpg,0.4218,NO
hptm4008.jpg,0.5604,YES
hptm4007.jpg,0.1150,NO
hptm4010.jpg,0.3675,NO
hptm4011.jpg,0.3793,NO
hptm4012.jpg,0.3357,NO
hptm4013.jpg,0.3569,NO
hptm4014.jpg,0.2876,NO
hptm4015.jpg,0.3303,NO
hptm4016.jpg,0.3898,NO
hptm4017.jpg,0.4901,NO
hptm4018.jpg,0.5519,YES
hptm4019.jpg,0.1990,NO
hptm402.jpg,0.2758,NO
hptm4021.jpg,0.4665,NO
hptm4020.jpg,0.5059,YES
hptm4022.jpg,0.6022,YES
hptm4023.jpg,0.4406,NO
hptm4024.jpg,0.5083,YES
hptm4025.jpg,0.1438,NO
hptm4026.jpg,0.5251,YES
hptm4027.jpg,0.5454,YES
hptm4028.jpg,0.5441,YES
hptm4029.jpg,0.6353,YES
hptm4030.jpg,0.5359,YES
hptm4031.jpg,0.4861,NO
hptm4032.jpg,0.6201,YES
hptm4033.jpg,0.5760,YES
hptm4034.jpg,0.3695,NO
hptm4035.jpg,0.4464,NO
hptm4036.jpg,0.5329,YES
hptm4037.jpg,0.4841,NO
hptm4039.jpg,0.4277,NO
hptm4040.jpg,0.4517,NO
hptm4041.jpg,0.1551,NO
hptm4042.jpg,0.4883,NO
hptm4043.jpg,0.5998,YES
hptm4044.jpg,0.1513,NO
hptm4045.jpg,0.4726,NO
hptm4046.jpg,0.6809,YES
hptm4047.jpg,0.5480,YES
hptm4048.jpg,0.4047,NO
hptm4050.jpg,0.3657,NO
hptm4051.jpg,0.3441,NO
hptm4049.jpg,0.3591,NO
hptm4052.jpg,0.3813,NO
hptm4055.jpg,0.4908,NO
hptm4053.jpg,0.3970,NO
hptm4058.jpg,0.2885,NO
hptm4056.jpg,0.3151,NO
hptm4059.jpg,0.3307,NO
hptm406.jpg,0.7362,YES
hptm4060.jpg,0.3068,NO
hptm4061.jpg,0.4500,NO
hptm4063.jpg,0.5976,YES
hptm4065.jpg,0.4319,NO
hptm4066.jpg,0.6063,YES
hptm4067.jpg,0.5934,YES
hptm4062.jpg,0.5197,YES
hptm4069.jpg,0.6013,YES
hptm407.jpg,0.7332,YES
hptm4070.jpg,0.5051,YES
hptm4071.jpg,0.6897,YES
hptm4073.jpg,0.2994,NO
hptm4072.jpg,0.3032,NO
hptm4074.jpg,0.2199,NO
hptm4075.jpg,0.5749,YES
hptm4076.jpg,0.5032,YES
hptm4077.jpg,0.3555,NO
hptm4078.jpg,0.5557,YES
hptm4080.jpg,0.5414,YES
hptm4081.jpg,0.6815,YES
hptm4082.jpg,0.1888,NO
hptm4083.jpg,0.3528,NO
hptm4084.jpg,0.2552,NO
hptm4085.jpg,0.5147,YES
hptm4086.jpg,0.5257,YES
hptm4087.jpg,0.5137,YES
hptm4088.jpg,0.4689,NO
hptm4089.jpg,0.4108,NO
hptm4091.jpg,0.4748,NO
hptm4092.jpg,0.5313,YES
hptm4095.jpg,0.4997,NO
hptm4093.jpg,0.5290,YES
hptm4096.jpg,0.1409,NO
hptm4097.jpg,0.4780,NO
hptm4098.jpg,0.4195,NO
hptm4099.jpg,0.4150,NO
hptm4100.jpg,0.4833,NO
hptm4102.jpg,0.3891,NO
hptm4103.jpg,0.3963,NO
hptm4104.jpg,0.4848,NO
hptm4105.jpg,0.5782,YES
hptm4106.jpg,0.5411,YES
hptm4107.jpg,0.1438,NO
hptm4109.jpg,0.4563,NO
hptm4110.jpg,0.2253,NO
hptm4111.jpg,0.1563,NO
hptm4112.jpg,0.2575,NO
hptm4114.jpg,0.5098,YES
hptm4115.jpg,0.1609,NO
hptm4116.jpg,0.4206,NO
hptm4118.jpg,0.6966,YES
hptm4120.jpg,0.1556,NO
hptm4119.jpg,0.5833,YES
hptm4121.jpg,0.6152,YES
hptm4123.jpg,0.5065,YES
hptm4122.jpg,0.1914,NO
hptm4127.jpg,0.4320,NO
hptm4126.jpg,0.1758,NO
hptm4128.jpg,0.3807,NO
hptm4129.jpg,0.4938,NO
hptm4124.jpg,0.2732,NO
hptm4130.jpg,0.2965,NO
hptm4131.jpg,0.2751,NO
hptm4132.jpg,0.7364,YES
hptm4134.jpg,0.5037,YES
hptm4133.jpg,0.1589,NO
hptm4135.jpg,0.6991,YES
hptm4137.jpg,0.8283,YES
hptm4138.jpg,0.2859,NO
hptm4140.jpg,0.2908,NO
hptm4139.jpg,0.7595,YES
hptm4141.jpg,0.2364,NO
hptm4143.jpg,0.1136,NO
hptm4142.jpg,0.7913,YES
hptm4145.jpg,0.5690,YES
hptm4144.jpg,0.2539,NO
hptm4146.jpg,0.1693,NO
hptm4147.jpg,0.4044,NO
hptm4149.jpg,0.5683,YES
hptm4148.jpg,0.0943,NO
hptm4150.jpg,0.4927,NO
hptm4151.jpg,0.2052,NO
hptm4152.jpg,0.7170,YES
hptm4153.jpg,0.2678,NO
hptm4154.jpg,0.3755,NO
hptm4155.jpg,0.0602,NO
hptm4160.jpg,0.2319,NO
hptm4158.jpg,0.5142,YES
hptm4161.jpg,0.7486,YES
hptm4162.jpg,0.7088,YES
hptm4163.jpg,0.7012,YES
hptm4164.jpg,0.7805,YES
hptm4166.jpg,0.7271,YES
hptm4169.jpg,0.6324,YES
hptm4170.jpg,0.3816,NO
hptm4167.jpg,0.2774,NO
hptm4171.jpg,0.6932,YES
hptm4172.jpg,0.4987,NO
hptm4173.jpg,0.3944,NO
hptm4174.jpg,0.7208,YES
hptm4175.jpg,0.7456,YES
hptm4176.jpg,0.7353,YES
hptm4177.jpg,0.7240,YES
hptm4178.jpg,0.6898,YES
hptm4180.jpg,0.2754,NO
hptm4182.jpg,0.5642,YES
hptm4183.jpg,0.6926,YES
hptm4181.jpg,0.0689,NO
hptm4184.jpg,0.5916,YES
hptm4185.jpg,0.6311,YES
hptm4186.jpg,0.4480,NO
hptm4187.jpg,0.4854,NO
hptm4189.jpg,0.6489,YES
hptm4191.jpg,0.6858,YES
hptm4192.jpg,0.6725,YES
hptm4193.jpg,0.6472,YES
hptm4194.jpg,0.1392,NO
hptm4196.jpg,0.5339,YES
hptm4195.jpg,0.6652,YES
hptm4197.jpg,0.1226,NO
hptm4200.jpg,0.3726,NO
hptm4203.jpg,0.4100,NO
hptm4205.jpg,0.5636,YES
hptm4204.jpg,0.2363,NO
hptm4206.jpg,0.1472,NO
hptm4207.jpg,0.4730,NO
hptm4208.jpg,0.1944,NO
hptm4209.jpg,0.4725,NO
hptm4210.jpg,0.2235,NO
hptm4211.jpg,0.5417,YES
hptm4213.jpg,0.5735,YES
hptm4214.jpg,0.2948,NO
hptm4216.jpg,0.3561,NO
hptm4218.jpg,0.7186,YES
hptm4217.jpg,0.1881,NO
hptm4220.jpg,0.5367,YES
hptm4221.jpg,0.6261,YES
hptm4222.jpg,0.2056,NO
hptm4225.jpg,0.6491,YES
hptm4226.jpg,0.7247,YES
hptm4227.jpg,0.2192,NO
hptm4229.jpg,0.5520,YES
hptm4228.jpg,0.1931,NO
hptm4231.jpg,0.6630,YES
hptm4230.jpg,0.2380,NO
hptm4233.jpg,0.0512,NO
hptm4237.jpg,0.0263,NO
hptm4238.jpg,0.1478,NO
hptm4243.jpg,0.5217,YES
hptm4240.jpg,0.5169,YES
hptm4246.jpg,0.4790,NO
hptm4247.jpg,0.5706,YES
hptm4248.jpg,0.4458,NO
hptm425.jpg,0.7062,YES
hptm4251.jpg,0.5942,YES
hptm4252.jpg,0.2702,NO
hptm4253.jpg,0.5709,YES
hptm4254.jpg,0.3561,NO
hptm4257.jpg,0.5887,YES
hptm4258.jpg,0.4987,NO
hptm426.jpg,0.5466,YES
hptm4260.jpg,0.4863,NO
hptm4261.jpg,0.1648,NO
hptm4262.jpg,0.5618,YES
hptm4263.jpg,0.2089,NO
hptm4265.jpg,0.7187,YES
hptm4268.jpg,0.5003,YES
hptm427.jpg,0.5716,YES
hptm4273.jpg,0.7278,YES
hptm4278.jpg,0.3366,NO
hptm4279.jpg,0.4386,NO
hptm428.jpg,0.4917,NO
hptm4280.jpg,0.4649,NO
hptm4281.jpg,0.2152,NO
hptm4282.jpg,0.2196,NO
hptm4283.jpg,0.7220,YES
hptm4284.jpg,0.1070,NO
hptm4285.jpg,0.4277,NO
hptm4286.jpg,0.0938,NO
hptm4287.jpg,0.6980,YES
hptm4289.jpg,0.3978,NO
hptm4291.jpg,0.7709,YES
hptm4292.jpg,0.3857,NO
hptm4288.jpg,0.1589,NO
hptm4294.jpg,0.1657,NO
hptm4296.jpg,0.3672,NO
hptm4298.jpg,0.7556,YES
hptm4299.jpg,0.6925,YES
hptm4297.jpg,0.4481,NO
hptm4302.jpg,0.1822,NO
hptm4303.jpg,0.5258,YES
hptm4305.jpg,0.2101,NO
hptm4306.jpg,0.4501,NO
hptm4307.jpg,0.5174,YES
hptm4309.jpg,0.5775,YES
hptm431.jpg,0.7631,YES
hptm4310.jpg,0.4777,NO
hptm4311.jpg,0.4573,NO
hptm4312.jpg,0.5255,YES
hptm4314.jpg,0.6130,YES
hptm4315.jpg,0.5491,YES
hptm4316.jpg,0.3743,NO
hptm4317.jpg,0.5853,YES
hptm4319.jpg,0.6436,YES
hptm4318.jpg,0.1870,NO
hptm4320.jpg,0.3088,NO
hptm4321.jpg,0.7046,YES
hptm4322.jpg,0.5506,YES
hptm4324.jpg,0.4819,NO
hptm4323.jpg,0.5177,YES
hptm4325.jpg,0.4898,NO
hptm4327.jpg,0.3478,NO
hptm4328.jpg,0.1028,NO
hptm4329.jpg,0.1545,NO
hptm433.jpg,0.2327,NO
hptm4330.jpg,0.3165,NO
hptm4331.jpg,0.5576,YES
hptm4332.jpg,0.7977,YES
hptm4333.jpg,0.1829,NO
hptm4335.jpg,0.6969,YES
hptm4336.jpg,0.7229,YES
hptm4338.jpg,0.6461,YES
hptm4337.jpg,0.6048,YES
hptm4339.jpg,0.6596,YES
hptm4340.jpg,0.5114,YES
hptm4341.jpg,0.2168,NO
hptm4342.jpg,0.5986,YES
hptm4344.jpg,0.6333,YES
hptm4345.jpg,0.4736,NO
hptm4347.jpg,0.4906,NO
hptm4348.jpg,0.3926,NO
hptm4349.jpg,0.1749,NO
hptm435.jpg,0.4554,NO
hptm4351.jpg,0.4515,NO
hptm4352.jpg,0.3348,NO
hptm4355.jpg,0.5343,YES
hptm4354.jpg,0.1139,NO
hptm4356.jpg,0.4700,NO
hptm4357.jpg,0.4554,NO
hptm436.jpg,0.5171,YES
hptm4360.jpg,0.4080,NO
hptm4361.jpg,0.4799,NO
hptm4362.jpg,0.3999,NO
hptm4364.jpg,0.3281,NO
hptm4365.jpg,0.2796,NO
hptm4366.jpg,0.3088,NO
hptm4368.jpg,0.3507,NO
hptm437.jpg,0.1436,NO
hptm4370.jpg,0.4361,NO
hptm4372.jpg,0.7370,YES
hptm4373.jpg,0.4733,NO
hptm4374.jpg,0.3709,NO
hptm4375.jpg,0.6145,YES
hptm4376.jpg,0.3220,NO
hptm4377.jpg,0.4349,NO
hptm4379.jpg,0.4678,NO
hptm4381.jpg,0.3441,NO
hptm4382.jpg,0.5666,YES
hptm4384.jpg,0.2069,NO
hptm4385.jpg,0.1177,NO
hptm4386.jpg,0.5179,YES
hptm4387.jpg,0.1711,NO
hptm4388.jpg,0.5161,YES
hptm4389.jpg,0.3558,NO
hptm439.jpg,0.1256,NO
hptm4391.jpg,0.1447,NO
hptm4392.jpg,0.3962,NO
hptm4393.jpg,0.3444,NO
hptm4394.jpg,0.4364,NO
hptm4396.jpg,0.2791,NO
hptm4397.jpg,0.3596,NO
hptm4398.jpg,0.6595,YES
hptm4399.jpg,0.3056,NO
hptm440.jpg,0.5475,YES
hptm4400.jpg,0.6452,YES
hptm4402.jpg,0.2857,NO
hptm4403.jpg,0.4281,NO
hptm4404.jpg,0.1010,NO
hptm4405.jpg,-0.0177,NO
hptm4406.jpg,0.1613,NO
hptm4407.jpg,0.3026,NO
hptm4408.jpg,0.3791,NO
hptm4409.jpg,0.5087,YES
hptm4410.jpg,0.3393,NO
hptm441.jpg,0.5420,YES
hptm4413.jpg,0.4572,NO
hptm4415.jpg,0.3477,NO
hptm4416.jpg,0.2859,NO
hptm4417.jpg,0.5665,YES
hptm4418.jpg,-0.0310,NO
hptm4419.jpg,0.1575,NO
hptm4420.jpg,0.6325,YES
hptm442.jpg,0.7441,YES
hptm4421.jpg,0.6316,YES
hptm4422.jpg,0.2210,NO
hptm4424.jpg,0.2294,NO
hptm4425.jpg,0.6884,YES
hptm4427.jpg,0.3175,NO
hptm4428.jpg,0.3506,NO
hptm4429.jpg,0.6568,YES
hptm443.jpg,0.2159,NO
hptm4430.jpg,0.4065,NO
hptm4431.jpg,0.4121,NO
hptm4433.jpg,0.3991,NO
hptm4435.jpg,0.3438,NO
hptm4437.jpg,0.2795,NO
hptm4436.jpg,0.1820,NO
hptm4438.jpg,0.2263,NO
hptm4439.jpg,0.2581,NO
hptm444.jpg,0.1581,NO
hptm4440.jpg,0.2554,NO
hptm4441.jpg,0.0333,NO
hptm4442.jpg,0.1535,NO
hptm4443.jpg,0.3870,NO
hptm4446.jpg,0.2570,NO
hptm4447.jpg,0.2428,NO
hptm4448.jpg,0.3433,NO
hptm4449.jpg,0.1712,NO
hptm4450.jpg,0.1103,NO
hptm4451.jpg,0.6563,YES
hptm4452.jpg,0.4256,NO
hptm4454.jpg,0.1903,NO
hptm4455.jpg,0.6542,YES
hptm4457.jpg,0.1308,NO
hptm4459.jpg,0.5393,YES
hptm4460.jpg,0.1501,NO
hptm4461.jpg,0.1879,NO
hptm4462.jpg,0.3588,NO
hptm4464.jpg,0.4321,NO
hptm4469.jpg,0.5268,YES
hptm4472.jpg,0.5680,YES
hptm4473.jpg,0.5509,YES
hptm447.jpg,0.1748,NO
hptm4475.jpg,0.2088,NO
hptm4476.jpg,0.1362,NO
hptm448.jpg,0.7951,YES
hptm4477.jpg,0.7599,YES
hptm4483.jpg,0.3914,NO
hptm4487.jpg,0.4366,NO
hptm4486.jpg,0.0613,NO
hptm4488.jpg,0.7531,YES
hptm449.jpg,0.7103,YES
hptm4490.jpg,0.3252,NO
hptm4491.jpg,0.4134,NO
hptm4492.jpg,0.7222,YES
hptm4493.jpg,0.7740,YES
hptm4495.jpg,0.5885,YES
hptm4494.jpg,0.2835,NO
hptm4496.jpg,0.2548,NO
hptm4498.jpg,0.2352,NO
hptm4499.jpg,0.0633,NO
hptm4502.jpg,0.7231,YES
hptm4503.jpg,0.1034,NO
hptm4504.jpg,0.1796,NO
hptm4505.jpg,0.0749,NO
hptm4506.jpg,0.7758,YES
hptm4507.jpg,0.6053,YES
hptm4509.jpg,0.7957,YES
hptm4510.jpg,0.6135,YES
hptm4513.jpg,0.1365,NO
hptm4511.jpg,0.0142,NO
hptm4514.jpg,0.1382,NO
hptm4515.jpg,0.4502,NO
hptm4516.jpg,0.7226,YES
hptm4521.jpg,0.3839,NO
hptm4517.jpg,0.3558,NO
hptm4524.jpg,0.6947,YES
hptm4525.jpg,0.5355,YES
hptm4526.jpg,0.5960,YES
hptm4528.jpg,0.1599,NO
hptm4530.jpg,0.2544,NO
hptm4531.jpg,0.7784,YES
hptm4532.jpg,0.2477,NO
hptm4533.jpg,0.1633,NO
hptm4535.jpg,0.2431,NO
hptm4537.jpg,0.6894,YES
hptm4538.jpg,0.1754,NO
hptm4539.jpg,0.3880,NO
hptm4541.jpg,0.5358,YES
hptm4545.jpg,0.4571,NO
hptm4547.jpg,0.5226,YES
hptm4543.jpg,0.0572,NO
hptm4548.jpg,0.6065,YES
hptm4552.jpg,0.3368,NO
hptm4553.jpg,0.4772,NO
hptm4554.jpg,0.5527,YES
hptm4555.jpg,0.5241,YES
hptm4556.jpg,0.6017,YES
hptm4557.jpg,0.6198,YES
hptm4558.jpg,0.5660,YES
hptm4561.jpg,0.4665,NO
hptm4562.jpg,0.4591,NO
hptm4563.jpg,0.1648,NO
hptm4564.jpg,0.3922,NO
hptm4565.jpg,0.1777,NO
hptm4566.jpg,0.4819,NO
hptm4568.jpg,0.6862,YES
hptm4567.jpg,0.5138,YES
hptm4570.jpg,0.3706,NO
hptm4571.jpg,0.4085,NO
hptm4573.jpg,0.1727,NO
hptm4572.jpg,0.6337,YES
hptm4576.jpg,0.4066,NO
hptm4577.jpg,0.5280,YES
hptm4578.jpg,0.1992,NO
hptm4579.jpg,0.2687,NO
hptm4580.jpg,0.5852,YES
hptm4582.jpg,0.5881,YES
hptm4584.jpg,0.2037,NO
hptm4583.jpg,0.3170,NO
hptm4588.jpg,0.3792,NO
hptm4585.jpg,0.1153,NO
hptm4589.jpg,0.3278,NO
hptm4595.jpg,0.3808,NO
hptm4596.jpg,0.5774,YES
hptm4597.jpg,0.4514,NO
hptm4599.jpg,0.4100,NO
hptm4598.jpg,0.4015,NO
hptm4600.jpg,0.3174,NO
hptm4604.jpg,0.3922,NO
hptm4602.jpg,0.3004,NO
hptm4605.jpg,0.3204,NO
hptm4607.jpg,0.3031,NO
hptm4608.jpg,0.3760,NO
hptm4609.jpg,0.5788,YES
hptm4610.jpg,0.6432,YES
hptm4611.jpg,0.2020,NO
hptm4613.jpg,0.3903,NO
hptm4612.jpg,0.5474,YES
hptm4614.jpg,0.4000,NO
hptm4615.jpg,0.3278,NO
hptm4616.jpg,0.6663,YES
hptm4620.jpg,0.4174,NO
hptm4617.jpg,0.1224,NO
hptm4618.jpg,0.4562,NO
hptm4622.jpg,0.7025,YES
hptm4623.jpg,0.2027,NO
hptm4624.jpg,0.4591,NO
hptm4625.jpg,0.5302,YES
hptm4626.jpg,0.3572,NO
hptm4627.jpg,0.4606,NO
hptm4629.jpg,0.4059,NO
hptm4628.jpg,0.4427,NO
hptm4630.jpg,0.3549,NO
hptm4631.jpg,0.3559,NO
hptm4632.jpg,0.3702,NO
hptm4633.jpg,0.4096,NO
hptm4634.jpg,0.5134,YES
hptm4635.jpg,0.4539,NO
hptm4636.jpg,0.5829,YES
hptm4637.jpg,0.4139,NO
hptm4638.jpg,0.5684,YES
hptm4639.jpg,0.2214,NO
hptm4640.jpg,0.4850,NO
hptm4641.jpg,0.4996,NO
hptm4642.jpg,0.4649,NO
hptm4643.jpg,0.7213,YES
hptm4645.jpg,0.7094,YES
hptm4644.jpg,0.2280,NO
hptm4646.jpg,0.5462,YES
hptm4647.jpg,0.6010,YES
hptm4648.jpg,0.2345,NO
hptm4649.jpg,0.3057,NO
hptm4650.jpg,0.6317,YES
hptm4651.jpg,0.5559,YES
hptm4652.jpg,0.7387,YES
hptm4653.jpg,0.1391,NO
hptm4654.jpg,0.2286,NO
hptm4656.jpg,0.5860,YES
hptm4657.jpg,0.6602,YES
hptm4659.jpg,0.0982,NO
hptm4660.jpg,0.6739,YES
hptm4661.jpg,0.4179,NO
hptm4662.jpg,0.5863,YES
hptm4664.jpg,0.3031,NO
hptm4663.jpg,0.3288,NO
hptm4665.jpg,0.3317,NO
hptm4666.jpg,0.1034,NO
hptm4667.jpg,0.2956,NO
hptm4668.jpg,0.4046,NO
hptm4669.jpg,0.2957,NO
hptm4670.jpg,0.2886,NO
hptm4673.jpg,0.4419,NO
hptm4672.jpg,0.4057,NO
hptm4671.jpg,0.5082,YES
hptm4675.jpg,0.5448,YES
hptm4676.jpg,0.5688,YES
hptm4677.jpg,0.4997,NO
hptm4678.jpg,0.4113,NO
hptm4679.jpg,0.2062,NO
hptm4680.jpg,0.6943,YES
hptm4681.jpg,0.2987,NO
hptm4682.jpg,0.5689,YES
hptm4684.jpg,0.2882,NO
hptm4685.jpg,0.1471,NO
hptm4686.jpg,0.1802,NO
hptm4687.jpg,0.1845,NO
hptm4688.jpg,0.5996,YES
hptm4690.jpg,0.3176,NO
hptm4689.jpg,0.6604,YES
hptm4691.jpg,0.6428,YES
hptm4692.jpg,0.2819,NO
hptm4693.jpg,0.5339,YES
hptm4696.jpg,0.5948,YES
hptm4694.jpg,0.5063,YES
hptm4695.jpg,0.4362,NO
hptm4698.jpg,0.3578,NO
hptm4697.jpg,0.4930,NO
hptm4699.jpg,0.3855,NO
hptm4700.jpg,0.1376,NO
hptm4701.jpg,0.2135,NO
hptm4703.jpg,0.3204,NO
hptm4704.jpg,0.4933,NO
hptm4705.jpg,0.3526,NO
hptm4706.jpg,0.3632,NO
hptm4707.jpg,0.4265,NO
hptm4708.jpg,0.2625,NO
hptm4709.jpg,0.3032,NO
hptm4710.jpg,0.3414,NO
hptm4711.jpg,0.5885,YES
hptm4712.jpg,0.4050,NO
hptm4713.jpg,0.4172,NO
hptm4714.jpg,0.2656,NO
hptm4715.jpg,0.1276,NO
hptm4717.jpg,0.4631,NO
hptm4718.jpg,0.4291,NO
hptm4720.jpg,0.4055,NO
hptm4719.jpg,0.4568,NO
hptm4722.jpg,0.4235,NO
hptm4721.jpg,0.3371,NO
hptm4723.jpg,0.3017,NO
hptm4724.jpg,0.1216,NO
hptm4725.jpg,0.2950,NO
hptm4726.jpg,0.4119,NO
hptm4727.jpg,0.2972,NO
hptm4728.jpg,0.3109,NO
hptm4729.jpg,0.1337,NO
hptm473.jpg,0.4060,NO
hptm4730.jpg,0.4461,NO
hptm4732.jpg,0.2609,NO
hptm4733.jpg,0.1927,NO
hptm4734.jpg,0.2288,NO
hptm4735.jpg,0.2378,NO
hptm4736.jpg,0.3232,NO
hptm4737.jpg,0.4174,NO
hptm4738.jpg,0.2448,NO
hptm4739.jpg,0.1444,NO
hptm474.jpg,0.1439,NO
hptm4740.jpg,0.2062,NO
hptm4741.jpg,0.1099,NO
hptm4742.jpg,0.2052,NO
hptm4743.jpg,0.1095,NO
hptm4744.jpg,0.1709,NO
hptm4745.jpg,0.2848,NO
hptm4746.jpg,0.2520,NO
hptm4747.jpg,0.2435,NO
hptm4748.jpg,0.1062,NO
hptm4749.jpg,0.1131,NO
hptm475.jpg,0.4468,NO
hptm4751.jpg,0.1079,NO
hptm4755.jpg,0.2436,NO
hptm4763.jpg,0.2293,NO
hptm4767.jpg,0.2057,NO
hptm4768.jpg,0.2201,NO
hptm4769.jpg,0.2542,NO
hptm4770.jpg,0.3430,NO
hptm4771.jpg,0.2043,NO
hptm4774.jpg,0.3125,NO
hptm4772.jpg,0.2672,NO
hptm4775.jpg,0.2339,NO
hptm4776.jpg,0.6427,YES
hptm4778.jpg,0.2937,NO
hptm4779.jpg,0.5903,YES
hptm4781.jpg,0.2983,NO
hptm4783.jpg,0.4455,NO
hptm4782.jpg,0.3742,NO
hptm4784.jpg,0.2690,NO
hptm4785.jpg,0.2694,NO
hptm4787.jpg,0.2400,NO
hptm4789.jpg,0.2613,NO
hptm479.jpg,0.5095,YES
hptm4790.jpg,0.1239,NO
hptm4792.jpg,0.3661,NO
hptm4791.jpg,0.3581,NO
hptm4793.jpg,0.1281,NO
hptm4794.jpg,0.3314,NO
hptm4795.jpg,0.1216,NO
hptm4796.jpg,0.4630,NO
hptm4797.jpg,0.1400,NO
hptm4798.jpg,0.6575,YES
hptm4799.jpg,0.3869,NO
hptm4801.jpg,0.1164,NO
hptm4802.jpg,0.3476,NO
hptm4803.jpg,0.3605,NO
hptm4800.jpg,0.0744,NO
hptm4804.jpg,0.3163,NO
hptm4805.jpg,0.1680,NO
hptm4806.jpg,0.1853,NO
hptm4807.jpg,0.3274,NO
hptm4810.jpg,0.3213,NO
hptm4809.jpg,0.1405,NO
hptm4808.jpg,0.4767,NO
hptm4811.jpg,0.1360,NO
hptm4812.jpg,0.2961,NO
hptm4813.jpg,0.2981,NO
hptm4814.jpg,0.3858,NO
hptm4815.jpg,0.1704,NO
hptm4816.jpg,0.2598,NO
hptm4817.jpg,0.2343,NO
hptm4818.jpg,0.4451,NO
hptm4819.jpg,0.3018,NO
hptm4820.jpg,0.2846,NO
hptm4822.jpg,0.0996,NO
hptm4821.jpg,0.6820,YES
hptm4825.jpg,0.3470,NO
hptm4827.jpg,0.2920,NO
hptm4826.jpg,0.6470,YES
hptm4828.jpg,0.3411,NO
hptm4829.jpg,0.2389,NO
hptm4830.jpg,0.2826,NO
hptm4831.jpg,0.3815,NO
hptm4832.jpg,0.2326,NO
hptm4833.jpg,0.4061,NO
hptm4836.jpg,0.2611,NO
hptm4840.jpg,0.2379,NO
hptm4837.jpg,0.6072,YES
hptm4841.jpg,0.2437,NO
hptm4842.jpg,0.1710,NO
hptm4844.jpg,0.4065,NO
hptm4845.jpg,0.3989,NO
hptm4846.jpg,0.2560,NO
hptm4849.jpg,0.3543,NO
hptm4848.jpg,0.0674,NO
hptm4847.jpg,0.3124,NO
hptm4850.jpg,0.3888,NO
hptm4851.jpg,0.3340,NO
hptm4852.jpg,0.3295,NO
hptm4854.jpg,0.2406,NO
hptm4855.jpg,0.4745,NO
hptm4856.jpg,0.2609,NO
hptm4858.jpg,0.3522,NO
hptm4857.jpg,0.4073,NO
hptm4859.jpg,0.1061,NO
hptm4860.jpg,0.3521,NO
hptm4861.jpg,0.3328,NO
hptm4862.jpg,0.1230,NO
hptm4863.jpg,0.2124,NO
hptm4864.jpg,0.0939,NO
hptm4865.jpg,0.4131,NO
hptm4866.jpg,0.1481,NO
hptm4867.jpg,0.6246,YES
hptm4869.jpg,0.1605,NO
hptm4870.jpg,0.6229,YES
hptm4872.jpg,0.1447,NO
hptm4873.jpg,0.2846,NO
hptm4874.jpg,0.4647,NO
hptm4875.jpg,0.1565,NO
hptm4876.jpg,0.2528,NO
hptm4878.jpg,0.1815,NO
hptm4880.jpg,0.1503,NO
hptm4881.jpg,0.6268,YES
hptm4882.jpg,0.4210,NO
hptm4887.jpg,0.6234,YES
hptm4894.jpg,0.1722,NO
hptm4892.jpg,0.1463,NO
hptm4895.jpg,0.2071,NO
hptm4899.jpg,0.4651,NO
hptm4903.jpg,0.6131,YES
hptm4911.jpg,0.2247,NO
hptm4907.jpg,0.5756,YES
hptm4912.jpg,0.2333,NO
hptm4913.jpg,0.2016,NO
hptm4914.jpg,0.6331,YES
hptm4915.jpg,0.0931,NO
hptm4917.jpg,0.5820,YES
hptm4918.jpg,0.5591,YES
hptm4919.jpg,0.6257,YES
hptm4920.jpg,0.5072,YES
hptm4921.jpg,0.5999,YES
hptm4922.jpg,0.5443,YES
hptm4923.jpg,0.0884,NO
hptm4924.jpg,0.1808,NO
hptm4925.jpg,0.5315,YES
hptm4926.jpg,0.2148,NO
hptm4927.jpg,0.5132,YES
hptm4928.jpg,0.2961,NO
hptm4929.jpg,0.7485,YES
hptm4930.jpg,0.3646,NO
hptm4931.jpg,0.3991,NO
hptm4932.jpg,0.6986,YES
hptm4933.jpg,0.6377,YES
hptm4934.jpg,0.6234,YES
hptm4935.jpg,0.6182,YES
hptm4937.jpg,0.2047,NO
hptm4938.jpg,0.5165,YES
hptm4940.jpg,0.1516,NO
hptm4939.jpg,0.4184,NO
hptm4941.jpg,0.5486,YES
hptm4942.jpg,0.4825,NO
hptm4948.jpg,0.3316,NO
hptm4952.jpg,0.4671,NO
hptm4955.jpg,0.6082,YES
hptm4956.jpg,0.1711,NO
hptm4959.jpg,0.1598,NO
hptm4960.jpg,0.6299,YES
hptm4961.jpg,0.5651,YES
hptm4962.jpg,0.5638,YES
hptm4963.jpg,0.2027,NO
hptm4964.jpg,0.2144,NO
hptm4965.jpg,0.2127,NO
hptm4966.jpg,0.6354,YES
hptm4967.jpg,0.1871,NO
hptm4968.jpg,0.5743,YES
hptm4969.jpg,0.6311,YES
hptm4970.jpg,0.4749,NO
hptm4971.jpg,0.6792,YES
hptm4972.jpg,0.3803,NO
hptm4973.jpg,0.6009,YES
hptm4974.jpg,0.1476,NO
hptm4975.jpg,0.1849,NO
hptm4976.jpg,0.2125,NO
hptm4977.jpg,0.1549,NO
hptm4978.jpg,0.5822,YES
hptm4981.jpg,0.1466,NO
hptm4980.jpg,0.2214,NO
hptm4979.jpg,0.6629,YES
hptm4982.jpg,0.5176,YES
hptm4983.jpg,0.2234,NO
hptm4995.jpg,0.5621,YES
hptm4984.jpg,0.4866,NO
hptm4996.jpg,0.2931,NO
hptm5003.jpg,0.5548,YES
hptm4999.jpg,0.2788,NO
hptm5000.jpg,0.5795,YES
hptm5004.jpg,0.5583,YES
hptm5006.jpg,0.5620,YES
hptm5007.jpg,0.2756,NO
hptm5008.jpg,0.4558,NO
hptm5010.jpg,0.6369,YES
hptm5013.jpg,0.2900,NO
hptm5015.jpg,0.6903,YES
hptm5012.jpg,0.7008,YES
hptm5016.jpg,0.6988,YES
hptm5017.jpg,0.0971,NO
hptm5018.jpg,0.6993,YES
hptm5021.jpg,0.7068,YES
hptm5022.jpg,0.3195,NO
hptm5035.jpg,0.3656,NO
hptm5025.jpg,0.2727,NO
hptm5036.jpg,0.1698,NO
hptm5037.jpg,0.7541,YES
hptm5038.jpg,0.3505,NO
hptm5039.jpg,0.7403,YES
hptm5040.jpg,0.3513,NO
hptm5041.jpg,0.4267,NO
hptm5042.jpg,0.4087,NO
hptm5043.jpg,0.7349,YES
hptm5044.jpg,0.1019,NO
hptm5045.jpg,0.3600,NO
hptm5047.jpg,0.1503,NO
hptm5046.jpg,0.4106,NO
hptm5048.jpg,0.1890,NO
hptm5051.jpg,0.2208,NO
hptm5055.jpg,0.1203,NO
hptm5059.jpg,0.2030,NO
hptm5063.jpg,0.5796,YES
hptm5067.jpg,0.4336,NO
hptm5068.jpg,0.2172,NO
hptm5070.jpg,0.0956,NO
hptm5072.jpg,0.2667,NO
hptm5073.jpg,0.4948,NO
hptm5075.jpg,0.2199,NO
hptm5077.jpg,0.0959,NO
hptm5079.jpg,0.4764,NO
hptm5078.jpg,0.0869,NO
hptm5081.jpg,0.2996,NO
hptm5082.jpg,0.2803,NO
hptm5084.jpg,0.2607,NO
hptm5083.jpg,0.5425,YES
hptm5085.jpg,0.2859,NO
hptm5086.jpg,0.5446,YES
hptm5087.jpg,0.2342,NO
hptm5088.jpg,0.2667,NO
hptm5089.jpg,0.5005,YES
hptm5090.jpg,0.5767,YES
hptm5092.jpg,0.2590,NO
hptm5091.jpg,0.5579,YES
hptm5093.jpg,0.2808,NO
hptm5094.jpg,0.2668,NO
hptm5095.jpg,0.4451,NO
hptm5096.jpg,0.3955,NO
hptm5097.jpg,0.4586,NO
hptm5098.jpg,0.3101,NO
hptm5100.jpg,0.3167,NO
hptm51.jpg,0.6950,YES
hptm5101.jpg,0.6346,YES
hptm5103.jpg,0.1841,NO
hptm5102.jpg,0.6682,YES
hptm5107.jpg,0.7144,YES
hptm5111.jpg,0.6994,YES
hptm5114.jpg,0.4790,NO
hptm5115.jpg,0.3020,NO
hptm5117.jpg,0.4150,NO
hptm5118.jpg,0.4071,NO
hptm5119.jpg,0.3667,NO
hptm512.jpg,0.3477,NO
hptm5120.jpg,0.4339,NO
hptm5121.jpg,0.6342,YES
hptm5122.jpg,0.6372,YES
hptm5123.jpg,0.3331,NO
hptm5125.jpg,0.2039,NO
hptm5127.jpg,0.6840,YES
hptm5130.jpg,0.3186,NO
hptm5131.jpg,0.3364,NO
hptm5134.jpg,0.5433,YES
hptm5135.jpg,0.2595,NO
hptm5136.jpg,0.1934,NO
hptm5138.jpg,0.1320,NO
hptm5137.jpg,0.4741,NO
hptm5139.jpg,0.2317,NO
hptm5140.jpg,0.4865,NO
hptm5141.jpg,0.3066,NO
hptm5143.jpg,0.2589,NO
hptm5145.jpg,0.6583,YES
hptm5146.jpg,0.2309,NO
hptm5148.jpg,0.2351,NO
hptm5147.jpg,0.6377,YES
hptm5149.jpg,0.5017,YES
hptm5150.jpg,0.1267,NO
hptm5151.jpg,0.2358,NO
hptm5152.jpg,0.2862,NO
hptm5153.jpg,0.2781,NO
hptm5154.jpg,0.2903,NO
hptm5155.jpg,0.2852,NO
hptm5156.jpg,0.4230,NO
hptm5158.jpg,0.1582,NO
hptm5157.jpg,0.4478,NO
hptm5159.jpg,0.2040,NO
hptm5160.jpg,0.5579,YES
hptm5161.jpg,0.3327,NO
hptm5162.jpg,0.6585,YES
hptm5163.jpg,0.4113,NO
hptm5164.jpg,0.3188,NO
hptm5165.jpg,0.1848,NO
hptm5166.jpg,0.0751,NO
hptm5167.jpg,0.1887,NO
hptm5170.jpg,0.2260,NO
hptm5175.jpg,0.0719,NO
hptm5176.jpg,0.1411,NO
hptm5177.jpg,0.1641,NO
hptm5178.jpg,0.0949,NO
hptm5179.jpg,0.4969,NO
hptm5181.jpg,0.2163,NO
hptm5180.jpg,0.0498,NO
hptm5183.jpg,0.0831,NO
hptm5184.jpg,0.6262,YES
hptm5186.jpg,0.5674,YES
hptm5185.jpg,0.1242,NO
hptm5187.jpg,0.1186,NO
hptm5188.jpg,0.6547,YES
hptm5190.jpg,0.5673,YES
hptm5191.jpg,0.0807,NO
hptm5192.jpg,0.1955,NO
hptm5193.jpg,0.1176,NO
hptm5194.jpg,-0.0031,NO
hptm5195.jpg,0.6131,YES
hptm5197.jpg,0.1175,NO
hptm5198.jpg,0.5885,YES
hptm5199.jpg,0.5468,YES
hptm5200.jpg,0.6273,YES
hptm5201.jpg,0.5945,YES
hptm5203.jpg,0.0921,NO
hptm5206.jpg,0.0957,NO
hptm5207.jpg,0.1395,NO
hptm5208.jpg,0.6059,YES
hptm5209.jpg,0.6226,YES
hptm5211.jpg,0.1311,NO
hptm5212.jpg,0.1062,NO
hptm5213.jpg,0.1856,NO
hptm5214.jpg,0.2133,NO
hptm5216.jpg,0.2074,NO
hptm5215.jpg,0.5386,YES
hptm5217.jpg,0.2846,NO
hptm5218.jpg,0.2331,NO
hptm5219.jpg,0.3613,NO
hptm5220.jpg,0.3813,NO
hptm5221.jpg,0.3918,NO
hptm5223.jpg,0.4118,NO
hptm5224.jpg,0.4263,NO
hptm5225.jpg,0.2259,NO
hptm5226.jpg,0.4364,NO
hptm5227.jpg,0.1401,NO
hptm523.jpg,0.4642,NO
hptm5229.jpg,0.6287,YES
hptm5230.jpg,0.4981,NO
hptm5231.jpg,0.0768,NO
hptm5232.jpg,0.1620,NO
hptm5233.jpg,0.0827,NO
hptm5235.jpg,0.1367,NO
hptm5236.jpg,0.1615,NO
hptm5237.jpg,0.2519,NO
hptm5238.jpg,0.1801,NO
hptm5239.jpg,0.2290,NO
hptm5240.jpg,0.1217,NO
hptm5241.jpg,0.2939,NO
hptm5242.jpg,0.2612,NO
hptm5243.jpg,0.2487,NO
hptm5244.jpg,0.5252,YES
hptm5245.jpg,0.2962,NO
hptm5246.jpg,0.2531,NO
hptm5247.jpg,0.2256,NO
hptm5248.jpg,0.2011,NO
hptm5249.jpg,0.3306,NO
hptm5250.jpg,0.2877,NO
hptm5251.jpg,0.2764,NO
hptm5252.jpg,0.2716,NO
hptm5253.jpg,0.2597,NO
hptm5254.jpg,0.3468,NO
hptm5255.jpg,0.2505,NO
hptm5256.jpg,0.6037,YES
hptm5259.jpg,0.2121,NO
hptm5258.jpg,0.2741,NO
hptm5260.jpg,0.1802,NO
hptm5261.jpg,0.1976,NO
hptm5262.jpg,0.6013,YES
hptm5263.jpg,0.5786,YES
hptm5264.jpg,0.0927,NO
hptm5265.jpg,0.1034,NO
hptm5267.jpg,0.1262,NO
hptm5266.jpg,0.5165,YES
hptm5268.jpg,0.6081,YES
hptm5269.jpg,0.1529,NO
hptm5270.jpg,0.1916,NO
hptm5271.jpg,0.1140,NO
hptm5272.jpg,0.0634,NO
hptm5274.jpg,0.2157,NO
hptm5275.jpg,0.2093,NO
hptm5276.jpg,0.0981,NO
hptm5277.jpg,0.1220,NO
hptm5279.jpg,0.1229,NO
hptm528.jpg,0.3076,NO
hptm5280.jpg,0.2266,NO
hptm5281.jpg,0.2209,NO
hptm5282.jpg,0.1209,NO
hptm5283.jpg,0.2268,NO
hptm5284.jpg,0.3141,NO
hptm5285.jpg,0.2045,NO
hptm5287.jpg,0.3578,NO
hptm5289.jpg,0.2052,NO
hptm529.jpg,0.1387,NO
hptm5290.jpg,0.4686,NO
hptm5291.jpg,0.4878,NO
hptm5292.jpg,0.2478,NO
hptm5293.jpg,0.2237,NO
hptm5294.jpg,0.4418,NO
hptm5295.jpg,0.2105,NO
hptm5297.jpg,0.3682,NO
hptm5299.jpg,0.2186,NO
hptm53.jpg,0.5268,YES
hptm5300.jpg,0.2518,NO
hptm5302.jpg,0.1544,NO
hptm5301.jpg,0.2792,NO
hptm5303.jpg,0.2556,NO
hptm5304.jpg,0.1962,NO
hptm5305.jpg,0.1081,NO
hptm5306.jpg,0.1991,NO
hptm5307.jpg,0.1869,NO
hptm5308.jpg,0.1965,NO
hptm531.jpg,0.2441,NO
hptm5309.jpg,0.1190,NO
hptm5310.jpg,0.1070,NO
hptm5311.jpg,0.1514,NO
hptm5312.jpg,0.1345,NO
hptm5313.jpg,0.1042,NO
hptm5314.jpg,0.2888,NO
hptm5315.jpg,0.1433,NO
hptm5316.jpg,0.1402,NO
hptm5317.jpg,0.1694,NO
hptm5318.jpg,0.1623,NO
hptm5319.jpg,0.3179,NO
hptm532.jpg,0.2329,NO
hptm5320.jpg,0.1512,NO
hptm5321.jpg,0.1557,NO
hptm5322.jpg,0.0750,NO
hptm5323.jpg,0.1510,NO
hptm5325.jpg,0.1756,NO
hptm5327.jpg,0.1586,NO
hptm5328.jpg,0.1438,NO
hptm5330.jpg,0.1646,NO
hptm5329.jpg,0.1530,NO
hptm5332.jpg,0.1267,NO
hptm5333.jpg,0.3729,NO
hptm5334.jpg,0.1567,NO
hptm5335.jpg,0.3576,NO
hptm5336.jpg,0.2356,NO
hptm5337.jpg,0.1596,NO
hptm5339.jpg,0.1674,NO
hptm5338.jpg,0.0824,NO
hptm534.jpg,0.3980,NO
hptm5340.jpg,0.1646,NO
hptm5341.jpg,0.1329,NO
hptm5344.jpg,0.1579,NO
hptm5345.jpg,0.2203,NO
hptm5346.jpg,0.1566,NO
hptm5347.jpg,0.2360,NO
hptm5348.jpg,0.1791,NO
hptm5349.jpg,0.1674,NO
hptm5350.jpg,0.1657,NO
hptm5351.jpg,0.0932,NO
hptm5352.jpg,0.2633,NO
hptm5353.jpg,0.1570,NO
hptm5354.jpg,0.3682,NO
hptm5355.jpg,0.1579,NO
hptm5356.jpg,0.3064,NO
hptm5357.jpg,0.1496,NO
hptm5358.jpg,0.3406,NO
hptm5359.jpg,0.2807,NO
hptm5360.jpg,0.1484,NO
hptm5361.jpg,0.2418,NO
hptm5362.jpg,0.2006,NO
hptm5363.jpg,0.1648,NO
hptm5364.jpg,0.1605,NO
hptm5365.jpg,0.1283,NO
hptm5366.jpg,0.1179,NO
hptm5367.jpg,0.1563,NO
hptm5368.jpg,0.1515,NO
hptm5369.jpg,0.2694,NO
hptm537.jpg,0.2650,NO
hptm5370.jpg,0.1678,NO
hptm5371.jpg,0.1609,NO
hptm5373.jpg,0.1659,NO
hptm5372.jpg,0.4498,NO
hptm5375.jpg,0.1080,NO
hptm5376.jpg,0.1741,NO
hptm5377.jpg,0.1805,NO
hptm5378.jpg,0.6645,YES
hptm5379.jpg,0.5511,YES
hptm538.jpg,0.4958,NO
hptm5381.jpg,0.2236,NO
hptm5383.jpg,0.5260,YES
hptm5384.jpg,0.1871,NO
hptm5385.jpg,0.1858,NO
hptm5386.jpg,0.3728,NO
hptm5387.jpg,0.4456,NO
hptm5388.jpg,0.1245,NO
hptm5389.jpg,0.0868,NO
hptm5391.jpg,0.1101,NO
hptm5392.jpg,0.1504,NO
hptm5393.jpg,0.1680,NO
hptm5394.jpg,0.4092,NO
hptm5395.jpg,0.4168,NO
hptm5396.jpg,0.0806,NO
hptm5397.jpg,0.3849,NO
hptm5398.jpg,0.4710,NO
hptm5399.jpg,0.0977,NO
hptm540.jpg,0.7180,YES
hptm5400.jpg,0.1093,NO
hptm5401.jpg,0.3315,NO
hptm5402.jpg,0.1018,NO
hptm5403.jpg,0.1887,NO
hptm5404.jpg,0.2357,NO
hptm5405.jpg,0.1062,NO
hptm5406.jpg,0.1349,NO
hptm5407.jpg,0.4954,NO
hptm5408.jpg,-0.0168,NO
hptm5409.jpg,0.1018,NO
hptm541.jpg,0.7174,YES
hptm5410.jpg,0.5248,YES
hptm5411.jpg,0.4909,NO
hptm5412.jpg,0.4760,NO
hptm5413.jpg,0.1767,NO
hptm5415.jpg,0.1649,NO
hptm5416.jpg,0.4872,NO
hptm5417.jpg,0.0967,NO
hptm5418.jpg,0.5006,YES
hptm542.jpg,0.2724,NO
hptm5420.jpg,0.4412,NO
hptm5421.jpg,0.4434,NO
hptm5422.jpg,0.3736,NO
hptm5423.jpg,0.4700,NO
hptm5424.jpg,0.4772,NO
hptm5425.jpg,0.5328,YES
hptm5426.jpg,0.2280,NO
hptm5427.jpg,0.4758,NO
hptm5428.jpg,0.5569,YES
hptm5429.jpg,0.1644,NO
hptm543.jpg,0.1785,NO
hptm5430.jpg,0.2381,NO
hptm5431.jpg,0.4381,NO
hptm5432.jpg,0.5282,YES
hptm5433.jpg,0.7161,YES
hptm5434.jpg,0.6684,YES
hptm5435.jpg,0.2247,NO
hptm5436.jpg,0.5421,YES
hptm5438.jpg,0.1788,NO
hptm5437.jpg,0.1691,NO
hptm5439.jpg,0.6280,YES
hptm544.jpg,0.5756,YES
hptm5440.jpg,0.2555,NO
hptm5441.jpg,0.5011,YES
hptm5442.jpg,0.2508,NO
hptm5443.jpg,0.2065,NO
hptm5445.jpg,0.4795,NO
hptm5446.jpg,0.4796,NO
hptm5447.jpg,0.2178,NO
hptm5448.jpg,0.2110,NO
hptm545.jpg,0.4478,NO
hptm5449.jpg,0.5613,YES
hptm5450.jpg,0.3852,NO
hptm5451.jpg,0.2157,NO
hptm5453.jpg,0.2193,NO
hptm5452.jpg,0.5169,YES
hptm5455.jpg,0.2011,NO
hptm5454.jpg,0.5565,YES
hptm5456.jpg,0.3752,NO
hptm5457.jpg,0.2096,NO
hptm5458.jpg,0.2122,NO
hptm5459.jpg,0.1781,NO
hptm5460.jpg,0.2136,NO
hptm5461.jpg,0.2298,NO
hptm5462.jpg,0.1829,NO
hptm5463.jpg,0.4491,NO
hptm5466.jpg,0.2222,NO
hptm5464.jpg,0.2203,NO
hptm5467.jpg,0.5573,YES
hptm5468.jpg,0.6295,YES
hptm5469.jpg,0.5588,YES
hptm547.jpg,0.3784,NO
hptm5470.jpg,0.1135,NO
hptm5471.jpg,0.6102,YES
hptm5472.jpg,0.2127,NO
hptm5473.jpg,0.1955,NO
hptm5474.jpg,0.1948,NO
hptm5477.jpg,0.1883,NO
hptm5475.jpg,0.1227,NO
hptm5478.jpg,0.1692,NO
hptm5479.jpg,0.2627,NO
hptm548.jpg,0.6225,YES
hptm5480.jpg,0.1867,NO
hptm5481.jpg,0.1674,NO
hptm5482.jpg,0.4765,NO
hptm5483.jpg,0.2105,NO
hptm5484.jpg,0.1789,NO
hptm5485.jpg,0.2022,NO
hptm5486.jpg,0.0583,NO
hptm5487.jpg,0.1893,NO
hptm5488.jpg,0.1991,NO
hptm5489.jpg,0.6620,YES
hptm5490.jpg,0.6460,YES
hptm5491.jpg,0.1997,NO
hptm5493.jpg,0.1317,NO
hptm5492.jpg,0.1814,NO
hptm5495.jpg,0.6462,YES
hptm5496.jpg,0.6928,YES
hptm5497.jpg,0.1972,NO
hptm5499.jpg,0.2647,NO
hptm550.jpg,0.7115,YES
hptm5500.jpg,0.6307,YES
hptm5501.jpg,0.6676,YES
hptm5502.jpg,0.2375,NO
hptm5503.jpg,0.6657,YES
hptm5504.jpg,0.0893,NO
hptm5505.jpg,0.0833,NO
hptm5506.jpg,0.0664,NO
hptm5507.jpg,0.1320,NO
hptm5508.jpg,0.1830,NO
hptm5509.jpg,0.2115,NO
hptm551.jpg,0.4418,NO
hptm5511.jpg,0.1924,NO
hptm5510.jpg,0.6501,YES
hptm5512.jpg,0.6701,YES
hptm5513.jpg,0.1445,NO
hptm5514.jpg,0.1417,NO
hptm5515.jpg,0.0823,NO
hptm5516.jpg,0.0889,NO
hptm5517.jpg,0.6730,YES
hptm5519.jpg,0.6544,YES
hptm5518.jpg,0.0206,NO
hptm552.jpg,0.4638,NO
hptm5520.jpg,0.0623,NO
hptm5521.jpg,0.2029,NO
hptm5522.jpg,0.1871,NO
hptm5523.jpg,0.5801,YES
hptm5524.jpg,0.0806,NO
hptm5525.jpg,0.6593,YES
hptm5526.jpg,0.1084,NO
hptm5527.jpg,0.2011,NO
hptm5529.jpg,0.1530,NO
hptm553.jpg,0.2612,NO
hptm5531.jpg,0.1656,NO
hptm5532.jpg,0.1770,NO
hptm5533.jpg,0.1365,NO
hptm5534.jpg,0.1688,NO
hptm5535.jpg,0.2308,NO
hptm5536.jpg,0.0853,NO
hptm5537.jpg,0.3986,NO
hptm5538.jpg,0.1224,NO
hptm5539.jpg,0.1968,NO
hptm554.jpg,0.2710,NO
hptm5541.jpg,0.6524,YES
hptm5542.jpg,0.2416,NO
hptm5543.jpg,0.1506,NO
hptm5544.jpg,0.1235,NO
hptm5545.jpg,0.2259,NO
hptm5546.jpg,0.5514,YES
hptm5547.jpg,0.1638,NO
hptm5548.jpg,0.1053,NO
hptm5549.jpg,0.0777,NO
hptm555.jpg,0.6057,YES
hptm5550.jpg,0.6963,YES
hptm5551.jpg,0.2321,NO
hptm5552.jpg,0.0564,NO
hptm5553.jpg,0.1858,NO
hptm5554.jpg,0.1017,NO
hptm5555.jpg,0.5552,YES
hptm5559.jpg,0.5836,YES
hptm5558.jpg,0.3504,NO
hptm556.jpg,0.1185,NO
hptm5560.jpg,0.4426,NO
hptm5561.jpg,0.5092,YES
hptm5562.jpg,0.5715,YES
hptm5563.jpg,0.4473,NO
hptm5564.jpg,0.4609,NO
hptm5565.jpg,0.4216,NO
hptm5567.jpg,0.2103,NO
hptm5568.jpg,0.1781,NO
hptm5570.jpg,0.1651,NO
hptm5571.jpg,0.6373,YES
hptm5572.jpg,0.2071,NO
hptm5573.jpg,0.1024,NO
hptm5574.jpg,0.4769,NO
hptm5576.jpg,0.3598,NO
hptm5577.jpg,0.1828,NO
hptm5578.jpg,0.3674,NO
hptm5579.jpg,0.2060,NO
hptm5580.jpg,0.1829,NO
hptm5581.jpg,0.1545,NO
hptm5582.jpg,0.1602,NO
hptm5583.jpg,0.1232,NO
hptm5585.jpg,0.2217,NO
hptm5584.jpg,0.0018,NO
hptm5586.jpg,0.1566,NO
hptm5587.jpg,0.1707,NO
hptm5588.jpg,0.1779,NO
hptm5590.jpg,0.0869,NO
hptm5591.jpg,0.1591,NO
hptm5593.jpg,0.3237,NO
hptm5594.jpg,0.0453,NO
hptm5595.jpg,0.1065,NO
hptm5596.jpg,0.2083,NO
hptm5597.jpg,0.2416,NO
hptm5599.jpg,0.3496,NO
hptm5598.jpg,0.1409,NO
hptm56.jpg,0.7452,YES
hptm560.jpg,0.4477,NO
hptm5602.jpg,0.2834,NO
hptm5600.jpg,0.3115,NO
hptm5603.jpg,0.0949,NO
hptm5604.jpg,0.1091,NO
hptm5605.jpg,0.2694,NO
hptm5606.jpg,0.2130,NO
hptm5607.jpg,0.2866,NO
hptm5608.jpg,0.2862,NO
hptm561.jpg,0.5172,YES
hptm5611.jpg,0.2097,NO
hptm5610.jpg,0.2621,NO
hptm5612.jpg,0.3538,NO
hptm5613.jpg,0.1158,NO
hptm5614.jpg,0.1969,NO
hptm5615.jpg,0.5827,YES
hptm5616.jpg,0.1914,NO
hptm5617.jpg,0.2169,NO
hptm5618.jpg,0.4026,NO
hptm5619.jpg,0.3201,NO
hptm5620.jpg,0.3823,NO
hptm5621.jpg,0.1813,NO
hptm5622.jpg,0.2057,NO
hptm5623.jpg,0.3117,NO
hptm5626.jpg,0.1400,NO
hptm5624.jpg,0.4256,NO
hptm5629.jpg,0.4173,NO
hptm5627.jpg,0.1989,NO
hptm5628.jpg,0.1425,NO
hptm563.jpg,0.5973,YES
hptm5630.jpg,0.1990,NO
hptm5632.jpg,0.3955,NO
hptm5633.jpg,0.0970,NO
hptm5634.jpg,0.5665,YES
hptm5635.jpg,0.2403,NO
hptm5636.jpg,0.5225,YES
hptm5637.jpg,0.0923,NO
hptm5638.jpg,0.2490,NO
hptm5639.jpg,0.2024,NO
hptm564.jpg,0.4512,NO
hptm5641.jpg,0.2247,NO
hptm5643.jpg,0.2226,NO
hptm5644.jpg,0.1397,NO
hptm5646.jpg,0.2248,NO
hptm5647.jpg,0.2113,NO
hptm5649.jpg,0.2022,NO
hptm5651.jpg,0.5136,YES
hptm565.jpg,0.1393,NO
hptm5652.jpg,0.2276,NO
hptm5654.jpg,0.5046,YES
hptm5655.jpg,0.2121,NO
hptm5656.jpg,0.2421,NO
hptm5657.jpg,0.0804,NO
hptm5658.jpg,0.2635,NO
hptm566.jpg,0.7142,YES
hptm5660.jpg,0.2303,NO
hptm5661.jpg,0.2905,NO
hptm5662.jpg,0.1095,NO
hptm5664.jpg,0.3015,NO
hptm5663.jpg,0.1095,NO
hptm5665.jpg,0.1674,NO
hptm5666.jpg,0.1993,NO
hptm5667.jpg,0.2101,NO
hptm5668.jpg,0.2542,NO
hptm5669.jpg,0.2917,NO
hptm567.jpg,0.6416,YES
hptm5670.jpg,0.3539,NO
hptm5671.jpg,0.2168,NO
hptm5672.jpg,0.1336,NO
hptm5674.jpg,0.6938,YES
hptm5675.jpg,0.1381,NO
hptm5676.jpg,0.2325,NO
hptm5677.jpg,0.7082,YES
hptm5678.jpg,0.5556,YES
hptm5679.jpg,0.0287,NO
hptm5680.jpg,0.5585,YES
hptm5681.jpg,0.3290,NO
hptm5682.jpg,0.1299,NO
hptm5683.jpg,0.1614,NO
hptm5684.jpg,0.1698,NO
hptm5685.jpg,0.1646,NO
hptm5686.jpg,0.1908,NO
hptm5687.jpg,0.1771,NO
hptm5688.jpg,0.1923,NO
hptm569.jpg,0.7581,YES
hptm5691.jpg,0.4196,NO
hptm5693.jpg,0.5505,YES
hptm5692.jpg,0.1485,NO
hptm5694.jpg,0.1971,NO
hptm5695.jpg,0.2086,NO
hptm5697.jpg,0.1886,NO
hptm5698.jpg,0.3058,NO
hptm5699.jpg,0.3240,NO
hptm570.jpg,0.1350,NO
hptm5700.jpg,0.2231,NO
hptm5702.jpg,0.1377,NO
hptm5703.jpg,0.1114,NO
hptm5704.jpg,0.1997,NO
hptm5706.jpg,0.1868,NO
hptm5705.jpg,0.5160,YES
hptm5707.jpg,0.4609,NO
hptm5708.jpg,0.5568,YES
hptm5709.jpg,0.4900,NO
hptm571.jpg,0.4438,NO
hptm5710.jpg,0.3599,NO
hptm5711.jpg,0.6361,YES
hptm5713.jpg,0.5180,YES
hptm5712.jpg,0.4977,NO
hptm5714.jpg,0.1091,NO
hptm5715.jpg,0.0613,NO
hptm5717.jpg,0.5801,YES
hptm5716.jpg,0.5118,YES
hptm5719.jpg,0.5200,YES
hptm572.jpg,0.6638,YES
hptm5722.jpg,0.6055,YES
hptm5721.jpg,0.1093,NO
hptm5723.jpg,0.5682,YES
hptm5724.jpg,0.5335,YES
hptm5725.jpg,0.5281,YES
hptm5726.jpg,0.3703,NO
hptm5727.jpg,0.4824,NO
hptm5728.jpg,0.4549,NO
hptm5729.jpg,0.5873,YES
hptm573.jpg,0.4687,NO
hptm5730.jpg,0.4316,NO
hptm5731.jpg,0.4050,NO
hptm5732.jpg,0.5224,YES
hptm5733.jpg,0.4592,NO
hptm5734.jpg,0.5187,YES
hptm5735.jpg,0.4247,NO
hptm5736.jpg,0.5853,YES
hptm5737.jpg,0.4108,NO
hptm5738.jpg,0.4711,NO
hptm5739.jpg,0.5165,YES
hptm574.jpg,0.4131,NO
hptm5741.jpg,0.5176,YES
hptm5740.jpg,0.1274,NO
hptm5742.jpg,0.1019,NO
hptm5743.jpg,0.5726,YES
hptm5744.jpg,0.5483,YES
hptm5745.jpg,0.5937,YES
hptm5747.jpg,0.1027,NO
hptm5749.jpg,0.6577,YES
hptm5750.jpg,0.5532,YES
hptm575.jpg,0.1466,NO
hptm5751.jpg,0.4019,NO
hptm5752.jpg,0.3896,NO
hptm5753.jpg,0.4423,NO
hptm5754.jpg,0.0749,NO
hptm5755.jpg,0.5977,YES
hptm5756.jpg,0.4021,NO
hptm5758.jpg,0.5432,YES
hptm5757.jpg,0.5414,YES
hptm576.jpg,0.3498,NO
hptm5759.jpg,0.3045,NO
hptm5760.jpg,0.1149,NO
hptm5762.jpg,0.4459,NO
hptm5763.jpg,0.4721,NO
hptm5764.jpg,0.4203,NO
hptm5765.jpg,0.4224,NO
hptm5766.jpg,0.4584,NO
hptm5767.jpg,0.1828,NO
hptm577.jpg,0.3283,NO
hptm5769.jpg,0.5644,YES
hptm5770.jpg,0.1235,NO
hptm5772.jpg,0.5259,YES
hptm5773.jpg,0.4213,NO
hptm5774.jpg,0.3805,NO
hptm5775.jpg,0.4686,NO
hptm5776.jpg,0.5175,YES
hptm5777.jpg,0.3460,NO
hptm5778.jpg,0.4851,NO
hptm578.jpg,0.4646,NO
hptm5779.jpg,0.4784,NO
hptm5780.jpg,0.1933,NO
hptm5781.jpg,0.3778,NO
hptm5783.jpg,0.4599,NO
hptm5782.jpg,0.1084,NO
hptm5785.jpg,0.4649,NO
hptm5786.jpg,0.4421,NO
hptm5787.jpg,0.1907,NO
hptm5788.jpg,0.4849,NO
hptm5789.jpg,0.1739,NO
hptm579.jpg,0.7116,YES
hptm5790.jpg,0.4359,NO
hptm5791.jpg,0.4347,NO
hptm5792.jpg,0.0910,NO
hptm5793.jpg,0.4752,NO
hptm5794.jpg,0.5397,YES
hptm5796.jpg,0.4682,NO
hptm5795.jpg,0.4754,NO
hptm5798.jpg,0.4415,NO
hptm5799.jpg,0.5296,YES
hptm580.jpg,0.7221,YES
hptm5800.jpg,0.5131,YES
hptm5801.jpg,0.5480,YES
hptm5802.jpg,0.5123,YES
hptm5803.jpg,0.0830,NO
hptm5804.jpg,0.3703,NO
hptm5805.jpg,0.2069,NO
hptm5806.jpg,0.6024,YES
hptm5807.jpg,0.5967,YES
hptm5808.jpg,0.2058,NO
hptm5809.jpg,0.3763,NO
hptm581.jpg,0.1437,NO
hptm5810.jpg,0.4995,NO
hptm5812.jpg,0.4137,NO
hptm5813.jpg,0.4653,NO
hptm5814.jpg,0.0828,NO
hptm5815.jpg,0.4975,NO
hptm5816.jpg,0.4422,NO
hptm5817.jpg,0.6544,YES
hptm5818.jpg,0.6223,YES
hptm5819.jpg,0.7155,YES
hptm582.jpg,0.4952,NO
hptm5821.jpg,0.6020,YES
hptm5822.jpg,0.1921,NO
hptm5823.jpg,0.0983,NO
hptm5824.jpg,0.1732,NO
hptm5825.jpg,0.3821,NO
hptm5826.jpg,0.0998,NO
hptm5827.jpg,0.5011,YES
hptm5828.jpg,0.5390,YES
hptm5829.jpg,0.1279,NO
hptm583.jpg,0.5362,YES
hptm5830.jpg,0.4933,NO
hptm5831.jpg,0.2392,NO
hptm5832.jpg,0.3861,NO
hptm5833.jpg,0.2372,NO
hptm5834.jpg,0.4388,NO
hptm5835.jpg,0.3085,NO
hptm5836.jpg,0.2831,NO
hptm5837.jpg,0.1206,NO
hptm5838.jpg,0.2436,NO
hptm5839.jpg,0.2215,NO
hptm584.jpg,0.5511,YES
hptm5840.jpg,0.4718,NO
hptm5841.jpg,0.4531,NO
hptm5842.jpg,0.4323,NO
hptm5843.jpg,0.1008,NO
hptm5844.jpg,0.4263,NO
hptm5845.jpg,0.1847,NO
hptm5846.jpg,0.5080,YES
hptm5847.jpg,0.6265,YES
hptm5849.jpg,0.4479,NO
hptm5848.jpg,0.0725,NO
hptm585.jpg,0.5719,YES
hptm5850.jpg,0.2029,NO
hptm5851.jpg,0.4658,NO
hptm5852.jpg,0.3958,NO
hptm5853.jpg,0.3470,NO
hptm5854.jpg,0.4112,NO
hptm5855.jpg,0.5764,YES
hptm5857.jpg,0.2093,NO
hptm5858.jpg,0.4910,NO
hptm5859.jpg,0.0941,NO
hptm586.jpg,0.2852,NO
hptm5860.jpg,0.4034,NO
hptm5861.jpg,0.3644,NO
hptm5862.jpg,0.1924,NO
hptm5864.jpg,0.1245,NO
hptm5866.jpg,0.2005,NO
hptm5865.jpg,0.6883,YES
hptm5867.jpg,0.6746,YES
hptm5868.jpg,0.5954,YES
hptm5869.jpg,0.6396,YES
hptm587.jpg,0.6058,YES
hptm5870.jpg,0.2257,NO
hptm5871.jpg,0.5059,YES
hptm5873.jpg,0.1190,NO
hptm5872.jpg,0.2704,NO
hptm5874.jpg,0.6452,YES
hptm5875.jpg,0.6250,YES
hptm5876.jpg,0.4551,NO
hptm5877.jpg,0.3948,NO
hptm5878.jpg,0.1992,NO
hptm5879.jpg,0.1986,NO
hptm588.jpg,0.4611,NO
hptm5880.jpg,0.2008,NO
hptm5881.jpg,0.1149,NO
hptm5882.jpg,0.5221,YES
hptm5883.jpg,0.2232,NO
hptm5884.jpg,0.2355,NO
hptm5885.jpg,0.2039,NO
hptm5886.jpg,0.2246,NO
hptm5887.jpg,0.2129,NO
hptm5888.jpg,0.4334,NO
hptm5889.jpg,0.1894,NO
hptm589.jpg,0.6740,YES
hptm5890.jpg,0.6285,YES
hptm5891.jpg,0.1584,NO
hptm5893.jpg,0.5587,YES
hptm5892.jpg,0.4627,NO
hptm5894.jpg,0.5815,YES
hptm5895.jpg,0.6508,YES
hptm5896.jpg,0.6631,YES
hptm5897.jpg,0.4854,NO
hptm5898.jpg,0.6711,YES
hptm5899.jpg,0.2002,NO
hptm5900.jpg,0.1930,NO
hptm590.jpg,0.2514,NO
hptm5901.jpg,0.2181,NO
hptm5902.jpg,0.5179,YES
hptm5904.jpg,0.1882,NO
hptm5905.jpg,0.5075,YES
hptm5906.jpg,0.2045,NO
hptm5907.jpg,0.1843,NO
hptm5908.jpg,0.5467,YES
hptm5909.jpg,0.1918,NO
hptm591.jpg,0.7097,YES
hptm5910.jpg,0.6505,YES
hptm5911.jpg,0.6675,YES
hptm5912.jpg,0.5783,YES
hptm5914.jpg,0.3764,NO
hptm5915.jpg,0.0854,NO
hptm5917.jpg,0.1976,NO
hptm5916.jpg,0.1931,NO
hptm5919.jpg,0.6585,YES
hptm5918.jpg,0.5097,YES
hptm592.jpg,0.8181,YES
hptm5920.jpg,0.1942,NO
hptm5921.jpg,0.6699,YES
hptm5922.jpg,0.6276,YES
hptm5923.jpg,0.6377,YES
hptm5924.jpg,0.5517,YES
hptm5926.jpg,0.5441,YES
hptm5927.jpg,0.5825,YES
hptm5928.jpg,0.1185,NO
hptm5929.jpg,0.0625,NO
hptm593.jpg,0.7789,YES
hptm5930.jpg,0.2095,NO
hptm5931.jpg,0.4964,NO
hptm5932.jpg,0.5406,YES
hptm5934.jpg,0.5379,YES
hptm5933.jpg,0.2150,NO
hptm5935.jpg,0.2067,NO
hptm5938.jpg,0.1982,NO
hptm5936.jpg,0.3044,NO
hptm5939.jpg,0.2034,NO
hptm5941.jpg,0.1124,NO
hptm594.jpg,0.7039,YES
hptm5943.jpg,0.1944,NO
hptm5944.jpg,0.6273,YES
hptm5947.jpg,0.4932,NO
hptm5949.jpg,0.6547,YES
hptm5948.jpg,0.5668,YES
hptm595.jpg,0.6178,YES
hptm5950.jpg,0.5429,YES
hptm5951.jpg,0.6903,YES
hptm5952.jpg,0.5695,YES
hptm5953.jpg,0.5968,YES
hptm5954.jpg,0.6804,YES
hptm5955.jpg,0.6371,YES
hptm5958.jpg,0.1881,NO
hptm5956.jpg,0.5334,YES
hptm5959.jpg,0.1444,NO
hptm596.jpg,0.7013,YES
hptm5960.jpg,0.4075,NO
hptm5961.jpg,0.3512,NO
hptm5962.jpg,0.4886,NO
hptm5963.jpg,0.1807,NO
hptm5965.jpg,0.4156,NO
hptm5964.jpg,0.4398,NO
hptm5967.jpg,0.1765,NO
hptm5968.jpg,0.2099,NO
hptm5969.jpg,0.1683,NO
hptm597.jpg,0.6662,YES
hptm5970.jpg,0.6166,YES
hptm5971.jpg,0.6136,YES
hptm5972.jpg,0.1805,NO
hptm5973.jpg,0.2104,NO
hptm5974.jpg,0.4318,NO
hptm5975.jpg,0.2696,NO
hptm5976.jpg,0.4306,NO
hptm5978.jpg,0.3735,NO
hptm5977.jpg,0.1619,NO
hptm5979.jpg,0.3043,NO
hptm598.jpg,0.7421,YES
hptm5980.jpg,0.3943,NO
hptm5981.jpg,0.1627,NO
hptm5982.jpg,0.2691,NO
hptm5983.jpg,0.4972,NO
hptm5985.jpg,0.4069,NO
hptm5986.jpg,0.3147,NO
hptm5987.jpg,0.4315,NO
hptm5988.jpg,0.5600,YES
hptm5989.jpg,0.5386,YES
hptm599.jpg,0.7621,YES
hptm5990.jpg,0.4366,NO
hptm5991.jpg,0.4638,NO
hptm5994.jpg,0.1872,NO
hptm5992.jpg,0.5889,YES
hptm5995.jpg,0.4645,NO
hptm5996.jpg,0.5661,YES
hptm5997.jpg,0.5610,YES
hptm5998.jpg,0.5373,YES
hptm5999.jpg,0.6516,YES
hptm600.jpg,0.6700,YES
hptm6001.jpg,0.1192,NO
hptm6002.jpg,0.2156,NO
hptm6004.jpg,0.2232,NO
hptm6003.jpg,0.1625,NO
hptm6005.jpg,0.3170,NO
hptm6007.jpg,0.4392,NO
hptm6008.jpg,0.4327,NO
hptm6009.jpg,0.3909,NO
hptm601.jpg,0.6613,YES
hptm6010.jpg,0.3727,NO
hptm6011.jpg,0.3404,NO
hptm6012.jpg,0.4012,NO
hptm6013.jpg,0.3899,NO
hptm6014.jpg,0.5593,YES
hptm6016.jpg,0.3800,NO
hptm6015.jpg,0.3860,NO
hptm6017.jpg,0.2501,NO
hptm6019.jpg,0.2196,NO
hptm6020.jpg,0.2609,NO
hptm602.jpg,0.2811,NO
hptm6021.jpg,0.3620,NO
hptm6022.jpg,0.3425,NO
hptm6024.jpg,0.3424,NO
hptm6023.jpg,0.2013,NO
hptm6026.jpg,0.3807,NO
hptm6025.jpg,0.5191,YES
hptm6028.jpg,0.3105,NO
hptm6029.jpg,0.3726,NO
hptm6027.jpg,0.1147,NO
hptm603.jpg,0.7120,YES
hptm6031.jpg,0.4098,NO
hptm6030.jpg,0.3398,NO
hptm6032.jpg,0.3510,NO
hptm6033.jpg,0.3830,NO
hptm6034.jpg,0.4021,NO
hptm6035.jpg,0.3711,NO
hptm6036.jpg,0.1541,NO
hptm6038.jpg,0.3078,NO
hptm6039.jpg,0.4003,NO
hptm604.jpg,0.5573,YES
hptm6040.jpg,0.2611,NO
hptm6042.jpg,0.4067,NO
hptm6045.jpg,0.3556,NO
hptm6043.jpg,0.1220,NO
hptm6046.jpg,0.4190,NO
hptm6047.jpg,0.1437,NO
hptm6049.jpg,0.2414,NO
hptm6048.jpg,0.1076,NO
hptm605.jpg,0.2197,NO
hptm6050.jpg,0.1279,NO
hptm6051.jpg,0.6304,YES
hptm6053.jpg,0.5917,YES
hptm6054.jpg,0.2414,NO
hptm6055.jpg,0.2261,NO
hptm6056.jpg,0.2357,NO
hptm6058.jpg,0.2232,NO
hptm6057.jpg,0.5430,YES
hptm6059.jpg,0.6552,YES
hptm6061.jpg,0.3656,NO
hptm606.jpg,0.4102,NO
hptm6062.jpg,0.3532,NO
hptm6063.jpg,0.4377,NO
hptm6064.jpg,0.4355,NO
hptm6065.jpg,0.2061,NO
hptm6067.jpg,0.4506,NO
hptm6068.jpg,0.1603,NO
hptm607.jpg,0.1602,NO
hptm6072.jpg,0.4477,NO
hptm6070.jpg,0.5192,YES
hptm6074.jpg,0.4073,NO
hptm6075.jpg,0.4716,NO
hptm6076.jpg,0.5264,YES
hptm6077.jpg,0.2956,NO
hptm6078.jpg,0.1996,NO
hptm6079.jpg,0.4964,NO
hptm608.jpg,0.6108,YES
hptm6080.jpg,0.2445,NO
hptm6081.jpg,0.6389,YES
hptm6082.jpg,0.5130,YES
hptm6084.jpg,0.5603,YES
hptm6085.jpg,0.3891,NO
hptm6086.jpg,0.4029,NO
hptm6087.jpg,0.4823,NO
hptm6088.jpg,0.4102,NO
hptm6089.jpg,0.3217,NO
hptm609.jpg,0.7407,YES
hptm6090.jpg,0.4542,NO
hptm6091.jpg,0.3434,NO
hptm6092.jpg,0.6200,YES
hptm6093.jpg,0.4722,NO
hptm6094.jpg,0.4754,NO
hptm6095.jpg,0.2083,NO
hptm6096.jpg,0.1126,NO
hptm6097.jpg,0.2032,NO
hptm610.jpg,0.7384,YES
hptm6098.jpg,0.6020,YES
hptm6101.jpg,0.6502,YES
hptm6102.jpg,0.6432,YES
hptm6106.jpg,0.5060,YES
hptm6104.jpg,0.1156,NO
hptm6103.jpg,0.5290,YES
hptm6107.jpg,0.5972,YES
hptm6108.jpg,0.6824,YES
hptm6109.jpg,0.6914,YES
hptm611.jpg,0.6365,YES
hptm6110.jpg,0.5827,YES
hptm6112.jpg,0.6213,YES
hptm6111.jpg,0.5236,YES
hptm6113.jpg,0.1048,NO
hptm6116.jpg,0.3776,NO
hptm6114.jpg,0.5414,YES
hptm6117.jpg,0.2858,NO
hptm6119.jpg,0.3123,NO
hptm612.jpg,0.6463,YES
hptm6121.jpg,0.3846,NO
hptm6120.jpg,0.2818,NO
hptm6123.jpg,0.2173,NO
hptm6124.jpg,0.3480,NO
hptm6126.jpg,0.4715,NO
hptm6127.jpg,0.4041,NO
hptm6125.jpg,0.3913,NO
hptm6128.jpg,0.3802,NO
hptm6129.jpg,0.3814,NO
hptm613.jpg,0.6135,YES
hptm6130.jpg,0.4508,NO
hptm6131.jpg,0.3769,NO
hptm6132.jpg,0.4103,NO
hptm6133.jpg,0.6247,YES
hptm6134.jpg,0.6560,YES
hptm6135.jpg,0.4204,NO
hptm6137.jpg,0.4184,NO
hptm6136.jpg,0.6349,YES
hptm6138.jpg,0.4135,NO
hptm6139.jpg,0.4414,NO
hptm614.jpg,0.5694,YES
hptm6141.jpg,0.3794,NO
hptm6140.jpg,0.1538,NO
hptm6142.jpg,0.3919,NO
hptm6144.jpg,0.3399,NO
hptm6143.jpg,0.5483,YES
hptm6145.jpg,0.3150,NO
hptm6146.jpg,0.3427,NO
hptm6147.jpg,0.6355,YES
hptm6148.jpg,0.3598,NO
hptm615.jpg,0.6721,YES
hptm6149.jpg,0.4604,NO
hptm6151.jpg,0.3676,NO
hptm6150.jpg,0.5095,YES
hptm6152.jpg,0.5076,YES
hptm6153.jpg,0.3845,NO
hptm6154.jpg,0.3552,NO
hptm6157.jpg,0.3545,NO
hptm6156.jpg,0.5786,YES
hptm6158.jpg,0.2570,NO
hptm616.jpg,0.5420,YES
hptm6162.jpg,0.5058,YES
hptm6163.jpg,0.2107,NO
hptm6164.jpg,0.2160,NO
hptm6165.jpg,0.2273,NO
hptm6166.jpg,0.1989,NO
hptm6167.jpg,0.5505,YES
hptm617.jpg,0.7233,YES
hptm6168.jpg,0.4646,NO
hptm6169.jpg,0.6423,YES
hptm6170.jpg,0.1082,NO
hptm6171.jpg,0.5880,YES
hptm6172.jpg,0.2105,NO
hptm6173.jpg,0.6312,YES
hptm6175.jpg,0.4836,NO
hptm6176.jpg,0.6491,YES
hptm6179.jpg,0.5700,YES
hptm6178.jpg,0.4671,NO
hptm6177.jpg,0.6214,YES
hptm618.jpg,0.4300,NO
hptm6180.jpg,0.2154,NO
hptm6181.jpg,0.6106,YES
hptm6182.jpg,0.2145,NO
hptm6183.jpg,0.2134,NO
hptm6184.jpg,0.2227,NO
hptm6185.jpg,0.1904,NO
hptm6187.jpg,0.0876,NO
hptm6188.jpg,0.1650,NO
hptm6189.jpg,0.1827,NO
hptm619.jpg,0.2407,NO
hptm6191.jpg,0.4180,NO
hptm6190.jpg,0.4889,NO
hptm6193.jpg,0.7037,YES
hptm6192.jpg,0.1556,NO
hptm6194.jpg,0.2401,NO
hptm6195.jpg,0.2690,NO
hptm6196.jpg,0.4065,NO
hptm6197.jpg,0.1846,NO
hptm6199.jpg,0.1921,NO
hptm6198.jpg,0.4658,NO
hptm6203.jpg,0.1591,NO
hptm6200.jpg,0.2218,NO
hptm620.jpg,0.2433,NO
hptm6204.jpg,0.2385,NO
hptm6205.jpg,0.2104,NO
hptm6206.jpg,0.2059,NO
hptm6207.jpg,0.2605,NO
hptm6208.jpg,0.2627,NO
hptm621.jpg,0.3760,NO
hptm6209.jpg,0.2728,NO
hptm6210.jpg,0.2702,NO
hptm6211.jpg,0.2479,NO
hptm6212.jpg,0.3097,NO
hptm6213.jpg,0.3468,NO
hptm6216.jpg,0.3899,NO
hptm6215.jpg,0.4021,NO
hptm6217.jpg,0.4254,NO
hptm6218.jpg,0.4036,NO
hptm6214.jpg,-0.0064,NO
hptm6219.jpg,0.3536,NO
hptm622.jpg,0.7368,YES
hptm6220.jpg,0.3816,NO
hptm6221.jpg,0.3936,NO
hptm6223.jpg,0.4715,NO
hptm6224.jpg,0.5097,YES
hptm6225.jpg,0.1892,NO
hptm6226.jpg,0.3673,NO
hptm6227.jpg,0.3172,NO
hptm6228.jpg,0.3065,NO
hptm6229.jpg,0.2951,NO
hptm623.jpg,0.6916,YES
hptm6230.jpg,0.3124,NO
hptm6231.jpg,0.2410,NO
hptm6232.jpg,0.1889,NO
hptm6233.jpg,0.1870,NO
hptm6234.jpg,0.3204,NO
hptm6235.jpg,0.4064,NO
hptm6236.jpg,0.1546,NO
hptm6238.jpg,0.3930,NO
hptm6237.jpg,0.4356,NO
hptm6239.jpg,0.4035,NO
hptm624.jpg,0.6799,YES
hptm6240.jpg,0.1427,NO
hptm6241.jpg,0.4747,NO
hptm6242.jpg,0.2520,NO
hptm6243.jpg,0.2068,NO
hptm6244.jpg,0.2036,NO
hptm6246.jpg,0.3340,NO
hptm6247.jpg,0.4324,NO
hptm6249.jpg,0.3931,NO
hptm625.jpg,0.5056,YES
hptm6250.jpg,0.1798,NO
hptm6251.jpg,0.1051,NO
hptm6252.jpg,0.2811,NO
hptm6253.jpg,0.3345,NO
hptm6254.jpg,0.1650,NO
hptm6255.jpg,0.6480,YES
hptm6257.jpg,0.4332,NO
hptm626.jpg,0.3727,NO
hptm6259.jpg,0.3502,NO
hptm6260.jpg,0.5216,YES
hptm6261.jpg,0.7276,YES
hptm6262.jpg,0.4372,NO
hptm6263.jpg,0.4620,NO
hptm6264.jpg,0.5741,YES
hptm6266.jpg,0.5948,YES
hptm6267.jpg,0.4472,NO
hptm6265.jpg,0.4932,NO
hptm6269.jpg,0.1608,NO
hptm627.jpg,0.2246,NO
hptm6270.jpg,0.0821,NO
hptm6271.jpg,0.2651,NO
hptm6272.jpg,0.5757,YES
hptm6273.jpg,0.2671,NO
hptm6274.jpg,0.2604,NO
hptm6275.jpg,0.2634,NO
hptm6276.jpg,0.0672,NO
hptm6277.jpg,0.1468,NO
hptm6278.jpg,0.1426,NO
hptm6279.jpg,0.1133,NO
hptm6280.jpg,0.0735,NO
hptm628.jpg,0.6771,YES
hptm6282.jpg,0.1697,NO
hptm6283.jpg,0.1816,NO
hptm6284.jpg,0.4098,NO
hptm6285.jpg,0.0244,NO
hptm6286.jpg,0.1594,NO
hptm6289.jpg,0.1936,NO
hptm6291.jpg,0.1587,NO
hptm629.jpg,0.4569,NO
hptm6290.jpg,0.1402,NO
hptm6292.jpg,0.1186,NO
hptm6293.jpg,0.1982,NO
hptm6294.jpg,0.1018,NO
hptm6295.jpg,0.2083,NO
hptm6296.jpg,0.1697,NO
hptm6298.jpg,0.2171,NO
hptm6297.jpg,0.1746,NO
hptm630.jpg,0.7488,YES
hptm6300.jpg,0.0951,NO
hptm6301.jpg,0.2426,NO
hptm6302.jpg,0.2617,NO
hptm6303.jpg,0.0575,NO
hptm6306.jpg,0.2609,NO
hptm6309.jpg,0.1213,NO
hptm631.jpg,0.4886,NO
hptm6311.jpg,0.2336,NO
hptm6312.jpg,0.2230,NO
hptm6313.jpg,0.2698,NO
hptm6315.jpg,0.1523,NO
hptm6314.jpg,0.0586,NO
hptm6316.jpg,0.2432,NO
hptm6318.jpg,0.4851,NO
hptm6317.jpg,0.2417,NO
hptm6319.jpg,0.4723,NO
hptm632.jpg,0.5789,YES
hptm6320.jpg,0.1833,NO
hptm6321.jpg,0.2286,NO
hptm6322.jpg,0.2286,NO
hptm6323.jpg,0.5315,YES
hptm6324.jpg,0.5711,YES
hptm6325.jpg,0.5290,YES
hptm6326.jpg,0.2377,NO
hptm6327.jpg,0.2432,NO
hptm6328.jpg,0.2877,NO
hptm6329.jpg,0.3383,NO
hptm6330.jpg,0.3173,NO
hptm633.jpg,0.1414,NO
hptm6331.jpg,0.4284,NO
hptm6332.jpg,0.1479,NO
hptm6333.jpg,0.4867,NO
hptm6334.jpg,0.3416,NO
hptm6335.jpg,0.3254,NO
hptm6336.jpg,0.1046,NO
hptm6337.jpg,0.3571,NO
hptm6338.jpg,0.3732,NO
hptm6339.jpg,0.1706,NO
hptm6340.jpg,0.5315,YES
hptm634.jpg,0.8031,YES
hptm6341.jpg,0.3694,NO
hptm6342.jpg,0.5146,YES
hptm6343.jpg,0.4621,NO
hptm6344.jpg,0.5512,YES
hptm6345.jpg,0.4615,NO
hptm6346.jpg,0.2883,NO
hptm6348.jpg,0.2974,NO
hptm6347.jpg,0.4709,NO
hptm6349.jpg,0.4554,NO
hptm635.jpg,0.5875,YES
hptm6350.jpg,0.3225,NO
hptm6351.jpg,0.2791,NO
hptm6352.jpg,0.3108,NO
hptm6353.jpg,0.2989,NO
hptm6354.jpg,0.4858,NO
hptm6355.jpg,0.3876,NO
hptm6357.jpg,0.2714,NO
hptm6358.jpg,0.2579,NO
hptm6359.jpg,0.2568,NO
hptm636.jpg,0.7535,YES
hptm6360.jpg,0.3214,NO
hptm6363.jpg,0.3629,NO
hptm6364.jpg,0.1697,NO
hptm6365.jpg,0.5493,YES
hptm6366.jpg,0.2891,NO
hptm6367.jpg,0.3029,NO
hptm6368.jpg,0.2852,NO
hptm6369.jpg,0.4068,NO
hptm637.jpg,0.4374,NO
hptm6370.jpg,0.2906,NO
hptm6371.jpg,0.3494,NO
hptm6372.jpg,0.3726,NO
hptm6373.jpg,0.5152,YES
hptm6374.jpg,0.2615,NO
hptm6375.jpg,0.2921,NO
hptm6376.jpg,0.2641,NO
hptm6377.jpg,0.2365,NO
hptm6379.jpg,0.2781,NO
hptm638.jpg,0.7416,YES
hptm6380.jpg,0.6845,YES
hptm6381.jpg,0.3965,NO
hptm6382.jpg,0.4567,NO
hptm6383.jpg,0.2673,NO
hptm6386.jpg,0.2648,NO
hptm6385.jpg,0.2877,NO
hptm6384.jpg,0.4374,NO
hptm6387.jpg,0.2711,NO
hptm6388.jpg,0.2412,NO
hptm6389.jpg,0.3297,NO
hptm639.jpg,0.4290,NO
hptm6390.jpg,0.2586,NO
hptm6393.jpg,0.2645,NO
hptm6391.jpg,0.2942,NO
hptm6394.jpg,0.3451,NO
hptm6395.jpg,0.4363,NO
hptm6397.jpg,0.2590,NO
hptm6398.jpg,0.2915,NO
hptm6399.jpg,0.2714,NO
hptm64.jpg,0.3858,NO
hptm6401.jpg,0.3256,NO
hptm6402.jpg,0.2734,NO
hptm6403.jpg,0.0216,NO
hptm6400.jpg,0.2765,NO
hptm6404.jpg,0.2007,NO
hptm6405.jpg,0.2447,NO
hptm6406.jpg,0.2665,NO
hptm6407.jpg,0.2371,NO
hptm6408.jpg,0.5811,YES
hptm6409.jpg,0.2680,NO
hptm641.jpg,0.3053,NO
hptm6410.jpg,0.2640,NO
hptm6412.jpg,0.4595,NO
hptm6411.jpg,0.1602,NO
hptm6413.jpg,0.3323,NO
hptm6414.jpg,0.0869,NO
hptm6415.jpg,0.3065,NO
hptm6416.jpg,0.2518,NO
hptm6417.jpg,0.1957,NO
hptm6418.jpg,0.4289,NO
hptm6419.jpg,0.1073,NO
hptm642.jpg,0.5032,YES
hptm6420.jpg,0.1993,NO
hptm6422.jpg,0.2785,NO
hptm6423.jpg,0.4019,NO
hptm6424.jpg,0.1908,NO
hptm6426.jpg,0.1866,NO
hptm6427.jpg,0.1917,NO
hptm6428.jpg,0.0912,NO
hptm643.jpg,0.6931,YES
hptm6431.jpg,0.1947,NO
hptm6432.jpg,0.1870,NO
hptm6434.jpg,0.2608,NO
hptm6433.jpg,0.4600,NO
hptm6435.jpg,0.2339,NO
hptm6437.jpg,0.2272,NO
hptm6436.jpg,0.6526,YES
hptm6438.jpg,0.6063,YES
hptm6439.jpg,0.2109,NO
hptm644.jpg,0.4695,NO
hptm6440.jpg,0.1986,NO
hptm6442.jpg,0.2782,NO
hptm6441.jpg,0.2568,NO
hptm6443.jpg,0.3009,NO
hptm6444.jpg,0.2970,NO
hptm6445.jpg,0.2803,NO
hptm6446.jpg,0.2993,NO
hptm6448.jpg,0.3154,NO
hptm6447.jpg,0.1482,NO
hptm6449.jpg,0.6209,YES
hptm645.jpg,0.6650,YES
hptm6451.jpg,0.3710,NO
hptm6450.jpg,0.5839,YES
hptm6452.jpg,0.3923,NO
hptm6454.jpg,0.1445,NO
hptm6455.jpg,0.4297,NO
hptm6456.jpg,0.5116,YES
hptm6458.jpg,0.2476,NO
hptm6459.jpg,0.4387,NO
hptm6460.jpg,0.5397,YES
hptm646.jpg,0.6614,YES
hptm6461.jpg,0.6859,YES
hptm6462.jpg,0.5519,YES
hptm6463.jpg,0.5950,YES
hptm6464.jpg,0.6037,YES
hptm6465.jpg,0.5518,YES
hptm6468.jpg,0.4688,NO
hptm6469.jpg,0.1363,NO
hptm647.jpg,0.7041,YES
hptm6470.jpg,0.5344,YES
hptm6471.jpg,0.6281,YES
hptm6474.jpg,0.4657,NO
hptm6473.jpg,0.2122,NO
hptm6475.jpg,0.4699,NO
hptm6476.jpg,0.4489,NO
hptm6477.jpg,0.3938,NO
hptm6478.jpg,0.3735,NO
hptm6480.jpg,0.3461,NO
hptm6481.jpg,0.1804,NO
hptm6482.jpg,0.4379,NO
hptm6483.jpg,0.6305,YES
hptm6484.jpg,0.4423,NO
hptm6486.jpg,0.6200,YES
hptm6487.jpg,0.4469,NO
hptm6488.jpg,0.4437,NO
hptm6490.jpg,0.4019,NO
hptm6494.jpg,0.4819,NO
hptm6495.jpg,0.2946,NO
hptm6491.jpg,0.1332,NO
hptm6492.jpg,0.5969,YES
hptm6496.jpg,0.2774,NO
hptm6498.jpg,0.2851,NO
hptm6499.jpg,0.3190,NO
hptm65.jpg,0.3293,NO
hptm6501.jpg,0.3150,NO
hptm650.jpg,0.6587,YES
hptm6502.jpg,0.4005,NO
hptm6504.jpg,0.6186,YES
hptm6505.jpg,0.2846,NO
hptm6506.jpg,0.2891,NO
hptm6507.jpg,0.3116,NO
hptm6508.jpg,0.2619,NO
hptm6509.jpg,0.2981,NO
hptm6510.jpg,0.3752,NO
hptm651.jpg,0.7477,YES
hptm6513.jpg,0.2345,NO
hptm6512.jpg,0.2736,NO
hptm6514.jpg,0.5670,YES
hptm6515.jpg,0.5660,YES
hptm6516.jpg,0.2647,NO
hptm6517.jpg,0.2622,NO
hptm6518.jpg,0.3008,NO
hptm652.jpg,0.5052,YES
hptm6520.jpg,0.2615,NO
hptm6521.jpg,0.2902,NO
hptm6522.jpg,0.2828,NO
hptm6523.jpg,0.1881,NO
hptm6525.jpg,0.6818,YES
hptm6526.jpg,0.0888,NO
hptm6527.jpg,0.6057,YES
hptm6528.jpg,0.5209,YES
hptm6529.jpg,0.1858,NO
hptm653.jpg,0.6829,YES
hptm6530.jpg,0.4630,NO
hptm6531.jpg,0.3655,NO
hptm6533.jpg,0.3089,NO
hptm6534.jpg,0.2506,NO
hptm6535.jpg,0.4218,NO
hptm6536.jpg,0.2543,NO
hptm6538.jpg,0.4054,NO
hptm6539.jpg,0.5458,YES
hptm6540.jpg,0.5093,YES
hptm6541.jpg,0.6218,YES
hptm6542.jpg,0.4516,NO
hptm6543.jpg,0.4257,NO
hptm6544.jpg,0.3463,NO
hptm6545.jpg,0.5746,YES
hptm6547.jpg,0.1982,NO
hptm6548.jpg,0.1766,NO
hptm6549.jpg,0.4262,NO
hptm655.jpg,0.5590,YES
hptm6550.jpg,0.4051,NO
hptm6551.jpg,0.3828,NO
hptm6552.jpg,0.4470,NO
hptm6553.jpg,0.5942,YES
hptm6554.jpg,0.6382,YES
hptm6555.jpg,0.5162,YES
hptm6556.jpg,0.4375,NO
hptm6557.jpg,0.4164,NO
hptm6558.jpg,0.4042,NO
hptm656.jpg,0.5288,YES
hptm6560.jpg,0.4152,NO
hptm6561.jpg,0.4474,NO
hptm6562.jpg,0.5548,YES
hptm6563.jpg,0.0702,NO
hptm6564.jpg,0.4593,NO
hptm6566.jpg,0.2071,NO
hptm6567.jpg,0.4053,NO
hptm6568.jpg,0.1637,NO
hptm6569.jpg,0.1225,NO
hptm657.jpg,0.2554,NO
hptm6570.jpg,0.0731,NO
hptm6571.jpg,0.1180,NO
hptm6572.jpg,0.1993,NO
hptm6573.jpg,0.2137,NO
hptm6574.jpg,0.2397,NO
hptm6575.jpg,0.2741,NO
hptm6576.jpg,0.2986,NO
hptm6577.jpg,0.4429,NO
hptm6578.jpg,0.2423,NO
hptm6579.jpg,0.3438,NO
hptm658.jpg,0.6619,YES
hptm6580.jpg,0.1621,NO
hptm6581.jpg,0.0986,NO
hptm6582.jpg,0.5469,YES
hptm6583.jpg,0.2115,NO
hptm6584.jpg,0.2143,NO
hptm6585.jpg,0.1067,NO
hptm6586.jpg,0.2345,NO
hptm6587.jpg,0.2272,NO
hptm6588.jpg,0.2088,NO
hptm6589.jpg,0.2128,NO
hptm659.jpg,0.6166,YES
hptm6591.jpg,0.2037,NO
hptm6592.jpg,0.1569,NO
hptm6594.jpg,0.0813,NO
hptm6595.jpg,0.2409,NO
hptm6596.jpg,0.1396,NO
hptm6598.jpg,0.2521,NO
hptm6599.jpg,0.6591,YES
hptm660.jpg,0.2154,NO
hptm6600.jpg,0.2379,NO
hptm6601.jpg,0.6958,YES
hptm6603.jpg,0.1403,NO
hptm6602.jpg,0.5997,YES
hptm6604.jpg,0.2416,NO
hptm6605.jpg,0.2882,NO
hptm6606.jpg,0.5321,YES
hptm6607.jpg,0.2527,NO
hptm6608.jpg,0.2375,NO
hptm6609.jpg,0.1187,NO
hptm6610.jpg,0.6681,YES
hptm661.jpg,0.8243,YES
hptm6612.jpg,0.1274,NO
hptm6611.jpg,0.4566,NO
hptm6614.jpg,0.2365,NO
hptm6615.jpg,0.5120,YES
hptm6617.jpg,0.5682,YES
hptm6618.jpg,0.6641,YES
hptm6619.jpg,0.7036,YES
hptm662.jpg,0.1037,NO
hptm6620.jpg,0.5231,YES
hptm6621.jpg,0.2196,NO
hptm6622.jpg,0.5202,YES
hptm6624.jpg,0.2240,NO
hptm6623.jpg,0.2086,NO
hptm6625.jpg,0.2154,NO
hptm6626.jpg,0.5881,YES
hptm6628.jpg,0.2128,NO
hptm6629.jpg,0.4126,NO
hptm663.jpg,0.1275,NO
hptm6630.jpg,0.1918,NO
hptm6632.jpg,0.3947,NO
hptm6631.jpg,0.3684,NO
hptm6633.jpg,0.1841,NO
hptm6634.jpg,0.2280,NO
hptm6635.jpg,0.2095,NO
hptm6636.jpg,0.2204,NO
hptm6637.jpg,0.4342,NO
hptm6639.jpg,0.2485,NO
hptm6640.jpg,0.2118,NO
hptm664.jpg,0.0227,NO
hptm6641.jpg,0.2428,NO
hptm6642.jpg,0.2213,NO
hptm6643.jpg,0.2461,NO
hptm6644.jpg,0.2312,NO
hptm6645.jpg,0.2359,NO
hptm6646.jpg,0.2436,NO
hptm6649.jpg,0.2442,NO
hptm6647.jpg,0.2962,NO
hptm665.jpg,0.3478,NO
hptm6650.jpg,0.3206,NO
hptm6651.jpg,0.3799,NO
hptm6652.jpg,0.4028,NO
hptm6655.jpg,0.4670,NO
hptm6656.jpg,0.3502,NO
hptm6657.jpg,0.3123,NO
hptm6658.jpg,0.2050,NO
hptm6659.jpg,0.0794,NO
hptm666.jpg,0.2858,NO
hptm6660.jpg,0.2941,NO
hptm6661.jpg,0.3091,NO
hptm6663.jpg,0.2644,NO
hptm6665.jpg,0.1391,NO
hptm6666.jpg,0.3524,NO
hptm6668.jpg,0.3667,NO
hptm6669.jpg,0.1753,NO
hptm6670.jpg,0.0772,NO
hptm6671.jpg,0.0883,NO
hptm6672.jpg,0.1027,NO
hptm6673.jpg,0.1364,NO
hptm6674.jpg,0.1121,NO
hptm6676.jpg,0.2505,NO
hptm6677.jpg,0.2300,NO
hptm6678.jpg,0.2241,NO
hptm6679.jpg,0.2506,NO
hptm668.jpg,0.8126,YES
hptm6681.jpg,0.1352,NO
hptm6680.jpg,0.4854,NO
hptm6682.jpg,0.2610,NO
hptm6683.jpg,0.2461,NO
hptm6685.jpg,0.2608,NO
hptm6686.jpg,0.3099,NO
hptm6687.jpg,0.4191,NO
hptm6688.jpg,0.4441,NO
hptm669.jpg,0.2053,NO
hptm6692.jpg,0.3326,NO
hptm6693.jpg,0.2757,NO
hptm6694.jpg,0.4521,NO
hptm6696.jpg,0.3530,NO
hptm6698.jpg,0.1798,NO
hptm6699.jpg,0.3300,NO
hptm670.jpg,0.3275,NO
hptm6700.jpg,0.5038,YES
hptm6701.jpg,0.3031,NO
hptm6702.jpg,0.3699,NO
hptm6704.jpg,0.2720,NO
hptm6703.jpg,0.1170,NO
hptm6707.jpg,0.6010,YES
hptm6708.jpg,0.4153,NO
hptm6709.jpg,0.4905,NO
hptm6710.jpg,0.4524,NO
hptm671.jpg,0.3920,NO
hptm6713.jpg,0.4666,NO
hptm6712.jpg,0.3967,NO
hptm6711.jpg,0.5377,YES
hptm6715.jpg,0.0758,NO
hptm6714.jpg,0.6725,YES
hptm6716.jpg,0.2921,NO
hptm6717.jpg,0.4253,NO
hptm6718.jpg,0.3296,NO
hptm6719.jpg,0.2203,NO
hptm672.jpg,0.1600,NO
hptm6720.jpg,0.2325,NO
hptm6721.jpg,0.2860,NO
hptm6722.jpg,0.3681,NO
hptm6725.jpg,0.1758,NO
hptm6726.jpg,0.0923,NO
hptm6727.jpg,0.1597,NO
hptm6728.jpg,0.1385,NO
hptm6729.jpg,0.0999,NO
hptm673.jpg,0.7528,YES
hptm6731.jpg,0.5155,YES
hptm6730.jpg,0.1340,NO
hptm6732.jpg,0.5976,YES
hptm6734.jpg,0.1456,NO
hptm6733.jpg,0.1548,NO
hptm6735.jpg,0.1041,NO
hptm6736.jpg,0.4411,NO
hptm6737.jpg,0.5362,YES
hptm6739.jpg,0.4242,NO
hptm674.jpg,0.4839,NO
hptm6738.jpg,0.0857,NO
hptm6740.jpg,0.5252,YES
hptm6741.jpg,0.3625,NO
hptm6742.jpg,0.4710,NO
hptm6744.jpg,0.0417,NO
hptm6745.jpg,0.1771,NO
hptm6749.jpg,0.2021,NO
hptm6748.jpg,0.1301,NO
hptm675.jpg,0.7436,YES
hptm6750.jpg,0.1587,NO
hptm6753.jpg,0.2265,NO
hptm6751.jpg,0.6095,YES
hptm6754.jpg,0.1063,NO
hptm6755.jpg,0.2567,NO
hptm6759.jpg,0.1118,NO
hptm6756.jpg,0.2117,NO
hptm6757.jpg,0.1897,NO
hptm676.jpg,0.6444,YES
hptm6760.jpg,0.2503,NO
hptm6761.jpg,0.0585,NO
hptm6763.jpg,0.0651,NO
hptm6764.jpg,0.1103,NO
hptm6765.jpg,0.1222,NO
hptm6767.jpg,0.0798,NO
hptm6768.jpg,0.0836,NO
hptm6769.jpg,0.5134,YES
hptm677.jpg,0.3643,NO
hptm6770.jpg,0.5221,YES
hptm6771.jpg,0.1789,NO
hptm6772.jpg,0.0951,NO
hptm6773.jpg,0.1615,NO
hptm6775.jpg,0.1286,NO
hptm6774.jpg,0.2701,NO
hptm6776.jpg,0.1330,NO
hptm6777.jpg,0.1850,NO
hptm6779.jpg,0.1247,NO
hptm6778.jpg,0.1572,NO
hptm678.jpg,0.4573,NO
hptm6780.jpg,0.2277,NO
hptm6781.jpg,0.1243,NO
hptm6782.jpg,0.2620,NO
hptm6783.jpg,0.0853,NO
hptm6784.jpg,0.1379,NO
hptm6785.jpg,0.4013,NO
hptm6786.jpg,0.1473,NO
hptm6787.jpg,0.0521,NO
hptm6788.jpg,0.1432,NO
hptm6789.jpg,0.2791,NO
hptm679.jpg,0.6247,YES
hptm6791.jpg,0.2595,NO
hptm6792.jpg,0.1850,NO
hptm6794.jpg,0.2893,NO
hptm6793.jpg,0.2046,NO
hptm6795.jpg,0.2090,NO
hptm6796.jpg,0.1675,NO
hptm6797.jpg,0.3597,NO
hptm6798.jpg,0.2808,NO
hptm680.jpg,0.7825,YES
hptm6799.jpg,0.2656,NO
hptm6800.jpg,0.1792,NO
hptm6801.jpg,0.2177,NO
hptm6802.jpg,0.2502,NO
hptm6803.jpg,0.2351,NO
hptm6804.jpg,0.1795,NO
hptm6805.jpg,0.5485,YES
hptm6806.jpg,0.1873,NO
hptm6807.jpg,0.2295,NO
hptm6808.jpg,0.2085,NO
hptm6809.jpg,0.1747,NO
hptm681.jpg,0.2630,NO
hptm6810.jpg,0.1628,NO
hptm6811.jpg,0.1609,NO
hptm6812.jpg,0.1247,NO
hptm6814.jpg,0.2323,NO
hptm6815.jpg,0.2306,NO
hptm6816.jpg,0.0988,NO
hptm6817.jpg,0.1945,NO
hptm6818.jpg,0.2246,NO
hptm6819.jpg,0.3202,NO
hptm682.jpg,0.6685,YES
hptm6820.jpg,0.1832,NO
hptm6821.jpg,0.2546,NO
hptm6822.jpg,0.1897,NO
hptm6823.jpg,0.2247,NO
hptm6824.jpg,0.2218,NO
hptm6825.jpg,0.2015,NO
hptm6827.jpg,0.3237,NO
hptm6829.jpg,0.2167,NO
hptm683.jpg,0.2365,NO
hptm6830.jpg,0.2629,NO
hptm6834.jpg,0.1963,NO
hptm6832.jpg,0.2795,NO
hptm6831.jpg,0.2956,NO
hptm6835.jpg,0.1454,NO
hptm6837.jpg,0.1035,NO
hptm6838.jpg,0.1946,NO
hptm6839.jpg,0.1063,NO
hptm684.jpg,0.3457,NO
hptm6840.jpg,0.4621,NO
hptm6841.jpg,0.4017,NO
hptm6843.jpg,0.0990,NO
hptm6844.jpg,0.1221,NO
hptm6845.jpg,0.4319,NO
hptm6848.jpg,0.4615,NO
hptm6846.jpg,0.0672,NO
hptm6849.jpg,0.3039,NO
hptm685.jpg,0.3963,NO
hptm6850.jpg,0.1636,NO
hptm6851.jpg,0.4642,NO
hptm6852.jpg,0.1833,NO
hptm6853.jpg,0.0853,NO
hptm6854.jpg,0.1676,NO
hptm6855.jpg,0.1664,NO
hptm6856.jpg,0.1819,NO
hptm6859.jpg,0.3917,NO
hptm6857.jpg,0.3894,NO
hptm686.jpg,0.5312,YES
hptm6860.jpg,0.2010,NO
hptm6861.jpg,0.0950,NO
hptm6863.jpg,0.3350,NO
hptm6862.jpg,0.6925,YES
hptm6864.jpg,0.1625,NO
hptm6866.jpg,0.3207,NO
hptm6865.jpg,0.3668,NO
hptm6867.jpg,0.2746,NO
hptm6868.jpg,0.3672,NO
hptm6869.jpg,0.3492,NO
hptm687.jpg,0.5776,YES
hptm6870.jpg,0.2541,NO
hptm6871.jpg,0.3001,NO
hptm6872.jpg,0.2141,NO
hptm6873.jpg,0.1776,NO
hptm6874.jpg,0.2055,NO
hptm6875.jpg,0.5557,YES
hptm6877.jpg,0.0230,NO
hptm6878.jpg,0.5259,YES
hptm6879.jpg,0.5115,YES
hptm688.jpg,0.5415,YES
hptm6880.jpg,0.5923,YES
hptm6882.jpg,0.2384,NO
hptm6881.jpg,0.1380,NO
hptm6884.jpg,0.6091,YES
hptm6885.jpg,0.5325,YES
hptm6886.jpg,0.1266,NO
hptm6887.jpg,0.6187,YES
hptm6888.jpg,0.1591,NO
hptm6889.jpg,0.1593,NO
hptm689.jpg,0.4582,NO
hptm6890.jpg,0.1672,NO
hptm6891.jpg,0.0176,NO
hptm6892.jpg,0.4166,NO
hptm6893.jpg,0.1785,NO
hptm6894.jpg,0.1504,NO
hptm6895.jpg,0.1671,NO
hptm6896.jpg,0.1345,NO
hptm6898.jpg,0.4677,NO
hptm6899.jpg,0.4652,NO
hptm690.jpg,0.6416,YES
hptm6900.jpg,0.5573,YES
hptm6901.jpg,0.1298,NO
hptm6902.jpg,0.1597,NO
hptm6903.jpg,0.1168,NO
hptm6904.jpg,0.1395,NO
hptm6905.jpg,0.0932,NO
hptm6906.jpg,0.2363,NO
hptm6907.jpg,0.4146,NO
hptm6909.jpg,0.5573,YES
hptm6910.jpg,0.5706,YES
hptm6911.jpg,0.5779,YES
hptm6912.jpg,0.6343,YES
hptm6913.jpg,0.6134,YES
hptm6914.jpg,0.0883,NO
hptm6915.jpg,0.5512,YES
hptm6916.jpg,0.2226,NO
hptm6918.jpg,0.5665,YES
hptm6919.jpg,0.1126,NO
hptm692.jpg,0.6323,YES
hptm6920.jpg,0.4818,NO
hptm6921.jpg,0.5685,YES
hptm6922.jpg,0.1038,NO
hptm6923.jpg,0.5424,YES
hptm6924.jpg,0.5492,YES
hptm6925.jpg,0.5907,YES
hptm6927.jpg,0.2659,NO
hptm6926.jpg,0.5835,YES
hptm6928.jpg,0.5377,YES
hptm6929.jpg,0.1134,NO
hptm693.jpg,0.5236,YES
hptm6930.jpg,0.5508,YES
hptm6931.jpg,0.5521,YES
hptm6932.jpg,0.6086,YES
hptm6933.jpg,0.6174,YES
hptm6935.jpg,0.5938,YES
hptm6936.jpg,0.6055,YES
hptm6937.jpg,0.5876,YES
hptm6939.jpg,0.0640,NO
hptm694.jpg,0.5545,YES
hptm6941.jpg,0.0806,NO
hptm6940.jpg,0.0818,NO
hptm6942.jpg,0.5589,YES
hptm6943.jpg,0.0767,NO
hptm6944.jpg,0.3733,NO
hptm6945.jpg,0.1172,NO
hptm6946.jpg,0.3529,NO
hptm6948.jpg,0.4813,NO
hptm6949.jpg,0.1422,NO
hptm695.jpg,0.0912,NO
hptm6950.jpg,0.4975,NO
hptm6951.jpg,0.5064,YES
hptm6952.jpg,0.4734,NO
hptm6953.jpg,0.4610,NO
hptm6954.jpg,0.6088,YES
hptm6955.jpg,0.1583,NO
hptm6957.jpg,0.3389,NO
hptm6958.jpg,0.6383,YES
hptm6959.jpg,0.6266,YES
hptm6960.jpg,0.1464,NO
hptm696.jpg,0.1989,NO
hptm6961.jpg,0.6135,YES
hptm6962.jpg,0.0927,NO
hptm6964.jpg,0.0437,NO
hptm6963.jpg,0.5887,YES
hptm6965.jpg,0.5677,YES
hptm6966.jpg,0.6024,YES
hptm6967.jpg,0.1019,NO
hptm6968.jpg,0.5474,YES
hptm6969.jpg,0.5942,YES
hptm697.jpg,0.5954,YES
hptm6971.jpg,0.1730,NO
hptm6970.jpg,0.2426,NO
hptm6972.jpg,0.1516,NO
hptm6973.jpg,0.0907,NO
hptm6974.jpg,0.6194,YES
hptm6975.jpg,0.6216,YES
hptm6976.jpg,0.5865,YES
hptm6978.jpg,0.5223,YES
hptm6979.jpg,0.0842,NO
hptm698.jpg,0.1480,NO
hptm6980.jpg,0.6236,YES
hptm6981.jpg,0.1801,NO
hptm6982.jpg,0.2024,NO
hptm6983.jpg,0.1137,NO
hptm6984.jpg,0.1419,NO
hptm6985.jpg,0.0624,NO
hptm6986.jpg,0.1819,NO
hptm6987.jpg,0.6117,YES
hptm6988.jpg,0.1666,NO
hptm6989.jpg,0.0678,NO
hptm699.jpg,0.2133,NO
hptm6990.jpg,0.3451,NO
hptm6991.jpg,0.4229,NO
hptm6992.jpg,0.2426,NO
hptm6994.jpg,0.2361,NO
hptm6993.jpg,0.1415,NO
hptm6995.jpg,0.2268,NO
hptm6996.jpg,0.0127,NO
hptm6997.jpg,0.0945,NO
hptm6998.jpg,0.1463,NO
hptm6999.jpg,0.1340,NO
hptm700.jpg,0.6104,YES
hptm7001.jpg,0.0674,NO
hptm7002.jpg,0.3073,NO
hptm7003.jpg,0.2094,NO
hptm7005.jpg,0.2111,NO
hptm7004.jpg,0.5724,YES
hptm7006.jpg,0.3478,NO
hptm7007.jpg,0.2566,NO
hptm7008.jpg,0.3033,NO
hptm7009.jpg,0.2024,NO
hptm7010.jpg,0.3149,NO
hptm701.jpg,0.1065,NO
hptm7011.jpg,0.3308,NO
hptm7012.jpg,0.3258,NO
hptm7013.jpg,0.3741,NO
hptm7014.jpg,0.3678,NO
hptm7015.jpg,0.5130,YES
hptm7016.jpg,0.2985,NO
hptm7017.jpg,0.3788,NO
hptm7018.jpg,0.3728,NO
hptm7019.jpg,0.3748,NO
hptm702.jpg,0.8187,YES
hptm7021.jpg,0.3681,NO
hptm7020.jpg,0.3444,NO
hptm7022.jpg,0.3612,NO
hptm7023.jpg,0.3638,NO
hptm7024.jpg,0.3464,NO
hptm7025.jpg,0.3618,NO
hptm7026.jpg,0.2221,NO
hptm7028.jpg,0.1734,NO
hptm7029.jpg,0.1737,NO
hptm7030.jpg,0.0826,NO
hptm7031.jpg,0.3931,NO
hptm7032.jpg,0.3835,NO
hptm7034.jpg,0.3829,NO
hptm7033.jpg,0.3152,NO
hptm7036.jpg,0.4685,NO
hptm7037.jpg,0.4763,NO
hptm7038.jpg,0.0910,NO
hptm704.jpg,0.5064,YES
hptm7040.jpg,0.2654,NO
hptm7041.jpg,0.3422,NO
hptm7042.jpg,0.4095,NO
hptm7043.jpg,0.4584,NO
hptm7044.jpg,0.2891,NO
hptm7046.jpg,0.2085,NO
hptm7048.jpg,0.4145,NO
hptm7049.jpg,0.1478,NO
hptm705.jpg,0.1520,NO
hptm7050.jpg,0.2713,NO
hptm7051.jpg,0.3298,NO
hptm7054.jpg,0.3469,NO
hptm7055.jpg,0.3523,NO
hptm7056.jpg,0.5142,YES
hptm7057.jpg,0.1577,NO
hptm7058.jpg,0.1377,NO
hptm7059.jpg,0.3511,NO
hptm706.jpg,0.2895,NO
hptm7061.jpg,0.2026,NO
hptm7062.jpg,0.3916,NO
hptm7063.jpg,0.3085,NO
hptm7065.jpg,0.3000,NO
hptm7066.jpg,0.3756,NO
hptm7068.jpg,0.2953,NO
hptm7069.jpg,0.5288,YES
hptm707.jpg,0.3147,NO
hptm7070.jpg,0.1975,NO
hptm7073.jpg,0.2013,NO
hptm7071.jpg,0.1430,NO
hptm7074.jpg,0.3118,NO
hptm7075.jpg,0.1453,NO
hptm7076.jpg,0.1566,NO
hptm7077.jpg,0.1459,NO
hptm7078.jpg,0.1550,NO
hptm7079.jpg,0.1504,NO
hptm7081.jpg,0.1576,NO
hptm7080.jpg,0.1651,NO
hptm708.jpg,0.3829,NO
hptm7082.jpg,0.1432,NO
hptm7083.jpg,0.1522,NO
hptm7085.jpg,0.1979,NO
hptm7086.jpg,0.2172,NO
hptm7087.jpg,0.1755,NO
hptm7091.jpg,0.1758,NO
hptm7089.jpg,0.1507,NO
hptm7092.jpg,0.1604,NO
hptm709.jpg,0.5189,YES
hptm7093.jpg,0.0903,NO
hptm7094.jpg,0.1088,NO
hptm7095.jpg,0.1695,NO
hptm7096.jpg,0.4073,NO
hptm7097.jpg,0.1560,NO
hptm7098.jpg,0.0821,NO
hptm7099.jpg,0.4152,NO
hptm71.jpg,0.4776,NO
hptm710.jpg,0.6352,YES
hptm7100.jpg,0.1370,NO
hptm7101.jpg,0.1579,NO
hptm7102.jpg,0.1313,NO
hptm7104.jpg,0.1408,NO
hptm7105.jpg,0.1611,NO
hptm7103.jpg,0.1838,NO
hptm7106.jpg,0.1682,NO
hptm7107.jpg,0.1333,NO
hptm7108.jpg,0.1717,NO
hptm7109.jpg,0.0907,NO
hptm711.jpg,0.6268,YES
hptm7110.jpg,0.1470,NO
hptm7111.jpg,0.1558,NO
hptm7112.jpg,0.1615,NO
hptm7113.jpg,0.1535,NO
hptm7114.jpg,0.1610,NO
hptm7115.jpg,0.3878,NO
hptm7116.jpg,0.1762,NO
hptm7117.jpg,0.2685,NO
hptm7119.jpg,0.1418,NO
hptm7120.jpg,0.1690,NO
hptm712.jpg,0.5735,YES
hptm7121.jpg,0.1609,NO
hptm7122.jpg,0.2275,NO
hptm7123.jpg,0.2730,NO
hptm7124.jpg,0.2880,NO
hptm7125.jpg,0.1391,NO
hptm7126.jpg,0.1345,NO
hptm7127.jpg,0.4241,NO
hptm7128.jpg,0.1719,NO
hptm7129.jpg,0.4264,NO
hptm713.jpg,0.7653,YES
hptm7130.jpg,0.6427,YES
hptm7131.jpg,0.4858,NO
hptm7132.jpg,0.4174,NO
hptm7133.jpg,0.4680,NO
hptm7134.jpg,0.6235,YES
hptm7135.jpg,0.4597,NO
hptm7136.jpg,0.3921,NO
hptm7139.jpg,0.4359,NO
hptm714.jpg,0.6974,YES
hptm7140.jpg,0.5178,YES
hptm7142.jpg,0.5093,YES
hptm7143.jpg,0.5832,YES
hptm7145.jpg,0.5220,YES
hptm7144.jpg,0.4560,NO
hptm7146.jpg,0.4751,NO
hptm7147.jpg,0.4155,NO
hptm7148.jpg,0.4393,NO
hptm7149.jpg,0.1611,NO
hptm715.jpg,0.6809,YES
hptm7150.jpg,0.4191,NO
hptm7151.jpg,0.6192,YES
hptm7152.jpg,0.3272,NO
hptm7153.jpg,0.1778,NO
hptm7154.jpg,0.2951,NO
hptm7156.jpg,0.2135,NO
hptm7155.jpg,0.2803,NO
hptm7157.jpg,0.3002,NO
hptm7158.jpg,0.1945,NO
hptm7159.jpg,0.2791,NO
hptm716.jpg,0.3458,NO
hptm7160.jpg,0.1490,NO
hptm7164.jpg,0.1658,NO
hptm7165.jpg,0.1104,NO
hptm7166.jpg,0.1725,NO
hptm7167.jpg,0.0714,NO
hptm7168.jpg,0.3498,NO
hptm7169.jpg,0.1014,NO
hptm717.jpg,0.1776,NO
hptm7171.jpg,0.1615,NO
hptm7170.jpg,0.1578,NO
hptm7172.jpg,0.1971,NO
hptm7173.jpg,0.1566,NO
hptm7174.jpg,0.0381,NO
hptm7175.jpg,0.2081,NO
hptm7176.jpg,0.1020,NO
hptm7178.jpg,0.1581,NO
hptm7179.jpg,0.1164,NO
hptm7180.jpg,0.0040,NO
hptm7181.jpg,0.1711,NO
hptm7183.jpg,0.1633,NO
hptm7184.jpg,0.3576,NO
hptm7186.jpg,0.4551,NO
hptm7187.jpg,0.5197,YES
hptm7188.jpg,0.3913,NO
hptm7189.jpg,0.6030,YES
hptm719.jpg,0.6012,YES
hptm7190.jpg,0.1492,NO
hptm7191.jpg,0.3381,NO
hptm7193.jpg,0.1534,NO
hptm7194.jpg,0.2444,NO
hptm7195.jpg,0.4211,NO
hptm7196.jpg,0.1433,NO
hptm7197.jpg,0.6098,YES
hptm7199.jpg,0.4497,NO
hptm7200.jpg,0.4764,NO
hptm7202.jpg,0.3300,NO
hptm7203.jpg,0.2355,NO
hptm7204.jpg,0.1568,NO
hptm7205.jpg,0.2199,NO
hptm7206.jpg,0.1551,NO
hptm7208.jpg,0.1807,NO
hptm7209.jpg,0.1646,NO
hptm721.jpg,0.2538,NO
hptm7210.jpg,0.2113,NO
hptm7211.jpg,0.2089,NO
hptm7212.jpg,0.3014,NO
hptm7216.jpg,0.4013,NO
hptm7217.jpg,0.4525,NO
hptm7218.jpg,0.4423,NO
hptm722.jpg,0.6373,YES
hptm7220.jpg,0.2593,NO
hptm7221.jpg,0.0559,NO
hptm7222.jpg,0.3038,NO
hptm7223.jpg,0.0890,NO
hptm7224.jpg,0.5767,YES
hptm7225.jpg,0.5876,YES
hptm7227.jpg,0.6064,YES
hptm7228.jpg,0.4739,NO
hptm7229.jpg,0.5555,YES
hptm723.jpg,0.7145,YES
hptm7231.jpg,0.5110,YES
hptm7232.jpg,0.3520,NO
hptm7233.jpg,0.5125,YES
hptm7234.jpg,0.3266,NO
hptm7235.jpg,0.3310,NO
hptm7236.jpg,0.4320,NO
hptm7237.jpg,0.1124,NO
hptm7239.jpg,0.2671,NO
hptm7238.jpg,0.2983,NO
hptm724.jpg,0.8218,YES
hptm7241.jpg,0.2974,NO
hptm7240.jpg,0.0858,NO
hptm7242.jpg,0.2694,NO
hptm7243.jpg,0.2817,NO
hptm7244.jpg,0.1618,NO
hptm7245.jpg,0.1555,NO
hptm7246.jpg,0.0978,NO
hptm7247.jpg,0.1692,NO
hptm7248.jpg,0.1942,NO
hptm7249.jpg,0.3025,NO
hptm725.jpg,0.2330,NO
hptm7250.jpg,0.1693,NO
hptm7251.jpg,0.1194,NO
hptm7252.jpg,0.1722,NO
hptm7253.jpg,0.1695,NO
hptm7254.jpg,0.0943,NO
hptm7256.jpg,0.1561,NO
hptm7257.jpg,0.1826,NO
hptm7258.jpg,0.6296,YES
hptm7259.jpg,0.1169,NO
hptm7261.jpg,0.1669,NO
hptm7262.jpg,0.1914,NO
hptm7263.jpg,0.1486,NO
hptm7264.jpg,0.1027,NO
hptm7266.jpg,0.3930,NO
hptm7265.jpg,0.0726,NO
hptm7267.jpg,0.1662,NO
hptm7268.jpg,0.3655,NO
hptm7269.jpg,0.1575,NO
hptm727.jpg,0.6266,YES
hptm7270.jpg,0.0978,NO
hptm7271.jpg,0.1633,NO
hptm7272.jpg,0.1532,NO
hptm7273.jpg,0.1604,NO
hptm7274.jpg,0.1766,NO
hptm7276.jpg,0.1158,NO
hptm7277.jpg,0.3052,NO
hptm7278.jpg,0.1615,NO
hptm7279.jpg,0.4049,NO
hptm728.jpg,0.7277,YES
hptm7280.jpg,0.3970,NO
hptm7281.jpg,0.5311,YES
hptm7282.jpg,0.1456,NO
hptm7283.jpg,0.3204,NO
hptm7284.jpg,0.2780,NO
hptm7285.jpg,0.3465,NO
hptm7286.jpg,0.2014,NO
hptm7288.jpg,0.3585,NO
hptm729.jpg,0.6808,YES
hptm7289.jpg,0.4024,NO
hptm7290.jpg,0.4586,NO
hptm7291.jpg,0.6285,YES
hptm7293.jpg,0.0579,NO
hptm7294.jpg,0.5561,YES
hptm7295.jpg,0.6049,YES
hptm7297.jpg,0.5241,YES
hptm7298.jpg,0.3799,NO
hptm7299.jpg,0.4547,NO
hptm73.jpg,0.1584,NO
hptm730.jpg,0.6093,YES
hptm7300.jpg,0.2067,NO
hptm7301.jpg,0.1728,NO
hptm7302.jpg,0.4391,NO
hptm7303.jpg,0.1794,NO
hptm7304.jpg,0.1620,NO
hptm7305.jpg,0.1974,NO
hptm7306.jpg,0.1862,NO
hptm7307.jpg,0.1670,NO
hptm7309.jpg,0.0826,NO
hptm731.jpg,0.1941,NO
hptm7312.jpg,0.1634,NO
hptm7313.jpg,0.1648,NO
hptm7314.jpg,0.1014,NO
hptm7315.jpg,0.3013,NO
hptm7316.jpg,0.2185,NO
hptm7317.jpg,0.1557,NO
hptm7318.jpg,0.1675,NO
hptm7319.jpg,0.1482,NO
hptm732.jpg,0.6684,YES
hptm7320.jpg,0.1651,NO
hptm7321.jpg,0.1664,NO
hptm7322.jpg,0.1651,NO
hptm7323.jpg,0.1447,NO
hptm7324.jpg,0.1765,NO
hptm7325.jpg,0.1732,NO
hptm7326.jpg,0.1470,NO
hptm7327.jpg,0.1667,NO
hptm7328.jpg,0.2353,NO
hptm7329.jpg,0.1941,NO
hptm733.jpg,0.7445,YES
hptm7330.jpg,0.2552,NO
hptm7331.jpg,0.3998,NO
hptm7333.jpg,0.2567,NO
hptm7334.jpg,0.2261,NO
hptm7335.jpg,0.2554,NO
hptm7336.jpg,0.1956,NO
hptm7338.jpg,0.2430,NO
hptm7337.jpg,0.2658,NO
hptm7339.jpg,0.2093,NO
hptm734.jpg,0.6591,YES
hptm7340.jpg,0.2295,NO
hptm7341.jpg,0.2149,NO
hptm7342.jpg,0.2664,NO
hptm7343.jpg,0.1993,NO
hptm7344.jpg,0.1942,NO
hptm7346.jpg,0.1293,NO
hptm7347.jpg,0.1655,NO
hptm7349.jpg,0.1488,NO
hptm735.jpg,0.6355,YES
hptm7351.jpg,0.1658,NO
hptm7352.jpg,0.1704,NO
hptm7353.jpg,0.1556,NO
hptm7354.jpg,0.1829,NO
hptm7355.jpg,0.1836,NO
hptm7356.jpg,0.0682,NO
hptm7357.jpg,0.1691,NO
hptm7359.jpg,0.2154,NO
hptm7360.jpg,0.1543,NO
hptm7361.jpg,0.3557,NO
hptm7362.jpg,0.1717,NO
hptm7363.jpg,0.1771,NO
hptm7364.jpg,0.1536,NO
hptm7365.jpg,0.1783,NO
hptm7366.jpg,0.0705,NO
hptm7367.jpg,0.1557,NO
hptm7368.jpg,0.3838,NO
hptm7369.jpg,0.5023,YES
hptm737.jpg,0.2352,NO
hptm7370.jpg,0.1373,NO
hptm7371.jpg,0.1793,NO
hptm7372.jpg,0.1552,NO
hptm7373.jpg,0.1654,NO
hptm7374.jpg,0.1575,NO
hptm7375.jpg,0.1531,NO
hptm7378.jpg,0.1443,NO
hptm7376.jpg,0.2017,NO
hptm7377.jpg,0.1615,NO
hptm7379.jpg,0.1502,NO
hptm738.jpg,0.7153,YES
hptm7380.jpg,0.1628,NO
hptm7381.jpg,0.1689,NO
hptm7382.jpg,0.1524,NO
hptm7383.jpg,0.1835,NO
hptm7384.jpg,0.1563,NO
hptm7385.jpg,0.1386,NO
hptm7387.jpg,0.1324,NO
hptm7388.jpg,0.1471,NO
hptm7389.jpg,0.1566,NO
hptm739.jpg,0.7368,YES
hptm7390.jpg,0.1486,NO
hptm7391.jpg,0.1737,NO
hptm7393.jpg,0.2397,NO
hptm7392.jpg,0.1772,NO
hptm7395.jpg,0.1597,NO
hptm7398.jpg,0.1635,NO
hptm7396.jpg,0.1960,NO
hptm7399.jpg,0.1609,NO
hptm740.jpg,0.7491,YES
hptm7400.jpg,0.1462,NO
hptm7401.jpg,0.1893,NO
hptm7402.jpg,0.1579,NO
hptm7403.jpg,0.1625,NO
hptm7405.jpg,0.1668,NO
hptm7406.jpg,0.1548,NO
hptm7407.jpg,0.1538,NO
hptm7408.jpg,0.1589,NO
hptm7409.jpg,0.1577,NO
hptm7410.jpg,0.1515,NO
hptm7411.jpg,0.0930,NO
hptm741.jpg,0.5760,YES
hptm7413.jpg,0.1559,NO
hptm7412.jpg,0.6057,YES
hptm7414.jpg,0.1632,NO
hptm7415.jpg,0.2538,NO
hptm7416.jpg,0.1207,NO
hptm7417.jpg,0.1945,NO
hptm7419.jpg,0.0819,NO
hptm742.jpg,0.5073,YES
hptm7420.jpg,0.1518,NO
hptm7421.jpg,0.5287,YES
hptm7422.jpg,0.1068,NO
hptm7424.jpg,0.1443,NO
hptm7425.jpg,0.1765,NO
hptm7426.jpg,0.1392,NO
hptm7427.jpg,0.1342,NO
hptm7428.jpg,0.2041,NO
hptm7429.jpg,0.2901,NO
hptm7430.jpg,0.4208,NO
hptm7431.jpg,0.3192,NO
hptm7432.jpg,0.3189,NO
hptm7433.jpg,0.3572,NO
hptm7434.jpg,0.3659,NO
hptm7435.jpg,0.4040,NO
hptm7436.jpg,0.5724,YES
hptm7437.jpg,0.2078,NO
hptm7438.jpg,0.5530,YES
hptm7439.jpg,0.4682,NO
hptm744.jpg,0.6873,YES
hptm7440.jpg,0.5506,YES
hptm7441.jpg,0.4591,NO
hptm7442.jpg,0.6403,YES
hptm7443.jpg,0.3660,NO
hptm7444.jpg,0.5811,YES
hptm7445.jpg,0.4922,NO
hptm7446.jpg,0.4382,NO
hptm7447.jpg,0.5729,YES
hptm7449.jpg,0.4316,NO
hptm745.jpg,0.6705,YES
hptm7450.jpg,0.4093,NO
hptm7453.jpg,0.4803,NO
hptm7451.jpg,0.4490,NO
hptm7454.jpg,0.4185,NO
hptm7455.jpg,0.4092,NO
hptm7456.jpg,0.2630,NO
hptm7457.jpg,0.3491,NO
hptm7458.jpg,0.3824,NO
hptm7459.jpg,0.2033,NO
hptm7460.jpg,0.5742,YES
hptm746.jpg,0.4737,NO
hptm7461.jpg,0.4196,NO
hptm7462.jpg,0.4073,NO
hptm7463.jpg,0.5245,YES
hptm7464.jpg,0.5173,YES
hptm7466.jpg,0.3700,NO
hptm7465.jpg,0.3031,NO
hptm7467.jpg,0.4582,NO
hptm7468.jpg,0.5307,YES
hptm7469.jpg,0.3916,NO
hptm747.jpg,0.5391,YES
hptm7470.jpg,0.1363,NO
hptm7471.jpg,0.1476,NO
hptm7474.jpg,0.4157,NO
hptm7475.jpg,0.5287,YES
hptm7476.jpg,0.3775,NO
hptm7477.jpg,0.3400,NO
hptm7478.jpg,0.5497,YES
hptm7479.jpg,0.5791,YES
hptm748.jpg,0.2015,NO
hptm7480.jpg,0.3879,NO
hptm7482.jpg,0.1301,NO
hptm7483.jpg,0.3439,NO
hptm7484.jpg,0.2333,NO
hptm7485.jpg,0.2988,NO
hptm7486.jpg,0.3202,NO
hptm7487.jpg,0.4901,NO
hptm7489.jpg,0.3885,NO
hptm749.jpg,0.6378,YES
hptm7491.jpg,0.6772,YES
hptm7492.jpg,0.6039,YES
hptm7493.jpg,0.0967,NO
hptm7494.jpg,0.1079,NO
hptm7495.jpg,0.4422,NO
hptm7496.jpg,0.6116,YES
hptm7497.jpg,0.3894,NO
hptm7498.jpg,0.3370,NO
hptm750.jpg,0.2309,NO
hptm7500.jpg,0.1025,NO
hptm7502.jpg,0.1573,NO
hptm7501.jpg,0.4135,NO
hptm75.jpg,0.1294,NO
hptm7503.jpg,0.2136,NO
hptm7504.jpg,0.2117,NO
hptm7505.jpg,0.3084,NO
hptm7506.jpg,0.1754,NO
hptm7507.jpg,0.0925,NO
hptm7508.jpg,0.1761,NO
hptm7509.jpg,0.0720,NO
hptm751.jpg,0.6884,YES
hptm7510.jpg,0.1679,NO
hptm7511.jpg,0.2029,NO
hptm7512.jpg,0.2009,NO
hptm7514.jpg,0.1852,NO
hptm7513.jpg,0.2979,NO
hptm7515.jpg,0.1379,NO
hptm7516.jpg,0.3748,NO
hptm7517.jpg,0.1814,NO
hptm7519.jpg,0.1902,NO
hptm752.jpg,0.7314,YES
hptm7520.jpg,0.2116,NO
hptm7521.jpg,0.2514,NO
hptm7522.jpg,0.2673,NO
hptm7523.jpg,0.1845,NO
hptm7524.jpg,0.2445,NO
hptm7525.jpg,0.2430,NO
hptm7526.jpg,0.1286,NO
hptm7527.jpg,0.2980,NO
hptm7529.jpg,0.2506,NO
hptm753.jpg,0.7516,YES
hptm7530.jpg,0.1795,NO
hptm7531.jpg,0.0869,NO
hptm7533.jpg,0.2821,NO
hptm7532.jpg,0.3108,NO
hptm7535.jpg,0.3415,NO
hptm7534.jpg,0.2973,NO
hptm7536.jpg,0.2547,NO
hptm7537.jpg,0.1347,NO
hptm7538.jpg,0.3096,NO
hptm7539.jpg,0.3476,NO
hptm754.jpg,0.6639,YES
hptm7540.jpg,0.3476,NO
hptm7541.jpg,0.3165,NO
hptm7542.jpg,0.5437,YES
hptm7543.jpg,0.3524,NO
hptm7544.jpg,0.5266,YES
hptm7545.jpg,0.4787,NO
hptm7547.jpg,0.5402,YES
hptm7548.jpg,0.1283,NO
hptm7549.jpg,0.2878,NO
hptm7550.jpg,0.5477,YES
hptm7551.jpg,0.3790,NO
hptm7552.jpg,0.3504,NO
hptm7553.jpg,0.3428,NO
hptm7554.jpg,0.3772,NO
hptm7556.jpg,0.3552,NO
hptm7557.jpg,0.5397,YES
hptm7558.jpg,0.3033,NO
hptm7559.jpg,0.2166,NO
hptm756.jpg,0.5123,YES
hptm7560.jpg,0.2563,NO
hptm7561.jpg,0.4699,NO
hptm7562.jpg,0.3747,NO
hptm7564.jpg,0.3756,NO
hptm7563.jpg,0.3499,NO
hptm7565.jpg,0.3884,NO
hptm7567.jpg,0.3376,NO
hptm7568.jpg,0.5334,YES
hptm7569.jpg,0.4093,NO
hptm757.jpg,0.4881,NO
hptm7570.jpg,0.1268,NO
hptm7571.jpg,0.4189,NO
hptm7572.jpg,0.3884,NO
hptm7573.jpg,0.5300,YES
hptm7574.jpg,0.5263,YES
hptm7575.jpg,0.4884,NO
hptm7576.jpg,0.3741,NO
hptm7577.jpg,0.2890,NO
hptm7578.jpg,0.3631,NO
hptm7579.jpg,0.3758,NO
hptm7580.jpg,0.4465,NO
hptm7581.jpg,0.2172,NO
hptm7582.jpg,0.2043,NO
hptm7583.jpg,0.0848,NO
hptm7584.jpg,0.5417,YES
hptm7585.jpg,0.6274,YES
hptm7586.jpg,0.1702,NO
hptm7587.jpg,0.5075,YES
hptm7589.jpg,0.4142,NO
hptm759.jpg,0.6242,YES
hptm7590.jpg,0.2468,NO
hptm7591.jpg,0.4560,NO
hptm7593.jpg,0.3406,NO
hptm7594.jpg,0.1298,NO
hptm7595.jpg,0.4842,NO
hptm7596.jpg,0.5621,YES
hptm7597.jpg,0.5549,YES
hptm7599.jpg,0.4175,NO
hptm7598.jpg,0.5074,YES
hptm760.jpg,0.3015,NO
hptm7600.jpg,0.3497,NO
hptm7602.jpg,0.5634,YES
hptm7604.jpg,0.3300,NO
hptm7603.jpg,0.4401,NO
hptm7605.jpg,0.2019,NO
hptm7608.jpg,0.5439,YES
hptm7607.jpg,0.4387,NO
hptm761.jpg,0.4981,NO
hptm7609.jpg,0.4258,NO
hptm7611.jpg,0.4903,NO
hptm7612.jpg,0.5580,YES
hptm7613.jpg,0.6463,YES
hptm7614.jpg,0.4623,NO
hptm7615.jpg,0.4266,NO
hptm7616.jpg,0.1222,NO
hptm7618.jpg,0.5450,YES
hptm7617.jpg,0.1332,NO
hptm7619.jpg,0.4441,NO
hptm762.jpg,0.7232,YES
hptm7620.jpg,0.5686,YES
hptm7621.jpg,0.5174,YES
hptm7622.jpg,0.5638,YES
hptm7623.jpg,0.6138,YES
hptm7625.jpg,0.5397,YES
hptm7624.jpg,0.2696,NO
hptm7626.jpg,0.5726,YES
hptm7627.jpg,0.1382,NO
hptm7628.jpg,0.4788,NO
hptm7629.jpg,0.2139,NO
hptm763.jpg,0.1582,NO
hptm7631.jpg,0.5752,YES
hptm7632.jpg,0.4737,NO
hptm7633.jpg,0.5064,YES
hptm7634.jpg,0.4933,NO
hptm7636.jpg,0.5344,YES
hptm7637.jpg,0.5296,YES
hptm7638.jpg,0.1196,NO
hptm7639.jpg,0.5476,YES
hptm764.jpg,0.2770,NO
hptm7640.jpg,0.2976,NO
hptm7641.jpg,0.5430,YES
hptm7642.jpg,0.6025,YES
hptm7644.jpg,0.4366,NO
hptm7645.jpg,0.5727,YES
hptm7646.jpg,0.3441,NO
hptm7648.jpg,0.1852,NO
hptm7649.jpg,0.2090,NO
hptm7651.jpg,0.4950,NO
hptm765.jpg,0.6072,YES
hptm7652.jpg,0.4889,NO
hptm7653.jpg,0.5858,YES
hptm7654.jpg,0.4923,NO
hptm7655.jpg,0.5999,YES
hptm7656.jpg,0.4817,NO
hptm7657.jpg,0.3715,NO
hptm7659.jpg,0.3365,NO
hptm7658.jpg,0.1867,NO
hptm766.jpg,0.8087,YES
hptm7660.jpg,0.1351,NO
hptm7661.jpg,0.3408,NO
hptm7662.jpg,0.3544,NO
hptm7663.jpg,0.3486,NO
hptm7664.jpg,0.3552,NO
hptm7665.jpg,0.3495,NO
hptm7666.jpg,0.3207,NO
hptm7667.jpg,0.3546,NO
hptm7668.jpg,0.3466,NO
hptm7669.jpg,0.3114,NO
hptm767.jpg,0.6076,YES
hptm7673.jpg,0.3801,NO
hptm7671.jpg,0.0830,NO
hptm7674.jpg,0.3602,NO
hptm7677.jpg,0.3349,NO
hptm7675.jpg,0.5634,YES
hptm7678.jpg,0.3050,NO
hptm7679.jpg,0.3036,NO
hptm768.jpg,0.7718,YES
hptm7681.jpg,0.3058,NO
hptm7682.jpg,0.1279,NO
hptm7684.jpg,0.2993,NO
hptm7687.jpg,0.3186,NO
hptm7688.jpg,0.2789,NO
hptm7689.jpg,0.3052,NO
hptm769.jpg,0.7620,YES
hptm7690.jpg,0.2814,NO
hptm7691.jpg,0.5633,YES
hptm7694.jpg,0.2481,NO
hptm7693.jpg,0.1712,NO
hptm7695.jpg,0.3317,NO
hptm7696.jpg,0.2923,NO
hptm7697.jpg,0.1603,NO
hptm7699.jpg,0.3477,NO
hptm770.jpg,0.6874,YES
hptm7700.jpg,0.3791,NO
hptm7702.jpg,0.3620,NO
hptm7701.jpg,0.4286,NO
hptm7703.jpg,0.4415,NO
hptm7704.jpg,0.1873,NO
hptm7705.jpg,0.2303,NO
hptm7706.jpg,0.3762,NO
hptm7707.jpg,0.3690,NO
hptm7708.jpg,0.3346,NO
hptm771.jpg,0.5172,YES
hptm7709.jpg,0.2057,NO
hptm7713.jpg,0.3115,NO
hptm7712.jpg,0.3481,NO
hptm7714.jpg,0.2347,NO
hptm7715.jpg,0.2984,NO
hptm7716.jpg,0.1306,NO
hptm7717.jpg,0.4165,NO
hptm7718.jpg,0.1771,NO
hptm7720.jpg,0.3751,NO
hptm772.jpg,0.5209,YES
hptm7719.jpg,0.1506,NO
hptm7721.jpg,0.3011,NO
hptm7722.jpg,0.2595,NO
hptm7723.jpg,0.1090,NO
hptm7724.jpg,0.2604,NO
hptm7725.jpg,0.2351,NO
hptm7728.jpg,0.2870,NO
hptm7726.jpg,0.3410,NO
hptm7727.jpg,0.1306,NO
hptm7729.jpg,0.6341,YES
hptm7730.jpg,0.2372,NO
hptm7733.jpg,0.5845,YES
hptm7735.jpg,0.2806,NO
hptm7736.jpg,0.5205,YES
hptm7739.jpg,0.6553,YES
hptm7737.jpg,0.6442,YES
hptm7738.jpg,0.1225,NO
hptm7740.jpg,0.3939,NO
hptm7741.jpg,0.3612,NO
hptm7742.jpg,0.2446,NO
hptm7743.jpg,0.3797,NO
hptm7744.jpg,0.3440,NO
hptm7747.jpg,0.2577,NO
hptm7745.jpg,0.3856,NO
hptm7748.jpg,0.2553,NO
hptm7749.jpg,0.1752,NO
hptm775.jpg,0.7368,YES
hptm7750.jpg,0.3456,NO
hptm7751.jpg,0.2322,NO
hptm7752.jpg,0.2935,NO
hptm7753.jpg,0.2258,NO
hptm7754.jpg,0.3637,NO
hptm7755.jpg,0.2321,NO
hptm7757.jpg,0.5057,YES
hptm7758.jpg,0.3795,NO
hptm7759.jpg,0.2400,NO
hptm776.jpg,0.5653,YES
hptm7760.jpg,0.1390,NO
hptm7762.jpg,0.3291,NO
hptm7761.jpg,0.5100,YES
hptm7763.jpg,0.0972,NO
hptm7764.jpg,0.3029,NO
hptm7765.jpg,0.3084,NO
hptm7766.jpg,0.3250,NO
hptm7768.jpg,0.2169,NO
hptm7769.jpg,0.4909,NO
hptm7770.jpg,0.2267,NO
hptm777.jpg,0.1337,NO
hptm7771.jpg,0.1192,NO
hptm7772.jpg,0.7165,YES
hptm7773.jpg,0.3984,NO
hptm7774.jpg,0.3594,NO
hptm7776.jpg,0.2681,NO
hptm7775.jpg,0.1671,NO
hptm7778.jpg,0.3244,NO
hptm7777.jpg,0.3856,NO
hptm7779.jpg,0.3441,NO
hptm7782.jpg,0.1053,NO
hptm7787.jpg,0.3479,NO
hptm779.jpg,0.7473,YES
hptm7790.jpg,0.3316,NO
hptm7791.jpg,0.3856,NO
hptm7792.jpg,0.5251,YES
hptm7794.jpg,0.4835,NO
hptm7793.jpg,0.1291,NO
hptm7795.jpg,0.1519,NO
hptm7796.jpg,0.4706,NO
hptm7797.jpg,0.4000,NO
hptm7798.jpg,0.5538,YES
hptm7800.jpg,0.2581,NO
hptm7801.jpg,0.1625,NO
hptm7802.jpg,0.3345,NO
hptm780.jpg,0.1292,NO
hptm7803.jpg,0.3434,NO
hptm7804.jpg,0.1726,NO
hptm7805.jpg,0.0787,NO
hptm7806.jpg,0.3170,NO
hptm7807.jpg,0.3181,NO
hptm7809.jpg,0.3426,NO
hptm7810.jpg,0.2998,NO
hptm7812.jpg,0.2830,NO
hptm781.jpg,0.6679,YES
hptm7813.jpg,0.2847,NO
hptm7815.jpg,0.2814,NO
hptm7814.jpg,0.3071,NO
hptm7816.jpg,0.2255,NO
hptm7817.jpg,0.2692,NO
hptm7819.jpg,0.3359,NO
hptm7818.jpg,0.3353,NO
hptm782.jpg,0.2735,NO
hptm7820.jpg,0.2961,NO
hptm7821.jpg,0.2731,NO
hptm7822.jpg,0.2623,NO
hptm7823.jpg,0.2413,NO
hptm7824.jpg,0.3022,NO
hptm7826.jpg,0.2228,NO
hptm7827.jpg,0.1321,NO
hptm7828.jpg,0.2543,NO
hptm7829.jpg,0.4308,NO
hptm7830.jpg,0.3125,NO
hptm783.jpg,0.6683,YES
hptm7831.jpg,0.3149,NO
hptm7832.jpg,0.3296,NO
hptm7833.jpg,0.2990,NO
hptm7835.jpg,0.2975,NO
hptm7836.jpg,0.3901,NO
hptm7837.jpg,0.3985,NO
hptm7838.jpg,0.1321,NO
hptm7839.jpg,0.3377,NO
hptm7840.jpg,0.3603,NO
hptm784.jpg,0.6383,YES
hptm7841.jpg,0.2500,NO
hptm7842.jpg,0.2730,NO
hptm7843.jpg,0.2838,NO
hptm7844.jpg,0.2755,NO
hptm7845.jpg,0.2723,NO
hptm7846.jpg,0.2835,NO
hptm7847.jpg,0.2663,NO
hptm7848.jpg,0.2566,NO
hptm7849.jpg,0.1235,NO
hptm785.jpg,0.6115,YES
hptm7850.jpg,0.1539,NO
hptm7851.jpg,0.2781,NO
hptm7852.jpg,0.2989,NO
hptm7853.jpg,0.5731,YES
hptm7854.jpg,0.3843,NO
hptm7855.jpg,0.2767,NO
hptm7856.jpg,0.3219,NO
hptm7857.jpg,0.3025,NO
hptm7858.jpg,0.3055,NO
hptm7859.jpg,0.3210,NO
hptm786.jpg,0.6930,YES
hptm7861.jpg,0.3644,NO
hptm7862.jpg,0.1246,NO
hptm7864.jpg,0.4242,NO
hptm7863.jpg,0.4032,NO
hptm7865.jpg,0.3860,NO
hptm7866.jpg,0.6107,YES
hptm7867.jpg,0.4175,NO
hptm7868.jpg,0.5418,YES
hptm7870.jpg,0.3098,NO
hptm7869.jpg,0.3378,NO
hptm7871.jpg,0.1378,NO
hptm787.jpg,0.1849,NO
hptm7872.jpg,0.4470,NO
hptm7873.jpg,0.3226,NO
hptm7874.jpg,0.1964,NO
hptm7875.jpg,0.3445,NO
hptm7876.jpg,0.3519,NO
hptm7878.jpg,0.3629,NO
hptm7877.jpg,0.6432,YES
hptm7879.jpg,0.4267,NO
hptm788.jpg,0.6584,YES
hptm7881.jpg,0.3340,NO
hptm7883.jpg,0.4156,NO
hptm7882.jpg,0.1968,NO
hptm7885.jpg,0.3374,NO
hptm7884.jpg,0.1551,NO
hptm7886.jpg,0.4568,NO
hptm7887.jpg,0.3206,NO
hptm7888.jpg,0.4682,NO
hptm789.jpg,0.6567,YES
hptm7890.jpg,0.5331,YES
hptm7891.jpg,0.4622,NO
hptm7894.jpg,0.3948,NO
hptm7892.jpg,0.2574,NO
hptm7893.jpg,0.1202,NO
hptm7895.jpg,0.4714,NO
hptm7896.jpg,0.4753,NO
hptm7897.jpg,0.6243,YES
hptm7898.jpg,0.5624,YES
hptm7899.jpg,0.4749,NO
hptm790.jpg,0.6034,YES
hptm7901.jpg,0.4573,NO
hptm7900.jpg,0.4789,NO
hptm7902.jpg,0.2202,NO
hptm7903.jpg,0.0810,NO
hptm7904.jpg,0.3715,NO
hptm7905.jpg,0.6425,YES
hptm7906.jpg,0.4532,NO
hptm7909.jpg,0.4291,NO
hptm7907.jpg,0.4235,NO
hptm7908.jpg,0.4280,NO
hptm791.jpg,0.8057,YES
hptm7910.jpg,0.3917,NO
hptm7911.jpg,0.5458,YES
hptm7916.jpg,0.1523,NO
hptm7915.jpg,0.1897,NO
hptm7917.jpg,0.3745,NO
hptm7919.jpg,0.4966,NO
hptm7918.jpg,0.2439,NO
hptm792.jpg,0.6545,YES
hptm7921.jpg,0.5325,YES
hptm7922.jpg,0.4789,NO
hptm7923.jpg,0.4713,NO
hptm7924.jpg,0.4852,NO
hptm7926.jpg,0.4568,NO
hptm7928.jpg,0.4712,NO
hptm7927.jpg,-0.0325,NO
hptm7929.jpg,0.5534,YES
hptm793.jpg,0.2748,NO
hptm7930.jpg,0.3958,NO
hptm7932.jpg,0.3261,NO
hptm7933.jpg,0.3446,NO
hptm7934.jpg,0.4706,NO
hptm7935.jpg,0.3031,NO
hptm7936.jpg,0.3244,NO
hptm7937.jpg,0.3057,NO
hptm7938.jpg,0.1168,NO
hptm7939.jpg,0.1252,NO
hptm794.jpg,0.1867,NO
hptm7941.jpg,0.2588,NO
hptm7942.jpg,0.2644,NO
hptm7943.jpg,0.2889,NO
hptm7945.jpg,0.3495,NO
hptm7944.jpg,0.2500,NO
hptm7946.jpg,0.5040,YES
hptm7947.jpg,0.1772,NO
hptm7949.jpg,0.1750,NO
hptm7950.jpg,0.3680,NO
hptm795.jpg,0.6769,YES
hptm7951.jpg,0.4124,NO
hptm7952.jpg,0.3237,NO
hptm7953.jpg,0.4577,NO
hptm7954.jpg,0.3419,NO
hptm7956.jpg,0.5421,YES
hptm7957.jpg,0.4675,NO
hptm7958.jpg,0.4456,NO
hptm796.jpg,0.7352,YES
hptm7960.jpg,0.2160,NO
hptm7963.jpg,0.3558,NO
hptm7964.jpg,0.4384,NO
hptm7965.jpg,0.5530,YES
hptm7966.jpg,0.4867,NO
hptm7968.jpg,0.4278,NO
hptm7969.jpg,0.4144,NO
hptm797.jpg,0.5566,YES
hptm7971.jpg,0.1341,NO
hptm7970.jpg,0.4246,NO
hptm7972.jpg,0.3758,NO
hptm7973.jpg,0.2089,NO
hptm7974.jpg,0.4603,NO
hptm7978.jpg,0.3290,NO
hptm7975.jpg,0.6194,YES
hptm7977.jpg,0.4037,NO
hptm798.jpg,0.7370,YES
hptm7980.jpg,0.6004,YES
hptm7979.jpg,0.3216,NO
hptm7981.jpg,0.4173,NO
hptm7982.jpg,0.3813,NO
hptm7985.jpg,0.3179,NO
hptm7983.jpg,0.4479,NO
hptm7984.jpg,0.4171,NO
hptm7987.jpg,0.2691,NO
hptm7986.jpg,0.2980,NO
hptm7988.jpg,0.1908,NO
hptm7989.jpg,0.1716,NO
hptm7990.jpg,0.3193,NO
hptm7991.jpg,0.5026,YES
hptm7992.jpg,0.2950,NO
hptm7993.jpg,0.4786,NO
hptm7995.jpg,0.2267,NO
hptm7994.jpg,0.3777,NO
hptm7996.jpg,0.2704,NO
hptm7997.jpg,0.3924,NO
hptm7998.jpg,0.3283,NO
hptm7999.jpg,0.2955,NO
hptm80.jpg,0.1693,NO
hptm8000.jpg,0.2649,NO
hptm8001.jpg,0.4626,NO
hptm8002.jpg,0.4526,NO
hptm800.jpg,0.3403,NO
hptm8004.jpg,0.4316,NO
hptm8005.jpg,0.2522,NO
hptm8006.jpg,0.3620,NO
hptm8007.jpg,0.6579,YES
hptm801.jpg,0.4150,NO
hptm8008.jpg,0.2767,NO
hptm8010.jpg,0.3186,NO
hptm8011.jpg,0.5851,YES
hptm8012.jpg,0.2653,NO
hptm8013.jpg,0.2806,NO
hptm8014.jpg,0.2400,NO
hptm8015.jpg,0.4372,NO
hptm8016.jpg,0.2743,NO
hptm8017.jpg,0.2915,NO
hptm8018.jpg,0.2397,NO
hptm8019.jpg,0.3362,NO
hptm802.jpg,0.7562,YES
hptm8020.jpg,0.2815,NO
hptm8021.jpg,0.1424,NO
hptm8022.jpg,0.2464,NO
hptm8023.jpg,0.4277,NO
hptm8024.jpg,0.3133,NO
hptm8025.jpg,0.2852,NO
hptm8027.jpg,0.4866,NO
hptm8028.jpg,0.5945,YES
hptm8026.jpg,0.1813,NO
hptm8029.jpg,0.2918,NO
hptm803.jpg,0.7596,YES
hptm8030.jpg,0.3080,NO
hptm8031.jpg,0.2903,NO
hptm8032.jpg,0.2634,NO
hptm8033.jpg,0.2321,NO
hptm8034.jpg,0.2837,NO
hptm8035.jpg,0.2458,NO
hptm8036.jpg,0.3687,NO
hptm8037.jpg,0.4318,NO
hptm8039.jpg,0.2933,NO
hptm804.jpg,0.2915,NO
hptm8040.jpg,0.2745,NO
hptm8042.jpg,0.2655,NO
hptm8044.jpg,0.2759,NO
hptm8045.jpg,0.2836,NO
hptm8043.jpg,0.2759,NO
hptm8049.jpg,0.7476,YES
hptm8048.jpg,0.3159,NO
hptm8046.jpg,0.1051,NO
hptm805.jpg,0.0971,NO
hptm8050.jpg,0.3248,NO
hptm8052.jpg,0.2719,NO
hptm8053.jpg,0.2829,NO
hptm8054.jpg,0.5581,YES
hptm8055.jpg,0.2682,NO
hptm8056.jpg,0.2351,NO
hptm8057.jpg,0.3044,NO
hptm8058.jpg,0.3267,NO
hptm8059.jpg,0.3418,NO
hptm8060.jpg,0.6312,YES
hptm806.jpg,0.8130,YES
hptm8061.jpg,0.3825,NO
hptm8064.jpg,0.4314,NO
hptm8062.jpg,0.3438,NO
hptm8065.jpg,0.4009,NO
hptm8066.jpg,0.4326,NO
hptm8067.jpg,0.3252,NO
hptm8068.jpg,0.4752,NO
hptm8069.jpg,0.2606,NO
hptm807.jpg,0.7432,YES
hptm8070.jpg,0.4314,NO
hptm8071.jpg,0.0968,NO
hptm8072.jpg,0.3942,NO
hptm8073.jpg,0.1751,NO
hptm8074.jpg,0.4392,NO
hptm8075.jpg,0.4619,NO
hptm8076.jpg,0.4993,NO
hptm8077.jpg,0.5349,YES
hptm808.jpg,0.7940,YES
hptm8080.jpg,0.4338,NO
hptm8081.jpg,0.4475,NO
hptm8078.jpg,0.3957,NO
hptm8082.jpg,0.1377,NO
hptm8084.jpg,0.3355,NO
hptm8085.jpg,0.3999,NO
hptm8087.jpg,0.2706,NO
hptm8086.jpg,0.4705,NO
hptm8088.jpg,0.1237,NO
hptm8089.jpg,0.2310,NO
hptm809.jpg,0.7487,YES
hptm8091.jpg,0.3517,NO
hptm8092.jpg,0.4385,NO
hptm8093.jpg,0.2675,NO
hptm8095.jpg,0.2612,NO
hptm8094.jpg,0.4888,NO
hptm8096.jpg,0.1154,NO
hptm8097.jpg,0.2476,NO
hptm8099.jpg,0.4112,NO
hptm810.jpg,0.4466,NO
hptm8100.jpg,0.3488,NO
hptm8098.jpg,0.3718,NO
hptm8102.jpg,0.2312,NO
hptm8104.jpg,0.3502,NO
hptm8103.jpg,0.2840,NO
hptm8101.jpg,0.3765,NO
hptm8105.jpg,0.2874,NO
hptm8106.jpg,0.2423,NO
hptm8107.jpg,0.1724,NO
hptm8108.jpg,0.5145,YES
hptm811.jpg,0.6897,YES
hptm8110.jpg,0.2873,NO
hptm8111.jpg,0.2862,NO
hptm8112.jpg,0.2541,NO
hptm8113.jpg,0.3680,NO
hptm8114.jpg,0.5511,YES
hptm8115.jpg,0.3529,NO
hptm8117.jpg,0.1630,NO
hptm8118.jpg,0.3286,NO
hptm8119.jpg,0.4169,NO
hptm812.jpg,0.6928,YES
hptm8120.jpg,0.6667,YES
hptm8121.jpg,0.2942,NO
hptm8122.jpg,0.1578,NO
hptm8124.jpg,0.5868,YES
hptm8123.jpg,0.2970,NO
hptm8125.jpg,0.2929,NO
hptm8127.jpg,0.3652,NO
hptm8128.jpg,0.5252,YES
hptm813.jpg,0.7069,YES
hptm8133.jpg,0.3395,NO
hptm8131.jpg,0.1686,NO
hptm8136.jpg,0.4756,NO
hptm8137.jpg,0.2521,NO
hptm8139.jpg,0.4567,NO
hptm814.jpg,0.2037,NO
hptm8141.jpg,0.6561,YES
hptm8140.jpg,0.6366,YES
hptm8142.jpg,0.6839,YES
hptm8143.jpg,0.4706,NO
hptm8144.jpg,0.4256,NO
hptm815.jpg,0.2072,NO
hptm8150.jpg,0.3448,NO
hptm8151.jpg,0.4437,NO
hptm8152.jpg,0.2177,NO
hptm8153.jpg,0.6421,YES
hptm8154.jpg,0.5409,YES
hptm8156.jpg,0.3003,NO
hptm8157.jpg,0.3109,NO
hptm8158.jpg,0.2831,NO
hptm8159.jpg,0.3046,NO
hptm816.jpg,0.5250,YES
hptm8161.jpg,0.3406,NO
hptm8162.jpg,0.2652,NO
hptm8163.jpg,0.2293,NO
hptm8164.jpg,0.2327,NO
hptm8165.jpg,0.2517,NO
hptm8167.jpg,0.2523,NO
hptm8166.jpg,0.2427,NO
hptm8168.jpg,0.3104,NO
hptm817.jpg,0.4802,NO
hptm8170.jpg,0.2555,NO
hptm8172.jpg,0.1298,NO
hptm8173.jpg,0.2079,NO
hptm8174.jpg,0.2384,NO
hptm8175.jpg,0.2773,NO
hptm8176.jpg,0.1376,NO
hptm8177.jpg,0.3475,NO
hptm8178.jpg,0.2509,NO
hptm8179.jpg,0.2661,NO
hptm818.jpg,0.5427,YES
hptm8180.jpg,0.3005,NO
hptm8181.jpg,0.2500,NO
hptm8183.jpg,0.2962,NO
hptm8182.jpg,0.1738,NO
hptm8186.jpg,0.4466,NO
hptm8187.jpg,0.3169,NO
hptm8188.jpg,0.3954,NO
hptm8189.jpg,0.2383,NO
hptm819.jpg,0.1383,NO
hptm8190.jpg,0.3958,NO
hptm8191.jpg,0.2602,NO
hptm8192.jpg,0.3018,NO
hptm8193.jpg,0.1437,NO
hptm8194.jpg,0.2922,NO
hptm8195.jpg,0.5568,YES
hptm8196.jpg,0.3142,NO
hptm8198.jpg,0.1901,NO
hptm8197.jpg,0.5723,YES
hptm8199.jpg,0.3515,NO
hptm82.jpg,0.7882,YES
hptm8201.jpg,0.5847,YES
hptm820.jpg,0.2123,NO
hptm8202.jpg,0.3490,NO
hptm8207.jpg,0.3140,NO
hptm8208.jpg,0.3431,NO
hptm8209.jpg,0.3499,NO
hptm821.jpg,0.6955,YES
hptm8210.jpg,0.3046,NO
hptm8211.jpg,0.3428,NO
hptm8213.jpg,0.5204,YES
hptm8215.jpg,0.3661,NO
hptm8216.jpg,0.3331,NO
hptm8219.jpg,0.2521,NO
hptm822.jpg,0.5124,YES
hptm8221.jpg,0.2841,NO
hptm8220.jpg,0.3602,NO
hptm8222.jpg,0.2414,NO
hptm8223.jpg,0.3648,NO
hptm8224.jpg,0.1643,NO
hptm8225.jpg,0.2370,NO
hptm8226.jpg,0.4450,NO
hptm8227.jpg,0.2712,NO
hptm8228.jpg,0.2990,NO
hptm8229.jpg,0.3023,NO
hptm823.jpg,0.7445,YES
hptm8230.jpg,0.3344,NO
hptm8231.jpg,0.3190,NO
hptm8232.jpg,0.3194,NO
hptm8233.jpg,0.2291,NO
hptm8235.jpg,0.1882,NO
hptm8236.jpg,0.1274,NO
hptm8237.jpg,0.5619,YES
hptm8238.jpg,0.1959,NO
hptm8239.jpg,0.1147,NO
hptm8241.jpg,0.1021,NO
hptm824.jpg,0.7600,YES
hptm8242.jpg,0.2657,NO
hptm8243.jpg,0.3404,NO
hptm8244.jpg,0.2626,NO
hptm8246.jpg,0.3582,NO
hptm8247.jpg,0.3655,NO
hptm8248.jpg,0.2268,NO
hptm8249.jpg,0.4702,NO
hptm825.jpg,0.7574,YES
hptm8250.jpg,0.3273,NO
hptm8251.jpg,0.2851,NO
hptm8252.jpg,0.2994,NO
hptm8254.jpg,0.2789,NO
hptm8253.jpg,0.2972,NO
hptm8255.jpg,0.4537,NO
hptm8256.jpg,0.5430,YES
hptm8257.jpg,0.3856,NO
hptm8258.jpg,0.2923,NO
hptm8259.jpg,0.3360,NO
hptm826.jpg,0.7447,YES
hptm8260.jpg,0.1806,NO
hptm8262.jpg,0.3046,NO
hptm8265.jpg,0.2751,NO
hptm8263.jpg,0.2842,NO
hptm8267.jpg,0.3759,NO
hptm8266.jpg,0.3304,NO
hptm8268.jpg,0.2793,NO
hptm8269.jpg,0.3177,NO
hptm8272.jpg,0.3143,NO
hptm827.jpg,0.0466,NO
hptm8273.jpg,0.3154,NO
hptm8274.jpg,0.1999,NO
hptm8275.jpg,0.5277,YES
hptm8277.jpg,0.1762,NO
hptm8278.jpg,0.3086,NO
hptm8279.jpg,0.3051,NO
hptm828.jpg,0.4466,NO
hptm8280.jpg,0.3162,NO
hptm8281.jpg,0.1269,NO
hptm8282.jpg,0.2014,NO
hptm8283.jpg,0.4649,NO
hptm8284.jpg,0.4282,NO
hptm8285.jpg,0.3100,NO
hptm8286.jpg,0.4265,NO
hptm8287.jpg,0.2698,NO
hptm8289.jpg,0.3112,NO
hptm829.jpg,0.3492,NO
hptm8291.jpg,0.5117,YES
hptm8292.jpg,0.3959,NO
hptm8293.jpg,0.7630,YES
hptm8294.jpg,0.3352,NO
hptm8295.jpg,0.3223,NO
hptm8296.jpg,0.2754,NO
hptm8297.jpg,0.2127,NO
hptm8298.jpg,0.2758,NO
hptm8299.jpg,0.2945,NO
hptm83.jpg,0.6768,YES
hptm830.jpg,0.6431,YES
hptm8300.jpg,0.2883,NO
hptm8301.jpg,0.3611,NO
hptm8302.jpg,0.2752,NO
hptm8303.jpg,0.3913,NO
hptm8304.jpg,0.4664,NO
hptm8306.jpg,0.2897,NO
hptm8307.jpg,0.2828,NO
hptm8308.jpg,0.4377,NO
hptm831.jpg,0.4967,NO
hptm8310.jpg,0.4021,NO
hptm8311.jpg,0.3490,NO
hptm8312.jpg,0.5451,YES
hptm8313.jpg,0.3402,NO
hptm8314.jpg,0.3086,NO
hptm8315.jpg,0.1553,NO
hptm8316.jpg,0.2231,NO
hptm8317.jpg,0.3014,NO
hptm8318.jpg,0.3416,NO
hptm8319.jpg,0.5972,YES
hptm832.jpg,0.5553,YES
hptm8320.jpg,0.3435,NO
hptm8321.jpg,0.3889,NO
hptm8322.jpg,0.6710,YES
hptm8323.jpg,0.2662,NO
hptm8324.jpg,0.3548,NO
hptm8325.jpg,0.5365,YES
hptm8326.jpg,0.4477,NO
hptm8327.jpg,0.6433,YES
hptm8328.jpg,0.1999,NO
hptm8329.jpg,0.2513,NO
hptm8330.jpg,0.1950,NO
hptm8331.jpg,0.1261,NO
hptm8332.jpg,0.1033,NO
hptm8333.jpg,0.5142,YES
hptm8334.jpg,0.1958,NO
hptm8335.jpg,0.1690,NO
hptm8336.jpg,0.1000,NO
hptm8337.jpg,0.4253,NO
hptm8339.jpg,0.0845,NO
hptm834.jpg,0.3925,NO
hptm8340.jpg,0.1367,NO
hptm8341.jpg,0.4088,NO
hptm8342.jpg,0.1247,NO
hptm8343.jpg,0.3803,NO
hptm8345.jpg,0.3169,NO
hptm8344.jpg,0.0929,NO
hptm8346.jpg,0.1238,NO
hptm8348.jpg,0.3506,NO
hptm8349.jpg,0.2430,NO
hptm835.jpg,0.3334,NO
hptm8350.jpg,0.1945,NO
hptm8352.jpg,0.6472,YES
hptm8353.jpg,0.2243,NO
hptm8351.jpg,0.1945,NO
hptm8354.jpg,0.1891,NO
hptm8355.jpg,0.2007,NO
hptm8356.jpg,0.0950,NO
hptm8357.jpg,0.2100,NO
hptm8358.jpg,0.1051,NO
hptm8359.jpg,0.1337,NO
hptm8360.jpg,0.1521,NO
hptm836.jpg,0.5046,YES
hptm8362.jpg,0.6137,YES
hptm8363.jpg,0.5810,YES
hptm8364.jpg,0.0755,NO
hptm8365.jpg,0.1883,NO
hptm8366.jpg,0.1553,NO
hptm8369.jpg,0.1408,NO
hptm8367.jpg,0.4263,NO
hptm8370.jpg,0.4771,NO
hptm8371.jpg,0.5388,YES
hptm8373.jpg,0.0746,NO
hptm8374.jpg,0.1072,NO
hptm8375.jpg,0.1097,NO
hptm8376.jpg,0.5383,YES
hptm8377.jpg,0.1984,NO
hptm8378.jpg,0.0879,NO
hptm8379.jpg,0.0878,NO
hptm838.jpg,0.7475,YES
hptm8380.jpg,0.2898,NO
hptm8381.jpg,0.2910,NO
hptm8383.jpg,0.2739,NO
hptm8385.jpg,0.1571,NO
hptm8386.jpg,0.1185,NO
hptm8387.jpg,0.1131,NO
hptm8388.jpg,0.1348,NO
hptm8389.jpg,0.3981,NO
hptm839.jpg,0.7398,YES
hptm8390.jpg,0.0936,NO
hptm8391.jpg,0.4324,NO
hptm8393.jpg,0.4787,NO
hptm8394.jpg,0.1984,NO
hptm8395.jpg,0.2421,NO
hptm8392.jpg,0.5044,YES
hptm8396.jpg,0.2277,NO
hptm8397.jpg,0.2685,NO
hptm8398.jpg,0.3095,NO
hptm8399.jpg,0.2520,NO
hptm840.jpg,0.7370,YES
hptm8400.jpg,0.3304,NO
hptm8401.jpg,0.2376,NO
hptm8402.jpg,0.2005,NO
hptm8403.jpg,0.1942,NO
hptm8405.jpg,0.4390,NO
hptm8406.jpg,0.4289,NO
hptm8407.jpg,0.4323,NO
hptm8408.jpg,0.5990,YES
hptm8409.jpg,0.5514,YES
hptm841.jpg,0.2418,NO
hptm8411.jpg,0.2786,NO
hptm8412.jpg,0.4422,NO
hptm8414.jpg,0.1966,NO
hptm8416.jpg,0.2715,NO
hptm8415.jpg,0.3131,NO
hptm8418.jpg,0.3378,NO
hptm8417.jpg,0.6267,YES
hptm8419.jpg,0.3827,NO
hptm842.jpg,0.7584,YES
hptm8420.jpg,0.3560,NO
hptm8421.jpg,0.3537,NO
hptm8422.jpg,0.2852,NO
hptm8423.jpg,0.3644,NO
hptm8424.jpg,0.3981,NO
hptm8425.jpg,0.3049,NO
hptm8426.jpg,0.3039,NO
hptm8427.jpg,0.4382,NO
hptm8428.jpg,0.3651,NO
hptm8430.jpg,0.3115,NO
hptm843.jpg,0.6768,YES
hptm8429.jpg,0.7010,YES
hptm8431.jpg,0.6230,YES
hptm8433.jpg,0.4402,NO
hptm8432.jpg,0.3142,NO
hptm8434.jpg,0.3968,NO
hptm8435.jpg,0.3457,NO
hptm8436.jpg,0.5627,YES
hptm8437.jpg,0.2480,NO
hptm8438.jpg,0.3734,NO
hptm8439.jpg,0.4501,NO
hptm8441.jpg,0.3363,NO
hptm844.jpg,0.7408,YES
hptm8442.jpg,0.3536,NO
hptm8443.jpg,0.3565,NO
hptm8444.jpg,0.2720,NO
hptm8445.jpg,0.2772,NO
hptm8446.jpg,0.2991,NO
hptm8449.jpg,0.4314,NO
hptm845.jpg,0.4759,NO
hptm8450.jpg,0.2669,NO
hptm8451.jpg,0.2969,NO
hptm8452.jpg,0.5269,YES
hptm8454.jpg,0.4592,NO
hptm8453.jpg,0.4937,NO
hptm8455.jpg,0.4568,NO
hptm8456.jpg,0.4997,NO
hptm8457.jpg,0.4736,NO
hptm8458.jpg,0.2973,NO
hptm8459.jpg,0.2933,NO
hptm8460.jpg,0.4576,NO
hptm8462.jpg,0.3044,NO
hptm8463.jpg,0.3901,NO
hptm8464.jpg,0.3056,NO
hptm8465.jpg,0.4408,NO
hptm8467.jpg,0.3227,NO
hptm8466.jpg,0.3840,NO
hptm8468.jpg,0.5142,YES
hptm8469.jpg,0.4689,NO
hptm847.jpg,0.7460,YES
hptm8471.jpg,0.1310,NO
hptm8472.jpg,0.3153,NO
hptm8473.jpg,0.3099,NO
hptm8474.jpg,0.1531,NO
hptm8476.jpg,0.1516,NO
hptm8477.jpg,0.3459,NO
hptm8478.jpg,0.3336,NO
hptm8479.jpg,0.3742,NO
hptm8480.jpg,0.3299,NO
hptm848.jpg,0.6029,YES
hptm8481.jpg,0.3041,NO
hptm8482.jpg,0.2847,NO
hptm8484.jpg,0.1232,NO
hptm8485.jpg,0.3665,NO
hptm8486.jpg,0.4042,NO
hptm8487.jpg,0.3678,NO
hptm8488.jpg,0.3932,NO
hptm8489.jpg,0.3772,NO
hptm8490.jpg,0.3471,NO
hptm849.jpg,0.5643,YES
hptm8491.jpg,0.3397,NO
hptm8492.jpg,0.1186,NO
hptm8494.jpg,0.6487,YES
hptm8495.jpg,0.0943,NO
hptm8497.jpg,0.1422,NO
hptm8498.jpg,0.1248,NO
hptm8499.jpg,0.0800,NO
hptm850.jpg,0.8065,YES
hptm8500.jpg,0.4835,NO
hptm8501.jpg,0.0951,NO
hptm8502.jpg,0.4383,NO
hptm8503.jpg,0.2244,NO
hptm8504.jpg,0.3281,NO
hptm8505.jpg,0.2151,NO
hptm8506.jpg,0.2604,NO
hptm8507.jpg,0.2012,NO
hptm8508.jpg,0.4906,NO
hptm8509.jpg,0.1137,NO
hptm851.jpg,0.7644,YES
hptm8510.jpg,0.2970,NO
hptm8511.jpg,0.2646,NO
hptm8512.jpg,0.2667,NO
hptm8514.jpg,0.2507,NO
hptm8513.jpg,0.1974,NO
hptm8515.jpg,0.2888,NO
hptm8516.jpg,0.3284,NO
hptm8517.jpg,0.3158,NO
hptm8518.jpg,0.3307,NO
hptm8519.jpg,0.4417,NO
hptm8520.jpg,0.3716,NO
hptm852.jpg,0.7908,YES
hptm8522.jpg,0.3051,NO
hptm8521.jpg,0.3309,NO
hptm8523.jpg,0.3308,NO
hptm8524.jpg,0.3701,NO
hptm8525.jpg,0.5598,YES
hptm8526.jpg,0.2513,NO
hptm8527.jpg,0.4756,NO
hptm8528.jpg,0.3069,NO
hptm8529.jpg,0.2078,NO
hptm853.jpg,0.7139,YES
hptm8530.jpg,0.3610,NO
hptm8531.jpg,0.3357,NO
hptm8532.jpg,0.3352,NO
hptm8533.jpg,0.2899,NO
hptm8534.jpg,0.3008,NO
hptm8535.jpg,0.2885,NO
hptm8536.jpg,0.2927,NO
hptm8537.jpg,0.3176,NO
hptm8539.jpg,0.4685,NO
hptm8540.jpg,0.4086,NO
hptm8541.jpg,0.2794,NO
hptm8542.jpg,0.5239,YES
hptm8543.jpg,0.3421,NO
hptm8544.jpg,0.3327,NO
hptm8545.jpg,0.3490,NO
hptm8546.jpg,0.6310,YES
hptm8547.jpg,0.3155,NO
hptm8548.jpg,0.2692,NO
hptm8549.jpg,0.4428,NO
hptm855.jpg,0.1456,NO
hptm8550.jpg,0.3705,NO
hptm8551.jpg,0.5104,YES
hptm8552.jpg,0.3584,NO
hptm8553.jpg,0.5295,YES
hptm8555.jpg,0.2837,NO
hptm8557.jpg,0.3777,NO
hptm8558.jpg,0.2009,NO
hptm8559.jpg,0.2452,NO
hptm8560.jpg,0.5039,YES
hptm8562.jpg,0.4104,NO
hptm8561.jpg,0.4029,NO
hptm8563.jpg,0.3946,NO
hptm8564.jpg,0.3333,NO
hptm8565.jpg,0.6380,YES
hptm8566.jpg,0.3387,NO
hptm8567.jpg,0.1437,NO
hptm8569.jpg,0.1857,NO
hptm8568.jpg,0.5593,YES
hptm8570.jpg,0.4211,NO
hptm857.jpg,0.0401,NO
hptm8571.jpg,0.2000,NO
hptm8572.jpg,0.3919,NO
hptm8574.jpg,0.5014,YES
hptm8576.jpg,0.2939,NO
hptm8575.jpg,0.5705,YES
hptm8577.jpg,0.2574,NO
hptm8578.jpg,0.5194,YES
hptm8579.jpg,0.3888,NO
hptm858.jpg,0.3617,NO
hptm8580.jpg,0.2487,NO
hptm8582.jpg,0.2239,NO
hptm8583.jpg,0.2659,NO
hptm8584.jpg,0.2063,NO
hptm8585.jpg,0.1706,NO
hptm8588.jpg,0.1980,NO
hptm8589.jpg,0.3085,NO
hptm859.jpg,0.6651,YES
hptm8590.jpg,0.2487,NO
hptm8592.jpg,0.5053,YES
hptm8593.jpg,0.1705,NO
hptm8594.jpg,0.3817,NO
hptm8595.jpg,0.4155,NO
hptm8596.jpg,0.6593,YES
hptm8597.jpg,0.4176,NO
hptm8598.jpg,0.4605,NO
hptm8599.jpg,0.4555,NO
hptm86.jpg,0.6850,YES
hptm860.jpg,0.2360,NO
hptm8601.jpg,0.3707,NO
hptm8600.jpg,0.5136,YES
hptm8602.jpg,0.3749,NO
hptm8603.jpg,0.5802,YES
hptm8604.jpg,0.0741,NO
hptm8605.jpg,0.3520,NO
hptm8606.jpg,0.3649,NO
hptm8607.jpg,0.3778,NO
hptm861.jpg,0.6159,YES
hptm8610.jpg,0.1104,NO
hptm8611.jpg,0.6672,YES
hptm8612.jpg,0.0743,NO
hptm8613.jpg,0.5246,YES
hptm8614.jpg,0.2368,NO
hptm8615.jpg,0.1248,NO
hptm8616.jpg,0.2726,NO
hptm8617.jpg,0.5435,YES
hptm8618.jpg,0.6617,YES
hptm8619.jpg,0.3032,NO
hptm862.jpg,0.7245,YES
hptm8622.jpg,0.2248,NO
hptm8621.jpg,0.6237,YES
hptm8623.jpg,0.2798,NO
hptm8624.jpg,0.3035,NO
hptm8625.jpg,0.3072,NO
hptm8626.jpg,0.3621,NO
hptm8627.jpg,0.2481,NO
hptm8628.jpg,0.2328,NO
hptm8629.jpg,0.2247,NO
hptm863.jpg,0.5329,YES
hptm8631.jpg,0.2024,NO
hptm8632.jpg,0.1713,NO
hptm8633.jpg,0.0811,NO
hptm8635.jpg,0.3494,NO
hptm8634.jpg,0.2965,NO
hptm8637.jpg,0.4556,NO
hptm8638.jpg,0.4608,NO
hptm8639.jpg,0.2650,NO
hptm8640.jpg,0.2900,NO
hptm8642.jpg,0.3297,NO
hptm8643.jpg,0.3181,NO
hptm8644.jpg,0.4570,NO
hptm8641.jpg,0.2862,NO
hptm8645.jpg,0.4013,NO
hptm8646.jpg,0.3340,NO
hptm8647.jpg,0.5745,YES
hptm8648.jpg,0.4319,NO
hptm8649.jpg,0.3395,NO
hptm865.jpg,0.5385,YES
hptm8650.jpg,0.3571,NO
hptm8651.jpg,0.3323,NO
hptm8652.jpg,0.2989,NO
hptm8653.jpg,0.5486,YES
hptm8654.jpg,0.2099,NO
hptm8655.jpg,0.4442,NO
hptm8656.jpg,0.6020,YES
hptm8657.jpg,0.0569,NO
hptm8658.jpg,0.3209,NO
hptm866.jpg,0.3798,NO
hptm8660.jpg,0.3224,NO
hptm8662.jpg,0.3111,NO
hptm8661.jpg,0.2461,NO
hptm8663.jpg,0.3383,NO
hptm8664.jpg,0.3391,NO
hptm8665.jpg,0.2485,NO
hptm8667.jpg,0.1040,NO
hptm8668.jpg,0.1404,NO
hptm8669.jpg,0.2226,NO
hptm8671.jpg,0.0415,NO
hptm867.jpg,0.4235,NO
hptm8672.jpg,0.0236,NO
hptm8674.jpg,0.2858,NO
hptm8675.jpg,0.2864,NO
hptm8678.jpg,0.2736,NO
hptm8676.jpg,0.2408,NO
hptm8677.jpg,0.1560,NO
hptm8679.jpg,0.2875,NO
hptm868.jpg,0.6301,YES
hptm8680.jpg,0.5044,YES
hptm8682.jpg,0.3465,NO
hptm8684.jpg,0.2202,NO
hptm8685.jpg,0.1581,NO
hptm8686.jpg,0.2255,NO
hptm8687.jpg,0.4300,NO
hptm8688.jpg,0.2263,NO
hptm8689.jpg,0.2066,NO
hptm869.jpg,0.5860,YES
hptm8690.jpg,0.2087,NO
hptm8691.jpg,0.2293,NO
hptm8693.jpg,0.1921,NO
hptm8692.jpg,0.3650,NO
hptm8695.jpg,0.2243,NO
hptm8697.jpg,0.2128,NO
hptm8698.jpg,0.2024,NO
hptm8699.jpg,0.3270,NO
hptm87.jpg,0.6611,YES
hptm870.jpg,0.7697,YES
hptm8700.jpg,0.3581,NO
hptm8701.jpg,0.3479,NO
hptm8702.jpg,0.3751,NO
hptm8703.jpg,0.4517,NO
hptm8704.jpg,0.2818,NO
hptm8705.jpg,0.3538,NO
hptm8708.jpg,0.5149,YES
hptm8709.jpg,0.1685,NO
hptm8710.jpg,0.2713,NO
hptm8711.jpg,0.3943,NO
hptm871.jpg,0.7946,YES
hptm8712.jpg,0.3835,NO
hptm8713.jpg,0.2910,NO
hptm8714.jpg,0.3365,NO
hptm8717.jpg,0.2309,NO
hptm8718.jpg,0.4389,NO
hptm8719.jpg,0.5106,YES
hptm872.jpg,0.7513,YES
hptm8720.jpg,0.2814,NO
hptm8721.jpg,0.3965,NO
hptm8722.jpg,0.3162,NO
hptm8724.jpg,0.4020,NO
hptm8725.jpg,0.3161,NO
hptm8726.jpg,0.3769,NO
hptm8727.jpg,0.2532,NO
hptm8728.jpg,0.3587,NO
hptm8729.jpg,0.3453,NO
hptm873.jpg,0.4612,NO
hptm8730.jpg,0.3443,NO
hptm8731.jpg,0.3327,NO
hptm8732.jpg,0.3506,NO
hptm8733.jpg,0.3748,NO
hptm8735.jpg,0.4966,NO
hptm8736.jpg,0.4587,NO
hptm8738.jpg,0.1506,NO
hptm8737.jpg,0.3726,NO
hptm8739.jpg,0.3048,NO
hptm874.jpg,0.6135,YES
hptm8740.jpg,0.2657,NO
hptm8741.jpg,0.1337,NO
hptm8742.jpg,0.2392,NO
hptm8743.jpg,0.3328,NO
hptm8744.jpg,0.3852,NO
hptm8745.jpg,0.2927,NO
hptm8747.jpg,0.2251,NO
hptm8748.jpg,0.2149,NO
hptm8749.jpg,0.2721,NO
hptm8750.jpg,0.2820,NO
hptm8751.jpg,0.2986,NO
hptm8752.jpg,0.3068,NO
hptm8753.jpg,0.2738,NO
hptm8754.jpg,0.1336,NO
hptm8755.jpg,0.2962,NO
hptm8756.jpg,0.2970,NO
hptm8757.jpg,0.2025,NO
hptm8759.jpg,0.6413,YES
hptm8760.jpg,0.4648,NO
hptm8761.jpg,0.0963,NO
hptm8762.jpg,0.3078,NO
hptm8763.jpg,0.2776,NO
hptm8764.jpg,0.3183,NO
hptm8765.jpg,0.2955,NO
hptm8766.jpg,0.2639,NO
hptm8767.jpg,0.1055,NO
hptm8768.jpg,0.1614,NO
hptm8769.jpg,0.3077,NO
hptm8770.jpg,0.3073,NO
hptm8771.jpg,0.2796,NO
hptm8772.jpg,0.3163,NO
hptm8773.jpg,0.4375,NO
hptm8774.jpg,0.3758,NO
hptm8775.jpg,0.2999,NO
hptm8776.jpg,0.6168,YES
hptm8777.jpg,0.1542,NO
hptm8778.jpg,0.2949,NO
hptm8779.jpg,0.2535,NO
hptm878.jpg,0.5425,YES
hptm8781.jpg,0.2691,NO
hptm8780.jpg,0.2761,NO
hptm8783.jpg,0.2498,NO
hptm8784.jpg,0.2325,NO
hptm8785.jpg,0.2752,NO
hptm8786.jpg,0.3139,NO
hptm8787.jpg,0.1192,NO
hptm8788.jpg,0.4274,NO
hptm8789.jpg,0.2054,NO
hptm879.jpg,0.7513,YES
hptm8791.jpg,0.2663,NO
hptm8790.jpg,0.2498,NO
hptm8793.jpg,0.4782,NO
hptm8794.jpg,0.2505,NO
hptm8795.jpg,0.1191,NO
hptm8796.jpg,0.1306,NO
hptm8797.jpg,0.3240,NO
hptm8798.jpg,0.4815,NO
hptm8799.jpg,0.1461,NO
hptm8800.jpg,0.3225,NO
hptm8801.jpg,0.3712,NO
hptm8802.jpg,0.3527,NO
hptm8803.jpg,0.2880,NO
hptm8804.jpg,0.5073,YES
hptm8806.jpg,0.3203,NO
hptm8805.jpg,0.1150,NO
hptm8807.jpg,0.3187,NO
hptm8808.jpg,0.2656,NO
hptm8809.jpg,0.1321,NO
hptm8811.jpg,0.3503,NO
hptm8812.jpg,0.4874,NO
hptm8813.jpg,0.4970,NO
hptm8814.jpg,0.1672,NO
hptm8816.jpg,0.2541,NO
hptm8817.jpg,0.8767,YES
hptm8818.jpg,0.8305,YES
hptm8819.jpg,0.5098,YES
hptm882.jpg,0.6674,YES
hptm8820.jpg,0.3137,NO
hptm8821.jpg,0.4931,NO
hptm8823.jpg,0.2633,NO
hptm8822.jpg,0.1405,NO
hptm8824.jpg,0.2514,NO
hptm8825.jpg,0.2563,NO
hptm8827.jpg,0.2667,NO
hptm8826.jpg,0.4108,NO
hptm8828.jpg,0.2488,NO
hptm8829.jpg,0.2793,NO
hptm883.jpg,0.4823,NO
hptm8831.jpg,0.2911,NO
hptm8830.jpg,0.2254,NO
hptm8832.jpg,0.2697,NO
hptm8834.jpg,0.2415,NO
hptm8835.jpg,0.4727,NO
hptm8836.jpg,0.2543,NO
hptm8837.jpg,0.4799,NO
hptm8839.jpg,0.3318,NO
hptm884.jpg,0.4583,NO
hptm8840.jpg,0.0880,NO
hptm8841.jpg,0.2320,NO
hptm8842.jpg,0.2491,NO
hptm8845.jpg,0.2478,NO
hptm8847.jpg,0.2457,NO
hptm8848.jpg,0.2213,NO
hptm8849.jpg,0.2467,NO
hptm885.jpg,0.5897,YES
hptm8850.jpg,0.2886,NO
hptm8851.jpg,0.1063,NO
hptm8852.jpg,0.2546,NO
hptm8853.jpg,0.1137,NO
hptm8855.jpg,0.0726,NO
hptm8856.jpg,0.4009,NO
hptm8857.jpg,0.5901,YES
hptm8858.jpg,0.0895,NO
hptm8859.jpg,-0.0033,NO
hptm8862.jpg,-0.0832,NO
hptm8863.jpg,0.0406,NO
hptm8864.jpg,0.1349,NO
hptm8866.jpg,0.1450,NO
hptm8867.jpg,0.1519,NO
hptm8868.jpg,0.0848,NO
hptm8869.jpg,0.0477,NO
hptm887.jpg,0.6384,YES
hptm8870.jpg,0.0082,NO
hptm8871.jpg,0.2380,NO
hptm8873.jpg,0.1372,NO
hptm8874.jpg,-0.0316,NO
hptm8875.jpg,0.1852,NO
hptm8876.jpg,0.1013,NO
hptm8877.jpg,0.2139,NO
hptm8878.jpg,0.1747,NO
hptm8879.jpg,0.0539,NO
hptm888.jpg,0.3639,NO
hptm8880.jpg,0.1093,NO
hptm8881.jpg,0.5378,YES
hptm8883.jpg,0.3819,NO
hptm8884.jpg,0.0586,NO
hptm8886.jpg,0.0571,NO
hptm8885.jpg,0.0760,NO
hptm8887.jpg,0.5441,YES
hptm8888.jpg,0.4848,NO
hptm8890.jpg,0.1837,NO
hptm8893.jpg,0.2863,NO
hptm8895.jpg,0.4848,NO
hptm8897.jpg,0.1213,NO
hptm8898.jpg,0.0886,NO
hptm890.jpg,0.3348,NO
hptm8900.jpg,0.5625,YES
hptm8901.jpg,0.5458,YES
hptm8902.jpg,0.5876,YES
hptm8903.jpg,0.5568,YES
hptm8904.jpg,0.2922,NO
hptm8905.jpg,0.1013,NO
hptm8907.jpg,0.5870,YES
hptm8908.jpg,0.0655,NO
hptm8909.jpg,0.0853,NO
hptm891.jpg,0.7194,YES
hptm8910.jpg,-0.0066,NO
hptm8911.jpg,0.0581,NO
hptm8912.jpg,0.1157,NO
hptm8913.jpg,0.1455,NO
hptm8914.jpg,0.0975,NO
hptm8916.jpg,0.2397,NO
hptm8915.jpg,0.4675,NO
hptm8917.jpg,0.3107,NO
hptm8918.jpg,0.1084,NO
hptm892.jpg,0.5108,YES
hptm8920.jpg,0.0931,NO
hptm8921.jpg,0.5468,YES
hptm8923.jpg,0.1175,NO
hptm8924.jpg,0.0827,NO
hptm8925.jpg,0.0612,NO
hptm8926.jpg,0.4723,NO
hptm8927.jpg,0.2332,NO
hptm8928.jpg,0.5301,YES
hptm8929.jpg,0.5330,YES
hptm893.jpg,0.7032,YES
hptm8931.jpg,0.0605,NO
hptm8930.jpg,-0.0049,NO
hptm8932.jpg,0.3266,NO
hptm8934.jpg,0.2328,NO
hptm8935.jpg,0.5657,YES
hptm8936.jpg,0.1116,NO
hptm8938.jpg,0.1004,NO
hptm8937.jpg,0.5362,YES
hptm8939.jpg,0.5053,YES
hptm894.jpg,0.7393,YES
hptm8941.jpg,0.3933,NO
hptm8942.jpg,0.1093,NO
hptm8943.jpg,-0.0086,NO
hptm8944.jpg,0.5556,YES
hptm8945.jpg,0.0697,NO
hptm8946.jpg,0.5779,YES
hptm8947.jpg,0.5921,YES
hptm8948.jpg,0.0985,NO
hptm8949.jpg,0.2030,NO
hptm895.jpg,0.3798,NO
hptm8950.jpg,0.5322,YES
hptm8951.jpg,0.1002,NO
hptm8953.jpg,0.3876,NO
hptm8952.jpg,0.0133,NO
hptm8954.jpg,0.2433,NO
hptm8956.jpg,0.4716,NO
hptm8955.jpg,0.4713,NO
hptm8957.jpg,0.5650,YES
hptm8958.jpg,0.4963,NO
hptm8959.jpg,0.4023,NO
hptm896.jpg,0.1330,NO
hptm8960.jpg,0.0907,NO
hptm8961.jpg,0.3737,NO
hptm8962.jpg,0.4505,NO
hptm8963.jpg,0.3637,NO
hptm8964.jpg,0.3388,NO
hptm8965.jpg,0.1157,NO
hptm8966.jpg,0.5884,YES
hptm8967.jpg,0.2896,NO
hptm897.jpg,0.7071,YES
hptm8968.jpg,0.4915,NO
hptm8975.jpg,0.5469,YES
hptm8976.jpg,0.0910,NO
hptm8977.jpg,0.3412,NO
hptm8978.jpg,0.0791,NO
hptm8979.jpg,0.3856,NO
hptm898.jpg,0.2113,NO
hptm8980.jpg,0.4451,NO
hptm8981.jpg,0.4171,NO
hptm8982.jpg,0.5307,YES
hptm8983.jpg,0.2973,NO
hptm8984.jpg,0.5084,YES
hptm8985.jpg,0.4630,NO
hptm8986.jpg,0.4736,NO
hptm8988.jpg,0.1547,NO
hptm8989.jpg,0.1988,NO
hptm8987.jpg,0.4396,NO
hptm899.jpg,0.7011,YES
hptm8990.jpg,0.2384,NO
hptm8991.jpg,0.2591,NO
hptm8992.jpg,0.3067,NO
hptm8993.jpg,0.4738,NO
hptm8994.jpg,0.2485,NO
hptm8995.jpg,0.2519,NO
hptm8997.jpg,0.2404,NO
hptm8996.jpg,0.1974,NO
hptm8998.jpg,0.2691,NO
hptm8999.jpg,0.1226,NO
hptm90.jpg,0.6057,YES
hptm900.jpg,0.3204,NO
hptm9001.jpg,0.2181,NO
hptm9002.jpg,0.2067,NO
hptm9004.jpg,0.4462,NO
hptm9003.jpg,0.1401,NO
hptm9005.jpg,0.5849,YES
hptm9007.jpg,0.6420,YES
hptm9009.jpg,0.1805,NO
hptm9010.jpg,0.2158,NO
hptm901.jpg,0.7391,YES
hptm9011.jpg,0.1965,NO
hptm9014.jpg,0.2538,NO
hptm9012.jpg,0.2809,NO
hptm9015.jpg,0.1915,NO
hptm9016.jpg,0.2177,NO
hptm9017.jpg,0.1667,NO
hptm9018.jpg,0.1338,NO
hptm9019.jpg,0.1118,NO
hptm9020.jpg,0.1021,NO
hptm9021.jpg,0.0461,NO
hptm9023.jpg,0.4789,NO
hptm9024.jpg,0.0443,NO
hptm9025.jpg,0.4331,NO
hptm9027.jpg,0.5172,YES
hptm903.jpg,0.4188,NO
hptm9028.jpg,0.0624,NO
hptm9030.jpg,0.1613,NO
hptm9032.jpg,0.2508,NO
hptm9031.jpg,0.4173,NO
hptm9033.jpg,0.2445,NO
hptm9034.jpg,0.2569,NO
hptm9035.jpg,0.2206,NO
hptm9037.jpg,0.2520,NO
hptm9036.jpg,0.2397,NO
hptm9038.jpg,0.3707,NO
hptm9039.jpg,0.2602,NO
hptm904.jpg,0.7053,YES
hptm9040.jpg,0.2350,NO
hptm9041.jpg,0.2130,NO
hptm9042.jpg,0.2467,NO
hptm9043.jpg,0.1948,NO
hptm9046.jpg,0.1068,NO
hptm9044.jpg,0.1745,NO
hptm9047.jpg,0.2225,NO
hptm9049.jpg,0.1930,NO
hptm9048.jpg,0.5524,YES
hptm9050.jpg,0.5209,YES
hptm9051.jpg,0.1364,NO
hptm9052.jpg,0.4374,NO
hptm9054.jpg,0.0942,NO
hptm9053.jpg,0.0505,NO
hptm9056.jpg,0.1818,NO
hptm9055.jpg,-0.1221,NO
hptm9059.jpg,0.5383,YES
hptm9060.jpg,0.1331,NO
hptm9061.jpg,0.6333,YES
hptm9064.jpg,0.1706,NO
hptm9062.jpg,0.3982,NO
hptm9065.jpg,0.1317,NO
hptm9066.jpg,0.1628,NO
hptm9067.jpg,0.1692,NO
hptm9069.jpg,0.2205,NO
hptm9068.jpg,0.3937,NO
hptm9070.jpg,0.1994,NO
hptm9071.jpg,0.5310,YES
hptm9073.jpg,0.4923,NO
hptm9074.jpg,0.1626,NO
hptm9076.jpg,0.4286,NO
hptm9077.jpg,0.2975,NO
hptm9078.jpg,0.1131,NO
hptm9079.jpg,0.3189,NO
hptm908.jpg,0.6536,YES
hptm9081.jpg,0.3350,NO
hptm9080.jpg,0.2166,NO
hptm9084.jpg,0.3485,NO
hptm9085.jpg,0.1669,NO
hptm9086.jpg,0.3470,NO
hptm9089.jpg,0.1986,NO
hptm909.jpg,0.7132,YES
hptm9090.jpg,0.3417,NO
hptm9091.jpg,0.2993,NO
hptm9092.jpg,0.2985,NO
hptm9093.jpg,0.3828,NO
hptm9094.jpg,0.2919,NO
hptm9095.jpg,0.3503,NO
hptm9096.jpg,0.2275,NO
hptm9098.jpg,0.3921,NO
hptm9099.jpg,0.2737,NO
hptm910.jpg,0.4034,NO
hptm9100.jpg,0.1914,NO
hptm9101.jpg,0.6696,YES
hptm9102.jpg,0.4571,NO
hptm9103.jpg,0.1850,NO
hptm9104.jpg,0.4671,NO
hptm9105.jpg,0.3790,NO
hptm9106.jpg,0.5077,YES
hptm9107.jpg,0.1714,NO
hptm9109.jpg,0.1283,NO
hptm911.jpg,0.6529,YES
hptm9110.jpg,0.1350,NO
hptm9111.jpg,0.2813,NO
hptm9113.jpg,0.1240,NO
hptm9114.jpg,0.2178,NO
hptm9115.jpg,0.2401,NO
hptm9116.jpg,0.2452,NO
hptm9117.jpg,0.4014,NO
hptm9118.jpg,0.3069,NO
hptm912.jpg,0.2009,NO
hptm9120.jpg,0.2043,NO
hptm9121.jpg,0.1864,NO
hptm9122.jpg,0.2077,NO
hptm9124.jpg,0.3596,NO
hptm9125.jpg,0.4118,NO
hptm9126.jpg,0.1481,NO
hptm9127.jpg,0.6176,YES
hptm9128.jpg,0.6610,YES
hptm9129.jpg,0.2807,NO
hptm913.jpg,0.1267,NO
hptm9130.jpg,0.3952,NO
hptm9132.jpg,0.4539,NO
hptm9133.jpg,0.2774,NO
hptm9134.jpg,0.2338,NO
hptm9136.jpg,0.2516,NO
hptm9135.jpg,0.2302,NO
hptm9137.jpg,0.2495,NO
hptm9138.jpg,0.2697,NO
hptm9139.jpg,0.3709,NO
hptm914.jpg,0.6615,YES
hptm9140.jpg,0.4004,NO
hptm9141.jpg,0.3593,NO
hptm9142.jpg,0.4390,NO
hptm9143.jpg,0.5758,YES
hptm9144.jpg,0.4635,NO
hptm9145.jpg,0.5052,YES
hptm9146.jpg,0.2474,NO
hptm9147.jpg,0.6234,YES
hptm9149.jpg,0.3798,NO
hptm915.jpg,0.1949,NO
hptm9150.jpg,0.2968,NO
hptm9151.jpg,0.2193,NO
hptm9152.jpg,0.1508,NO
hptm9153.jpg,0.2404,NO
hptm9154.jpg,0.5333,YES
hptm9155.jpg,0.5382,YES
hptm9156.jpg,0.1464,NO
hptm9157.jpg,0.2565,NO
hptm9158.jpg,0.1320,NO
hptm9159.jpg,0.0887,NO
hptm916.jpg,0.4834,NO
hptm9160.jpg,0.2336,NO
hptm9161.jpg,0.2332,NO
hptm9162.jpg,0.1357,NO
hptm9163.jpg,0.2545,NO
hptm9164.jpg,0.4784,NO
hptm9165.jpg,0.5798,YES
hptm9166.jpg,0.5254,YES
hptm9167.jpg,0.2194,NO
hptm9168.jpg,0.4147,NO
hptm9169.jpg,0.3827,NO
hptm917.jpg,0.2000,NO
hptm9170.jpg,0.0947,NO
hptm9171.jpg,0.1316,NO
hptm9172.jpg,0.4858,NO
hptm9173.jpg,0.4743,NO
hptm9174.jpg,0.2862,NO
hptm9175.jpg,0.6230,YES
hptm9176.jpg,0.6318,YES
hptm9177.jpg,0.6667,YES
hptm9178.jpg,0.1565,NO
hptm918.jpg,0.1700,NO
hptm9180.jpg,0.4759,NO
hptm9181.jpg,0.6224,YES
hptm9182.jpg,0.2189,NO
hptm9183.jpg,0.1435,NO
hptm9184.jpg,0.2581,NO
hptm9187.jpg,0.1367,NO
hptm9186.jpg,0.2177,NO
hptm9189.jpg,0.1307,NO
hptm9188.jpg,0.1204,NO
hptm919.jpg,0.5238,YES
hptm9190.jpg,0.2249,NO
hptm9191.jpg,0.1432,NO
hptm9192.jpg,0.1437,NO
hptm9193.jpg,0.1658,NO
hptm9194.jpg,0.4658,NO
hptm9195.jpg,0.1602,NO
hptm9196.jpg,0.2926,NO
hptm9197.jpg,0.1281,NO
hptm9198.jpg,0.2182,NO
hptm9199.jpg,0.1292,NO
hptm92.jpg,0.6796,YES
hptm920.jpg,0.5111,YES
hptm9200.jpg,0.1317,NO
hptm9201.jpg,0.3830,NO
hptm9203.jpg,0.1468,NO
hptm9204.jpg,0.1358,NO
hptm9205.jpg,0.1293,NO
hptm9206.jpg,0.1449,NO
hptm9207.jpg,0.0917,NO
hptm9208.jpg,0.0825,NO
hptm9209.jpg,0.4985,NO
hptm9211.jpg,0.2117,NO
hptm9213.jpg,0.2048,NO
hptm9212.jpg,0.6092,YES
hptm9214.jpg,0.5246,YES
hptm9215.jpg,0.5577,YES
hptm9216.jpg,0.6375,YES
hptm9218.jpg,0.1785,NO
hptm9219.jpg,0.2635,NO
hptm9221.jpg,0.6173,YES
hptm9222.jpg,0.1949,NO
hptm9223.jpg,0.1715,NO
hptm9225.jpg,0.1736,NO
hptm9224.jpg,0.1805,NO
hptm9226.jpg,0.2578,NO
hptm9227.jpg,0.1504,NO
hptm9228.jpg,0.1873,NO
hptm9229.jpg,0.0618,NO
hptm9230.jpg,0.4281,NO
hptm9233.jpg,0.5774,YES
hptm9234.jpg,0.1844,NO
hptm9235.jpg,0.3095,NO
hptm9237.jpg,0.2319,NO
hptm9236.jpg,0.1281,NO
hptm9238.jpg,0.3295,NO
hptm9239.jpg,0.4088,NO
hptm9240.jpg,0.2246,NO
hptm924.jpg,0.4231,NO
hptm9241.jpg,0.1547,NO
hptm9242.jpg,0.4721,NO
hptm9243.jpg,0.4016,NO
hptm9244.jpg,0.3170,NO
hptm9246.jpg,0.4356,NO
hptm9247.jpg,0.3949,NO
hptm9249.jpg,0.4297,NO
hptm9248.jpg,0.4139,NO
hptm9250.jpg,0.3725,NO
hptm9252.jpg,0.1947,NO
hptm9254.jpg,0.1444,NO
hptm9255.jpg,0.2515,NO
hptm9256.jpg,0.2384,NO
hptm9257.jpg,0.2235,NO
hptm9258.jpg,0.2395,NO
hptm9259.jpg,0.3102,NO
hptm9260.jpg,0.1080,NO
hptm926.jpg,0.8082,YES
hptm9262.jpg,0.4757,NO
hptm9264.jpg,0.2312,NO
hptm9265.jpg,0.6251,YES
hptm9266.jpg,0.2487,NO
hptm9267.jpg,0.6864,YES
hptm9270.jpg,0.3513,NO
hptm9269.jpg,0.4060,NO
hptm9271.jpg,0.1164,NO
hptm9272.jpg,0.1079,NO
hptm9273.jpg,0.6383,YES
hptm9274.jpg,0.1521,NO
hptm9275.jpg,0.1708,NO
hptm9276.jpg,0.2155,NO
hptm9277.jpg,0.1347,NO
hptm9279.jpg,0.3735,NO
hptm9278.jpg,0.4845,NO
hptm9280.jpg,0.1156,NO
hptm9281.jpg,0.1517,NO
hptm9282.jpg,0.3046,NO
hptm9283.jpg,0.1815,NO
hptm9284.jpg,0.3007,NO
hptm9285.jpg,0.1449,NO
hptm9286.jpg,0.1569,NO
hptm9287.jpg,0.3374,NO
hptm9288.jpg,0.1555,NO
hptm9290.jpg,0.1996,NO
hptm9291.jpg,0.1091,NO
hptm9292.jpg,0.1731,NO
hptm9295.jpg,0.4955,NO
hptm9297.jpg,0.0959,NO
hptm9298.jpg,0.2774,NO
hptm9296.jpg,0.1421,NO
hptm9299.jpg,0.2497,NO
hptm9302.jpg,0.5349,YES
hptm9303.jpg,0.2204,NO
hptm9304.jpg,0.4569,NO
hptm9305.jpg,0.2593,NO
hptm9306.jpg,0.0977,NO
hptm9308.jpg,0.2630,NO
hptm9307.jpg,0.0967,NO
hptm9309.jpg,0.2867,NO
hptm931.jpg,0.2415,NO
hptm9310.jpg,0.2788,NO
hptm9311.jpg,0.2945,NO
hptm9313.jpg,0.2087,NO
hptm9315.jpg,0.2413,NO
hptm9312.jpg,0.2284,NO
hptm9314.jpg,0.1668,NO
hptm9316.jpg,0.2163,NO
hptm9317.jpg,0.2078,NO
hptm9318.jpg,0.1508,NO
hptm9319.jpg,0.2253,NO
hptm932.jpg,0.1710,NO
hptm9320.jpg,0.1999,NO
hptm9321.jpg,0.2164,NO
hptm9322.jpg,0.1902,NO
hptm9323.jpg,0.2401,NO
hptm9324.jpg,0.2366,NO
hptm9327.jpg,0.6588,YES
hptm9328.jpg,0.5753,YES
hptm9329.jpg,0.1429,NO
hptm9330.jpg,0.5957,YES
hptm933.jpg,0.1309,NO
hptm9331.jpg,0.6266,YES
hptm9332.jpg,0.5635,YES
hptm9333.jpg,0.6342,YES
hptm9334.jpg,0.5269,YES
hptm9335.jpg,0.1433,NO
hptm9336.jpg,0.2021,NO
hptm9338.jpg,0.6525,YES
hptm9339.jpg,0.1976,NO
hptm934.jpg,0.7289,YES
hptm9340.jpg,0.1367,NO
hptm9341.jpg,0.2009,NO
hptm9342.jpg,0.6649,YES
hptm9343.jpg,0.1734,NO
hptm9345.jpg,0.1557,NO
hptm9346.jpg,0.1807,NO
hptm9347.jpg,0.6470,YES
hptm9344.jpg,0.6560,YES
hptm9349.jpg,0.1621,NO
hptm9348.jpg,0.1138,NO
hptm935.jpg,0.1316,NO
hptm936.jpg,0.7385,YES
hptm938.jpg,0.5801,YES
hptm937.jpg,0.5404,YES
hptm939.jpg,0.5175,YES
hptm940.jpg,0.2271,NO
hptm941.jpg,0.4046,NO
hptm942.jpg,0.1724,NO
hptm943.jpg,0.6803,YES
hptm944.jpg,0.5143,YES
hptm946.jpg,0.3758,NO
hptm947.jpg,0.1441,NO
hptm949.jpg,0.4787,NO
hptm948.jpg,0.6091,YES
hptm950.jpg,0.7303,YES
hptm95.jpg,0.1514,NO
hptm952.jpg,0.1784,NO
hptm951.jpg,0.1885,NO
hptm953.jpg,0.3470,NO
hptm954.jpg,0.3923,NO
hptm955.jpg,0.4824,NO
hptm956.jpg,0.1664,NO
hptm957.jpg,0.4543,NO
hptm964.jpg,0.5400,YES
hptm965.jpg,0.4777,NO
hptm966.jpg,0.4835,NO
hptm968.jpg,0.7423,YES
hptm97.jpg,0.7134,YES
hptm969.jpg,0.6726,YES
hptm970.jpg,0.5075,YES
hptm971.jpg,0.7859,YES
hptm972.jpg,0.2336,NO
hptm973.jpg,0.6700,YES
hptm974.jpg,0.2780,NO
hptm975.jpg,0.6556,YES
hptm976.jpg,0.7416,YES
hptm977.jpg,0.7522,YES
hptm978.jpg,0.4170,NO
hptm979.jpg,0.4594,NO
hptm980.jpg,0.7552,YES
hptm981.jpg,0.7024,YES
hptm982.jpg,0.2097,NO
hptm983.jpg,0.7359,YES
hptm984.jpg,0.4746,NO
hptm985.jpg,0.4639,NO
hptm986.jpg,0.7360,YES
hptm987.jpg,0.5003,YES
hptm988.jpg,0.7255,YES
hptm989.jpg,0.6075,YES
hptm990.jpg,0.3744,NO
hptm991.jpg,0.7366,YES
hptm992.jpg,0.7550,YES
hptm994.jpg,0.6018,YES
sz196.jpg,0.4031,NO
hptm995.jpg,0.2127,NO
hptm997.jpg,0.1319,NO
sz201.jpg,0.6049,YES
sz192.jpg,0.2145,NO
sz202.jpg,0.5889,YES
hptm999.jpg,0.1908,NO
sz210.jpg,0.6356,YES
sz193.jpg,0.3162,NO
sz211.jpg,0.1926,NO
sz212.jpg,0.1016,NO
hptm998.jpg,0.1947,NO
sz197.jpg,0.4170,NO
sz199.jpg,0.2876,NO
sz204.jpg,0.3972,NO
sz220.jpg,0.2647,NO
sz221.jpg,0.6260,YES
sz225.jpg,0.1417,NO
sz240.jpg,0.1938,NO
sz222.jpg,0.4178,NO
sz241.jpg,0.3888,NO
sz249.jpg,0.4251,NO
sz209.jpg,0.6488,YES
sz226.jpg,0.2916,NO
sz252.jpg,0.1513,NO
sz253.jpg,0.2191,NO
sz258.jpg,0.4458,NO
sz261.jpg,0.3798,NO
sz265.jpg,0.1776,NO
sz233.jpg,0.4263,NO
sz235.jpg,0.1521,NO
sz250.jpg,0.7638,YES
sz242.jpg,0.3506,NO
sz234.jpg,0.1740,NO
sz263.jpg,0.1319,NO
sz262.jpg,0.6659,YES
sz277.jpg,0.1109,NO
sz283.jpg,0.3965,NO
sz276.jpg,0.4358,NO
sz284.jpg,0.4383,NO
sz285.jpg,0.6816,YES
sz286.jpg,0.2507,NO
yf01.jpg,0.4573,NO
sz315.jpg,0.4942,NO
yf03.jpg,0.4982,NO
yf04.jpg,0.4160,NO
yf05.jpg,0.3384,NO
yf06.jpg,0.3761,NO
yf07.jpg,0.4073,NO
yf08.jpg,0.1379,NO
yf09.jpg,0.1573,NO
yf10.jpg,0.4224,NO
yf1001.jpg,0.4765,NO
yf1002.jpg,0.5113,YES
yf1003.jpg,0.4090,NO
yf1005.jpg,0.3855,NO
yf1004.jpg,0.4989,NO
yf1007.jpg,0.2104,NO
yf1009.jpg,0.2331,NO
yf101.jpg,0.4239,NO
yf1010.jpg,0.3085,NO
yf1012.jpg,0.3588,NO
yf1011.jpg,0.3083,NO
yf1013.jpg,0.2151,NO
yf1015.jpg,0.5058,YES
yf1014.jpg,0.5458,YES
yf1016.jpg,0.5404,YES
yf1017.jpg,0.5017,YES
yf1018.jpg,0.4047,NO
yf1019.jpg,0.4674,NO
yf1020.jpg,0.5375,YES
yf1021.jpg,0.3967,NO
yf11.jpg,0.1878,NO
yf112.jpg,0.4234,NO
yf113.jpg,0.4280,NO
yf12.jpg,0.6985,YES
yf133.jpg,0.4970,NO
yf124.jpg,0.4443,NO
yf134.jpg,0.4508,NO
yf135.jpg,0.3880,NO
yf136.jpg,0.4310,NO
yf137.jpg,0.1585,NO
yf15.jpg,0.5294,YES
yf152.jpg,0.3533,NO
yf153.jpg,0.4625,NO
yf154.jpg,0.3852,NO
yf155.jpg,0.4055,NO
yf159.jpg,0.5245,YES
yf158.jpg,0.4754,NO
yf16.jpg,0.3912,NO
yf163.jpg,0.3451,NO
yf165.jpg,0.4483,NO
yf138.jpg,0.3221,NO
yf139.jpg,0.4608,NO
yf167.jpg,0.3225,NO
yf169.jpg,0.3869,NO
yf17.jpg,0.1792,NO
yf166.jpg,0.4801,NO
yf170.jpg,0.3632,NO
yf156.jpg,0.4196,NO
yf171.jpg,0.4274,NO
yf172.jpg,0.5918,YES
yf18.jpg,0.5147,YES
yf180.jpg,0.4741,NO
yf181.jpg,0.3747,NO
yf182.jpg,0.4295,NO
yf187.jpg,0.1384,NO
yf19.jpg,0.3571,NO
yf193.jpg,0.5092,YES
yf195.jpg,0.5974,YES
yf20.jpg,0.3582,NO
yf209.jpg,0.3744,NO
yf21.jpg,0.3854,NO
yf210.jpg,0.3899,NO
yf211.jpg,0.5917,YES
yf215.jpg,0.4020,NO
yf216.jpg,0.4439,NO
yf217.jpg,0.4564,NO
yf22.jpg,0.4021,NO
yf227.jpg,0.3663,NO
yf226.jpg,0.3739,NO
yf229.jpg,0.3314,NO
yf23.jpg,0.2365,NO
yf194.jpg,0.2521,NO
yf230.jpg,0.4801,NO
yf231.jpg,0.2499,NO
yf232.jpg,0.3748,NO
yf233.jpg,0.3480,NO
yf234.jpg,0.3665,NO
yf236.jpg,0.3869,NO
yf237.jpg,0.3423,NO
yf244.jpg,0.4601,NO
yf238.jpg,0.5439,YES
yf245.jpg,0.3207,NO
yf247.jpg,0.4084,NO
yf249.jpg,0.3328,NO
yf25.jpg,0.5481,YES
yf251.jpg,0.3883,NO
yf252.jpg,0.4161,NO
yf256.jpg,0.3311,NO
yf258.jpg,0.3499,NO
yf26.jpg,0.6418,YES
yf261.jpg,0.2427,NO
yf262.jpg,0.4506,NO
yf239.jpg,0.4077,NO
yf263.jpg,0.4470,NO
yf264.jpg,0.4308,NO
yf265.jpg,0.4569,NO
yf266.jpg,0.4288,NO
yf267.jpg,0.4498,NO
yf269.jpg,0.1712,NO
yf27.jpg,0.5301,YES
yf270.jpg,0.3638,NO
yf271.jpg,0.4143,NO
yf273.jpg,0.1742,NO
yf272.jpg,0.3057,NO
yf274.jpg,0.3459,NO
yf275.jpg,0.4019,NO
yf279.jpg,0.3909,NO
yf28.jpg,0.2442,NO
yf282.jpg,0.4751,NO
yf283.jpg,0.5104,YES
yf284.jpg,0.4496,NO
yf285.jpg,0.5271,YES
yf286.jpg,0.4698,NO
yf287.jpg,0.5569,YES
yf289.jpg,0.5309,YES
yf29.jpg,0.3884,NO
yf296.jpg,0.5012,YES
yf297.jpg,0.2520,NO
yf298.jpg,0.4450,NO
yf299.jpg,0.3491,NO
yf30.jpg,0.4623,NO
yf302.jpg,0.2497,NO
yf304.jpg,0.3949,NO
yf305.jpg,0.2179,NO
yf308.jpg,0.5367,YES
yf309.jpg,0.5664,YES
yf31.jpg,0.4084,NO
yf310.jpg,0.6229,YES
yf311.jpg,0.3021,NO
yf32.jpg,0.4120,NO
yf322.jpg,0.6202,YES
yf324.jpg,0.4947,NO
yf325.jpg,0.2156,NO
yf326.jpg,0.5594,YES
yf327.jpg,0.5858,YES
yf328.jpg,0.2168,NO
yf329.jpg,0.5098,YES
yf33.jpg,0.3927,NO
yf330.jpg,0.2679,NO
yf331.jpg,0.4217,NO
yf332.jpg,0.4487,NO
yf333.jpg,0.2182,NO
yf336.jpg,0.4841,NO
yf338.jpg,0.4014,NO
yf337.jpg,0.4085,NO
yf339.jpg,0.3578,NO
yf34.jpg,0.4257,NO
yf340.jpg,0.3677,NO
yf341.jpg,0.5230,YES
yf349.jpg,0.5848,YES
yf350.jpg,0.5520,YES
yf357.jpg,0.2601,NO
yf359.jpg,0.5568,YES
yf37.jpg,0.3446,NO
yf36.jpg,0.3916,NO
yf371.jpg,0.6581,YES
yf372.jpg,0.2930,NO
yf373.jpg,0.1739,NO
yf374.jpg,0.5248,YES
yf375.jpg,0.6548,YES
yf376.jpg,0.1261,NO
yf379.jpg,0.3722,NO
yf38.jpg,0.0589,NO
yf383.jpg,0.6504,YES
yf384.jpg,0.5341,YES
yf387.jpg,0.4831,NO
yf385.jpg,0.6373,YES
yf390.jpg,0.4098,NO
yf392.jpg,0.3750,NO
yf39.jpg,0.6420,YES
yf393.jpg,0.4103,NO
yf394.jpg,0.3506,NO
yf395.jpg,0.4099,NO
yf396.jpg,0.4396,NO
yf397.jpg,0.3504,NO
yf398.jpg,0.3078,NO
yf399.jpg,0.4758,NO
yf40.jpg,0.6718,YES
yf400.jpg,0.3429,NO
yf402.jpg,0.4133,NO
yf403.jpg,0.4825,NO
yf404.jpg,0.5657,YES
yf405.jpg,0.5595,YES
yf406.jpg,0.5829,YES
yf407.jpg,0.5269,YES
yf408.jpg,0.1995,NO
yf409.jpg,0.4823,NO
yf413.jpg,0.3291,NO
yf412.jpg,0.4000,NO
yf414.jpg,0.1759,NO
yf42.jpg,0.5661,YES
yf420.jpg,0.1933,NO
yf421.jpg,0.1575,NO
yf422.jpg,0.1346,NO
yf423.jpg,0.3557,NO
yf428.jpg,0.2241,NO
yf429.jpg,0.1897,NO
yf43.jpg,0.5256,YES
yf430.jpg,0.1739,NO
yf432.jpg,0.5878,YES
yf431.jpg,0.3745,NO
yf433.jpg,0.5081,YES
yf434.jpg,0.3981,NO
yf435.jpg,0.1936,NO
yf436.jpg,0.4413,NO
yf437.jpg,0.5880,YES
yf438.jpg,0.2321,NO
yf439.jpg,0.4692,NO
yf44.jpg,0.5283,YES
yf441.jpg,0.4769,NO
yf442.jpg,0.6125,YES
yf443.jpg,0.6369,YES
yf446.jpg,0.3667,NO
yf447.jpg,0.5100,YES
yf449.jpg,0.5400,YES
yf450.jpg,0.4865,NO
yf453.jpg,0.6189,YES
yf455.jpg,0.5759,YES
yf456.jpg,0.3731,NO
yf458.jpg,0.3782,NO
yf459.jpg,0.3681,NO
yf468.jpg,0.3517,NO
yf469.jpg,0.3632,NO
yf47.jpg,0.5304,YES
yf470.jpg,0.3270,NO
yf471.jpg,0.3505,NO
yf472.jpg,0.3439,NO
yf474.jpg,0.2827,NO
yf475.jpg,0.3965,NO
yf476.jpg,0.3288,NO
yf477.jpg,0.3655,NO
yf478.jpg,0.3391,NO
yf479.jpg,0.4066,NO
yf48.jpg,0.5325,YES
yf480.jpg,0.3921,NO
yf482.jpg,0.6204,YES
yf483.jpg,0.5824,YES
yf484.jpg,0.6183,YES
yf485.jpg,0.6266,YES
yf49.jpg,0.6621,YES
yf491.jpg,0.6517,YES
yf492.jpg,0.5451,YES
yf493.jpg,0.5116,YES
yf497.jpg,0.2121,NO
yf500.jpg,0.4713,NO
yf50.jpg,0.3875,NO
yf502.jpg,0.4734,NO
yf503.jpg,0.4726,NO
yf506.jpg,0.4792,NO
yf507.jpg,0.4346,NO
yf508.jpg,0.2733,NO
yf509.jpg,0.3850,NO
yf510.jpg,0.2318,NO
yf51.jpg,0.6937,YES
yf511.jpg,0.3639,NO
yf513.jpg,0.3780,NO
yf514.jpg,0.3747,NO
yf515.jpg,0.3859,NO
yf516.jpg,0.4184,NO
yf517.jpg,0.3582,NO
yf518.jpg,0.3339,NO
yf521.jpg,0.4704,NO
yf524.jpg,0.5016,YES
yf522.jpg,0.4958,NO
yf525.jpg,0.4506,NO
yf526.jpg,0.4282,NO
yf527.jpg,0.5624,YES
yf528.jpg,0.4932,NO
yf529.jpg,0.5305,YES
yf537.jpg,0.5312,YES
yf538.jpg,0.5484,YES
yf539.jpg,0.4967,NO
yf540.jpg,0.5539,YES
yf542.jpg,0.3441,NO
yf543.jpg,0.5585,YES
yf544.jpg,0.2262,NO
yf546.jpg,0.3826,NO
yf547.jpg,0.1592,NO
yf548.jpg,0.5089,YES
yf549.jpg,0.4553,NO
yf55.jpg,0.5644,YES
yf550.jpg,0.4423,NO
yf551.jpg,0.4083,NO
yf552.jpg,0.2769,NO
yf553.jpg,0.5090,YES
yf555.jpg,0.3931,NO
yf559.jpg,0.4522,NO
yf560.jpg,0.4157,NO
yf56.jpg,0.5942,YES
yf561.jpg,0.3996,NO
yf562.jpg,0.4412,NO
yf563.jpg,0.4786,NO
yf57.jpg,0.3034,NO
yf570.jpg,0.6383,YES
yf571.jpg,0.2530,NO
yf573.jpg,0.4815,NO
yf574.jpg,0.2596,NO
yf575.jpg,0.4680,NO
yf576.jpg,0.2716,NO
yf577.jpg,0.4198,NO
yf579.jpg,0.3034,NO
yf58.jpg,0.5011,YES
yf581.jpg,0.1271,NO
yf582.jpg,0.3602,NO
yf589.jpg,0.4772,NO
yf59.jpg,0.5233,YES
yf591.jpg,0.4163,NO
yf593.jpg,0.5215,YES
yf595.jpg,0.3580,NO
yf572.jpg,0.1609,NO
yf597.jpg,0.3757,NO
yf598.jpg,0.4242,NO
yf599.jpg,0.4263,NO
yf60.jpg,0.5437,YES
yf600.jpg,0.4109,NO
yf602.jpg,0.2697,NO
yf603.jpg,0.1936,NO
yf604.jpg,0.4817,NO
yf605.jpg,0.4485,NO
yf61.jpg,0.5408,YES
yf613.jpg,0.3251,NO
yf614.jpg,0.4877,NO
yf62.jpg,0.6295,YES
yf624.jpg,0.4807,NO
yf625.jpg,0.4862,NO
yf628.jpg,0.3778,NO
yf629.jpg,0.4841,NO
yf63.jpg,0.2582,NO
yf632.jpg,0.4496,NO
yf633.jpg,0.3786,NO
yf635.jpg,0.5359,YES
yf64.jpg,0.4819,NO
yf646.jpg,0.4119,NO
yf647.jpg,0.3721,NO
yf648.jpg,0.4097,NO
yf65.jpg,0.6420,YES
yf654.jpg,0.4200,NO
yf66.jpg,0.5309,YES
yf67.jpg,0.6031,YES
yf666.jpg,0.1750,NO
yf672.jpg,0.4585,NO
yf673.jpg,0.4662,NO
yf676.jpg,0.5860,YES
yf679.jpg,0.2058,NO
yf68.jpg,0.4568,NO
yf682.jpg,0.6409,YES
yf683.jpg,0.2149,NO
yf684.jpg,0.6754,YES
yf685.jpg,0.5316,YES
yf69.jpg,0.1666,NO
yf698.jpg,0.6025,YES
yf700.jpg,0.5009,YES
yf702.jpg,0.3832,NO
yf704.jpg,0.4887,NO
yf71.jpg,0.4548,NO
yf714.jpg,0.5135,YES
yf715.jpg,0.4586,NO
yf716.jpg,0.5061,YES
yf717.jpg,0.4068,NO
yf718.jpg,0.5272,YES
yf72.jpg,0.4745,NO
yf726.jpg,0.5517,YES
yf727.jpg,0.5035,YES
yf73.jpg,0.2984,NO
yf732.jpg,0.5447,YES
yf733.jpg,0.4959,NO
yf735.jpg,0.3963,NO
yf74.jpg,0.3552,NO
yf744.jpg,0.4346,NO
yf747.jpg,0.3366,NO
yf748.jpg,0.2625,NO
yf749.jpg,0.3371,NO
yf75.jpg,0.5331,YES
yf751.jpg,0.4165,NO
yf752.jpg,0.3796,NO
yf753.jpg,0.3394,NO
yf754.jpg,0.3371,NO
yf758.jpg,0.2013,NO
yf759.jpg,0.3548,NO
yf769.jpg,0.3230,NO
yf770.jpg,0.5245,YES
yf771.jpg,0.4535,NO
yf772.jpg,0.5339,YES
yf773.jpg,0.4511,NO
yf780.jpg,0.4348,NO
yf781.jpg,0.4765,NO
yf787.jpg,0.2491,NO
yf788.jpg,0.6834,YES
yf790.jpg,0.6250,YES
yf791.jpg,0.4701,NO
yf793.jpg,0.5857,YES
yf792.jpg,0.2400,NO
yf794.jpg,0.4533,NO
yf795.jpg,0.3574,NO
yf796.jpg,0.3839,NO
yf797.jpg,0.3331,NO
yf798.jpg,0.4074,NO
yf80.jpg,0.3063,NO
yf804.jpg,0.4313,NO
yf802.jpg,0.4560,NO
yf803.jpg,0.4136,NO
yf806.jpg,0.5223,YES
yf807.jpg,0.5074,YES
yf808.jpg,0.4374,NO
yf809.jpg,0.3015,NO
yf81.jpg,0.4803,NO
yf811.jpg,0.4375,NO
yf812.jpg,0.3825,NO
yf810.jpg,0.3595,NO
yf813.jpg,0.5381,YES
yf815.jpg,0.3542,NO
yf816.jpg,0.2932,NO
yf817.jpg,0.1828,NO
yf818.jpg,0.2662,NO
yf819.jpg,0.4119,NO
yf82.jpg,0.5439,YES
yf820.jpg,0.6206,YES
yf822.jpg,0.3956,NO
yf824.jpg,0.3284,NO
yf825.jpg,0.2865,NO
yf826.jpg,0.6289,YES
yf827.jpg,0.4614,NO
yf828.jpg,0.6426,YES
yf83.jpg,0.3786,NO
yf829.jpg,0.3879,NO
yf830.jpg,0.1500,NO
yf832.jpg,0.1726,NO
yf833.jpg,0.4392,NO
yf834.jpg,0.3532,NO
yf835.jpg,0.3915,NO
yf836.jpg,0.4658,NO
yf837.jpg,0.4040,NO
yf838.jpg,0.6054,YES
yf839.jpg,0.4885,NO
yf84.jpg,0.2571,NO
yf840.jpg,0.7409,YES
yf841.jpg,0.5794,YES
yf842.jpg,0.6866,YES
yf844.jpg,0.4577,NO
yf845.jpg,0.3870,NO
yf846.jpg,0.2393,NO
yf847.jpg,0.2552,NO
yf85.jpg,0.5754,YES
yf851.jpg,0.2994,NO
yf852.jpg,0.4033,NO
yf853.jpg,0.5245,YES
yf854.jpg,0.3361,NO
yf855.jpg,0.3765,NO
yf857.jpg,0.4729,NO
yf858.jpg,0.3989,NO
yf859.jpg,0.3583,NO
yf86.jpg,0.5424,YES
yf860.jpg,0.3682,NO
yf861.jpg,0.3626,NO
yf863.jpg,0.4183,NO
yf865.jpg,0.4175,NO
yf866.jpg,0.4202,NO
yf867.jpg,0.3600,NO
yf868.jpg,0.4198,NO
yf870.jpg,0.3667,NO
yf871.jpg,0.4527,NO
yf876.jpg,0.5215,YES
yf877.jpg,0.3689,NO
yf878.jpg,0.3152,NO
yf879.jpg,0.3661,NO
yf880.jpg,0.4446,NO
yf881.jpg,0.3502,NO
yf882.jpg,0.3506,NO
yf883.jpg,0.2478,NO
yf885.jpg,0.4327,NO
yf887.jpg,0.3597,NO
yf886.jpg,0.4629,NO
yf884.jpg,0.2884,NO
yf888.jpg,0.2842,NO
yf89.jpg,0.5171,YES
yf890.jpg,0.3109,NO
yf891.jpg,0.3526,NO
yf892.jpg,0.2772,NO
yf893.jpg,0.2550,NO
yf894.jpg,0.2580,NO
yf896.jpg,0.5653,YES
yf897.jpg,0.4092,NO
yf898.jpg,0.5808,YES
yf899.jpg,0.4016,NO
yf90.jpg,0.2720,NO
yf902.jpg,0.0972,NO
yf903.jpg,0.5363,YES
yf904.jpg,0.3651,NO
yf905.jpg,0.4228,NO
yf906.jpg,0.4109,NO
yf907.jpg,0.3902,NO
yf91.jpg,0.5393,YES
yf911.jpg,0.3934,NO
yf913.jpg,0.2690,NO
yf914.jpg,0.2986,NO
yf915.jpg,0.3716,NO
yf916.jpg,0.3518,NO
yf917.jpg,0.3946,NO
yf919.jpg,0.2730,NO
yf92.jpg,0.4095,NO
yf920.jpg,0.2815,NO
yf921.jpg,0.3334,NO
yf922.jpg,0.5031,YES
yf924.jpg,0.4822,NO
yf926.jpg,0.4409,NO
yf925.jpg,0.1217,NO
yf927.jpg,0.5071,YES
yf928.jpg,0.5503,YES
yf930.jpg,0.4515,NO
yf931.jpg,0.4147,NO
yf934.jpg,0.6071,YES
yf932.jpg,0.4106,NO
yf935.jpg,0.3783,NO
yf936.jpg,0.3879,NO
yf937.jpg,0.2196,NO
yf939.jpg,0.3168,NO
yf938.jpg,0.1716,NO
yf941.jpg,0.3140,NO
yf942.jpg,0.4468,NO
yf946.jpg,0.3397,NO
yf947.jpg,0.3857,NO
yf948.jpg,0.4465,NO
yf951.jpg,0.5811,YES
yf952.jpg,0.4270,NO
yf954.jpg,0.3587,NO
yf953.jpg,0.3256,NO
yf955.jpg,0.4355,NO
yf957.jpg,0.4210,NO
yf958.jpg,0.4032,NO
yf959.jpg,0.2028,NO
yf960.jpg,0.4077,NO
yf961.jpg,0.4857,NO
yf962.jpg,0.3384,NO
yf963.jpg,0.3815,NO
yf964.jpg,0.4184,NO
yf965.jpg,0.1991,NO
yf966.jpg,0.3695,NO
yf968.jpg,0.4288,NO
yf969.jpg,0.2420,NO
yf970.jpg,0.4431,NO
yf971.jpg,0.4290,NO
yf972.jpg,0.4516,NO
yf973.jpg,0.2518,NO
yf974.jpg,0.3535,NO
yf975.jpg,0.3979,NO
yf976.jpg,0.3286,NO
yf977.jpg,0.3718,NO
yf979.jpg,0.5047,YES
yf980.jpg,0.1827,NO
yf981.jpg,0.2431,NO
yf982.jpg,0.4372,NO
yf983.jpg,0.4939,NO
yf987.jpg,0.2756,NO
yf985.jpg,0.3380,NO
yf984.jpg,0.4871,NO
zl263.jpg,0.6491,YES
yf988.jpg,0.6471,YES
yf990.jpg,0.5621,YES
zl264.jpg,0.6727,YES
zl265.jpg,0.4894,NO
zl269.jpg,0.2879,NO
zl268.jpg,0.2225,NO
yf991.jpg,0.1034,NO
zl266.jpg,0.3219,NO
zl271.jpg,0.4716,NO
zl274.jpg,0.7192,YES
yf995.jpg,0.3678,NO
yf996.jpg,0.4387,NO
zl279.jpg,0.3478,NO
zl284.jpg,0.1197,NO
zl273.jpg,0.3396,NO
zl285.jpg,0.1636,NO
yf998.jpg,0.3539,NO
zl270.jpg,0.2507,NO
zl278.jpg,0.2763,NO
yf999.jpg,0.2836,NO
zl292.jpg,0.6739,YES
zl290.jpg,0.1204,NO
zl297.jpg,0.7092,YES
zl282.jpg,0.3663,NO
zl283.jpg,0.5448,YES
zl300.jpg,0.2034,NO
zl291.jpg,0.2752,NO
zl296.jpg,0.6863,YES
zl306.jpg,0.6224,YES
zl295.jpg,0.6004,YES
zl309.jpg,0.7698,YES
zl302.jpg,0.5985,YES
zl299.jpg,0.6526,YES
zl289.jpg,-0.0286,NO
zl316.jpg,0.5294,YES
zl307.jpg,0.3158,NO
zl308.jpg,0.5340,YES
zl314.jpg,0.5436,YES
zl319.jpg,0.6781,YES
zl317.jpg,0.5280,YES
zl318.jpg,0.2623,NO
zl323.jpg,0.3624,NO
zl315.jpg,0.4998,NO
zl305.jpg,0.6802,YES
zl322.jpg,0.5774,YES
