filename,ssim,in_range
hd1004.jpg,0.1414,NO
hd1000.jpg,0.3854,NO
hd1001.jpg,0.4926,NO
hd1006.jpg,0.5313,YES
hd1005.jpg,0.3346,NO
hd1003.jpg,0.5464,YES
hd1007.jpg,0.4793,NO
hd1010.jpg,0.5937,YES
hd1011.jpg,0.5233,YES
hd1012.jpg,0.4151,NO
hd1013.jpg,0.3215,NO
hd1014.jpg,0.3884,NO
hd1015.jpg,0.4003,NO
hd1016.jpg,0.5042,YES
hd1017.jpg,0.3325,NO
hd1018.jpg,0.4727,NO
hd1019.jpg,0.4386,NO
hd1020.jpg,0.4925,NO
hd1022.jpg,0.5090,YES
hd1023.jpg,0.3685,NO
hd1026.jpg,0.3088,NO
hd1027.jpg,0.4854,NO
hd1029.jpg,0.3535,NO
hd1030.jpg,0.4302,NO
hd1031.jpg,0.3981,NO
hd1032.jpg,0.4535,NO
hd1035.jpg,0.4381,NO
hd1033.jpg,0.5055,YES
hd1036.jpg,0.4710,NO
hd1037.jpg,0.4257,NO
hd1038.jpg,0.4556,NO
hd1041.jpg,0.3888,NO
hd104.jpg,0.3876,NO
hd1040.jpg,0.4575,NO
hd1042.jpg,0.5136,YES
hd1044.jpg,0.3671,NO
hd1045.jpg,0.4412,NO
hd1043.jpg,0.2143,NO
hd1046.jpg,0.5341,YES
hd1047.jpg,0.4864,NO
hd1051.jpg,0.4578,NO
hd1053.jpg,0.4329,NO
hd1052.jpg,0.3575,NO
hd1050.jpg,0.3799,NO
hd1054.jpg,0.3579,NO
hd1055.jpg,0.4016,NO
hd1057.jpg,0.4188,NO
hd1056.jpg,0.4272,NO
hd1059.jpg,0.3951,NO
hd106.jpg,0.4278,NO
hd1060.jpg,0.3905,NO
hd1062.jpg,0.4196,NO
hd1063.jpg,0.4233,NO
hd1061.jpg,0.3467,NO
hd1064.jpg,0.1804,NO
hd1067.jpg,0.4442,NO
hd1069.jpg,0.4912,NO
hd1066.jpg,0.3405,NO
hd1070.jpg,0.5207,YES
hd1071.jpg,0.5521,YES
hd1073.jpg,0.4671,NO
hd1077.jpg,0.4301,NO
hd1078.jpg,0.4687,NO
hd1079.jpg,0.5672,YES
hd1080.jpg,0.4242,NO
hd1082.jpg,0.5639,YES
hd1083.jpg,0.5700,YES
hd1084.jpg,0.6314,YES
hd1081.jpg,0.5671,YES
hd1085.jpg,0.5953,YES
hd1086.jpg,0.5935,YES
hd1088.jpg,0.5781,YES
hd1089.jpg,0.2507,NO
hd1091.jpg,0.4160,NO
hd1093.jpg,0.4865,NO
hd1092.jpg,0.3962,NO
hd1095.jpg,0.3553,NO
hd1097.jpg,0.5219,YES
hd1096.jpg,0.4385,NO
hd1098.jpg,0.5529,YES
hd1099.jpg,0.3584,NO
hd1103.jpg,0.2845,NO
hd1100.jpg,0.5193,YES
hd1104.jpg,0.5161,YES
hd1105.jpg,0.2542,NO
hd1106.jpg,0.5028,YES
hd1108.jpg,0.2886,NO
hd1107.jpg,0.3957,NO
hd1110.jpg,0.3466,NO
hd1109.jpg,0.5386,YES
hd111.jpg,0.3822,NO
hd1111.jpg,0.4965,NO
hd1113.jpg,0.5457,YES
hd1112.jpg,0.5209,YES
hd1114.jpg,0.5728,YES
hd1117.jpg,0.4065,NO
hd1116.jpg,0.5682,YES
hd1119.jpg,0.3569,NO
hd1118.jpg,0.5007,YES
hd1115.jpg,0.5511,YES
hd1121.jpg,0.1537,NO
hd112.jpg,0.5260,YES
hd1120.jpg,0.5424,YES
hd1122.jpg,0.6214,YES
hd1123.jpg,0.4332,NO
hd1124.jpg,0.5632,YES
hd1125.jpg,0.5284,YES
hd1126.jpg,0.5111,YES
hd1128.jpg,0.5929,YES
hd1127.jpg,0.5955,YES
hd113.jpg,0.6365,YES
hd1132.jpg,0.5681,YES
hd1131.jpg,0.5857,YES
hd1130.jpg,0.5497,YES
hd1129.jpg,0.5831,YES
hd1134.jpg,0.3074,NO
hd1133.jpg,0.5863,YES
hd1135.jpg,0.5161,YES
hd1136.jpg,0.5873,YES
hd1137.jpg,0.5914,YES
hd1138.jpg,0.4811,NO
hd1139.jpg,0.4953,NO
hd114.jpg,0.5357,YES
hd1140.jpg,0.6523,YES
hd1142.jpg,0.5785,YES
hd1141.jpg,0.5746,YES
hd1146.jpg,0.3504,NO
hd1143.jpg,0.5521,YES
hd1144.jpg,0.5846,YES
hd1145.jpg,0.3739,NO
hd1148.jpg,0.5142,YES
hd1147.jpg,0.5849,YES
hd1149.jpg,0.5971,YES
hd1152.jpg,0.6474,YES
hd1150.jpg,0.3642,NO
hd1154.jpg,0.3128,NO
hd1153.jpg,0.4619,NO
hd1155.jpg,0.3227,NO
hd1156.jpg,0.3504,NO
hd1157.jpg,0.4438,NO
hd1158.jpg,0.5751,YES
hd1159.jpg,0.3961,NO
hd1160.jpg,0.4920,NO
hd1161.jpg,0.4867,NO
hd1162.jpg,0.4933,NO
hd1164.jpg,0.4990,NO
hd1163.jpg,0.5248,YES
hd1166.jpg,0.5701,YES
hd1168.jpg,0.4876,NO
hd1165.jpg,0.5317,YES
hd1170.jpg,0.4715,NO
hd1171.jpg,0.3152,NO
hd1169.jpg,0.5262,YES
hd1172.jpg,0.5583,YES
hd1173.jpg,0.6089,YES
hd1174.jpg,0.5086,YES
hd1176.jpg,0.3855,NO
hd1178.jpg,0.3558,NO
hd1179.jpg,0.5590,YES
hd1177.jpg,0.5710,YES
hd1180.jpg,0.6069,YES
hd118.jpg,0.2097,NO
hd1181.jpg,0.4958,NO
hd1182.jpg,0.4682,NO
hd1183.jpg,0.3671,NO
hd1185.jpg,0.5610,YES
hd1186.jpg,0.4156,NO
hd1188.jpg,0.5038,YES
hd119.jpg,0.4596,NO
hd1190.jpg,0.5273,YES
hd1199.jpg,0.5344,YES
hd1201.jpg,0.3735,NO
hd1202.jpg,0.4631,NO
hd1204.jpg,0.5305,YES
hd1203.jpg,0.4949,NO
hd1209.jpg,0.5768,YES
hd1211.jpg,0.4011,NO
hd1206.jpg,0.5064,YES
hd1210.jpg,0.5823,YES
hd1212.jpg,0.3594,NO
hd1213.jpg,0.4827,NO
hd1214.jpg,0.4017,NO
hd1215.jpg,0.3614,NO
hd1218.jpg,0.5064,YES
hd1216.jpg,0.3005,NO
hd1219.jpg,0.4030,NO
hd1220.jpg,0.3996,NO
hd1221.jpg,0.4171,NO
hd122.jpg,0.6057,YES
hd1223.jpg,0.3142,NO
hd1224.jpg,0.3847,NO
hd1225.jpg,0.3701,NO
hd1226.jpg,0.3761,NO
hd1229.jpg,0.2824,NO
hd1228.jpg,0.4343,NO
hd1230.jpg,0.6728,YES
hd1232.jpg,0.6334,YES
hd1233.jpg,0.6412,YES
hd1231.jpg,0.6697,YES
hd1234.jpg,0.5164,YES
hd1236.jpg,0.6543,YES
hd1237.jpg,0.6689,YES
hd1239.jpg,0.5222,YES
hd1238.jpg,0.5287,YES
hd1240.jpg,0.6423,YES
hd1241.jpg,0.6103,YES
hd1243.jpg,0.5845,YES
hd1242.jpg,0.5093,YES
hd1244.jpg,0.5212,YES
hd1245.jpg,0.4861,NO
hd1246.jpg,0.5631,YES
hd1249.jpg,0.6868,YES
hd1250.jpg,0.3728,NO
hd1247.jpg,0.5570,YES
hd1248.jpg,0.5685,YES
hd1252.jpg,0.4133,NO
hd1251.jpg,0.4474,NO
hd1254.jpg,0.5451,YES
hd1255.jpg,0.5703,YES
hd1253.jpg,0.4555,NO
hd1256.jpg,0.5467,YES
hd1258.jpg,0.3192,NO
hd1257.jpg,0.2614,NO
hd1259.jpg,0.7188,YES
hd126.jpg,0.3495,NO
hd1260.jpg,0.7150,YES
hd1262.jpg,0.6101,YES
hd1261.jpg,0.7309,YES
hd1264.jpg,0.6446,YES
hd1263.jpg,0.2684,NO
hd1266.jpg,0.2761,NO
hd1265.jpg,0.4803,NO
hd1269.jpg,0.5458,YES
hd1267.jpg,0.5116,YES
hd1268.jpg,0.5434,YES
hd1270.jpg,0.3897,NO
hd1271.jpg,0.4381,NO
hd1272.jpg,0.4277,NO
hd1273.jpg,0.4409,NO
hd1274.jpg,0.4442,NO
hd1277.jpg,0.5257,YES
hd1275.jpg,0.4117,NO
hd128.jpg,0.4217,NO
hd1278.jpg,0.5359,YES
hd1279.jpg,0.4288,NO
hd1276.jpg,0.3830,NO
hd1280.jpg,0.3673,NO
hd1281.jpg,0.3975,NO
hd1282.jpg,0.2907,NO
hd1283.jpg,0.4362,NO
hd1284.jpg,0.4459,NO
hd1285.jpg,0.4390,NO
hd1287.jpg,0.4060,NO
hd1288.jpg,0.4249,NO
hd1289.jpg,0.5339,YES
hd1291.jpg,0.5732,YES
hd1292.jpg,0.4054,NO
hd1293.jpg,0.3869,NO
hd1294.jpg,0.3602,NO
hd1290.jpg,0.1598,NO
hd1295.jpg,0.5276,YES
hd1297.jpg,0.3777,NO
hd1296.jpg,0.3869,NO
hd1298.jpg,0.5083,YES
hd13.jpg,0.5119,YES
hd1299.jpg,0.3463,NO
hd1300.jpg,0.5569,YES
hd1302.jpg,0.3584,NO
hd1301.jpg,0.4429,NO
hd1303.jpg,0.4047,NO
hd1305.jpg,0.4856,NO
hd1304.jpg,0.4391,NO
hd1307.jpg,0.4698,NO
hd1309.jpg,0.4185,NO
hd1310.jpg,0.5680,YES
hd131.jpg,0.3299,NO
hd1313.jpg,0.5016,YES
hd1314.jpg,0.5253,YES
hd1311.jpg,0.5633,YES
hd1319.jpg,0.4020,NO
hd1315.jpg,0.5372,YES
hd1317.jpg,0.4086,NO
hd1318.jpg,0.3765,NO
hd1320.jpg,0.4518,NO
hd1323.jpg,0.4433,NO
hd1322.jpg,0.3181,NO
hd1324.jpg,0.4573,NO
hd1326.jpg,0.4724,NO
hd1329.jpg,0.3906,NO
hd1330.jpg,0.4045,NO
hd1331.jpg,0.3439,NO
hd1327.jpg,0.4978,NO
hd1332.jpg,0.4261,NO
hd1333.jpg,0.5478,YES
hd1334.jpg,0.3606,NO
hd1336.jpg,0.6335,YES
hd1337.jpg,0.3643,NO
hd1338.jpg,0.4573,NO
hd1339.jpg,0.3745,NO
hd1341.jpg,0.4270,NO
hd1340.jpg,0.4136,NO
hd1342.jpg,0.4668,NO
hd1348.jpg,0.4963,NO
hd1343.jpg,0.4321,NO
hd1345.jpg,0.5720,YES
hd1344.jpg,0.5712,YES
hd1349.jpg,0.5156,YES
hd1350.jpg,0.4409,NO
hd1352.jpg,0.5401,YES
hd1351.jpg,0.5077,YES
hd1353.jpg,0.5289,YES
hd1355.jpg,0.4518,NO
hd1356.jpg,0.5516,YES
hd1357.jpg,0.3887,NO
hd1354.jpg,0.3852,NO
hd1358.jpg,0.4250,NO
hd1359.jpg,0.4351,NO
hd1360.jpg,0.5060,YES
hd1361.jpg,0.3903,NO
hd1362.jpg,0.4673,NO
hd1363.jpg,0.3423,NO
hd1364.jpg,0.3418,NO
hd1367.jpg,0.5056,YES
hd1365.jpg,0.3865,NO
hd1368.jpg,0.4037,NO
hd1369.jpg,0.4395,NO
hd137.jpg,0.4638,NO
hd1372.jpg,0.4924,NO
hd1370.jpg,0.4776,NO
hd1371.jpg,0.4084,NO
hd1373.jpg,0.3959,NO
hd1375.jpg,0.3779,NO
hd1374.jpg,0.4524,NO
hd1377.jpg,0.2690,NO
hd1379.jpg,0.4104,NO
hd1378.jpg,0.5717,YES
hd1381.jpg,0.3679,NO
hd1380.jpg,0.4601,NO
hd1382.jpg,0.3832,NO
hd1383.jpg,0.4021,NO
hd1384.jpg,0.6023,YES
hd1387.jpg,0.4046,NO
hd1386.jpg,0.4607,NO
hd1388.jpg,0.4021,NO
hd1385.jpg,0.4600,NO
hd1389.jpg,0.5828,YES
hd1390.jpg,0.4421,NO
hd1391.jpg,0.3836,NO
hd1392.jpg,0.3094,NO
hd1393.jpg,0.3988,NO
hd1394.jpg,0.4112,NO
hd1395.jpg,0.5334,YES
hd1396.jpg,0.5442,YES
hd1397.jpg,0.3726,NO
hd1398.jpg,0.3772,NO
hd1399.jpg,0.4124,NO
hd1401.jpg,0.3693,NO
hd1400.jpg,0.5881,YES
hd14.jpg,0.5307,YES
hd1402.jpg,0.5332,YES
hd1404.jpg,0.3951,NO
hd1406.jpg,0.4406,NO
hd1403.jpg,0.5286,YES
hd1407.jpg,0.4130,NO
hd1409.jpg,0.3866,NO
hd1410.jpg,0.4476,NO
hd1412.jpg,0.4357,NO
hd1413.jpg,0.3889,NO
hd1414.jpg,0.3906,NO
hd1411.jpg,0.4949,NO
hd1417.jpg,0.5395,YES
hd1415.jpg,0.4527,NO
hd1419.jpg,0.4492,NO
hd1418.jpg,0.4945,NO
hd1420.jpg,0.3956,NO
hd142.jpg,0.2953,NO
hd1421.jpg,0.4440,NO
hd1423.jpg,0.2874,NO
hd1422.jpg,0.5094,YES
hd1424.jpg,0.3600,NO
hd1426.jpg,0.4133,NO
hd1427.jpg,0.4192,NO
hd1428.jpg,0.4155,NO
hd143.jpg,0.4642,NO
hd1429.jpg,0.4653,NO
hd1430.jpg,0.3637,NO
hd1431.jpg,0.5089,YES
hd1432.jpg,0.3770,NO
hd1433.jpg,0.2816,NO
hd1434.jpg,0.3065,NO
hd1436.jpg,0.2694,NO
hd1438.jpg,0.4087,NO
hd1437.jpg,0.4964,NO
hd1439.jpg,0.3791,NO
hd1440.jpg,0.3966,NO
hd1441.jpg,0.3142,NO
hd1443.jpg,0.5437,YES
hd1442.jpg,0.4075,NO
hd1445.jpg,0.4606,NO
hd1446.jpg,0.3211,NO
hd1447.jpg,0.3455,NO
hd1448.jpg,0.3415,NO
hd1449.jpg,0.3705,NO
hd1453.jpg,0.5234,YES
hd1451.jpg,0.4524,NO
hd1452.jpg,0.3454,NO
hd1450.jpg,0.3156,NO
hd1454.jpg,0.3196,NO
hd1455.jpg,0.6065,YES
hd1456.jpg,0.4927,NO
hd1458.jpg,0.6789,YES
hd1459.jpg,0.4912,NO
hd1460.jpg,0.3295,NO
hd1457.jpg,0.4559,NO
hd1462.jpg,0.4620,NO
hd1463.jpg,0.4824,NO
hd1464.jpg,0.3650,NO
hd1461.jpg,0.5029,YES
hd1467.jpg,0.4007,NO
hd1466.jpg,0.3955,NO
hd1465.jpg,0.5061,YES
hd1469.jpg,0.4535,NO
hd1470.jpg,0.4155,NO
hd1468.jpg,0.4190,NO
hd1471.jpg,0.5072,YES
hd1473.jpg,0.3708,NO
hd1475.jpg,0.3622,NO
hd1474.jpg,0.4672,NO
hd1476.jpg,0.3716,NO
hd1477.jpg,0.4603,NO
hd1481.jpg,0.3434,NO
hd1478.jpg,0.3768,NO
hd1480.jpg,0.3233,NO
hd1482.jpg,0.2896,NO
hd1483.jpg,0.4573,NO
hd1485.jpg,0.4545,NO
hd1484.jpg,0.1685,NO
hd1488.jpg,0.3079,NO
hd1487.jpg,0.4596,NO
hd1486.jpg,0.3383,NO
hd1489.jpg,0.3995,NO
hd1490.jpg,0.4556,NO
hd1491.jpg,0.4609,NO
hd1492.jpg,0.5012,YES
hd1493.jpg,0.4440,NO
hd1496.jpg,0.4681,NO
hd1497.jpg,0.4744,NO
hd1494.jpg,0.3138,NO
hd1498.jpg,0.4832,NO
hd1500.jpg,0.5371,YES
hd1501.jpg,0.4760,NO
hd1499.jpg,0.4915,NO
hd1502.jpg,0.4962,NO
hd1503.jpg,0.4470,NO
hd1504.jpg,0.5118,YES
hd1505.jpg,0.4560,NO
hd1507.jpg,0.3714,NO
hd1506.jpg,0.2528,NO
hd1508.jpg,0.3834,NO
hd1510.jpg,0.3901,NO
hd1511.jpg,0.2694,NO
hd1512.jpg,0.4625,NO
hd1509.jpg,0.3917,NO
hd1514.jpg,0.4375,NO
hd1517.jpg,0.4723,NO
hd1519.jpg,0.5083,YES
hd1520.jpg,0.3709,NO
hd1518.jpg,0.6122,YES
hd1521.jpg,0.4005,NO
hd1523.jpg,0.3639,NO
hd1526.jpg,0.6608,YES
hd1524.jpg,0.3570,NO
hd1527.jpg,0.3703,NO
hd1528.jpg,0.4069,NO
hd1531.jpg,0.3642,NO
hd1530.jpg,0.3510,NO
hd1529.jpg,0.3921,NO
hd1532.jpg,0.3748,NO
hd153.jpg,0.4835,NO
hd1533.jpg,0.3292,NO
hd1534.jpg,0.3546,NO
hd1535.jpg,0.5288,YES
hd1536.jpg,0.5184,YES
hd1538.jpg,0.3981,NO
hd1537.jpg,0.6027,YES
hd1539.jpg,0.5201,YES
hd154.jpg,0.5256,YES
hd1540.jpg,0.4866,NO
hd1541.jpg,0.3635,NO
hd1542.jpg,0.4012,NO
hd1543.jpg,0.5140,YES
hd1545.jpg,0.3870,NO
hd1544.jpg,0.5150,YES
hd1546.jpg,0.4748,NO
hd1549.jpg,0.5065,YES
hd1547.jpg,0.4740,NO
hd155.jpg,0.5956,YES
hd1550.jpg,0.5100,YES
hd1548.jpg,0.6219,YES
hd1551.jpg,0.2125,NO
hd1552.jpg,0.3263,NO
hd1553.jpg,0.3956,NO
hd1554.jpg,0.5116,YES
hd1556.jpg,0.3604,NO
hd1555.jpg,0.5264,YES
hd1558.jpg,0.4505,NO
hd156.jpg,0.2621,NO
hd1560.jpg,0.2609,NO
hd1559.jpg,0.6690,YES
hd1561.jpg,0.4974,NO
hd1562.jpg,0.3414,NO
hd1565.jpg,0.5857,YES
hd1564.jpg,0.5035,YES
hd1566.jpg,0.5140,YES
hd1567.jpg,0.4722,NO
hd1563.jpg,0.4902,NO
hd1569.jpg,0.5448,YES
hd1568.jpg,0.4253,NO
hd1570.jpg,0.4268,NO
hd1571.jpg,0.5042,YES
hd1574.jpg,0.4987,NO
hd1573.jpg,0.5609,YES
hd1575.jpg,0.4774,NO
hd1572.jpg,0.4849,NO
hd1576.jpg,0.3011,NO
hd1577.jpg,0.4865,NO
hd1578.jpg,0.4210,NO
hd158.jpg,0.4934,NO
hd1580.jpg,0.4719,NO
hd1581.jpg,0.5899,YES
hd1582.jpg,0.4338,NO
hd1584.jpg,0.5023,YES
hd1583.jpg,0.4866,NO
hd1585.jpg,0.5386,YES
hd1586.jpg,0.4973,NO
hd1587.jpg,0.3803,NO
hd1590.jpg,0.3424,NO
hd1588.jpg,0.5676,YES
hd1589.jpg,0.3533,NO
hd1591.jpg,0.4941,NO
hd1592.jpg,0.3502,NO
hd1594.jpg,0.5096,YES
hd1595.jpg,0.4260,NO
hd1593.jpg,0.6208,YES
hd1597.jpg,0.4773,NO
hd1598.jpg,0.3590,NO
hd1599.jpg,0.4541,NO
hd1596.jpg,0.4871,NO
hd1601.jpg,0.4154,NO
hd1600.jpg,0.4454,NO
hd1602.jpg,0.4110,NO
hd1605.jpg,0.4281,NO
hd1603.jpg,0.4135,NO
hd1607.jpg,0.5430,YES
hd1606.jpg,0.4829,NO
hd1604.jpg,0.6181,YES
hd1608.jpg,0.4865,NO
hd1610.jpg,0.4403,NO
hd1609.jpg,0.5012,YES
hd1611.jpg,0.5101,YES
hd1614.jpg,0.4861,NO
hd1615.jpg,0.6199,YES
hd1616.jpg,0.5057,YES
hd1612.jpg,0.4549,NO
hd1618.jpg,0.4494,NO
hd1619.jpg,0.2526,NO
hd1621.jpg,0.5089,YES
hd1620.jpg,0.2743,NO
hd1622.jpg,0.3647,NO
hd1623.jpg,0.5474,YES
hd1624.jpg,0.4838,NO
hd1625.jpg,0.5225,YES
hd1627.jpg,0.4351,NO
hd1628.jpg,0.5190,YES
hd1632.jpg,0.3644,NO
hd1635.jpg,0.5878,YES
hd1633.jpg,0.3101,NO
hd1634.jpg,0.5388,YES
hd1636.jpg,0.4527,NO
hd1637.jpg,0.6493,YES
hd1638.jpg,0.5626,YES
hd1639.jpg,0.6233,YES
hd1640.jpg,0.5195,YES
hd1641.jpg,0.3555,NO
hd1644.jpg,0.2595,NO
hd1643.jpg,0.5419,YES
hd1642.jpg,0.5716,YES
hd1647.jpg,0.5456,YES
hd1649.jpg,0.5255,YES
hd1646.jpg,0.5765,YES
hd1650.jpg,0.3706,NO
hd1651.jpg,0.5364,YES
hd1652.jpg,0.4508,NO
hd1653.jpg,0.2780,NO
hd1654.jpg,0.4928,NO
hd1655.jpg,0.3498,NO
hd1656.jpg,0.5278,YES
hd1659.jpg,0.3760,NO
hd1657.jpg,0.5407,YES
hd1660.jpg,0.4654,NO
hd1662.jpg,0.5003,YES
hd1661.jpg,0.4743,NO
hd1665.jpg,0.5378,YES
hd1664.jpg,0.4851,NO
hd1663.jpg,0.4998,NO
hd1666.jpg,0.5496,YES
hd1668.jpg,0.4875,NO
hd1667.jpg,0.5592,YES
hd1670.jpg,0.3989,NO
hd1669.jpg,0.5331,YES
hd1671.jpg,0.4832,NO
hd1672.jpg,0.6176,YES
hd1674.jpg,0.5583,YES
hd1673.jpg,0.2967,NO
hd1675.jpg,0.5285,YES
hd1677.jpg,0.5217,YES
hd1678.jpg,0.5714,YES
hd1676.jpg,0.3051,NO
hd1679.jpg,0.4362,NO
hd1680.jpg,0.4594,NO
hd1681.jpg,0.5766,YES
hd1683.jpg,0.4950,NO
hd1684.jpg,0.4976,NO
hd1682.jpg,0.5042,YES
hd1685.jpg,0.4544,NO
hd1686.jpg,0.4669,NO
hd1689.jpg,0.4929,NO
hd1687.jpg,0.4400,NO
hd1688.jpg,0.5340,YES
hd1691.jpg,0.5695,YES
hd1692.jpg,0.4823,NO
hd1694.jpg,0.5241,YES
hd1693.jpg,0.5793,YES
hd1696.jpg,0.3090,NO
hd1699.jpg,0.1362,NO
hd1698.jpg,0.4820,NO
hd1695.jpg,0.4761,NO
hd170.jpg,0.5847,YES
hd1700.jpg,0.4973,NO
hd1701.jpg,0.5615,YES
hd1703.jpg,0.5793,YES
hd1704.jpg,0.4443,NO
hd1706.jpg,0.5051,YES
hd1707.jpg,0.5578,YES
hd1708.jpg,0.4825,NO
hd1709.jpg,0.2005,NO
hd171.jpg,0.4994,NO
hd1711.jpg,0.4712,NO
hd1714.jpg,0.4576,NO
hd1713.jpg,0.4963,NO
hd1712.jpg,0.5474,YES
hd1715.jpg,0.4144,NO
hd1717.jpg,0.5581,YES
hd1716.jpg,0.5474,YES
hd1718.jpg,0.4295,NO
hd1719.jpg,0.5081,YES
hd1720.jpg,0.5717,YES
hd1721.jpg,0.5248,YES
hd1723.jpg,0.5627,YES
hd1722.jpg,0.4537,NO
hd1724.jpg,0.5352,YES
hd1726.jpg,0.4124,NO
hd1727.jpg,0.5127,YES
hd1725.jpg,0.5435,YES
hd1728.jpg,0.4353,NO
hd1729.jpg,0.4090,NO
hd1730.jpg,0.4784,NO
hd1732.jpg,0.4339,NO
hd1731.jpg,0.4625,NO
hd1733.jpg,0.5910,YES
hd1734.jpg,0.5269,YES
hd1735.jpg,0.5462,YES
hd1736.jpg,0.6009,YES
hd1737.jpg,0.3780,NO
hd1739.jpg,0.5344,YES
hd1738.jpg,0.5672,YES
hd1742.jpg,0.4533,NO
hd1741.jpg,0.5784,YES
hd1740.jpg,0.5916,YES
hd1743.jpg,0.4751,NO
hd1744.jpg,0.4225,NO
hd1746.jpg,0.5182,YES
hd1745.jpg,0.4700,NO
hd1747.jpg,0.6171,YES
hd1748.jpg,0.3945,NO
hd1749.jpg,0.5837,YES
hd1750.jpg,0.5073,YES
hd1751.jpg,0.4845,NO
hd1752.jpg,0.5139,YES
hd1753.jpg,0.4407,NO
hd1755.jpg,0.4043,NO
hd1756.jpg,0.4049,NO
hd1757.jpg,0.4045,NO
hd176.jpg,0.4379,NO
hd1762.jpg,0.5415,YES
hd1761.jpg,0.5176,YES
hd1760.jpg,0.4907,NO
hd1763.jpg,0.5479,YES
hd1764.jpg,0.5787,YES
hd1765.jpg,0.3931,NO
hd1766.jpg,0.4616,NO
hd1767.jpg,0.5675,YES
hd1768.jpg,0.4495,NO
hd1771.jpg,0.4077,NO
hd1772.jpg,0.3758,NO
hd1773.jpg,0.4047,NO
hd1770.jpg,0.4676,NO
hd1769.jpg,0.4706,NO
hd1774.jpg,0.4292,NO
hd1775.jpg,0.4760,NO
hd1776.jpg,0.3145,NO
hd1779.jpg,0.4091,NO
hd1777.jpg,0.5016,YES
hd1778.jpg,0.4562,NO
hd1782.jpg,0.4994,NO
hd1781.jpg,0.4156,NO
hd1780.jpg,0.4568,NO
hd1784.jpg,0.4944,NO
hd1783.jpg,0.4896,NO
hd1787.jpg,0.4704,NO
hd1786.jpg,0.5014,YES
hd1788.jpg,0.4205,NO
hd1790.jpg,0.4702,NO
hd1793.jpg,0.4370,NO
hd1797.jpg,0.3858,NO
hd1795.jpg,0.4184,NO
hd1794.jpg,0.1697,NO
hd1799.jpg,0.3645,NO
hd1798.jpg,0.3620,NO
hd180.jpg,0.7621,YES
hd1800.jpg,0.5288,YES
hd1802.jpg,0.3107,NO
hd1803.jpg,0.4144,NO
hd1801.jpg,0.4348,NO
hd1805.jpg,0.4515,NO
hd1806.jpg,0.4096,NO
hd1804.jpg,0.2348,NO
hd1807.jpg,0.3706,NO
hd1808.jpg,0.4982,NO
hd1809.jpg,0.5971,YES
hd181.jpg,0.5202,YES
hd1811.jpg,0.6950,YES
hd1810.jpg,0.6554,YES
hd1812.jpg,0.6204,YES
hd1813.jpg,0.6204,YES
hd1814.jpg,0.5982,YES
hd1815.jpg,0.3648,NO
hd1816.jpg,0.4473,NO
hd182.jpg,0.5557,YES
hd1817.jpg,0.4927,NO
hd1818.jpg,0.4410,NO
hd1819.jpg,0.4144,NO
hd1821.jpg,0.5668,YES
hd1820.jpg,0.1646,NO
hd1822.jpg,0.4722,NO
hd1823.jpg,0.4495,NO
hd1826.jpg,0.6156,YES
hd1824.jpg,0.4286,NO
hd1825.jpg,0.4846,NO
hd1829.jpg,0.4974,NO
hd1828.jpg,0.4544,NO
hd1831.jpg,0.4101,NO
hd1830.jpg,0.4829,NO
hd1832.jpg,0.4433,NO
hd1833.jpg,0.4959,NO
hd1834.jpg,0.4403,NO
hd1835.jpg,0.5303,YES
hd1836.jpg,0.4738,NO
hd1839.jpg,0.4685,NO
hd1838.jpg,0.4900,NO
hd1841.jpg,0.1814,NO
hd1843.jpg,0.4522,NO
hd1840.jpg,0.4427,NO
hd1844.jpg,0.5259,YES
hd1845.jpg,0.4787,NO
hd1846.jpg,0.4204,NO
hd1847.jpg,0.5075,YES
hd1849.jpg,0.5018,YES
hd1850.jpg,0.5267,YES
hd1848.jpg,0.5121,YES
hd1852.jpg,0.5523,YES
hd1853.jpg,0.4326,NO
hd1851.jpg,0.4906,NO
hd1854.jpg,0.4355,NO
hd1855.jpg,0.5160,YES
hd1857.jpg,0.3975,NO
hd1858.jpg,0.4153,NO
hd1861.jpg,0.4960,NO
hd1862.jpg,0.3963,NO
hd1860.jpg,0.4754,NO
hd1863.jpg,0.4235,NO
hd1864.jpg,0.5212,YES
hd1865.jpg,0.5076,YES
hd1866.jpg,0.4415,NO
hd1867.jpg,0.5656,YES
hd1869.jpg,0.4699,NO
hd1870.jpg,0.4513,NO
hd1872.jpg,0.4975,NO
hd1874.jpg,0.4550,NO
hd1873.jpg,0.4613,NO
hd1875.jpg,0.5449,YES
hd1877.jpg,0.5404,YES
hd1878.jpg,0.4639,NO
hd1879.jpg,0.5245,YES
hd1880.jpg,0.4668,NO
hd1882.jpg,0.5071,YES
hd1881.jpg,0.3963,NO
hd1884.jpg,0.5425,YES
hd1883.jpg,0.4982,NO
hd1885.jpg,0.4536,NO
hd1886.jpg,0.4804,NO
hd1888.jpg,0.5392,YES
hd1887.jpg,0.5953,YES
hd1889.jpg,0.5346,YES
hd1891.jpg,0.4378,NO
hd1890.jpg,0.4109,NO
hd1892.jpg,0.4726,NO
hd1893.jpg,0.4520,NO
hd1894.jpg,0.4407,NO
hd1895.jpg,0.4848,NO
hd1896.jpg,0.3490,NO
hd1897.jpg,0.4164,NO
hd1899.jpg,0.2318,NO
hd1901.jpg,0.3387,NO
hd1904.jpg,0.3905,NO
hd1903.jpg,0.4203,NO
hd19.jpg,0.6538,YES
hd1905.jpg,0.3753,NO
hd1900.jpg,0.4176,NO
hd1906.jpg,0.3307,NO
hd1907.jpg,0.4991,NO
hd1908.jpg,0.3435,NO
hd1909.jpg,0.3361,NO
hd1910.jpg,0.5904,YES
hd1912.jpg,0.3825,NO
hd1911.jpg,0.4169,NO
hd1913.jpg,0.4149,NO
hd1916.jpg,0.4443,NO
hd1917.jpg,0.3640,NO
hd1919.jpg,0.4125,NO
hd192.jpg,0.4655,NO
hd1920.jpg,0.2899,NO
hd1921.jpg,0.3625,NO
hd1922.jpg,0.4257,NO
hd1924.jpg,0.4921,NO
hd1923.jpg,0.4800,NO
hd1925.jpg,0.4626,NO
hd193.jpg,0.5021,YES
hd1926.jpg,0.4214,NO
hd1928.jpg,0.4058,NO
hd1929.jpg,0.4320,NO
hd1931.jpg,0.2650,NO
hd1930.jpg,0.3677,NO
hd1932.jpg,0.4364,NO
hd1933.jpg,0.4682,NO
hd1934.jpg,0.3331,NO
hd1935.jpg,0.3304,NO
hd1936.jpg,0.3066,NO
hd1937.jpg,0.3644,NO
hd1938.jpg,0.4105,NO
hd194.jpg,0.4936,NO
hd1940.jpg,0.2022,NO
hd1939.jpg,0.5210,YES
hd1941.jpg,0.3860,NO
hd1942.jpg,0.4123,NO
hd1943.jpg,0.4259,NO
hd1944.jpg,0.3190,NO
hd1945.jpg,0.3269,NO
hd1947.jpg,0.3505,NO
hd1949.jpg,0.4601,NO
hd1950.jpg,0.3930,NO
hd1951.jpg,0.4200,NO
hd1952.jpg,0.7277,YES
hd1946.jpg,0.4735,NO
hd1948.jpg,0.4366,NO
hd1953.jpg,0.3736,NO
hd1954.jpg,0.3617,NO
hd1955.jpg,0.3503,NO
hd1956.jpg,0.4017,NO
hd1957.jpg,0.3871,NO
hd1958.jpg,0.3258,NO
hd1959.jpg,0.4209,NO
hd1961.jpg,0.3519,NO
hd1963.jpg,0.3466,NO
hd1965.jpg,0.3133,NO
hd1964.jpg,0.7521,YES
hd1966.jpg,0.2209,NO
hd1967.jpg,0.3415,NO
hd1968.jpg,0.3582,NO
hd1969.jpg,0.4853,NO
hd1970.jpg,0.4133,NO
hd1971.jpg,0.3827,NO
hd1972.jpg,0.4658,NO
hd1973.jpg,0.3807,NO
hd1975.jpg,0.4109,NO
hd1976.jpg,0.7768,YES
hd1978.jpg,0.4158,NO
hd1981.jpg,0.5516,YES
hd198.jpg,0.5998,YES
hd1979.jpg,0.5500,YES
hd1982.jpg,0.4363,NO
hd1983.jpg,0.5171,YES
hd1987.jpg,0.4396,NO
hd1986.jpg,0.5213,YES
hd1984.jpg,0.4732,NO
hd1988.jpg,0.2803,NO
hd1989.jpg,0.3128,NO
hd199.jpg,0.5745,YES
hd1990.jpg,0.4809,NO
hd1991.jpg,0.4595,NO
hd1992.jpg,0.3556,NO
hd1993.jpg,0.5651,YES
hd1994.jpg,0.4744,NO
hd1995.jpg,0.4706,NO
hd1996.jpg,0.3866,NO
hd1998.jpg,0.4657,NO
hd1999.jpg,0.3706,NO
hd1997.jpg,0.4919,NO
hd2000.jpg,0.5838,YES
hd2001.jpg,0.3940,NO
hd2002.jpg,0.3162,NO
hd2003.jpg,0.3405,NO
hd2005.jpg,0.3454,NO
hd2006.jpg,0.5018,YES
hd2004.jpg,0.3228,NO
hd2009.jpg,0.3432,NO
hd201.jpg,0.5028,YES
hd2010.jpg,0.3314,NO
hd2007.jpg,0.3316,NO
hd2011.jpg,0.3110,NO
hd2013.jpg,0.3212,NO
hd2012.jpg,0.3345,NO
hd2016.jpg,0.2786,NO
hd2017.jpg,0.2976,NO
hd2018.jpg,0.3733,NO
hd2015.jpg,0.3166,NO
hd202.jpg,0.5350,YES
hd2019.jpg,0.5064,YES
hd2020.jpg,0.3402,NO
hd2021.jpg,0.3364,NO
hd2022.jpg,0.3630,NO
hd2023.jpg,0.3620,NO
hd2024.jpg,0.4853,NO
hd2026.jpg,0.3463,NO
hd2025.jpg,0.3883,NO
hd2027.jpg,0.3358,NO
hd2030.jpg,0.3603,NO
hd2029.jpg,0.3868,NO
hd2031.jpg,0.4338,NO
hd2034.jpg,0.5452,YES
hd2032.jpg,0.5164,YES
hd2035.jpg,0.5128,YES
hd2036.jpg,0.5963,YES
hd2037.jpg,0.3294,NO
hd2038.jpg,0.5256,YES
hd2039.jpg,0.5955,YES
hd204.jpg,0.6968,YES
hd2040.jpg,0.4764,NO
hd2041.jpg,0.4345,NO
hd2042.jpg,0.4800,NO
hd2043.jpg,0.4532,NO
hd2044.jpg,0.4126,NO
hd2045.jpg,0.4044,NO
hd2046.jpg,0.4988,NO
hd205.jpg,0.4477,NO
hd2047.jpg,0.5339,YES
hd2049.jpg,0.3094,NO
hd2050.jpg,0.3192,NO
hd2054.jpg,0.5539,YES
hd2052.jpg,0.5346,YES
hd2055.jpg,0.3199,NO
hd2056.jpg,0.2758,NO
hd2053.jpg,0.3908,NO
hd2057.jpg,0.5758,YES
hd2058.jpg,0.3061,NO
hd2059.jpg,0.4424,NO
hd206.jpg,0.5987,YES
hd2061.jpg,0.3525,NO
hd2064.jpg,0.4258,NO
hd2062.jpg,0.4570,NO
hd2065.jpg,0.3700,NO
hd2060.jpg,0.3421,NO
hd2067.jpg,0.3443,NO
hd2063.jpg,0.3489,NO
hd2068.jpg,0.5629,YES
hd2069.jpg,0.3359,NO
hd2070.jpg,0.2940,NO
hd2071.jpg,0.6515,YES
hd2072.jpg,0.2998,NO
hd2074.jpg,0.6571,YES
hd2073.jpg,0.3153,NO
hd2076.jpg,0.3458,NO
hd2077.jpg,0.3867,NO
hd2078.jpg,0.3393,NO
hd2079.jpg,0.3958,NO
hd2080.jpg,0.3619,NO
hd2081.jpg,0.4361,NO
hd2082.jpg,0.3190,NO
hd2083.jpg,0.5704,YES
hd2084.jpg,0.3778,NO
hd2086.jpg,0.5064,YES
hd2087.jpg,0.3133,NO
hd2088.jpg,0.3099,NO
hd2090.jpg,0.3132,NO
hd2089.jpg,0.2949,NO
hd2091.jpg,0.2941,NO
hd2092.jpg,0.3258,NO
hd2094.jpg,0.3565,NO
hd2096.jpg,0.5046,YES
hd2095.jpg,0.3408,NO
hd2097.jpg,0.3049,NO
hd2098.jpg,0.5757,YES
hd2099.jpg,0.3990,NO
hd21.jpg,0.2575,NO
hd210.jpg,0.4637,NO
hd2101.jpg,0.3415,NO
hd2100.jpg,0.3476,NO
hd2102.jpg,0.3604,NO
hd2103.jpg,0.4152,NO
hd2104.jpg,0.3702,NO
hd2105.jpg,0.3219,NO
hd2106.jpg,0.3317,NO
hd2109.jpg,0.3507,NO
hd2110.jpg,0.5637,YES
hd2108.jpg,0.4257,NO
hd2112.jpg,0.2957,NO
hd211.jpg,0.3748,NO
hd2114.jpg,0.1871,NO
hd2111.jpg,0.5301,YES
hd2115.jpg,0.3822,NO
hd2116.jpg,0.3044,NO
hd2117.jpg,0.3383,NO
hd2119.jpg,0.3163,NO
hd2121.jpg,0.5975,YES
hd2122.jpg,0.3868,NO
hd2123.jpg,0.3206,NO
hd2118.jpg,0.3122,NO
hd2120.jpg,0.2989,NO
hd2125.jpg,0.3360,NO
hd2124.jpg,0.3214,NO
hd2126.jpg,0.5286,YES
hd2128.jpg,0.3149,NO
hd2129.jpg,0.3186,NO
hd2130.jpg,0.3179,NO
hd2131.jpg,0.3907,NO
hd2132.jpg,0.4004,NO
hd2133.jpg,0.4525,NO
hd2134.jpg,0.7121,YES
hd2136.jpg,0.4955,NO
hd214.jpg,0.4517,NO
hd2137.jpg,0.5569,YES
hd2138.jpg,0.4391,NO
hd2142.jpg,0.4245,NO
hd2143.jpg,0.3458,NO
hd2144.jpg,0.3943,NO
hd2145.jpg,0.4916,NO
hd2146.jpg,0.3020,NO
hd2147.jpg,0.6545,YES
hd2148.jpg,0.4174,NO
hd2149.jpg,0.3854,NO
hd215.jpg,0.4215,NO
hd2151.jpg,0.4426,NO
hd2150.jpg,0.6216,YES
hd2153.jpg,0.4522,NO
hd2155.jpg,0.5734,YES
hd2156.jpg,0.5599,YES
hd2157.jpg,0.2971,NO
hd2158.jpg,0.2676,NO
hd2160.jpg,0.7244,YES
hd2159.jpg,0.3427,NO
hd2162.jpg,0.3546,NO
hd2164.jpg,0.4101,NO
hd2161.jpg,0.3233,NO
hd2163.jpg,0.6139,YES
hd2165.jpg,0.3344,NO
hd2166.jpg,0.5742,YES
hd217.jpg,0.6039,YES
hd2167.jpg,0.5987,YES
hd2170.jpg,0.4671,NO
hd2168.jpg,0.5184,YES
hd2172.jpg,0.3067,NO
hd2173.jpg,0.2910,NO
hd2171.jpg,0.5294,YES
hd2174.jpg,0.5841,YES
hd2176.jpg,0.5710,YES
hd2175.jpg,0.5210,YES
hd218.jpg,0.4602,NO
hd2177.jpg,0.2859,NO
hd2179.jpg,0.5527,YES
hd2181.jpg,0.3179,NO
hd2178.jpg,0.2389,NO
hd2180.jpg,0.6108,YES
hd2182.jpg,0.5626,YES
hd2183.jpg,0.4452,NO
hd2185.jpg,0.3646,NO
hd2187.jpg,0.3114,NO
hd2188.jpg,0.3304,NO
hd2189.jpg,0.6069,YES
hd219.jpg,0.5305,YES
hd2190.jpg,0.3306,NO
hd2191.jpg,0.5392,YES
hd2192.jpg,0.4402,NO
hd2193.jpg,0.3054,NO
hd2194.jpg,0.2992,NO
hd2195.jpg,0.3208,NO
hd2196.jpg,0.4619,NO
hd2198.jpg,0.3638,NO
hd2197.jpg,0.1427,NO
hd220.jpg,0.4925,NO
hd2199.jpg,0.3232,NO
hd2201.jpg,0.2948,NO
hd2200.jpg,0.5051,YES
hd2202.jpg,0.6874,YES
hd2204.jpg,0.3228,NO
hd2207.jpg,0.3610,NO
hd2205.jpg,0.3424,NO
hd2208.jpg,0.6555,YES
hd2206.jpg,0.5207,YES
hd2209.jpg,0.3592,NO
hd2210.jpg,0.4056,NO
hd2211.jpg,0.3928,NO
hd2212.jpg,0.4313,NO
hd2213.jpg,0.4316,NO
hd2218.jpg,0.3528,NO
hd2216.jpg,0.4440,NO
hd2215.jpg,0.3496,NO
hd2219.jpg,0.3331,NO
hd2217.jpg,0.4921,NO
hd222.jpg,0.3215,NO
hd2220.jpg,0.6493,YES
hd2221.jpg,0.4592,NO
hd2224.jpg,0.3297,NO
hd2223.jpg,0.3556,NO
hd2226.jpg,0.3426,NO
hd2228.jpg,0.3327,NO
hd2229.jpg,0.6316,YES
hd2225.jpg,0.4862,NO
hd2227.jpg,0.3472,NO
hd2230.jpg,0.3588,NO
hd2232.jpg,0.6313,YES
hd2231.jpg,0.3536,NO
hd2233.jpg,0.5221,YES
hd2235.jpg,0.1654,NO
hd2236.jpg,0.4164,NO
hd2238.jpg,0.3667,NO
hd2237.jpg,0.3347,NO
hd2239.jpg,0.3064,NO
hd2240.jpg,0.3315,NO
hd2241.jpg,0.3747,NO
hd2242.jpg,0.6158,YES
hd2244.jpg,0.5910,YES
hd2245.jpg,0.1591,NO
hd2246.jpg,0.3257,NO
hd2247.jpg,0.3981,NO
hd2248.jpg,0.3614,NO
hd2251.jpg,0.3542,NO
hd2249.jpg,0.5178,YES
hd2252.jpg,0.2315,NO
hd2253.jpg,0.3153,NO
hd2254.jpg,0.3284,NO
hd2258.jpg,0.6442,YES
hd2259.jpg,0.4570,NO
hd2255.jpg,0.6540,YES
hd2256.jpg,0.2923,NO
hd2260.jpg,0.3899,NO
hd2261.jpg,0.3999,NO
hd2262.jpg,0.4386,NO
hd2263.jpg,0.4524,NO
hd2265.jpg,0.6139,YES
hd2266.jpg,0.5344,YES
hd2269.jpg,0.4129,NO
hd2267.jpg,0.5023,YES
hd2268.jpg,0.3603,NO
hd2270.jpg,0.4036,NO
hd2271.jpg,0.6429,YES
hd2272.jpg,0.3430,NO
hd2273.jpg,0.3134,NO
hd2274.jpg,0.3429,NO
hd2275.jpg,0.3061,NO
hd2278.jpg,0.3359,NO
hd2281.jpg,0.2426,NO
hd2279.jpg,0.4250,NO
hd2276.jpg,0.3479,NO
hd2277.jpg,0.3618,NO
hd2282.jpg,0.5772,YES
hd2283.jpg,0.3180,NO
hd2284.jpg,0.6007,YES
hd2285.jpg,0.4099,NO
hd2286.jpg,0.3316,NO
hd2287.jpg,0.3600,NO
hd2288.jpg,0.3602,NO
hd2289.jpg,0.3315,NO
hd229.jpg,0.5259,YES
hd2291.jpg,0.3466,NO
hd2292.jpg,0.4008,NO
hd2293.jpg,0.3735,NO
hd2294.jpg,0.3792,NO
hd2295.jpg,0.6061,YES
hd2296.jpg,0.2998,NO
hd2297.jpg,0.5850,YES
hd2298.jpg,0.3711,NO
hd2299.jpg,0.3325,NO
hd23.jpg,0.3799,NO
hd2301.jpg,0.3440,NO
hd2302.jpg,0.3827,NO
hd2303.jpg,0.3631,NO
hd2306.jpg,0.4431,NO
hd2304.jpg,0.3428,NO
hd2305.jpg,0.3381,NO
hd2307.jpg,0.3464,NO
hd2308.jpg,0.3464,NO
hd2309.jpg,0.4336,NO
hd2310.jpg,0.5191,YES
hd2311.jpg,0.3845,NO
hd2312.jpg,0.4229,NO
hd2317.jpg,0.3494,NO
hd2315.jpg,0.4038,NO
hd2313.jpg,0.3861,NO
hd2314.jpg,0.3930,NO
hd2318.jpg,0.3209,NO
hd2319.jpg,0.3241,NO
hd232.jpg,0.5835,YES
hd2320.jpg,0.2457,NO
hd2321.jpg,0.3502,NO
hd2322.jpg,0.2915,NO
hd2326.jpg,0.3380,NO
hd2324.jpg,0.5584,YES
hd2325.jpg,0.3554,NO
hd2327.jpg,0.2916,NO
hd2328.jpg,0.2925,NO
hd2329.jpg,0.3481,NO
hd2330.jpg,0.4050,NO
hd2331.jpg,0.3332,NO
hd2332.jpg,0.5437,YES
hd2335.jpg,0.3401,NO
hd2333.jpg,0.3516,NO
hd2334.jpg,0.2840,NO
hd2336.jpg,0.4890,NO
hd2337.jpg,0.5554,YES
hd2339.jpg,0.5886,YES
hd2338.jpg,0.3531,NO
hd234.jpg,0.3859,NO
hd2340.jpg,0.4987,NO
hd2341.jpg,0.4379,NO
hd2343.jpg,0.3685,NO
hd2342.jpg,0.5863,YES
hd2344.jpg,0.3568,NO
hd2345.jpg,0.3512,NO
hd2346.jpg,0.3781,NO
hd2347.jpg,0.3537,NO
hd2348.jpg,0.3582,NO
hd235.jpg,0.5753,YES
hd2352.jpg,0.3039,NO
hd2349.jpg,0.3287,NO
hd2353.jpg,0.2880,NO
hd2350.jpg,0.6275,YES
hd2354.jpg,0.2955,NO
hd2355.jpg,0.5227,YES
hd2356.jpg,0.2879,NO
hd2357.jpg,0.2656,NO
hd2358.jpg,0.3144,NO
hd236.jpg,0.5332,YES
hd2359.jpg,0.3104,NO
hd2361.jpg,0.5330,YES
hd2360.jpg,0.2969,NO
hd2362.jpg,0.3241,NO
hd2363.jpg,0.4837,NO
hd2364.jpg,0.2920,NO
hd2365.jpg,0.3304,NO
hd2366.jpg,0.6967,YES
hd2368.jpg,0.5329,YES
hd237.jpg,0.5754,YES
hd2367.jpg,0.3095,NO
hd24.jpg,0.5571,YES
hd241.jpg,0.4094,NO
hd242.jpg,0.5009,YES
hd245.jpg,0.4306,NO
hd246.jpg,0.5362,YES
hd249.jpg,0.3513,NO
hd254.jpg,0.5351,YES
hd251.jpg,0.5546,YES
hd253.jpg,0.6636,YES
hd25.jpg,0.3116,NO
hd255.jpg,0.4541,NO
hd256.jpg,0.3828,NO
hd260.jpg,0.6267,YES
hd261.jpg,0.4879,NO
hd262.jpg,0.4235,NO
hd268.jpg,0.5775,YES
hd276.jpg,0.5288,YES
hd267.jpg,0.5288,YES
hd275.jpg,0.5318,YES
hd281.jpg,0.5089,YES
hd277.jpg,0.2792,NO
hd283.jpg,0.6168,YES
hd291.jpg,0.4745,NO
hd299.jpg,0.5212,YES
hd300.jpg,0.3641,NO
hd302.jpg,0.3087,NO
hd304.jpg,0.5434,YES
hd305.jpg,0.5141,YES
hd311.jpg,0.3291,NO
hd312.jpg,0.5289,YES
hd323.jpg,0.5443,YES
hd330.jpg,0.3291,NO
hd32.jpg,0.6318,YES
hd339.jpg,0.2080,NO
hd335.jpg,0.5097,YES
hd333.jpg,0.4361,NO
hd334.jpg,0.4708,NO
hd340.jpg,0.6143,YES
hd344.jpg,0.5991,YES
hd346.jpg,0.4914,NO
hd345.jpg,0.3552,NO
hd347.jpg,0.3384,NO
hd348.jpg,0.5066,YES
hd352.jpg,0.3695,NO
hd35.jpg,0.5921,YES
hd351.jpg,0.2756,NO
hd353.jpg,0.6170,YES
hd355.jpg,0.5128,YES
hd361.jpg,0.3854,NO
hd363.jpg,0.7497,YES
hd367.jpg,0.3726,NO
hd375.jpg,0.1762,NO
hd378.jpg,0.4984,NO
hd377.jpg,0.3898,NO
hd387.jpg,0.3465,NO
hd376.jpg,0.5143,YES
hd393.jpg,0.5744,YES
hd397.jpg,0.5650,YES
hd40.jpg,0.3210,NO
hd403.jpg,0.4243,NO
hd406.jpg,0.5338,YES
hd410.jpg,0.5377,YES
hd412.jpg,0.3888,NO
hd41.jpg,0.5109,YES
hd411.jpg,0.3236,NO
hd413.jpg,0.5675,YES
hd414.jpg,0.5653,YES
hd415.jpg,0.5083,YES
hd421.jpg,0.4767,NO
hd416.jpg,0.3708,NO
hd422.jpg,0.3182,NO
hd424.jpg,0.3760,NO
hd426.jpg,0.5947,YES
hd430.jpg,0.3402,NO
hd434.jpg,0.5107,YES
hd425.jpg,0.4931,NO
hd436.jpg,0.5389,YES
hd435.jpg,0.5687,YES
hd437.jpg,0.5857,YES
hd443.jpg,0.5621,YES
hd445.jpg,0.3131,NO
hd446.jpg,0.5740,YES
hd441.jpg,0.5427,YES
hd448.jpg,0.4576,NO
hd450.jpg,0.3186,NO
hd458.jpg,0.6139,YES
hd456.jpg,0.3453,NO
hd46.jpg,0.5885,YES
hd460.jpg,0.5144,YES
hd461.jpg,0.4957,NO
hd463.jpg,0.6006,YES
hd467.jpg,0.3316,NO
hd468.jpg,0.6933,YES
hd474.jpg,0.5578,YES
hd473.jpg,0.7549,YES
hd477.jpg,0.5590,YES
hd476.jpg,0.4299,NO
hd478.jpg,0.3852,NO
hd479.jpg,0.6123,YES
hd486.jpg,0.5379,YES
hd488.jpg,0.5501,YES
hd489.jpg,0.4062,NO
hd485.jpg,0.2756,NO
hd490.jpg,0.5208,YES
hd492.jpg,0.5745,YES
hd491.jpg,0.4354,NO
hd495.jpg,0.4821,NO
hd497.jpg,0.6381,YES
hd499.jpg,0.4913,NO
hd500.jpg,0.5561,YES
hd501.jpg,0.5229,YES
hd502.jpg,0.5932,YES
hd503.jpg,0.4521,NO
hd505.jpg,0.4863,NO
hd511.jpg,0.3881,NO
hd509.jpg,0.4571,NO
hd507.jpg,0.5952,YES
hd515.jpg,0.6040,YES
hd521.jpg,0.3391,NO
hd522.jpg,0.4101,NO
hd519.jpg,0.4544,NO
hd524.jpg,0.5409,YES
hd525.jpg,0.4785,NO
hd527.jpg,0.4042,NO
hd529.jpg,0.4936,NO
hd528.jpg,0.5568,YES
hd533.jpg,0.3529,NO
hd537.jpg,0.4850,NO
hd534.jpg,0.3284,NO
hd538.jpg,0.4827,NO
hd539.jpg,0.4311,NO
hd535.jpg,0.3092,NO
hd540.jpg,0.5918,YES
hd542.jpg,0.5635,YES
hd541.jpg,0.4485,NO
hd545.jpg,0.4194,NO
hd544.jpg,0.3549,NO
hd548.jpg,0.3723,NO
hd546.jpg,0.4356,NO
hd550.jpg,0.5268,YES
hd549.jpg,0.3246,NO
hd553.jpg,0.4127,NO
hd557.jpg,0.5386,YES
hd558.jpg,0.5958,YES
hd561.jpg,0.5859,YES
hd554.jpg,0.5811,YES
hd563.jpg,0.4422,NO
hd568.jpg,0.5826,YES
hd569.jpg,0.1707,NO
hd573.jpg,0.4994,NO
hd572.jpg,0.3660,NO
hd575.jpg,0.4220,NO
hd580.jpg,0.4575,NO
hd584.jpg,0.5022,YES
hd585.jpg,0.5298,YES
hd583.jpg,0.5368,YES
hd597.jpg,0.4734,NO
hd598.jpg,0.5861,YES
hd602.jpg,0.5782,YES
hd593.jpg,0.5152,YES
hd601.jpg,0.4765,NO
hd605.jpg,0.3253,NO
hd606.jpg,0.4921,NO
hd607.jpg,0.6336,YES
hd609.jpg,0.5232,YES
hd610.jpg,0.1874,NO
hd608.jpg,0.4632,NO
hd613.jpg,0.4365,NO
hd614.jpg,0.3486,NO
hd612.jpg,0.4437,NO
hd615.jpg,0.4420,NO
hd616.jpg,0.4511,NO
hd617.jpg,0.5414,YES
hd618.jpg,0.4891,NO
hd619.jpg,0.5127,YES
hd622.jpg,0.3507,NO
hd621.jpg,0.2734,NO
hd624.jpg,0.3410,NO
hd623.jpg,0.4645,NO
hd626.jpg,0.5890,YES
hd627.jpg,0.5413,YES
hd625.jpg,0.4891,NO
hd628.jpg,0.4459,NO
hd629.jpg,0.4795,NO
hd630.jpg,0.4657,NO
hd631.jpg,0.3881,NO
hd632.jpg,0.2668,NO
hd633.jpg,0.4294,NO
hd634.jpg,0.4470,NO
hd636.jpg,0.5135,YES
hd637.jpg,0.4672,NO
hd639.jpg,0.5487,YES
hd635.jpg,0.5639,YES
hd640.jpg,0.5657,YES
hd642.jpg,0.4827,NO
hd641.jpg,0.5629,YES
hd643.jpg,0.4939,NO
hd644.jpg,0.4060,NO
hd645.jpg,0.5548,YES
hd646.jpg,0.5547,YES
hd648.jpg,0.2400,NO
hd647.jpg,0.3347,NO
hd649.jpg,0.5674,YES
hd650.jpg,0.4756,NO
hd65.jpg,0.3328,NO
hd651.jpg,0.4261,NO
hd652.jpg,0.6037,YES
hd653.jpg,0.5744,YES
hd654.jpg,0.5299,YES
hd655.jpg,0.3677,NO
hd658.jpg,0.5068,YES
hd656.jpg,0.5811,YES
hd660.jpg,0.5547,YES
hd662.jpg,0.4502,NO
hd661.jpg,0.5992,YES
hd659.jpg,0.5453,YES
hd664.jpg,0.4357,NO
hd666.jpg,0.5298,YES
hd667.jpg,0.3861,NO
hd665.jpg,0.4014,NO
hd668.jpg,0.4316,NO
hd67.jpg,0.3655,NO
hd669.jpg,0.3719,NO
hd671.jpg,0.3074,NO
hd670.jpg,0.4484,NO
hd672.jpg,0.4811,NO
hd673.jpg,0.4078,NO
hd675.jpg,0.3822,NO
hd676.jpg,0.4032,NO
hd674.jpg,0.5543,YES
hd677.jpg,0.6032,YES
hd678.jpg,0.4598,NO
hd679.jpg,0.4326,NO
hd68.jpg,0.5169,YES
hd680.jpg,0.5451,YES
hd681.jpg,0.2167,NO
hd682.jpg,0.3754,NO
hd684.jpg,0.3321,NO
hd683.jpg,0.3866,NO
hd685.jpg,0.3453,NO
hd687.jpg,0.3308,NO
hd686.jpg,0.4952,NO
hd688.jpg,0.4762,NO
hd689.jpg,0.3743,NO
hd690.jpg,0.4192,NO
hd691.jpg,0.5079,YES
hd694.jpg,0.4082,NO
hd692.jpg,0.5395,YES
hd695.jpg,0.5051,YES
hd697.jpg,0.3896,NO
hd699.jpg,0.3798,NO
hd698.jpg,0.3512,NO
hd696.jpg,0.4587,NO
hd700.jpg,0.3954,NO
hd701.jpg,0.3251,NO
hd703.jpg,0.4092,NO
hd702.jpg,0.3597,NO
hd705.jpg,0.4074,NO
hd706.jpg,0.3371,NO
hd708.jpg,0.3680,NO
hd710.jpg,0.4715,NO
hd711.jpg,0.3438,NO
hd712.jpg,0.5606,YES
hd713.jpg,0.3417,NO
hd715.jpg,0.3591,NO
hd714.jpg,0.3499,NO
hd716.jpg,0.4014,NO
hd717.jpg,0.3772,NO
hd719.jpg,0.3950,NO
hd72.jpg,0.3617,NO
hd718.jpg,0.4456,NO
hd720.jpg,0.3608,NO
hd724.jpg,0.3871,NO
hd721.jpg,0.4358,NO
hd723.jpg,0.3220,NO
hd725.jpg,0.3822,NO
hd726.jpg,0.4171,NO
hd722.jpg,0.4186,NO
hd728.jpg,0.4897,NO
hd727.jpg,0.4157,NO
hd729.jpg,0.3594,NO
hd730.jpg,0.3533,NO
hd73.jpg,0.6056,YES
hd732.jpg,0.3828,NO
hd731.jpg,0.4404,NO
hd733.jpg,0.3687,NO
hd734.jpg,0.3722,NO
hd736.jpg,0.4877,NO
hd735.jpg,0.5025,YES
hd737.jpg,0.5733,YES
hd739.jpg,0.3527,NO
hd740.jpg,0.3975,NO
hd742.jpg,0.3862,NO
hd744.jpg,0.4191,NO
hd743.jpg,0.5122,YES
hd745.jpg,0.3909,NO
hd747.jpg,0.4425,NO
hd749.jpg,0.4618,NO
hd746.jpg,0.4750,NO
hd750.jpg,0.4510,NO
hd751.jpg,0.2055,NO
hd753.jpg,0.4372,NO
hd755.jpg,0.5107,YES
hd754.jpg,0.4143,NO
hd756.jpg,0.3278,NO
hd757.jpg,0.3683,NO
hd758.jpg,0.5495,YES
hd759.jpg,0.3778,NO
hd763.jpg,0.3435,NO
hd764.jpg,0.3586,NO
hd766.jpg,0.4028,NO
hd768.jpg,0.3756,NO
hd769.jpg,0.3552,NO
hd771.jpg,0.4093,NO
hd767.jpg,0.3621,NO
hd772.jpg,0.5282,YES
hd770.jpg,0.3785,NO
hd773.jpg,0.3629,NO
hd774.jpg,0.3759,NO
hd775.jpg,0.3476,NO
hd777.jpg,0.3959,NO
hd778.jpg,0.2751,NO
hd780.jpg,0.2587,NO
hd779.jpg,0.4105,NO
hd782.jpg,0.4859,NO
hd783.jpg,0.3663,NO
hd781.jpg,0.3633,NO
hd784.jpg,0.4595,NO
hd786.jpg,0.3021,NO
hd787.jpg,0.3722,NO
hd788.jpg,0.4832,NO
hd789.jpg,0.5017,YES
hd790.jpg,0.3689,NO
hd791.jpg,0.4559,NO
hd792.jpg,0.3678,NO
hd793.jpg,0.4726,NO
hd795.jpg,0.4399,NO
hd796.jpg,0.5366,YES
hd797.jpg,0.4635,NO
hd800.jpg,0.4170,NO
hd799.jpg,0.5234,YES
hd798.jpg,0.5777,YES
hd803.jpg,0.4641,NO
hd801.jpg,0.5596,YES
hd804.jpg,0.3886,NO
hd806.jpg,0.3266,NO
hd807.jpg,0.3362,NO
hd808.jpg,0.4668,NO
hd809.jpg,0.5033,YES
hd811.jpg,0.3035,NO
hd810.jpg,0.5271,YES
hd813.jpg,0.4996,NO
hd815.jpg,0.4877,NO
hd816.jpg,0.6623,YES
hd812.jpg,0.3100,NO
hd817.jpg,0.5477,YES
hd818.jpg,0.3553,NO
hd819.jpg,0.5224,YES
hd821.jpg,0.5329,YES
hd822.jpg,0.3683,NO
hd820.jpg,0.5329,YES
hd823.jpg,0.4450,NO
hd824.jpg,0.5076,YES
hd825.jpg,0.5953,YES
hd826.jpg,0.5253,YES
hd827.jpg,0.5252,YES
hd828.jpg,0.4707,NO
hd829.jpg,0.5227,YES
hd830.jpg,0.5204,YES
hd83.jpg,0.4786,NO
hd832.jpg,0.4155,NO
hd831.jpg,0.4918,NO
hd833.jpg,0.4972,NO
hd834.jpg,0.6145,YES
hd836.jpg,0.5846,YES
hd837.jpg,0.5009,YES
hd838.jpg,0.4733,NO
hd839.jpg,0.2492,NO
hd84.jpg,0.5840,YES
hd843.jpg,0.4652,NO
hd844.jpg,0.4501,NO
hd840.jpg,0.5230,YES
hd848.jpg,0.4471,NO
hd851.jpg,0.4964,NO
hd852.jpg,0.4885,NO
hd854.jpg,0.4242,NO
hd855.jpg,0.3639,NO
hd853.jpg,0.3736,NO
hd856.jpg,0.4232,NO
hd858.jpg,0.1666,NO
hd857.jpg,0.4443,NO
hd862.jpg,0.4666,NO
hd860.jpg,0.4274,NO
hd863.jpg,0.4503,NO
hd864.jpg,0.4039,NO
hd866.jpg,0.4961,NO
hd867.jpg,0.4182,NO
hd865.jpg,0.4997,NO
hd868.jpg,0.7079,YES
hd869.jpg,0.4862,NO
hd87.jpg,0.3012,NO
hd870.jpg,0.3767,NO
hd871.jpg,0.4125,NO
hd872.jpg,0.4732,NO
hd874.jpg,0.4695,NO
hd877.jpg,0.5371,YES
hd879.jpg,0.5582,YES
hd88.jpg,0.1441,NO
hd878.jpg,0.5067,YES
hd881.jpg,0.4295,NO
hd882.jpg,0.6245,YES
hd884.jpg,0.4889,NO
hd886.jpg,0.4000,NO
hd888.jpg,0.5233,YES
hd890.jpg,0.5296,YES
hd891.jpg,0.3838,NO
hd894.jpg,0.3010,NO
hd895.jpg,0.5661,YES
hd892.jpg,0.5191,YES
hd897.jpg,0.5549,YES
hd899.jpg,0.5925,YES
hd900.jpg,0.4366,NO
hd903.jpg,0.4092,NO
hd901.jpg,0.5183,YES
hd90.jpg,0.2799,NO
hd904.jpg,0.5997,YES
hd907.jpg,0.5860,YES
hd905.jpg,0.5117,YES
hd910.jpg,0.4291,NO
hd913.jpg,0.4742,NO
hd911.jpg,0.4622,NO
hd914.jpg,0.4694,NO
hd915.jpg,0.4479,NO
hd917.jpg,0.3984,NO
hd918.jpg,0.5414,YES
hd919.jpg,0.6495,YES
hd920.jpg,0.4784,NO
hd922.jpg,0.4421,NO
hd924.jpg,0.5078,YES
hd926.jpg,0.5484,YES
hd931.jpg,0.3582,NO
hd932.jpg,0.5427,YES
hd928.jpg,0.4616,NO
hd934.jpg,0.5054,YES
hd933.jpg,0.5313,YES
hd935.jpg,0.4291,NO
hd936.jpg,0.4293,NO
hd937.jpg,0.4403,NO
hd94.jpg,0.3192,NO
hd938.jpg,0.4722,NO
hd942.jpg,0.4560,NO
hd941.jpg,0.4261,NO
hd944.jpg,0.3691,NO
hd943.jpg,0.5046,YES
hd945.jpg,0.3667,NO
hd946.jpg,0.4284,NO
hd949.jpg,0.4278,NO
hd950.jpg,0.4475,NO
hd955.jpg,0.4556,NO
hd956.jpg,0.5463,YES
hd957.jpg,0.4415,NO
hd959.jpg,0.5501,YES
hd960.jpg,0.5148,YES
hd958.jpg,0.4030,NO
hd963.jpg,0.4625,NO
hd964.jpg,0.3039,NO
hd965.jpg,0.3643,NO
hd966.jpg,0.5375,YES
hd967.jpg,0.3647,NO
hd969.jpg,0.4296,NO
hd970.jpg,0.3539,NO
hd972.jpg,0.3590,NO
hd971.jpg,0.4729,NO
hd973.jpg,0.4397,NO
hd974.jpg,0.3782,NO
hd976.jpg,0.3380,NO
hd975.jpg,0.4011,NO
hd977.jpg,0.3445,NO
hd978.jpg,0.4573,NO
hd979.jpg,0.3062,NO
hd980.jpg,0.3179,NO
hd981.jpg,0.3694,NO
hd982.jpg,0.3089,NO
hd983.jpg,0.2995,NO
hd985.jpg,0.5996,YES
hd986.jpg,0.3075,NO
hd984.jpg,0.3292,NO
hd987.jpg,0.3078,NO
hd992.jpg,0.5933,YES
hd989.jpg,0.2825,NO
hd988.jpg,0.5279,YES
hd993.jpg,0.4080,NO
hd994.jpg,0.3864,NO
hd999.jpg,0.4589,NO
hd995.jpg,0.3798,NO
hook1.jpg,0.2834,NO
hd998.jpg,0.4767,NO
hook10.jpg,0.3248,NO
hook100.jpg,0.3519,NO
hook1000.jpg,0.4656,NO
hook1001.jpg,0.3756,NO
hook1003.jpg,0.2442,NO
hook1002.jpg,0.4840,NO
hook1004.jpg,0.3605,NO
hook1007.jpg,0.5237,YES
hook1006.jpg,0.2608,NO
hook1009.jpg,0.3137,NO
hook1008.jpg,0.3481,NO
hook101.jpg,0.2678,NO
hook1010.jpg,0.3126,NO
hook1011.jpg,0.3068,NO
hook1013.jpg,0.3085,NO
hook1015.jpg,0.3079,NO
hook1018.jpg,0.4388,NO
hook1019.jpg,0.3536,NO
hook1020.jpg,0.2927,NO
hook102.jpg,0.3440,NO
hook1021.jpg,0.3710,NO
hook1022.jpg,0.2819,NO
hook1023.jpg,0.2839,NO
hook1024.jpg,0.2405,NO
hook1026.jpg,0.2714,NO
hook1025.jpg,0.2797,NO
hook1028.jpg,0.3140,NO
hook1030.jpg,0.2366,NO
hook103.jpg,0.3402,NO
hook1029.jpg,0.4997,NO
hook1031.jpg,0.2780,NO
hook1032.jpg,0.2779,NO
hook1034.jpg,0.2603,NO
hook1036.jpg,0.2976,NO
hook1035.jpg,0.2569,NO
hook1038.jpg,0.2486,NO
hook1037.jpg,0.2965,NO
hook104.jpg,0.3295,NO
hook1039.jpg,0.2806,NO
hook1040.jpg,0.4953,NO
hook1041.jpg,0.2929,NO
hook1042.jpg,0.2617,NO
hook1044.jpg,0.3213,NO
hook1045.jpg,0.2742,NO
hook1043.jpg,0.2767,NO
hook1046.jpg,0.4208,NO
hook1048.jpg,0.3445,NO
hook1047.jpg,0.3424,NO
hook1049.jpg,0.4290,NO
hook105.jpg,0.3872,NO
hook1050.jpg,0.3219,NO
hook1051.jpg,0.3887,NO
hook1053.jpg,0.3468,NO
hook1052.jpg,0.3905,NO
hook1054.jpg,0.3433,NO
hook1055.jpg,0.3838,NO
hook1056.jpg,0.4229,NO
hook1057.jpg,0.4103,NO
hook1059.jpg,0.3532,NO
hook1058.jpg,0.4086,NO
hook106.jpg,0.3650,NO
hook1061.jpg,0.3524,NO
hook1060.jpg,0.2638,NO
hook1063.jpg,0.3171,NO
hook1062.jpg,0.5436,YES
hook1064.jpg,0.4040,NO
hook1065.jpg,0.4621,NO
hook1066.jpg,0.4294,NO
hook1067.jpg,0.3448,NO
hook1068.jpg,0.5011,YES
hook1069.jpg,0.4326,NO
hook107.jpg,0.2819,NO
hook1072.jpg,0.4983,NO
hook1073.jpg,0.2719,NO
hook1071.jpg,0.5736,YES
hook1074.jpg,0.4196,NO
hook1075.jpg,0.4654,NO
hook1076.jpg,0.4188,NO
hook1078.jpg,0.3994,NO
hook1077.jpg,0.3794,NO
hook1079.jpg,0.3590,NO
hook108.jpg,0.4495,NO
hook1081.jpg,0.3925,NO
hook1082.jpg,0.3927,NO
hook1080.jpg,0.1603,NO
hook1083.jpg,0.3445,NO
hook1084.jpg,0.5114,YES
hook1087.jpg,0.2765,NO
hook1085.jpg,0.4359,NO
hook1088.jpg,0.1978,NO
hook109.jpg,0.3316,NO
hook1090.jpg,0.3581,NO
hook1092.jpg,0.4587,NO
hook1091.jpg,0.4644,NO
hook1093.jpg,0.3756,NO
hook1094.jpg,0.4199,NO
hook1096.jpg,0.4997,NO
hook1097.jpg,0.3986,NO
hook1095.jpg,0.4442,NO
hook1098.jpg,0.3878,NO
hook11.jpg,0.2569,NO
hook110.jpg,0.3370,NO
hook1100.jpg,0.4066,NO
hook1101.jpg,0.3103,NO
hook1102.jpg,0.3893,NO
hook1103.jpg,0.3946,NO
hook1105.jpg,0.4330,NO
hook1106.jpg,0.3711,NO
hook1104.jpg,0.3415,NO
hook1108.jpg,0.3890,NO
hook1107.jpg,0.4684,NO
hook1109.jpg,0.4703,NO
hook111.jpg,0.3863,NO
hook1110.jpg,0.3894,NO
hook1111.jpg,0.3958,NO
hook1112.jpg,0.3564,NO
hook1113.jpg,0.4156,NO
hook1114.jpg,0.3675,NO
hook1117.jpg,0.4367,NO
hook1118.jpg,0.2863,NO
hook1119.jpg,0.3322,NO
hook1115.jpg,0.3552,NO
hook112.jpg,0.2847,NO
hook1120.jpg,0.3481,NO
hook1122.jpg,0.2864,NO
hook1121.jpg,0.3760,NO
hook1123.jpg,0.4044,NO
hook1124.jpg,0.3676,NO
hook1125.jpg,0.3949,NO
hook1127.jpg,0.3120,NO
hook1126.jpg,0.3655,NO
hook1128.jpg,0.3345,NO
hook1129.jpg,0.2795,NO
hook1132.jpg,0.3109,NO
hook113.jpg,0.3854,NO
hook1133.jpg,0.4281,NO
hook1134.jpg,0.3223,NO
hook1135.jpg,0.3646,NO
hook1138.jpg,0.3409,NO
hook1137.jpg,0.3616,NO
hook1139.jpg,0.3932,NO
hook114.jpg,0.4021,NO
hook1141.jpg,0.4105,NO
hook1142.jpg,0.2038,NO
hook1140.jpg,0.4622,NO
hook1143.jpg,0.1685,NO
hook1144.jpg,0.3689,NO
hook1145.jpg,0.3442,NO
hook1147.jpg,0.3030,NO
hook1148.jpg,0.3952,NO
hook1149.jpg,0.3916,NO
hook115.jpg,0.4236,NO
hook1151.jpg,0.4348,NO
hook1150.jpg,0.3917,NO
hook1152.jpg,0.3556,NO
hook1156.jpg,0.4727,NO
hook1153.jpg,0.4073,NO
hook1157.jpg,0.4369,NO
hook1158.jpg,0.4003,NO
hook1159.jpg,0.4328,NO
hook116.jpg,0.4694,NO
hook1161.jpg,0.3476,NO
hook1160.jpg,0.3601,NO
hook1162.jpg,0.4592,NO
hook1164.jpg,0.4375,NO
hook1165.jpg,0.3803,NO
hook1166.jpg,0.3340,NO
hook1163.jpg,0.3808,NO
hook1167.jpg,0.4335,NO
hook1168.jpg,0.3642,NO
hook117.jpg,0.3835,NO
hook1170.jpg,0.3533,NO
hook1172.jpg,0.3588,NO
hook1171.jpg,0.3636,NO
hook1173.jpg,0.5663,YES
hook1175.jpg,0.3738,NO
hook1174.jpg,0.3558,NO
hook1176.jpg,0.3585,NO
hook1178.jpg,0.3572,NO
hook1177.jpg,0.3536,NO
hook1179.jpg,0.3477,NO
hook118.jpg,0.2308,NO
hook1180.jpg,0.3263,NO
hook1182.jpg,0.3628,NO
hook1184.jpg,0.2789,NO
hook1183.jpg,0.3688,NO
hook1185.jpg,0.4788,NO
hook1187.jpg,0.4125,NO
hook1188.jpg,0.3372,NO
hook1186.jpg,0.3683,NO
hook1189.jpg,0.4124,NO
hook119.jpg,0.1602,NO
hook1190.jpg,0.3664,NO
hook1191.jpg,0.4204,NO
hook1192.jpg,0.3297,NO
hook1193.jpg,0.3231,NO
hook1194.jpg,0.3672,NO
hook1197.jpg,0.4500,NO
hook1195.jpg,0.4236,NO
hook1198.jpg,0.3783,NO
hook1199.jpg,0.3850,NO
hook120.jpg,0.3976,NO
hook12.jpg,0.3077,NO
hook1200.jpg,0.3372,NO
hook1201.jpg,0.4825,NO
hook1202.jpg,0.5082,YES
hook1204.jpg,0.3997,NO
hook1205.jpg,0.3790,NO
hook1203.jpg,0.3827,NO
hook1207.jpg,0.4973,NO
hook1209.jpg,0.3820,NO
hook1208.jpg,0.4189,NO
hook121.jpg,0.3058,NO
hook1210.jpg,0.4125,NO
hook1211.jpg,0.3709,NO
hook1212.jpg,0.3179,NO
hook1214.jpg,0.3440,NO
hook1217.jpg,0.4022,NO
hook1218.jpg,0.5302,YES
hook1220.jpg,0.4361,NO
hook1221.jpg,0.2872,NO
hook1219.jpg,0.4321,NO
hook1222.jpg,0.4065,NO
hook1223.jpg,0.3073,NO
hook1224.jpg,0.2987,NO
hook1225.jpg,0.3076,NO
hook1226.jpg,0.3124,NO
hook1228.jpg,0.3345,NO
hook1229.jpg,0.3089,NO
hook1230.jpg,0.3220,NO
hook1231.jpg,0.3464,NO
hook123.jpg,0.3809,NO
hook1233.jpg,0.2698,NO
hook1234.jpg,0.2636,NO
hook1232.jpg,0.2879,NO
hook1235.jpg,0.2482,NO
hook1236.jpg,0.2660,NO
hook1237.jpg,0.2453,NO
hook1238.jpg,0.3174,NO
hook1239.jpg,0.2684,NO
hook1240.jpg,0.2909,NO
hook1241.jpg,0.3076,NO
hook1243.jpg,0.3343,NO
hook1242.jpg,0.2251,NO
hook1244.jpg,0.2767,NO
hook1245.jpg,0.2686,NO
hook1246.jpg,0.1682,NO
hook1248.jpg,0.2800,NO
hook1247.jpg,0.2525,NO
hook1249.jpg,0.2404,NO
hook125.jpg,0.2923,NO
hook1251.jpg,0.4047,NO
hook1250.jpg,0.2719,NO
hook1252.jpg,0.3174,NO
hook1253.jpg,0.3271,NO
hook1254.jpg,0.3207,NO
hook1256.jpg,0.2226,NO
hook1255.jpg,0.3774,NO
hook1257.jpg,0.3329,NO
hook1258.jpg,0.2871,NO
hook126.jpg,0.3908,NO
hook1260.jpg,0.1666,NO
hook1259.jpg,0.2922,NO
hook1261.jpg,0.3010,NO
hook1262.jpg,0.4789,NO
hook1264.jpg,0.3020,NO
hook1265.jpg,0.3249,NO
hook1263.jpg,0.3186,NO
hook1266.jpg,0.3188,NO
hook1267.jpg,0.3514,NO
hook1268.jpg,0.4213,NO
hook1269.jpg,0.3533,NO
hook127.jpg,0.3118,NO
hook1270.jpg,0.2881,NO
hook1272.jpg,0.3353,NO
hook1273.jpg,0.4732,NO
hook1274.jpg,0.4821,NO
hook1275.jpg,0.4546,NO
hook1278.jpg,0.4650,NO
hook1279.jpg,0.3800,NO
hook1277.jpg,0.4056,NO
hook1280.jpg,0.4128,NO
hook128.jpg,0.3973,NO
hook1283.jpg,0.3514,NO
hook1282.jpg,0.3917,NO
hook1281.jpg,0.4559,NO
hook1286.jpg,0.3450,NO
hook1288.jpg,0.3081,NO
hook1289.jpg,0.4295,NO
hook129.jpg,0.2695,NO
hook1290.jpg,0.2021,NO
hook1291.jpg,0.3928,NO
hook1292.jpg,0.2918,NO
hook1294.jpg,0.2976,NO
hook1293.jpg,0.3005,NO
hook1295.jpg,0.3428,NO
hook1297.jpg,0.3150,NO
hook1298.jpg,0.2749,NO
hook1296.jpg,0.3678,NO
hook13.jpg,0.2451,NO
hook1299.jpg,0.2799,NO
hook130.jpg,0.3910,NO
hook1302.jpg,0.3242,NO
hook1301.jpg,0.2715,NO
hook1303.jpg,0.2906,NO
hook1304.jpg,0.2709,NO
hook1306.jpg,0.2744,NO
hook1308.jpg,0.2444,NO
hook1305.jpg,0.3409,NO
hook1309.jpg,0.2440,NO
hook131.jpg,0.3044,NO
hook1311.jpg,0.2328,NO
hook1310.jpg,0.1784,NO
hook1312.jpg,0.2530,NO
hook1313.jpg,0.2629,NO
hook1314.jpg,0.2079,NO
hook1315.jpg,0.2625,NO
hook1316.jpg,0.2626,NO
hook1317.jpg,0.2047,NO
hook1318.jpg,0.1912,NO
hook1320.jpg,0.2729,NO
hook1319.jpg,0.1994,NO
hook1322.jpg,0.2743,NO
hook1321.jpg,0.2094,NO
hook1324.jpg,0.2379,NO
hook1325.jpg,0.2868,NO
hook1323.jpg,0.2219,NO
hook1326.jpg,0.2333,NO
hook1327.jpg,0.2465,NO
hook133.jpg,0.4085,NO
hook1330.jpg,0.2846,NO
hook1329.jpg,0.4102,NO
hook1331.jpg,0.2217,NO
hook1332.jpg,0.2769,NO
hook1333.jpg,0.2304,NO
hook1334.jpg,0.2678,NO
hook1335.jpg,0.2711,NO
hook1336.jpg,0.3039,NO
hook1337.jpg,0.2583,NO
hook134.jpg,0.2863,NO
hook1339.jpg,0.2927,NO
hook1340.jpg,0.3389,NO
hook1342.jpg,0.2825,NO
hook1341.jpg,0.2780,NO
hook1343.jpg,0.2604,NO
hook1344.jpg,0.2760,NO
hook1345.jpg,0.3047,NO
hook1346.jpg,0.2585,NO
hook1348.jpg,0.3427,NO
hook1347.jpg,0.3042,NO
hook1349.jpg,0.3136,NO
hook1350.jpg,0.3242,NO
hook135.jpg,0.3865,NO
hook1352.jpg,0.2982,NO
hook1353.jpg,0.3384,NO
hook1356.jpg,0.3038,NO
hook1357.jpg,0.1507,NO
hook1358.jpg,0.2962,NO
hook1359.jpg,0.3268,NO
hook136.jpg,0.2553,NO
hook1361.jpg,0.3261,NO
hook1362.jpg,0.3683,NO
hook1360.jpg,0.3169,NO
hook1363.jpg,0.2834,NO
hook1364.jpg,0.3062,NO
hook1366.jpg,0.3217,NO
hook1367.jpg,0.3047,NO
hook1365.jpg,0.3517,NO
hook1369.jpg,0.3647,NO
hook137.jpg,0.3490,NO
hook1371.jpg,0.3437,NO
hook1372.jpg,0.3743,NO
hook1370.jpg,0.3580,NO
hook1373.jpg,0.4501,NO
hook1374.jpg,0.2858,NO
hook1377.jpg,0.3102,NO
hook1379.jpg,0.3168,NO
hook1378.jpg,0.2377,NO
hook138.jpg,0.2982,NO
hook1380.jpg,0.3367,NO
hook1381.jpg,0.2888,NO
hook1382.jpg,0.2710,NO
hook1383.jpg,0.2914,NO
hook1385.jpg,0.3013,NO
hook1386.jpg,0.2833,NO
hook1384.jpg,0.4009,NO
hook1387.jpg,0.2808,NO
hook1388.jpg,0.2901,NO
hook139.jpg,0.3863,NO
hook1390.jpg,0.2586,NO
hook1389.jpg,0.2921,NO
hook1391.jpg,0.3026,NO
hook1392.jpg,0.3079,NO
hook1394.jpg,0.2942,NO
hook1395.jpg,0.3510,NO
hook1393.jpg,0.2832,NO
hook1396.jpg,0.3024,NO
hook1397.jpg,0.1756,NO
hook1398.jpg,0.2357,NO
hook1399.jpg,0.2688,NO
hook140.jpg,0.2668,NO
hook1403.jpg,0.2647,NO
hook1400.jpg,0.2769,NO
hook1404.jpg,0.2378,NO
hook1406.jpg,0.2904,NO
hook1407.jpg,0.4019,NO
hook141.jpg,0.3359,NO
hook1411.jpg,0.2467,NO
hook1412.jpg,0.2371,NO
hook1414.jpg,0.2678,NO
hook1409.jpg,0.2286,NO
hook1416.jpg,0.2712,NO
hook1415.jpg,0.2198,NO
hook1417.jpg,0.2340,NO
hook1418.jpg,0.2582,NO
hook1419.jpg,0.2250,NO
hook142.jpg,0.3392,NO
hook1420.jpg,0.2039,NO
hook1422.jpg,0.2808,NO
hook1424.jpg,0.2782,NO
hook1426.jpg,0.2424,NO
hook1425.jpg,0.2370,NO
hook1427.jpg,0.2083,NO
hook1428.jpg,0.2578,NO
hook1429.jpg,0.5334,YES
hook1430.jpg,0.2686,NO
hook1431.jpg,0.2658,NO
hook1432.jpg,0.2435,NO
hook1433.jpg,0.2338,NO
hook1436.jpg,0.2204,NO
hook1439.jpg,0.1527,NO
hook1438.jpg,0.2632,NO
hook1435.jpg,0.2685,NO
hook144.jpg,0.3494,NO
hook1441.jpg,0.2724,NO
hook1440.jpg,0.4370,NO
hook1442.jpg,0.2134,NO
hook1443.jpg,0.3276,NO
hook1444.jpg,0.2767,NO
hook1445.jpg,0.2297,NO
hook1448.jpg,0.2115,NO
hook1446.jpg,0.2375,NO
hook1449.jpg,0.2776,NO
hook1450.jpg,0.2359,NO
hook145.jpg,0.3852,NO
hook1452.jpg,0.2267,NO
hook1451.jpg,0.3980,NO
hook1454.jpg,0.2153,NO
hook1455.jpg,0.1898,NO
hook1456.jpg,0.2719,NO
hook1457.jpg,0.1692,NO
hook1458.jpg,0.2730,NO
hook146.jpg,0.2890,NO
hook1460.jpg,0.2943,NO
hook1459.jpg,0.2730,NO
hook1462.jpg,0.3615,NO
hook1461.jpg,0.2698,NO
hook1464.jpg,0.3112,NO
hook1463.jpg,0.2846,NO
hook1465.jpg,0.2775,NO
hook1466.jpg,0.2932,NO
hook1468.jpg,0.3147,NO
hook1470.jpg,0.3057,NO
hook1471.jpg,0.2888,NO
hook1469.jpg,0.3070,NO
hook1472.jpg,0.2972,NO
hook1473.jpg,0.3480,NO
hook1474.jpg,0.2947,NO
hook1475.jpg,0.2249,NO
hook1477.jpg,0.2940,NO
hook1478.jpg,0.2789,NO
hook1479.jpg,0.2701,NO
hook148.jpg,0.3527,NO
hook1480.jpg,0.2310,NO
hook1482.jpg,0.2730,NO
hook1483.jpg,0.2511,NO
hook1481.jpg,0.2761,NO
hook1486.jpg,0.2748,NO
hook1484.jpg,0.5133,YES
hook1487.jpg,0.2325,NO
hook1489.jpg,0.2633,NO
hook1488.jpg,0.2545,NO
hook1490.jpg,0.2652,NO
hook1491.jpg,0.2482,NO
hook1493.jpg,0.2695,NO
hook1494.jpg,0.2540,NO
hook1496.jpg,0.2367,NO
hook1492.jpg,0.2135,NO
hook1497.jpg,0.2322,NO
hook1498.jpg,0.2389,NO
hook1499.jpg,0.2299,NO
hook15.jpg,0.3117,NO
hook150.jpg,0.3589,NO
hook1500.jpg,0.2154,NO
hook1501.jpg,0.2169,NO
hook1502.jpg,0.2495,NO
hook1503.jpg,0.2768,NO
hook1506.jpg,0.2943,NO
hook1507.jpg,0.2110,NO
hook1504.jpg,0.2861,NO
hook1509.jpg,0.2562,NO
hook1508.jpg,0.1052,NO
hook151.jpg,0.2949,NO
hook1511.jpg,0.2865,NO
hook1510.jpg,0.2547,NO
hook1512.jpg,0.2375,NO
hook1515.jpg,0.3132,NO
hook1517.jpg,0.2856,NO
hook1518.jpg,0.4313,NO
hook1519.jpg,0.2393,NO
hook1516.jpg,0.2335,NO
hook152.jpg,0.3930,NO
hook1520.jpg,0.2468,NO
hook1522.jpg,0.2578,NO
hook1523.jpg,0.2494,NO
hook1524.jpg,0.2080,NO
hook1526.jpg,0.2578,NO
hook1525.jpg,0.2400,NO
hook1527.jpg,0.2559,NO
hook1528.jpg,0.3021,NO
hook1530.jpg,0.2770,NO
hook153.jpg,0.5160,YES
hook1529.jpg,0.3405,NO
hook1531.jpg,0.1482,NO
hook1533.jpg,0.2808,NO
hook1532.jpg,0.2557,NO
hook1534.jpg,0.2756,NO
hook1535.jpg,0.3064,NO
hook1536.jpg,0.2666,NO
hook1538.jpg,0.2503,NO
hook154.jpg,0.3631,NO
hook1540.jpg,0.3741,NO
hook1541.jpg,0.2863,NO
hook1539.jpg,0.2511,NO
hook1543.jpg,0.2905,NO
hook1542.jpg,0.2915,NO
hook1544.jpg,0.2693,NO
hook1545.jpg,0.3070,NO
hook1546.jpg,0.4045,NO
hook1548.jpg,0.1999,NO
hook1549.jpg,0.2856,NO
hook155.jpg,0.4898,NO
hook1551.jpg,0.4173,NO
hook1553.jpg,0.3345,NO
hook1552.jpg,0.2976,NO
hook1555.jpg,0.3498,NO
hook1557.jpg,0.3159,NO
hook1556.jpg,0.2939,NO
hook1558.jpg,0.3521,NO
hook1559.jpg,0.3570,NO
hook156.jpg,0.4136,NO
hook1562.jpg,0.4124,NO
hook1560.jpg,0.3373,NO
hook1563.jpg,0.3060,NO
hook1564.jpg,0.2344,NO
hook1561.jpg,0.3335,NO
hook1565.jpg,0.3763,NO
hook1567.jpg,0.3960,NO
hook1566.jpg,0.4445,NO
hook1569.jpg,0.2634,NO
hook1568.jpg,0.3227,NO
hook157.jpg,0.5176,YES
hook1570.jpg,0.2993,NO
hook1572.jpg,0.3758,NO
hook1571.jpg,0.3568,NO
hook1573.jpg,0.3458,NO
hook1575.jpg,0.3691,NO
hook1576.jpg,0.1734,NO
hook1574.jpg,0.3658,NO
hook1577.jpg,0.3620,NO
hook1578.jpg,0.3366,NO
hook158.jpg,0.3508,NO
hook1580.jpg,0.2262,NO
hook1582.jpg,0.3654,NO
hook1583.jpg,0.3241,NO
hook1584.jpg,0.3609,NO
hook1586.jpg,0.3053,NO
hook1587.jpg,0.2847,NO
hook1585.jpg,0.2944,NO
hook1588.jpg,0.3074,NO
hook159.jpg,0.3596,NO
hook1589.jpg,0.2980,NO
hook1590.jpg,0.2751,NO
hook1591.jpg,0.2882,NO
hook1592.jpg,0.2746,NO
hook1593.jpg,0.2953,NO
hook1595.jpg,0.3085,NO
hook1594.jpg,0.1811,NO
hook1596.jpg,0.2735,NO
hook1597.jpg,0.2736,NO
hook1598.jpg,0.2422,NO
hook1599.jpg,0.2733,NO
hook16.jpg,0.3555,NO
hook160.jpg,0.3671,NO
hook1600.jpg,0.3256,NO
hook1601.jpg,0.2527,NO
hook1602.jpg,0.2752,NO
hook1604.jpg,0.2913,NO
hook1605.jpg,0.3010,NO
hook1603.jpg,0.3982,NO
hook1606.jpg,0.3344,NO
hook1607.jpg,0.2220,NO
hook1608.jpg,0.3086,NO
hook161.jpg,0.4440,NO
hook1609.jpg,0.3688,NO
hook1611.jpg,0.3665,NO
hook1612.jpg,0.3450,NO
hook1616.jpg,0.4105,NO
hook1617.jpg,0.4204,NO
hook1615.jpg,0.2926,NO
hook1618.jpg,0.3899,NO
hook1619.jpg,0.4175,NO
hook1620.jpg,0.3847,NO
hook162.jpg,0.2650,NO
hook1621.jpg,0.4277,NO
hook1622.jpg,0.3549,NO
hook1623.jpg,0.1688,NO
hook1625.jpg,0.5089,YES
hook1624.jpg,0.3319,NO
hook1626.jpg,0.3973,NO
hook1627.jpg,0.5129,YES
hook1629.jpg,0.3067,NO
hook1628.jpg,0.3277,NO
hook1630.jpg,0.3630,NO
hook1631.jpg,0.2120,NO
hook1632.jpg,0.1441,NO
hook1634.jpg,0.2181,NO
hook1633.jpg,0.5250,YES
hook1635.jpg,0.3783,NO
hook1636.jpg,0.4715,NO
hook1638.jpg,0.4317,NO
hook1639.jpg,0.1269,NO
hook1637.jpg,0.3884,NO
hook164.jpg,0.3918,NO
hook1640.jpg,0.3543,NO
hook1642.jpg,0.3374,NO
hook1641.jpg,0.4179,NO
hook1643.jpg,0.4878,NO
hook1644.jpg,0.3939,NO
hook1645.jpg,0.3325,NO
hook1647.jpg,0.2223,NO
hook1646.jpg,0.4659,NO
hook1648.jpg,0.5029,YES
hook1649.jpg,0.3932,NO
hook165.jpg,0.3678,NO
hook1650.jpg,0.3772,NO
hook1651.jpg,0.3635,NO
hook1652.jpg,0.4281,NO
hook1653.jpg,0.1167,NO
hook1656.jpg,0.3701,NO
hook1654.jpg,0.5072,YES
hook1657.jpg,0.3910,NO
hook1659.jpg,0.4061,NO
hook166.jpg,0.3574,NO
hook1658.jpg,0.4464,NO
hook1660.jpg,0.2246,NO
hook1662.jpg,0.3724,NO
hook1664.jpg,0.4691,NO
hook1666.jpg,0.3221,NO
hook1665.jpg,0.3024,NO
hook1667.jpg,0.4464,NO
hook1668.jpg,0.3421,NO
hook167.jpg,0.1807,NO
hook1669.jpg,0.3686,NO
hook1670.jpg,0.2287,NO
hook1671.jpg,0.3188,NO
hook1672.jpg,0.4296,NO
hook1673.jpg,0.3649,NO
hook1674.jpg,0.3145,NO
hook1675.jpg,0.4440,NO
hook1676.jpg,0.4650,NO
hook1678.jpg,0.2427,NO
hook1679.jpg,0.3323,NO
hook1677.jpg,0.2668,NO
hook168.jpg,0.3380,NO
hook1681.jpg,0.2317,NO
hook1682.jpg,0.3409,NO
hook1680.jpg,0.2895,NO
hook1683.jpg,0.3285,NO
hook1684.jpg,0.3757,NO
hook1685.jpg,0.3679,NO
hook1687.jpg,0.3667,NO
hook1686.jpg,0.3503,NO
hook1689.jpg,0.3218,NO
hook169.jpg,0.4214,NO
hook1691.jpg,0.3169,NO
hook1692.jpg,0.3148,NO
hook1690.jpg,0.3658,NO
hook1693.jpg,0.3511,NO
hook1694.jpg,0.3436,NO
hook1695.jpg,0.4113,NO
hook1696.jpg,0.3337,NO
hook1697.jpg,0.3357,NO
hook1698.jpg,0.3215,NO
hook1699.jpg,0.3436,NO
hook170.jpg,0.3850,NO
hook17.jpg,0.4104,NO
hook1700.jpg,0.2686,NO
hook1702.jpg,0.3584,NO
hook1703.jpg,0.2394,NO
hook1701.jpg,0.3884,NO
hook1704.jpg,0.3255,NO
hook1705.jpg,0.3667,NO
hook1706.jpg,0.3310,NO
hook1708.jpg,0.3794,NO
hook1707.jpg,0.3210,NO
hook171.jpg,0.3853,NO
hook1709.jpg,0.1992,NO
hook1711.jpg,0.3528,NO
hook1710.jpg,0.3180,NO
hook1712.jpg,0.2318,NO
hook1713.jpg,0.3218,NO
hook1714.jpg,0.4092,NO
hook1715.jpg,0.4645,NO
hook1717.jpg,0.3711,NO
hook1718.jpg,0.4312,NO
hook1719.jpg,0.4327,NO
hook1720.jpg,0.4424,NO
hook172.jpg,0.4588,NO
hook1721.jpg,0.4244,NO
hook1722.jpg,0.3538,NO
hook1724.jpg,0.3953,NO
hook1723.jpg,0.4804,NO
hook1725.jpg,0.4802,NO
hook1726.jpg,0.4728,NO
hook1727.jpg,0.4420,NO
hook1729.jpg,0.3229,NO
hook173.jpg,0.2703,NO
hook1728.jpg,0.4268,NO
hook1730.jpg,0.3961,NO
hook1732.jpg,0.4225,NO
hook1733.jpg,0.5350,YES
hook1731.jpg,0.4696,NO
hook1734.jpg,0.5472,YES
hook1735.jpg,0.4445,NO
hook1736.jpg,0.2104,NO
hook1737.jpg,0.3580,NO
hook1738.jpg,0.5758,YES
hook1739.jpg,0.2574,NO
hook1740.jpg,0.3965,NO
hook1743.jpg,0.3195,NO
hook1744.jpg,0.4472,NO
hook1741.jpg,0.2667,NO
hook1745.jpg,0.2966,NO
hook1746.jpg,0.3126,NO
hook1747.jpg,0.3806,NO
hook1748.jpg,0.3587,NO
hook1749.jpg,0.4025,NO
hook175.jpg,0.3418,NO
hook1750.jpg,0.2935,NO
hook1752.jpg,0.3305,NO
hook1751.jpg,0.2917,NO
hook1754.jpg,0.3610,NO
hook1755.jpg,0.3677,NO
hook1753.jpg,0.3047,NO
hook1756.jpg,0.3675,NO
hook1757.jpg,0.3214,NO
hook1759.jpg,0.2036,NO
hook176.jpg,0.3841,NO
hook1760.jpg,0.3111,NO
hook1761.jpg,0.4980,NO
hook1762.jpg,0.3334,NO
hook1765.jpg,0.4439,NO
hook1766.jpg,0.3779,NO
hook1763.jpg,0.3068,NO
hook1767.jpg,0.5212,YES
hook1768.jpg,0.4131,NO
hook177.jpg,0.3816,NO
hook1769.jpg,0.4507,NO
hook1770.jpg,0.3520,NO
hook1771.jpg,0.4606,NO
hook1772.jpg,0.3177,NO
hook1775.jpg,0.3032,NO
hook1776.jpg,0.3502,NO
hook1774.jpg,0.3961,NO
hook1777.jpg,0.3860,NO
hook1779.jpg,0.3354,NO
hook178.jpg,0.3040,NO
hook1778.jpg,0.3721,NO
hook1780.jpg,0.3961,NO
hook1781.jpg,0.3186,NO
hook1782.jpg,0.3719,NO
hook1783.jpg,0.3646,NO
hook1784.jpg,0.2370,NO
hook1785.jpg,0.4038,NO
hook1786.jpg,0.3772,NO
hook1788.jpg,0.3258,NO
hook1789.jpg,0.3718,NO
hook1790.jpg,0.3383,NO
hook1787.jpg,0.3330,NO
hook1791.jpg,0.3287,NO
hook1792.jpg,0.2450,NO
hook1793.jpg,0.3289,NO
hook1794.jpg,0.3013,NO
hook1795.jpg,0.3948,NO
hook1797.jpg,0.3433,NO
hook1796.jpg,0.2942,NO
hook1798.jpg,0.4011,NO
hook18.jpg,0.3601,NO
hook180.jpg,0.3133,NO
hook1799.jpg,0.2921,NO
hook1800.jpg,0.3497,NO
hook1801.jpg,0.3441,NO
hook1802.jpg,0.1587,NO
hook1803.jpg,0.3327,NO
hook1804.jpg,0.4144,NO
hook1805.jpg,0.3641,NO
hook1806.jpg,0.3665,NO
hook1808.jpg,0.1748,NO
hook181.jpg,0.4224,NO
hook1810.jpg,0.2115,NO
hook1807.jpg,0.3686,NO
hook1812.jpg,0.3109,NO
hook1814.jpg,0.2580,NO
hook1815.jpg,0.2600,NO
hook1813.jpg,0.3123,NO
hook1816.jpg,0.3588,NO
hook1817.jpg,0.3930,NO
hook1818.jpg,0.2954,NO
hook182.jpg,0.4174,NO
hook1819.jpg,0.2674,NO
hook1820.jpg,0.3228,NO
hook1821.jpg,0.3160,NO
hook1823.jpg,0.3276,NO
hook1824.jpg,0.4233,NO
hook1822.jpg,0.3188,NO
hook1825.jpg,0.4248,NO
hook1826.jpg,0.2497,NO
hook1827.jpg,0.4317,NO
hook1828.jpg,0.4061,NO
hook1829.jpg,0.3515,NO
hook183.jpg,0.3468,NO
hook1830.jpg,0.2670,NO
hook1832.jpg,0.2694,NO
hook1831.jpg,0.1420,NO
hook1833.jpg,0.3723,NO
hook1835.jpg,0.3297,NO
hook1834.jpg,0.2579,NO
hook1836.jpg,0.3414,NO
hook1837.jpg,0.3504,NO
hook1838.jpg,0.3320,NO
hook1839.jpg,0.3893,NO
hook1841.jpg,0.4119,NO
hook184.jpg,0.3083,NO
hook1842.jpg,0.4667,NO
hook1844.jpg,0.4917,NO
hook1846.jpg,0.4128,NO
hook1843.jpg,0.4453,NO
hook1847.jpg,0.3643,NO
hook1848.jpg,0.3895,NO
hook1849.jpg,0.4370,NO
hook185.jpg,0.2473,NO
hook1850.jpg,0.3965,NO
hook1851.jpg,0.2900,NO
hook1852.jpg,0.3759,NO
hook1854.jpg,0.3242,NO
hook1855.jpg,0.3512,NO
hook1853.jpg,0.3295,NO
hook1856.jpg,0.2835,NO
hook1858.jpg,0.3264,NO
hook1857.jpg,0.3552,NO
hook1859.jpg,0.2723,NO
hook186.jpg,0.3508,NO
hook1860.jpg,0.3186,NO
hook1862.jpg,0.4667,NO
hook1864.jpg,0.3159,NO
hook1863.jpg,0.3534,NO
hook1865.jpg,0.3076,NO
hook1868.jpg,0.2983,NO
hook1869.jpg,0.2626,NO
hook1866.jpg,0.2852,NO
hook187.jpg,0.3705,NO
hook1870.jpg,0.3581,NO
hook1871.jpg,0.3210,NO
hook1872.jpg,0.5161,YES
hook1873.jpg,0.4318,NO
hook1874.jpg,0.3599,NO
hook1875.jpg,0.3073,NO
hook1877.jpg,0.3125,NO
hook1878.jpg,0.2481,NO
hook1876.jpg,0.2769,NO
hook1879.jpg,0.2363,NO
hook1880.jpg,0.2611,NO
hook188.jpg,0.1741,NO
hook1881.jpg,0.2341,NO
hook1882.jpg,0.2464,NO
hook1884.jpg,0.1931,NO
hook1883.jpg,0.2245,NO
hook1886.jpg,0.2148,NO
hook1885.jpg,0.3532,NO
hook1888.jpg,0.3050,NO
hook189.jpg,0.2236,NO
hook1889.jpg,0.2591,NO
hook1890.jpg,0.2634,NO
hook1892.jpg,0.2040,NO
hook1893.jpg,0.2104,NO
hook1894.jpg,0.1796,NO
hook1895.jpg,0.1868,NO
hook1898.jpg,0.2231,NO
hook19.jpg,0.2627,NO
hook1901.jpg,0.2108,NO
hook1902.jpg,0.2415,NO
hook190.jpg,0.2510,NO
hook1903.jpg,0.2552,NO
hook1904.jpg,0.2524,NO
hook1906.jpg,0.2032,NO
hook1905.jpg,0.2318,NO
hook1907.jpg,0.3474,NO
hook1908.jpg,0.2218,NO
hook1909.jpg,0.2711,NO
hook1910.jpg,0.2793,NO
hook191.jpg,0.3326,NO
hook1912.jpg,0.2125,NO
hook1913.jpg,0.2397,NO
hook1915.jpg,0.2435,NO
hook1916.jpg,0.2121,NO
hook1914.jpg,0.2000,NO
hook1917.jpg,0.2061,NO
hook1918.jpg,0.3674,NO
hook192.jpg,0.3454,NO
hook1919.jpg,0.2472,NO
hook1920.jpg,0.2414,NO
hook1921.jpg,0.2463,NO
hook1922.jpg,0.2343,NO
hook1924.jpg,0.3506,NO
hook1925.jpg,0.3149,NO
hook1923.jpg,0.3646,NO
hook1926.jpg,0.2887,NO
hook1927.jpg,0.2882,NO
hook1929.jpg,0.3909,NO
hook1928.jpg,0.3744,NO
hook1930.jpg,0.3189,NO
hook1931.jpg,0.2824,NO
hook1932.jpg,0.3227,NO
hook1934.jpg,0.2953,NO
hook1933.jpg,0.3665,NO
hook1935.jpg,0.2506,NO
hook1936.jpg,0.2340,NO
hook1937.jpg,0.2346,NO
hook1939.jpg,0.2428,NO
hook1938.jpg,0.2564,NO
hook194.jpg,0.2326,NO
hook1940.jpg,0.2873,NO
hook1941.jpg,0.2708,NO
hook1944.jpg,0.2308,NO
hook1945.jpg,0.2369,NO
hook1946.jpg,0.2196,NO
hook1947.jpg,0.2533,NO
hook1943.jpg,0.2240,NO
hook1948.jpg,0.2216,NO
hook1949.jpg,0.2253,NO
hook195.jpg,0.2795,NO
hook1950.jpg,0.2472,NO
hook1951.jpg,0.3629,NO
hook1952.jpg,0.2648,NO
hook1953.jpg,0.2209,NO
hook1955.jpg,0.2437,NO
hook1954.jpg,0.2242,NO
hook1956.jpg,0.2161,NO
hook1959.jpg,0.2181,NO
hook1958.jpg,0.2230,NO
hook1960.jpg,0.2531,NO
hook1961.jpg,0.3113,NO
hook1962.jpg,0.2997,NO
hook1963.jpg,0.3423,NO
hook1965.jpg,0.2571,NO
hook1964.jpg,0.2119,NO
hook1966.jpg,0.1873,NO
hook1969.jpg,0.2216,NO
hook197.jpg,0.3698,NO
hook1970.jpg,0.2146,NO
hook1971.jpg,0.2213,NO
hook1967.jpg,0.2074,NO
hook1972.jpg,0.2110,NO
hook1973.jpg,0.2031,NO
hook1974.jpg,0.2087,NO
hook1975.jpg,0.2043,NO
hook1976.jpg,0.2348,NO
hook1977.jpg,0.2481,NO
hook1979.jpg,0.2247,NO
hook198.jpg,0.2321,NO
hook1981.jpg,0.2425,NO
hook1983.jpg,0.2272,NO
hook1985.jpg,0.3334,NO
hook1984.jpg,0.1920,NO
hook1986.jpg,0.2039,NO
hook1987.jpg,0.2301,NO
hook1988.jpg,0.2039,NO
hook199.jpg,0.2474,NO
hook1989.jpg,0.1889,NO
hook1991.jpg,0.2316,NO
hook1992.jpg,0.3441,NO
hook1993.jpg,0.2591,NO
hook1990.jpg,0.1997,NO
hook1994.jpg,0.3043,NO
hook1995.jpg,0.3143,NO
hook1996.jpg,0.3541,NO
hook1997.jpg,0.3090,NO
hook1999.jpg,0.1955,NO
hook2.jpg,0.4030,NO
hook20.jpg,0.2808,NO
hook2000.jpg,0.2314,NO
hook200.jpg,0.1876,NO
hook2001.jpg,0.3026,NO
hook2002.jpg,0.2822,NO
hook2004.jpg,0.3288,NO
hook2005.jpg,0.2610,NO
hook2003.jpg,0.3417,NO
hook2006.jpg,0.2980,NO
hook2007.jpg,0.3792,NO
hook2009.jpg,0.3838,NO
hook2008.jpg,0.4115,NO
hook201.jpg,0.4383,NO
hook2011.jpg,0.4598,NO
hook2012.jpg,0.3569,NO
hook2014.jpg,0.4098,NO
hook2015.jpg,0.4732,NO
hook2016.jpg,0.3679,NO
hook2013.jpg,0.4432,NO
hook2018.jpg,0.3774,NO
hook2017.jpg,0.2937,NO
hook2019.jpg,0.2927,NO
hook2020.jpg,0.3499,NO
hook202.jpg,0.5136,YES
hook2022.jpg,0.2604,NO
hook2021.jpg,0.5014,YES
hook2023.jpg,0.3250,NO
hook2024.jpg,0.4551,NO
hook2025.jpg,0.4583,NO
hook2026.jpg,0.3539,NO
hook2027.jpg,0.2618,NO
hook2028.jpg,0.2586,NO
hook203.jpg,0.2380,NO
hook2030.jpg,0.2240,NO
hook2032.jpg,0.2857,NO
hook2031.jpg,0.2713,NO
hook2034.jpg,0.2715,NO
hook2033.jpg,0.3097,NO
hook2035.jpg,0.2034,NO
hook2036.jpg,0.2778,NO
hook2037.jpg,0.2686,NO
hook2038.jpg,0.2268,NO
hook2039.jpg,0.2827,NO
hook204.jpg,0.3481,NO
hook2040.jpg,0.3355,NO
hook2042.jpg,0.1911,NO
hook2043.jpg,0.3026,NO
hook2041.jpg,0.3033,NO
hook2044.jpg,0.3565,NO
hook2045.jpg,0.4832,NO
hook2046.jpg,0.3620,NO
hook2048.jpg,0.3274,NO
hook2047.jpg,0.3391,NO
hook2049.jpg,0.3646,NO
hook205.jpg,0.3593,NO
hook2051.jpg,0.3575,NO
hook2050.jpg,0.3205,NO
hook2052.jpg,0.3364,NO
hook2053.jpg,0.3874,NO
hook2054.jpg,0.3381,NO
hook2056.jpg,0.3722,NO
hook2057.jpg,0.1610,NO
hook2055.jpg,0.3771,NO
hook2058.jpg,0.3774,NO
hook206.jpg,0.3891,NO
hook2059.jpg,0.4623,NO
hook2060.jpg,0.2783,NO
hook2061.jpg,0.2924,NO
hook2062.jpg,0.4056,NO
hook2063.jpg,0.2724,NO
hook2066.jpg,0.2495,NO
hook2064.jpg,0.2189,NO
hook2067.jpg,0.1590,NO
hook2069.jpg,0.3010,NO
hook2068.jpg,0.2177,NO
hook207.jpg,0.2208,NO
hook2070.jpg,0.2681,NO
hook2071.jpg,0.2971,NO
hook2072.jpg,0.3244,NO
hook2075.jpg,0.2950,NO
hook2073.jpg,0.3686,NO
hook2076.jpg,0.2359,NO
hook2078.jpg,0.2524,NO
hook2077.jpg,0.2579,NO
hook2079.jpg,0.2249,NO
hook208.jpg,0.2995,NO
hook2080.jpg,0.2802,NO
hook2081.jpg,0.3003,NO
hook2083.jpg,0.2630,NO
hook2082.jpg,0.2624,NO
hook2084.jpg,0.2272,NO
hook2086.jpg,0.3201,NO
hook2085.jpg,0.3457,NO
hook2087.jpg,0.3215,NO
hook2088.jpg,0.2712,NO
hook209.jpg,0.5689,YES
hook2090.jpg,0.3915,NO
hook2093.jpg,0.1612,NO
hook2094.jpg,0.3128,NO
hook2092.jpg,0.2953,NO
hook2097.jpg,0.1938,NO
hook2096.jpg,0.2943,NO
hook2095.jpg,0.2749,NO
hook2098.jpg,0.3522,NO
hook2099.jpg,0.2492,NO
hook21.jpg,0.2401,NO
hook210.jpg,0.1773,NO
hook2100.jpg,0.2301,NO
hook2103.jpg,0.2561,NO
hook2102.jpg,0.3536,NO
hook2104.jpg,0.3268,NO
hook2105.jpg,0.2332,NO
hook2106.jpg,0.2827,NO
hook2107.jpg,0.3536,NO
hook2108.jpg,0.2548,NO
hook2110.jpg,0.1961,NO
hook211.jpg,0.4211,NO
hook2109.jpg,0.3139,NO
hook2112.jpg,0.2450,NO
hook2111.jpg,0.2354,NO
hook2113.jpg,0.1944,NO
hook2114.jpg,0.2322,NO
hook2115.jpg,0.1076,NO
hook2116.jpg,0.3267,NO
hook2117.jpg,0.2501,NO
hook2119.jpg,0.2784,NO
hook2118.jpg,0.2249,NO
hook2120.jpg,0.2716,NO
hook2121.jpg,0.2482,NO
hook212.jpg,0.4029,NO
hook2122.jpg,0.2338,NO
hook2123.jpg,0.2661,NO
hook2124.jpg,0.3036,NO
hook2125.jpg,0.2727,NO
hook2126.jpg,0.1950,NO
hook2127.jpg,0.2627,NO
hook2128.jpg,0.2475,NO
hook213.jpg,0.3683,NO
hook2129.jpg,0.4503,NO
hook2130.jpg,0.1533,NO
hook2131.jpg,0.3174,NO
hook2132.jpg,0.2938,NO
hook2135.jpg,0.2616,NO
hook2134.jpg,0.2289,NO
hook2133.jpg,0.1981,NO
hook2136.jpg,0.2842,NO
hook2138.jpg,0.2866,NO
hook2139.jpg,0.2766,NO
hook2137.jpg,0.2251,NO
hook214.jpg,0.3643,NO
hook2140.jpg,0.3992,NO
hook2141.jpg,0.2989,NO
hook2143.jpg,0.2406,NO
hook2142.jpg,0.2404,NO
hook2144.jpg,0.2679,NO
hook2147.jpg,0.1884,NO
hook2145.jpg,0.2102,NO
hook2146.jpg,0.2002,NO
hook2148.jpg,0.2934,NO
hook2149.jpg,0.2599,NO
hook2150.jpg,0.2257,NO
hook2151.jpg,0.2237,NO
hook2152.jpg,0.2208,NO
hook2153.jpg,0.1976,NO
hook2154.jpg,0.2276,NO
hook2156.jpg,0.2726,NO
hook2157.jpg,0.3514,NO
hook2155.jpg,0.3210,NO
hook2158.jpg,0.2587,NO
hook2161.jpg,0.2082,NO
hook2162.jpg,0.3816,NO
hook2160.jpg,0.2738,NO
hook2163.jpg,0.2420,NO
hook2165.jpg,0.2272,NO
hook2164.jpg,0.2850,NO
hook2167.jpg,0.2786,NO
hook2166.jpg,0.2512,NO
hook2168.jpg,0.3436,NO
hook2169.jpg,0.2381,NO
hook2170.jpg,0.2372,NO
hook217.jpg,0.3413,NO
hook2171.jpg,0.2880,NO
hook2172.jpg,0.2549,NO
hook2173.jpg,0.4000,NO
hook2174.jpg,0.2022,NO
hook2175.jpg,0.2765,NO
hook2177.jpg,0.2477,NO
hook2178.jpg,0.1655,NO
hook218.jpg,0.2383,NO
hook2180.jpg,0.2765,NO
hook2181.jpg,0.1044,NO
hook2179.jpg,0.2535,NO
hook2183.jpg,0.2384,NO
hook2182.jpg,0.1971,NO
hook2184.jpg,0.3759,NO
hook2185.jpg,0.3822,NO
hook2187.jpg,0.1159,NO
hook219.jpg,0.3729,NO
hook2188.jpg,0.2653,NO
hook2190.jpg,0.2341,NO
hook2191.jpg,0.2060,NO
hook2193.jpg,0.2479,NO
hook2194.jpg,0.2152,NO
hook2192.jpg,0.1184,NO
hook2196.jpg,0.4408,NO
hook2197.jpg,0.2951,NO
hook2198.jpg,0.2645,NO
hook22.jpg,0.3496,NO
hook220.jpg,0.3095,NO
hook2200.jpg,0.1294,NO
hook2201.jpg,0.3304,NO
hook2202.jpg,0.3018,NO
hook2203.jpg,0.1459,NO
hook2204.jpg,0.1347,NO
hook2205.jpg,0.2938,NO
hook2207.jpg,0.4406,NO
hook2206.jpg,0.3094,NO
hook2209.jpg,0.3054,NO
hook2208.jpg,0.1534,NO
hook2211.jpg,0.1280,NO
hook2212.jpg,0.3219,NO
hook2213.jpg,0.2053,NO
hook2210.jpg,0.2343,NO
hook2214.jpg,0.2410,NO
hook2218.jpg,0.4139,NO
hook2217.jpg,0.3110,NO
hook2216.jpg,0.2621,NO
hook2219.jpg,0.3054,NO
hook222.jpg,0.2833,NO
hook2220.jpg,0.1463,NO
hook2221.jpg,0.3258,NO
hook2222.jpg,0.2992,NO
hook2223.jpg,0.2625,NO
hook2224.jpg,0.3537,NO
hook2227.jpg,0.2626,NO
hook2228.jpg,0.2828,NO
hook2226.jpg,0.3172,NO
hook2225.jpg,0.3100,NO
hook2229.jpg,0.4450,NO
hook223.jpg,0.3830,NO
hook2231.jpg,0.1459,NO
hook2230.jpg,0.2441,NO
hook2232.jpg,0.2780,NO
hook2233.jpg,0.2393,NO
hook2234.jpg,0.3613,NO
hook2235.jpg,0.3981,NO
hook2237.jpg,0.1755,NO
hook2236.jpg,0.2813,NO
hook2238.jpg,0.2577,NO
hook2239.jpg,0.3398,NO
hook224.jpg,0.3276,NO
hook2240.jpg,0.3501,NO
hook2241.jpg,0.2745,NO
hook2242.jpg,0.3156,NO
hook2243.jpg,0.2548,NO
hook2245.jpg,0.2361,NO
hook2246.jpg,0.2299,NO
hook2244.jpg,0.2206,NO
hook2247.jpg,0.2350,NO
hook2248.jpg,0.2561,NO
hook2249.jpg,0.2512,NO
hook2250.jpg,0.1738,NO
hook225.jpg,0.2995,NO
hook2251.jpg,0.4447,NO
hook2252.jpg,0.2832,NO
hook2254.jpg,0.2278,NO
hook2255.jpg,0.3083,NO
hook2256.jpg,0.2710,NO
hook2253.jpg,0.3621,NO
hook2257.jpg,0.3936,NO
hook2258.jpg,0.3426,NO
hook2259.jpg,0.2745,NO
hook226.jpg,0.3495,NO
hook2260.jpg,0.4547,NO
hook2261.jpg,0.3152,NO
hook2262.jpg,0.4653,NO
hook2263.jpg,0.4419,NO
hook2264.jpg,0.3096,NO
hook2266.jpg,0.4052,NO
hook2267.jpg,0.4552,NO
hook2268.jpg,0.3893,NO
hook2265.jpg,0.3870,NO
hook227.jpg,0.2972,NO
hook2270.jpg,0.4430,NO
hook2271.jpg,0.3728,NO
hook2272.jpg,0.4475,NO
hook2273.jpg,0.4196,NO
hook2274.jpg,0.3231,NO
hook2276.jpg,0.3412,NO
hook2278.jpg,0.2774,NO
hook2279.jpg,0.1997,NO
hook2277.jpg,0.5322,YES
hook2280.jpg,0.2529,NO
hook228.jpg,0.3196,NO
hook2282.jpg,0.2328,NO
hook2283.jpg,0.2517,NO
hook2284.jpg,0.5555,YES
hook2285.jpg,0.2210,NO
hook2286.jpg,0.2902,NO
hook2287.jpg,0.3677,NO
hook2288.jpg,0.3450,NO
hook2289.jpg,0.2290,NO
hook229.jpg,0.2737,NO
hook2290.jpg,0.3326,NO
hook2291.jpg,0.3121,NO
hook2292.jpg,0.3821,NO
hook2293.jpg,0.3734,NO
hook2295.jpg,0.4580,NO
hook2294.jpg,0.3425,NO
hook2297.jpg,0.3646,NO
hook2299.jpg,0.3199,NO
hook2298.jpg,0.3676,NO
hook2296.jpg,0.2536,NO
hook23.jpg,0.3077,NO
hook230.jpg,0.2921,NO
hook2300.jpg,0.3565,NO
hook2301.jpg,0.3757,NO
hook2302.jpg,0.2683,NO
hook2303.jpg,0.5084,YES
hook2304.jpg,0.1486,NO
hook2306.jpg,0.3216,NO
hook2307.jpg,0.5060,YES
hook2305.jpg,0.3095,NO
hook2308.jpg,0.4046,NO
hook231.jpg,0.3191,NO
hook2309.jpg,0.3589,NO
hook2310.jpg,0.2953,NO
hook2311.jpg,0.3423,NO
hook2313.jpg,0.2635,NO
hook2314.jpg,0.3947,NO
hook2315.jpg,0.3646,NO
hook2316.jpg,0.3308,NO
hook2317.jpg,0.3514,NO
hook2319.jpg,0.2584,NO
hook232.jpg,0.2950,NO
hook2320.jpg,0.3268,NO
hook2321.jpg,0.2468,NO
hook2318.jpg,0.4846,NO
hook2323.jpg,0.2858,NO
hook2322.jpg,0.3072,NO
hook2324.jpg,0.2794,NO
hook2326.jpg,0.3240,NO
hook2325.jpg,0.3432,NO
hook2328.jpg,0.2608,NO
hook2327.jpg,0.2621,NO
hook2329.jpg,0.4806,NO
hook233.jpg,0.3050,NO
hook2333.jpg,0.4657,NO
hook2334.jpg,0.2401,NO
hook2335.jpg,0.2970,NO
hook2336.jpg,0.3873,NO
hook2338.jpg,0.3442,NO
hook2337.jpg,0.3824,NO
hook234.jpg,0.2927,NO
hook2339.jpg,0.3453,NO
hook2341.jpg,0.3721,NO
hook2340.jpg,0.4391,NO
hook2342.jpg,0.2680,NO
hook2343.jpg,0.4235,NO
hook2344.jpg,0.2878,NO
hook2345.jpg,0.3429,NO
hook2346.jpg,0.3681,NO
hook2347.jpg,0.2975,NO
hook2348.jpg,0.3127,NO
hook235.jpg,0.3126,NO
hook2351.jpg,0.3593,NO
hook2352.jpg,0.3640,NO
hook2353.jpg,0.4588,NO
hook2349.jpg,0.4311,NO
hook2354.jpg,0.3421,NO
hook2355.jpg,0.4059,NO
hook2357.jpg,0.4135,NO
hook2358.jpg,0.3037,NO
hook2359.jpg,0.2976,NO
hook2360.jpg,0.2693,NO
hook2362.jpg,0.3538,NO
hook2363.jpg,0.3382,NO
hook2364.jpg,0.3791,NO
hook2368.jpg,0.2276,NO
hook2366.jpg,0.3108,NO
hook2367.jpg,0.3514,NO
hook237.jpg,0.3471,NO
hook2365.jpg,0.3279,NO
hook2370.jpg,0.2659,NO
hook2372.jpg,0.4152,NO
hook2371.jpg,0.3983,NO
hook2373.jpg,0.4660,NO
hook2374.jpg,0.4281,NO
hook2375.jpg,0.5460,YES
hook2376.jpg,0.4346,NO
hook2378.jpg,0.4052,NO
hook2377.jpg,0.3832,NO
hook238.jpg,0.3167,NO
hook2380.jpg,0.4190,NO
hook2381.jpg,0.4326,NO
hook2382.jpg,0.4292,NO
hook2383.jpg,0.2891,NO
hook2384.jpg,0.5062,YES
hook2385.jpg,0.4219,NO
hook2387.jpg,0.5112,YES
hook2386.jpg,0.2896,NO
hook2388.jpg,0.4478,NO
hook2389.jpg,0.4966,NO
hook239.jpg,0.3100,NO
hook2390.jpg,0.4350,NO
hook2391.jpg,0.3487,NO
hook2392.jpg,0.2729,NO
hook2393.jpg,0.3547,NO
hook2394.jpg,0.3931,NO
hook2396.jpg,0.3318,NO
hook2397.jpg,0.2906,NO
hook2395.jpg,0.4218,NO
hook24.jpg,0.2764,NO
hook240.jpg,0.2429,NO
hook2400.jpg,0.2865,NO
hook2401.jpg,0.3394,NO
hook2402.jpg,0.2515,NO
hook2403.jpg,0.3119,NO
hook2405.jpg,0.3575,NO
hook2407.jpg,0.4575,NO
hook2408.jpg,0.2906,NO
hook2409.jpg,0.3243,NO
hook2406.jpg,0.3784,NO
hook241.jpg,0.2647,NO
hook2411.jpg,0.3007,NO
hook2415.jpg,0.2934,NO
hook2410.jpg,0.3214,NO
hook2413.jpg,0.1262,NO
hook2417.jpg,0.2743,NO
hook2418.jpg,0.5123,YES
hook242.jpg,0.3528,NO
hook2419.jpg,0.3339,NO
hook2420.jpg,0.3085,NO
hook2421.jpg,0.2488,NO
hook2424.jpg,0.2110,NO
hook2423.jpg,0.2833,NO
hook2425.jpg,0.2331,NO
hook2422.jpg,0.3535,NO
hook2426.jpg,0.2598,NO
hook2427.jpg,0.2764,NO
hook2428.jpg,0.2895,NO
hook2430.jpg,0.3256,NO
hook243.jpg,0.3326,NO
hook2429.jpg,0.3446,NO
hook2432.jpg,0.3657,NO
hook2433.jpg,0.2954,NO
hook2434.jpg,0.3529,NO
hook2435.jpg,0.3315,NO
hook2436.jpg,0.3043,NO
hook2439.jpg,0.3269,NO
hook2438.jpg,0.2733,NO
hook244.jpg,0.3454,NO
hook2440.jpg,0.3531,NO
hook2442.jpg,0.2107,NO
hook2441.jpg,0.2944,NO
hook2444.jpg,0.2322,NO
hook2443.jpg,0.3582,NO
hook2445.jpg,0.3316,NO
hook2446.jpg,0.2339,NO
hook2447.jpg,0.2504,NO
hook2448.jpg,0.3230,NO
hook2449.jpg,0.3324,NO
hook245.jpg,0.1534,NO
hook2450.jpg,0.2999,NO
hook2452.jpg,0.3730,NO
hook2453.jpg,0.2493,NO
hook2454.jpg,0.2145,NO
hook2451.jpg,0.3338,NO
hook2455.jpg,0.1938,NO
hook2456.jpg,0.1881,NO
hook2458.jpg,0.2027,NO
hook2457.jpg,0.2470,NO
hook246.jpg,0.3127,NO
hook2460.jpg,0.3933,NO
hook2461.jpg,0.2421,NO
hook2463.jpg,0.2710,NO
hook2462.jpg,0.3688,NO
hook2464.jpg,0.2946,NO
hook2465.jpg,0.1355,NO
hook2468.jpg,0.2474,NO
hook247.jpg,0.3434,NO
hook2470.jpg,0.1446,NO
hook2466.jpg,0.1448,NO
hook2471.jpg,0.2677,NO
hook2473.jpg,0.3538,NO
hook2472.jpg,0.3162,NO
hook2474.jpg,0.2495,NO
hook2475.jpg,0.2242,NO
hook2476.jpg,0.1388,NO
hook2477.jpg,0.2550,NO
hook2479.jpg,0.2945,NO
hook2478.jpg,0.2511,NO
hook248.jpg,0.2533,NO
hook2480.jpg,0.3155,NO
hook2481.jpg,0.2731,NO
hook2482.jpg,0.2432,NO
hook2483.jpg,0.2612,NO
hook2485.jpg,0.2305,NO
hook2486.jpg,0.3296,NO
hook2489.jpg,0.3345,NO
hook2487.jpg,0.2212,NO
hook2490.jpg,0.2463,NO
hook249.jpg,0.2485,NO
hook2491.jpg,0.2019,NO
hook2492.jpg,0.2551,NO
hook2493.jpg,0.2383,NO
hook2495.jpg,0.3767,NO
hook2496.jpg,0.2429,NO
hook2498.jpg,0.2253,NO
hook2499.jpg,0.1087,NO
hook250.jpg,0.2695,NO
hook2501.jpg,0.2517,NO
hook25.jpg,0.2793,NO
hook2500.jpg,0.2616,NO
hook2503.jpg,0.2182,NO
hook2504.jpg,0.2437,NO
hook2506.jpg,0.3322,NO
hook2505.jpg,0.2739,NO
hook2507.jpg,0.2396,NO
hook2508.jpg,0.2530,NO
hook251.jpg,0.2695,NO
hook2510.jpg,0.3234,NO
hook2509.jpg,0.2878,NO
hook2512.jpg,0.2070,NO
hook2513.jpg,0.2375,NO
hook2515.jpg,0.2702,NO
hook2516.jpg,0.2727,NO
hook2517.jpg,0.4291,NO
hook2514.jpg,0.2492,NO
hook2518.jpg,0.4307,NO
hook252.jpg,0.2908,NO
hook2519.jpg,0.2418,NO
hook2520.jpg,0.3602,NO
hook2521.jpg,0.3512,NO
hook2522.jpg,0.2589,NO
hook2523.jpg,0.3030,NO
hook2525.jpg,0.2620,NO
hook2524.jpg,0.2855,NO
hook2526.jpg,0.3184,NO
hook2527.jpg,0.1546,NO
hook2528.jpg,0.2521,NO
hook2529.jpg,0.3660,NO
hook253.jpg,0.2525,NO
hook2530.jpg,0.2941,NO
hook2531.jpg,0.2637,NO
hook2534.jpg,0.2238,NO
hook2532.jpg,0.2536,NO
hook2535.jpg,0.3297,NO
hook2536.jpg,0.2072,NO
hook2537.jpg,0.2378,NO
hook2538.jpg,0.2903,NO
hook2539.jpg,0.3117,NO
hook254.jpg,0.2816,NO
hook2540.jpg,0.3552,NO
hook2541.jpg,0.2579,NO
hook2543.jpg,0.2727,NO
hook2542.jpg,0.3315,NO
hook2545.jpg,0.3136,NO
hook2546.jpg,0.3135,NO
hook2547.jpg,0.3061,NO
hook2549.jpg,0.2489,NO
hook255.jpg,0.2779,NO
hook2551.jpg,0.3807,NO
hook2550.jpg,0.3194,NO
hook2553.jpg,0.2955,NO
hook2554.jpg,0.2096,NO
hook2555.jpg,0.2665,NO
hook2552.jpg,0.3300,NO
hook2556.jpg,0.2146,NO
hook2557.jpg,0.1901,NO
hook2558.jpg,0.3435,NO
hook256.jpg,0.2871,NO
hook2559.jpg,0.2902,NO
hook2560.jpg,0.3222,NO
hook2562.jpg,0.3882,NO
hook2564.jpg,0.2244,NO
hook2563.jpg,0.3591,NO
hook2568.jpg,0.3160,NO
hook2569.jpg,0.2867,NO
hook257.jpg,0.1960,NO
hook2571.jpg,0.3280,NO
hook2572.jpg,0.1043,NO
hook2570.jpg,0.3154,NO
hook2573.jpg,0.3715,NO
hook2575.jpg,0.2470,NO
hook2574.jpg,0.2244,NO
hook2576.jpg,0.2991,NO
hook2577.jpg,0.3113,NO
hook2578.jpg,0.2888,NO
hook2579.jpg,0.2449,NO
hook2581.jpg,0.2770,NO
hook2580.jpg,0.2686,NO
hook2582.jpg,0.2446,NO
hook2583.jpg,0.2753,NO
hook2584.jpg,0.3767,NO
hook2585.jpg,0.1792,NO
hook2587.jpg,0.2387,NO
hook2588.jpg,0.3043,NO
hook259.jpg,0.2487,NO
hook2592.jpg,0.2294,NO
hook2591.jpg,0.1935,NO
hook2594.jpg,0.3140,NO
hook2595.jpg,0.3653,NO
hook2593.jpg,0.3586,NO
hook2596.jpg,0.2566,NO
hook2597.jpg,0.3308,NO
hook2598.jpg,0.3310,NO
hook2599.jpg,0.3035,NO
hook260.jpg,0.2219,NO
hook26.jpg,0.1983,NO
hook2600.jpg,0.3281,NO
hook2601.jpg,0.3101,NO
hook2602.jpg,0.2566,NO
hook2603.jpg,0.3196,NO
hook2604.jpg,0.3880,NO
hook2605.jpg,0.2839,NO
hook2606.jpg,0.3969,NO
hook2608.jpg,0.2509,NO
hook2607.jpg,0.2741,NO
hook261.jpg,0.2226,NO
hook2610.jpg,0.2481,NO
hook2609.jpg,0.2713,NO
hook2611.jpg,0.3143,NO
hook2612.jpg,0.3837,NO
hook2614.jpg,0.2917,NO
hook2615.jpg,0.3746,NO
hook2617.jpg,0.3801,NO
hook2616.jpg,0.2821,NO
hook2618.jpg,0.3269,NO
hook262.jpg,0.2421,NO
hook2620.jpg,0.2411,NO
hook2619.jpg,0.2528,NO
hook2621.jpg,0.2490,NO
hook2622.jpg,0.3247,NO
hook2623.jpg,0.3385,NO
hook2625.jpg,0.2537,NO
hook2626.jpg,0.2854,NO
hook2624.jpg,0.3379,NO
hook2627.jpg,0.4129,NO
hook2628.jpg,0.3976,NO
hook2629.jpg,0.3585,NO
hook263.jpg,0.1998,NO
hook2630.jpg,0.2832,NO
hook2631.jpg,0.2879,NO
hook2633.jpg,0.3211,NO
hook2636.jpg,0.4636,NO
hook2634.jpg,0.3979,NO
hook2638.jpg,0.2512,NO
hook2637.jpg,0.2980,NO
hook2639.jpg,0.3268,NO
hook264.jpg,0.1525,NO
hook2640.jpg,0.3372,NO
hook2641.jpg,0.4182,NO
hook2642.jpg,0.4824,NO
hook2643.jpg,0.4515,NO
hook2644.jpg,0.3178,NO
hook2646.jpg,0.3153,NO
hook2645.jpg,0.3472,NO
hook2647.jpg,0.3725,NO
hook2648.jpg,0.3288,NO
hook2649.jpg,0.4586,NO
hook265.jpg,0.2063,NO
hook2651.jpg,0.3609,NO
hook2652.jpg,0.4511,NO
hook2650.jpg,0.4121,NO
hook2654.jpg,0.3553,NO
hook2656.jpg,0.3313,NO
hook2653.jpg,0.3789,NO
hook2657.jpg,0.3454,NO
hook2658.jpg,0.4168,NO
hook2659.jpg,0.3231,NO
hook2660.jpg,0.4719,NO
hook2661.jpg,0.2537,NO
hook2662.jpg,0.4157,NO
hook2663.jpg,0.4672,NO
hook2666.jpg,0.2414,NO
hook2667.jpg,0.2812,NO
hook2665.jpg,0.3142,NO
hook2669.jpg,0.2553,NO
hook267.jpg,0.2461,NO
hook2671.jpg,0.2812,NO
hook2673.jpg,0.4111,NO
hook2670.jpg,0.2477,NO
hook2674.jpg,0.4320,NO
hook2675.jpg,0.2545,NO
hook2676.jpg,0.3153,NO
hook2677.jpg,0.3408,NO
hook2678.jpg,0.2470,NO
hook2679.jpg,0.3715,NO
hook268.jpg,0.1520,NO
hook2682.jpg,0.3042,NO
hook2681.jpg,0.2970,NO
hook2680.jpg,0.2342,NO
hook2684.jpg,0.3516,NO
hook2683.jpg,0.2509,NO
hook2685.jpg,0.3018,NO
hook2686.jpg,0.3077,NO
hook2687.jpg,0.3542,NO
hook2688.jpg,0.3099,NO
hook2689.jpg,0.2706,NO
hook2690.jpg,0.2932,NO
hook269.jpg,0.1586,NO
hook2692.jpg,0.2889,NO
hook2691.jpg,0.2798,NO
hook2693.jpg,0.3481,NO
hook2694.jpg,0.2869,NO
hook2695.jpg,0.4918,NO
hook2696.jpg,0.2681,NO
hook2697.jpg,0.3561,NO
hook2699.jpg,0.2668,NO
hook2698.jpg,0.2643,NO
hook2700.jpg,0.2810,NO
hook2701.jpg,0.2506,NO
hook270.jpg,0.2305,NO
hook2702.jpg,0.2749,NO
hook2704.jpg,0.2687,NO
hook2705.jpg,0.2423,NO
hook2706.jpg,0.3500,NO
hook2709.jpg,0.2893,NO
hook2707.jpg,0.2262,NO
hook271.jpg,0.2784,NO
hook2711.jpg,0.2676,NO
hook2713.jpg,0.2674,NO
hook2710.jpg,0.2841,NO
hook2714.jpg,0.2475,NO
hook2715.jpg,0.2728,NO
hook2716.jpg,0.3175,NO
hook2718.jpg,0.2851,NO
hook2717.jpg,0.2927,NO
hook272.jpg,0.1681,NO
hook2719.jpg,0.2610,NO
hook2721.jpg,0.3156,NO
hook2720.jpg,0.2609,NO
hook2722.jpg,0.2459,NO
hook2723.jpg,0.3187,NO
hook2724.jpg,0.2854,NO
hook2726.jpg,0.3050,NO
hook2727.jpg,0.2806,NO
hook2725.jpg,0.2830,NO
hook2728.jpg,0.3541,NO
hook273.jpg,0.2779,NO
hook2729.jpg,0.2728,NO
hook2730.jpg,0.2408,NO
hook2733.jpg,0.2774,NO
hook2734.jpg,0.2474,NO
hook2735.jpg,0.2055,NO
hook2737.jpg,0.2060,NO
hook2738.jpg,0.2958,NO
hook2736.jpg,0.2408,NO
hook2740.jpg,0.2725,NO
hook2739.jpg,0.4059,NO
hook2741.jpg,0.3295,NO
hook2742.jpg,0.3024,NO
hook2743.jpg,0.2688,NO
hook2744.jpg,0.2593,NO
hook2745.jpg,0.2675,NO
hook2746.jpg,0.3072,NO
hook2747.jpg,0.2809,NO
hook2749.jpg,0.2484,NO
hook2748.jpg,0.3266,NO
hook275.jpg,0.2422,NO
hook2750.jpg,0.2744,NO
hook2751.jpg,0.2590,NO
hook2752.jpg,0.2457,NO
hook2754.jpg,0.2575,NO
hook2753.jpg,0.2512,NO
hook2756.jpg,0.2344,NO
hook2759.jpg,0.2506,NO
hook2758.jpg,0.2918,NO
hook2757.jpg,0.2811,NO
hook276.jpg,0.2192,NO
hook2760.jpg,0.2439,NO
hook2761.jpg,0.2845,NO
hook2764.jpg,0.2328,NO
hook2762.jpg,0.4629,NO
hook2765.jpg,0.2452,NO
hook2766.jpg,0.2608,NO
hook2769.jpg,0.2371,NO
hook2767.jpg,0.2187,NO
hook277.jpg,0.2038,NO
hook2770.jpg,0.2744,NO
hook2771.jpg,0.2605,NO
hook2774.jpg,0.2588,NO
hook2775.jpg,0.2720,NO
hook2773.jpg,0.2376,NO
hook2776.jpg,0.2661,NO
hook2778.jpg,0.2775,NO
hook2777.jpg,0.2520,NO
hook278.jpg,0.2606,NO
hook2780.jpg,0.2726,NO
hook2781.jpg,0.2685,NO
hook2782.jpg,0.2612,NO
hook2784.jpg,0.3686,NO
hook2783.jpg,0.2680,NO
hook2785.jpg,0.4264,NO
hook2787.jpg,0.2871,NO
hook2788.jpg,0.2942,NO
hook2789.jpg,0.3109,NO
hook279.jpg,0.1916,NO
hook2790.jpg,0.3360,NO
hook2791.jpg,0.2603,NO
hook2793.jpg,0.2830,NO
hook2792.jpg,0.2796,NO
hook2795.jpg,0.4032,NO
hook2794.jpg,0.2597,NO
hook2796.jpg,0.2851,NO
hook2797.jpg,0.3155,NO
hook2798.jpg,0.3235,NO
hook2799.jpg,0.2763,NO
hook28.jpg,0.2418,NO
hook2800.jpg,0.2853,NO
hook280.jpg,0.2515,NO
hook2803.jpg,0.3231,NO
hook2802.jpg,0.2715,NO
hook2807.jpg,0.3280,NO
hook2804.jpg,0.3332,NO
hook2808.jpg,0.2826,NO
hook2809.jpg,0.2178,NO
hook281.jpg,0.2230,NO
hook2810.jpg,0.3085,NO
hook2811.jpg,0.2786,NO
hook2815.jpg,0.2391,NO
hook2816.jpg,0.2588,NO
hook2817.jpg,0.3179,NO
hook2814.jpg,0.2543,NO
hook2818.jpg,0.2958,NO
hook2819.jpg,0.2518,NO
hook2820.jpg,0.3992,NO
hook282.jpg,0.1866,NO
hook2821.jpg,0.3080,NO
hook2823.jpg,0.3249,NO
hook2825.jpg,0.3206,NO
hook2827.jpg,0.4217,NO
hook2826.jpg,0.2552,NO
hook2828.jpg,0.5013,YES
hook2829.jpg,0.3302,NO
hook2830.jpg,0.3601,NO
hook2831.jpg,0.3281,NO
hook2832.jpg,0.3617,NO
hook283.jpg,0.1638,NO
hook2833.jpg,0.3673,NO
hook2834.jpg,0.4852,NO
hook2835.jpg,0.4247,NO
hook2836.jpg,0.5187,YES
hook2837.jpg,0.4984,NO
hook2838.jpg,0.3768,NO
hook284.jpg,0.2689,NO
hook2841.jpg,0.2178,NO
hook2840.jpg,0.4270,NO
hook2843.jpg,0.2427,NO
hook2842.jpg,0.2596,NO
hook2844.jpg,0.2541,NO
hook2845.jpg,0.3336,NO
hook2846.jpg,0.2980,NO
hook2847.jpg,0.3103,NO
hook2849.jpg,0.2998,NO
hook285.jpg,0.1902,NO
hook2851.jpg,0.2934,NO
hook2853.jpg,0.3459,NO
hook2852.jpg,0.3795,NO
hook2854.jpg,0.3672,NO
hook2855.jpg,0.3944,NO
hook2856.jpg,0.3761,NO
hook2858.jpg,0.4413,NO
hook286.jpg,0.1768,NO
hook2859.jpg,0.4486,NO
hook2860.jpg,0.4035,NO
hook2862.jpg,0.4269,NO
hook2863.jpg,0.3935,NO
hook2861.jpg,0.4260,NO
hook2864.jpg,0.4542,NO
hook2865.jpg,0.4811,NO
hook2866.jpg,0.3715,NO
hook2868.jpg,0.4559,NO
hook2867.jpg,0.4796,NO
hook2869.jpg,0.3462,NO
hook287.jpg,0.1663,NO
hook2871.jpg,0.3831,NO
hook2872.jpg,0.3224,NO
hook2870.jpg,0.3150,NO
hook2873.jpg,0.4050,NO
hook2874.jpg,0.3105,NO
hook2877.jpg,0.3159,NO
hook2876.jpg,0.3118,NO
hook2875.jpg,0.3455,NO
hook2878.jpg,0.2847,NO
hook2879.jpg,0.3095,NO
hook288.jpg,0.2676,NO
hook2880.jpg,0.3358,NO
hook2882.jpg,0.3665,NO
hook2883.jpg,0.3738,NO
hook2884.jpg,0.3749,NO
hook2886.jpg,0.3451,NO
hook2887.jpg,0.2111,NO
hook2885.jpg,0.2353,NO
hook2889.jpg,0.3517,NO
hook2888.jpg,0.3166,NO
hook289.jpg,0.2309,NO
hook2890.jpg,0.3933,NO
hook2891.jpg,0.2961,NO
hook2892.jpg,0.2633,NO
hook2893.jpg,0.2983,NO
hook2894.jpg,0.3476,NO
hook2895.jpg,0.3895,NO
hook2896.jpg,0.3211,NO
hook2897.jpg,0.3275,NO
hook2898.jpg,0.3072,NO
hook2899.jpg,0.2987,NO
hook29.jpg,0.3405,NO
hook290.jpg,0.1755,NO
hook2901.jpg,0.2327,NO
hook2900.jpg,0.2847,NO
hook2903.jpg,0.2490,NO
hook2904.jpg,0.3095,NO
hook2902.jpg,0.2616,NO
hook2905.jpg,0.2935,NO
hook2907.jpg,0.2740,NO
hook2908.jpg,0.2391,NO
hook2909.jpg,0.3069,NO
hook291.jpg,0.2543,NO
hook2910.jpg,0.2923,NO
hook2912.jpg,0.3224,NO
hook2914.jpg,0.2719,NO
hook2915.jpg,0.2767,NO
hook2916.jpg,0.3356,NO
hook2913.jpg,0.3023,NO
hook2917.jpg,0.3167,NO
hook2919.jpg,0.2446,NO
hook292.jpg,0.1823,NO
hook2920.jpg,0.3537,NO
hook2918.jpg,0.2386,NO
hook2921.jpg,0.1162,NO
hook2922.jpg,0.4318,NO
hook2923.jpg,0.4808,NO
hook2924.jpg,0.3874,NO
hook2925.jpg,0.4027,NO
hook2926.jpg,0.4266,NO
hook2927.jpg,0.4422,NO
hook2929.jpg,0.3950,NO
hook293.jpg,0.1495,NO
hook2928.jpg,0.3742,NO
hook2930.jpg,0.4165,NO
hook2931.jpg,0.3928,NO
hook2933.jpg,0.3021,NO
hook2934.jpg,0.4947,NO
hook2935.jpg,0.3079,NO
hook2936.jpg,0.3597,NO
hook2937.jpg,0.4036,NO
hook2938.jpg,0.3166,NO
hook294.jpg,0.1947,NO
hook2939.jpg,0.3625,NO
hook2940.jpg,0.4215,NO
hook2941.jpg,0.3979,NO
hook2942.jpg,0.3669,NO
hook2943.jpg,0.2316,NO
hook2944.jpg,0.3747,NO
hook2945.jpg,0.3479,NO
hook2946.jpg,0.3279,NO
hook2947.jpg,0.3645,NO
hook2948.jpg,0.3863,NO
hook2949.jpg,0.3789,NO
hook295.jpg,0.3040,NO
hook2950.jpg,0.4434,NO
hook2951.jpg,0.4148,NO
hook2953.jpg,0.3652,NO
hook2952.jpg,0.4222,NO
hook2955.jpg,0.3822,NO
hook2956.jpg,0.3408,NO
hook2957.jpg,0.2812,NO
hook2954.jpg,0.3910,NO
hook2958.jpg,0.3770,NO
hook296.jpg,0.2351,NO
hook2960.jpg,0.3916,NO
hook2963.jpg,0.2899,NO
hook2961.jpg,0.2240,NO
hook2964.jpg,0.3106,NO
hook2965.jpg,0.3780,NO
hook2967.jpg,0.4264,NO
hook2968.jpg,0.3694,NO
hook2966.jpg,0.2783,NO
hook2969.jpg,0.3825,NO
hook2970.jpg,0.3246,NO
hook2972.jpg,0.4320,NO
hook2973.jpg,0.4198,NO
hook2974.jpg,0.3479,NO
hook2971.jpg,0.3539,NO
hook2975.jpg,0.4182,NO
hook2976.jpg,0.4464,NO
hook2977.jpg,0.4036,NO
hook2978.jpg,0.2714,NO
hook2979.jpg,0.4020,NO
hook298.jpg,0.2138,NO
hook2980.jpg,0.3399,NO
hook2982.jpg,0.4082,NO
hook2981.jpg,0.4206,NO
hook2986.jpg,0.4493,NO
hook2985.jpg,0.3691,NO
hook2988.jpg,0.4059,NO
hook2989.jpg,0.3785,NO
hook2987.jpg,0.4764,NO
hook299.jpg,0.2051,NO
hook2991.jpg,0.4233,NO
hook2992.jpg,0.2582,NO
hook2993.jpg,0.3554,NO
hook2994.jpg,0.4231,NO
hook2996.jpg,0.3937,NO
hook2997.jpg,0.3361,NO
hook2998.jpg,0.3850,NO
hook2995.jpg,0.3521,NO
hook2999.jpg,0.3422,NO
hook30.jpg,0.2944,NO
hook3.jpg,0.3443,NO
hook300.jpg,0.1215,NO
hook3000.jpg,0.2317,NO
hook3001.jpg,0.3399,NO
hook3002.jpg,0.2725,NO
hook3003.jpg,0.3457,NO
hook3004.jpg,0.2268,NO
hook3005.jpg,0.2390,NO
hook3007.jpg,0.4413,NO
hook3009.jpg,0.2755,NO
hook301.jpg,0.1615,NO
hook3011.jpg,0.4141,NO
hook3012.jpg,0.4566,NO
hook3008.jpg,0.3389,NO
hook3013.jpg,0.2946,NO
hook3014.jpg,0.2123,NO
hook3017.jpg,0.3416,NO
hook3016.jpg,0.2976,NO
hook3018.jpg,0.3955,NO
hook3019.jpg,0.2896,NO
hook302.jpg,0.1814,NO
hook3021.jpg,0.3142,NO
hook3020.jpg,0.3022,NO
hook3022.jpg,0.2459,NO
hook3023.jpg,0.3529,NO
hook3025.jpg,0.3391,NO
hook3026.jpg,0.3308,NO
hook3027.jpg,0.3220,NO
hook3028.jpg,0.2587,NO
hook3024.jpg,0.2995,NO
hook3029.jpg,0.3802,NO
hook303.jpg,0.2047,NO
hook3030.jpg,0.2339,NO
hook3032.jpg,0.3133,NO
hook3031.jpg,0.1762,NO
hook3034.jpg,0.3121,NO
hook3033.jpg,0.2486,NO
hook3035.jpg,0.2467,NO
hook3037.jpg,0.2573,NO
hook3036.jpg,0.2639,NO
hook3038.jpg,0.2356,NO
hook304.jpg,0.1666,NO
hook3040.jpg,0.2909,NO
hook3041.jpg,0.2559,NO
hook3042.jpg,0.2833,NO
hook3043.jpg,0.2787,NO
hook3044.jpg,0.2778,NO
hook3045.jpg,0.2792,NO
hook3046.jpg,0.2345,NO
hook3047.jpg,0.2578,NO
hook3048.jpg,0.2713,NO
hook305.jpg,0.2319,NO
hook3050.jpg,0.2493,NO
hook3052.jpg,0.3057,NO
hook3051.jpg,0.1367,NO
hook3054.jpg,0.3102,NO
hook3055.jpg,0.2569,NO
hook3053.jpg,0.3353,NO
hook3056.jpg,0.2998,NO
hook3057.jpg,0.3035,NO
hook3058.jpg,0.3457,NO
hook3059.jpg,0.3251,NO
hook306.jpg,0.2528,NO
hook3060.jpg,0.3432,NO
hook3061.jpg,0.2158,NO
hook3063.jpg,0.3533,NO
hook3064.jpg,0.3229,NO
hook3065.jpg,0.3334,NO
hook3062.jpg,0.2516,NO
hook3066.jpg,0.3270,NO
hook3068.jpg,0.4172,NO
hook3069.jpg,0.3082,NO
hook307.jpg,0.2947,NO
hook3070.jpg,0.3444,NO
hook3071.jpg,0.2710,NO
hook3067.jpg,0.3387,NO
hook3072.jpg,0.3050,NO
hook308.jpg,0.1740,NO
hook309.jpg,0.2309,NO
hook31.jpg,0.1958,NO
hook311.jpg,0.1452,NO
hook310.jpg,0.1875,NO
hook312.jpg,0.2047,NO
hook313.jpg,0.1227,NO
hook314.jpg,0.1104,NO
hook315.jpg,0.2425,NO
hook316.jpg,0.2125,NO
hook317.jpg,0.1997,NO
hook318.jpg,0.1974,NO
hook320.jpg,0.2175,NO
hook319.jpg,0.2411,NO
hook321.jpg,0.2193,NO
hook324.jpg,0.2027,NO
hook322.jpg,0.1862,NO
hook325.jpg,0.1823,NO
hook326.jpg,0.1922,NO
hook327.jpg,0.2281,NO
hook328.jpg,0.1823,NO
hook330.jpg,0.1444,NO
hook332.jpg,0.1683,NO
hook331.jpg,0.1932,NO
hook333.jpg,0.1244,NO
hook334.jpg,0.2375,NO
hook336.jpg,0.1756,NO
hook337.jpg,0.1468,NO
hook338.jpg,0.1956,NO
hook339.jpg,0.1875,NO
hook340.jpg,0.2325,NO
hook341.jpg,0.2028,NO
hook343.jpg,0.2596,NO
hook344.jpg,0.4058,NO
hook345.jpg,0.2615,NO
hook346.jpg,0.2974,NO
hook342.jpg,0.1739,NO
hook347.jpg,0.2505,NO
hook348.jpg,0.2447,NO
hook35.jpg,0.2871,NO
hook350.jpg,0.2714,NO
hook349.jpg,0.3211,NO
hook351.jpg,0.1780,NO
hook356.jpg,0.3594,NO
hook352.jpg,0.2410,NO
hook355.jpg,0.3128,NO
hook358.jpg,0.2940,NO
hook359.jpg,0.2707,NO
hook36.jpg,0.3181,NO
hook362.jpg,0.3083,NO
hook363.jpg,0.3323,NO
hook361.jpg,0.2944,NO
hook360.jpg,0.3062,NO
hook364.jpg,0.3004,NO
hook365.jpg,0.2927,NO
hook366.jpg,0.2904,NO
hook367.jpg,0.3003,NO
hook369.jpg,0.3372,NO
hook37.jpg,0.2235,NO
hook368.jpg,0.3824,NO
hook370.jpg,0.1494,NO
hook373.jpg,0.2834,NO
hook372.jpg,0.4005,NO
hook374.jpg,0.4009,NO
hook375.jpg,0.2671,NO
hook376.jpg,0.3389,NO
hook378.jpg,0.3127,NO
hook377.jpg,0.1677,NO
hook38.jpg,0.2782,NO
hook379.jpg,0.3440,NO
hook380.jpg,0.3667,NO
hook381.jpg,0.2217,NO
hook382.jpg,0.3919,NO
hook384.jpg,0.3345,NO
hook383.jpg,0.3549,NO
hook385.jpg,0.3607,NO
hook387.jpg,0.2692,NO
hook388.jpg,0.2718,NO
hook39.jpg,0.1977,NO
hook390.jpg,0.2568,NO
hook389.jpg,0.2624,NO
hook392.jpg,0.3561,NO
hook391.jpg,0.3858,NO
hook393.jpg,0.3339,NO
hook395.jpg,0.4157,NO
hook397.jpg,0.3591,NO
hook399.jpg,0.3292,NO
hook401.jpg,0.2801,NO
hook402.jpg,0.3026,NO
hook400.jpg,0.1494,NO
hook396.jpg,0.3420,NO
hook4.jpg,0.3089,NO
hook403.jpg,0.2568,NO
hook405.jpg,0.3314,NO
hook404.jpg,0.4203,NO
hook407.jpg,0.3705,NO
hook406.jpg,0.4632,NO
hook408.jpg,0.2908,NO
hook409.jpg,0.2486,NO
hook41.jpg,0.3125,NO
hook410.jpg,0.2292,NO
hook411.jpg,0.3251,NO
hook413.jpg,0.3064,NO
hook414.jpg,0.2548,NO
hook415.jpg,0.2421,NO
hook416.jpg,0.2581,NO
hook417.jpg,0.2785,NO
hook418.jpg,0.2876,NO
hook419.jpg,0.2334,NO
hook42.jpg,0.2899,NO
hook420.jpg,0.2583,NO
hook421.jpg,0.2516,NO
hook422.jpg,0.2320,NO
hook423.jpg,0.2988,NO
hook427.jpg,0.2598,NO
hook424.jpg,0.2586,NO
hook425.jpg,0.2878,NO
hook428.jpg,0.3358,NO
hook429.jpg,0.3223,NO
hook43.jpg,0.2767,NO
hook431.jpg,0.3258,NO
hook430.jpg,0.4274,NO
hook432.jpg,0.2516,NO
hook433.jpg,0.3613,NO
hook434.jpg,0.2395,NO
hook435.jpg,0.4570,NO
hook436.jpg,0.3809,NO
hook437.jpg,0.3210,NO
hook438.jpg,0.3746,NO
hook439.jpg,0.3971,NO
hook44.jpg,0.2644,NO
hook442.jpg,0.3650,NO
hook443.jpg,0.3556,NO
hook444.jpg,0.3949,NO
hook440.jpg,0.2065,NO
hook445.jpg,0.4936,NO
hook446.jpg,0.4191,NO
hook441.jpg,0.3629,NO
hook447.jpg,0.3505,NO
hook448.jpg,0.4279,NO
hook449.jpg,0.3582,NO
hook45.jpg,0.2924,NO
hook451.jpg,0.3409,NO
hook452.jpg,0.5545,YES
hook450.jpg,0.3324,NO
hook453.jpg,0.3831,NO
hook454.jpg,0.3927,NO
hook455.jpg,0.3720,NO
hook456.jpg,0.4064,NO
hook457.jpg,0.3987,NO
hook458.jpg,0.3557,NO
hook459.jpg,0.3565,NO
hook46.jpg,0.2813,NO
hook461.jpg,0.4364,NO
hook460.jpg,0.4539,NO
hook463.jpg,0.4552,NO
hook465.jpg,0.1749,NO
hook466.jpg,0.4365,NO
hook467.jpg,0.4087,NO
hook468.jpg,0.3921,NO
hook47.jpg,0.3667,NO
hook469.jpg,0.4110,NO
hook470.jpg,0.3533,NO
hook471.jpg,0.4289,NO
hook472.jpg,0.4141,NO
hook473.jpg,0.3262,NO
hook475.jpg,0.4338,NO
hook476.jpg,0.2195,NO
hook477.jpg,0.4177,NO
hook478.jpg,0.4209,NO
hook48.jpg,0.2905,NO
hook479.jpg,0.3703,NO
hook481.jpg,0.3822,NO
hook480.jpg,0.3522,NO
hook482.jpg,0.3543,NO
hook483.jpg,0.1834,NO
hook484.jpg,0.3312,NO
hook487.jpg,0.4082,NO
hook489.jpg,0.4034,NO
hook49.jpg,0.3392,NO
hook485.jpg,0.4263,NO
hook488.jpg,0.4123,NO
hook490.jpg,0.3202,NO
hook491.jpg,0.3697,NO
hook492.jpg,0.3066,NO
hook493.jpg,0.3994,NO
hook494.jpg,0.3864,NO
hook495.jpg,0.3936,NO
hook499.jpg,0.4281,NO
hook497.jpg,0.4443,NO
hook5.jpg,0.3675,NO
hook498.jpg,0.4671,NO
hook50.jpg,0.2866,NO
hook500.jpg,0.3962,NO
hook501.jpg,0.5789,YES
hook502.jpg,0.3600,NO
hook503.jpg,0.4553,NO
hook505.jpg,0.5299,YES
hook504.jpg,0.4203,NO
hook508.jpg,0.3834,NO
hook506.jpg,0.4832,NO
hook509.jpg,0.3477,NO
hook51.jpg,0.3376,NO
hook510.jpg,0.3519,NO
hook511.jpg,0.3333,NO
hook512.jpg,0.3415,NO
hook514.jpg,0.3194,NO
hook513.jpg,0.2494,NO
hook515.jpg,0.1738,NO
hook516.jpg,0.3264,NO
hook517.jpg,0.3934,NO
hook518.jpg,0.3207,NO
hook519.jpg,0.3433,NO
hook52.jpg,0.2435,NO
hook520.jpg,0.3178,NO
hook521.jpg,0.2044,NO
hook522.jpg,0.2688,NO
hook523.jpg,0.2933,NO
hook524.jpg,0.4310,NO
hook525.jpg,0.2573,NO
hook526.jpg,0.3689,NO
hook527.jpg,0.3414,NO
hook528.jpg,0.3290,NO
hook530.jpg,0.3070,NO
hook529.jpg,0.4497,NO
hook531.jpg,0.1567,NO
hook532.jpg,0.3103,NO
hook53.jpg,0.2742,NO
hook533.jpg,0.3146,NO
hook534.jpg,0.2931,NO
hook535.jpg,0.2958,NO
hook536.jpg,0.2435,NO
hook538.jpg,0.1954,NO
hook539.jpg,0.2295,NO
hook537.jpg,0.2787,NO
hook540.jpg,0.4011,NO
hook54.jpg,0.2718,NO
hook541.jpg,0.2642,NO
hook542.jpg,0.2650,NO
hook543.jpg,0.2939,NO
hook544.jpg,0.3444,NO
hook545.jpg,0.3256,NO
hook547.jpg,0.2311,NO
hook549.jpg,0.2509,NO
hook546.jpg,0.2191,NO
hook548.jpg,0.2064,NO
hook550.jpg,0.2643,NO
hook551.jpg,0.4425,NO
hook552.jpg,0.2640,NO
hook553.jpg,0.2982,NO
hook554.jpg,0.3072,NO
hook555.jpg,0.3832,NO
hook556.jpg,0.2127,NO
hook558.jpg,0.3309,NO
hook557.jpg,0.5015,YES
hook559.jpg,0.2436,NO
hook56.jpg,0.2463,NO
hook560.jpg,0.2458,NO
hook561.jpg,0.3122,NO
hook562.jpg,0.4276,NO
hook564.jpg,0.2004,NO
hook563.jpg,0.1908,NO
hook565.jpg,0.2387,NO
hook566.jpg,0.3592,NO
hook567.jpg,0.1928,NO
hook568.jpg,0.2298,NO
hook57.jpg,0.2301,NO
hook570.jpg,0.2427,NO
hook571.jpg,0.1845,NO
hook576.jpg,0.2094,NO
hook577.jpg,0.1824,NO
hook572.jpg,0.1839,NO
hook575.jpg,0.2233,NO
hook578.jpg,0.2502,NO
hook579.jpg,0.2172,NO
hook58.jpg,0.2400,NO
hook580.jpg,0.1554,NO
hook582.jpg,0.1987,NO
hook583.jpg,0.1953,NO
hook586.jpg,0.2139,NO
hook584.jpg,0.3796,NO
hook585.jpg,0.2242,NO
hook587.jpg,0.1649,NO
hook588.jpg,0.1538,NO
hook589.jpg,0.2229,NO
hook59.jpg,0.1348,NO
hook590.jpg,0.1962,NO
hook591.jpg,0.1548,NO
hook594.jpg,0.2271,NO
hook592.jpg,0.1630,NO
hook595.jpg,0.4172,NO
hook593.jpg,0.2266,NO
hook596.jpg,0.2088,NO
hook597.jpg,0.1891,NO
hook598.jpg,0.1859,NO
hook599.jpg,0.1247,NO
hook60.jpg,0.2538,NO
hook602.jpg,0.1914,NO
hook601.jpg,0.2029,NO
hook604.jpg,0.1747,NO
hook603.jpg,0.1803,NO
hook606.jpg,0.4088,NO
hook605.jpg,0.2252,NO
hook607.jpg,0.2160,NO
hook608.jpg,0.1560,NO
hook609.jpg,0.2039,NO
hook610.jpg,0.1901,NO
hook61.jpg,0.2626,NO
hook611.jpg,0.1702,NO
hook612.jpg,0.1821,NO
hook613.jpg,0.2351,NO
hook614.jpg,0.2026,NO
hook615.jpg,0.2255,NO
hook616.jpg,0.2762,NO
hook617.jpg,0.3613,NO
hook620.jpg,0.2833,NO
hook618.jpg,0.2101,NO
hook621.jpg,0.2642,NO
hook619.jpg,0.2890,NO
hook622.jpg,0.2406,NO
hook623.jpg,0.3109,NO
hook624.jpg,0.1824,NO
hook625.jpg,0.2491,NO
hook626.jpg,0.2553,NO
hook628.jpg,0.3766,NO
hook627.jpg,0.4604,NO
hook63.jpg,0.2721,NO
hook629.jpg,0.4373,NO
hook630.jpg,0.2898,NO
hook631.jpg,0.2616,NO
hook632.jpg,0.4621,NO
hook635.jpg,0.2948,NO
hook633.jpg,0.2637,NO
hook637.jpg,0.3453,NO
hook636.jpg,0.4512,NO
hook639.jpg,0.2967,NO
hook638.jpg,0.2879,NO
hook64.jpg,0.3152,NO
hook640.jpg,0.5399,YES
hook642.jpg,0.3375,NO
hook643.jpg,0.3733,NO
hook644.jpg,0.3225,NO
hook646.jpg,0.3431,NO
hook645.jpg,0.3194,NO
hook648.jpg,0.2255,NO
hook647.jpg,0.1769,NO
hook649.jpg,0.3874,NO
hook65.jpg,0.3069,NO
hook650.jpg,0.3751,NO
hook651.jpg,0.4453,NO
hook652.jpg,0.4081,NO
hook655.jpg,0.4347,NO
hook654.jpg,0.3577,NO
hook659.jpg,0.3471,NO
hook657.jpg,0.3161,NO
hook66.jpg,0.2796,NO
hook660.jpg,0.3385,NO
hook661.jpg,0.2642,NO
hook662.jpg,0.4995,NO
hook663.jpg,0.4113,NO
hook665.jpg,0.4485,NO
hook664.jpg,0.4026,NO
hook667.jpg,0.4236,NO
hook668.jpg,0.4025,NO
hook666.jpg,0.4080,NO
hook669.jpg,0.3961,NO
hook67.jpg,0.2578,NO
hook670.jpg,0.4074,NO
hook671.jpg,0.3350,NO
hook673.jpg,0.4858,NO
hook674.jpg,0.1761,NO
hook672.jpg,0.3320,NO
hook675.jpg,0.4338,NO
hook676.jpg,0.4241,NO
hook677.jpg,0.3136,NO
hook678.jpg,0.3978,NO
hook679.jpg,0.4172,NO
hook68.jpg,0.3641,NO
hook680.jpg,0.3511,NO
hook685.jpg,0.4163,NO
hook682.jpg,0.4416,NO
hook686.jpg,0.3477,NO
hook684.jpg,0.1917,NO
hook687.jpg,0.3880,NO
hook688.jpg,0.1616,NO
hook689.jpg,0.1405,NO
hook69.jpg,0.3082,NO
hook690.jpg,0.3060,NO
hook692.jpg,0.3679,NO
hook691.jpg,0.3250,NO
hook693.jpg,0.3128,NO
hook694.jpg,0.2801,NO
hook695.jpg,0.3798,NO
hook697.jpg,0.2879,NO
hook698.jpg,0.2495,NO
hook699.jpg,0.2778,NO
hook7.jpg,0.3097,NO
hook701.jpg,0.2652,NO
hook70.jpg,0.3257,NO
hook703.jpg,0.2237,NO
hook700.jpg,0.1991,NO
hook704.jpg,0.3248,NO
hook705.jpg,0.3362,NO
hook706.jpg,0.4110,NO
hook707.jpg,0.2813,NO
hook708.jpg,0.4938,NO
hook710.jpg,0.3142,NO
hook709.jpg,0.3328,NO
hook715.jpg,0.3344,NO
hook711.jpg,0.3601,NO
hook716.jpg,0.3459,NO
hook717.jpg,0.5138,YES
hook719.jpg,0.2729,NO
hook72.jpg,0.2388,NO
hook720.jpg,0.2170,NO
hook722.jpg,0.2312,NO
hook721.jpg,0.3092,NO
hook724.jpg,0.3298,NO
hook723.jpg,0.2609,NO
hook725.jpg,0.2230,NO
hook726.jpg,0.2392,NO
hook727.jpg,0.2949,NO
hook728.jpg,0.3370,NO
hook729.jpg,0.2926,NO
hook731.jpg,0.2556,NO
hook730.jpg,0.3396,NO
hook734.jpg,0.2194,NO
hook735.jpg,0.2180,NO
hook732.jpg,0.3238,NO
hook736.jpg,0.2660,NO
hook737.jpg,0.2075,NO
hook738.jpg,0.1772,NO
hook74.jpg,0.2596,NO
hook742.jpg,0.2046,NO
hook743.jpg,0.2487,NO
hook741.jpg,0.5261,YES
hook744.jpg,0.2822,NO
hook745.jpg,0.3782,NO
hook746.jpg,0.3321,NO
hook748.jpg,0.3985,NO
hook749.jpg,0.2654,NO
hook75.jpg,0.2676,NO
hook750.jpg,0.2798,NO
hook751.jpg,0.2532,NO
hook754.jpg,0.2900,NO
hook753.jpg,0.3044,NO
hook755.jpg,0.2147,NO
hook756.jpg,0.2800,NO
hook757.jpg,0.2515,NO
hook758.jpg,0.2577,NO
hook759.jpg,0.2410,NO
hook760.jpg,0.2821,NO
hook76.jpg,0.3323,NO
hook762.jpg,0.3137,NO
hook763.jpg,0.4571,NO
hook761.jpg,0.2618,NO
hook764.jpg,0.2720,NO
hook765.jpg,0.3289,NO
hook766.jpg,0.2909,NO
hook767.jpg,0.3469,NO
hook769.jpg,0.2348,NO
hook77.jpg,0.2421,NO
hook768.jpg,0.2583,NO
hook771.jpg,0.2749,NO
hook770.jpg,0.2446,NO
hook772.jpg,0.3356,NO
hook773.jpg,0.2352,NO
hook774.jpg,0.5637,YES
hook775.jpg,0.2321,NO
hook777.jpg,0.2247,NO
hook779.jpg,0.3141,NO
hook778.jpg,0.2898,NO
hook780.jpg,0.2628,NO
hook781.jpg,0.3225,NO
hook782.jpg,0.2602,NO
hook783.jpg,0.3097,NO
hook784.jpg,0.2754,NO
hook786.jpg,0.3371,NO
hook787.jpg,0.3048,NO
hook79.jpg,0.2933,NO
hook788.jpg,0.2893,NO
hook790.jpg,0.1984,NO
hook789.jpg,0.2764,NO
hook791.jpg,0.3714,NO
hook792.jpg,0.3199,NO
hook793.jpg,0.3200,NO
hook794.jpg,0.1374,NO
hook795.jpg,0.3660,NO
hook798.jpg,0.3355,NO
hook797.jpg,0.4944,NO
hook799.jpg,0.4750,NO
hook8.jpg,0.3495,NO
hook80.jpg,0.2916,NO
hook800.jpg,0.3572,NO
hook801.jpg,0.4090,NO
hook802.jpg,0.4123,NO
hook803.jpg,0.4549,NO
hook806.jpg,0.4188,NO
hook808.jpg,0.4238,NO
hook804.jpg,0.3647,NO
hook809.jpg,0.3649,NO
hook805.jpg,0.1913,NO
hook81.jpg,0.2990,NO
hook810.jpg,0.4016,NO
hook811.jpg,0.4166,NO
hook814.jpg,0.2349,NO
hook812.jpg,0.5031,YES
hook816.jpg,0.5464,YES
hook815.jpg,0.4300,NO
hook818.jpg,0.4842,NO
hook817.jpg,0.1135,NO
hook819.jpg,0.4931,NO
hook82.jpg,0.3542,NO
hook820.jpg,0.4143,NO
hook821.jpg,0.4023,NO
hook822.jpg,0.4658,NO
hook825.jpg,0.3097,NO
hook823.jpg,0.4649,NO
hook826.jpg,0.2376,NO
hook827.jpg,0.4185,NO
hook828.jpg,0.2374,NO
hook829.jpg,0.5217,YES
hook83.jpg,0.2492,NO
hook830.jpg,0.4804,NO
hook832.jpg,0.4077,NO
hook835.jpg,0.3762,NO
hook833.jpg,0.2688,NO
hook834.jpg,0.4393,NO
hook836.jpg,0.3968,NO
hook837.jpg,0.3674,NO
hook838.jpg,0.3509,NO
hook84.jpg,0.3893,NO
hook840.jpg,0.5508,YES
hook841.jpg,0.2907,NO
hook844.jpg,0.4563,NO
hook842.jpg,0.4652,NO
hook843.jpg,0.4331,NO
hook845.jpg,0.4399,NO
hook846.jpg,0.3954,NO
hook847.jpg,0.4440,NO
hook848.jpg,0.3515,NO
hook849.jpg,0.3835,NO
hook85.jpg,0.2539,NO
hook850.jpg,0.3112,NO
hook853.jpg,0.3429,NO
hook855.jpg,0.2554,NO
hook856.jpg,0.3354,NO
hook852.jpg,0.6044,YES
hook857.jpg,0.2898,NO
hook859.jpg,0.3350,NO
hook86.jpg,0.3327,NO
hook861.jpg,0.3276,NO
hook863.jpg,0.3313,NO
hook862.jpg,0.3365,NO
hook860.jpg,0.4169,NO
hook865.jpg,0.3937,NO
hook864.jpg,0.3836,NO
hook866.jpg,0.3972,NO
hook867.jpg,0.2858,NO
hook868.jpg,0.3273,NO
hook869.jpg,0.3900,NO
hook87.jpg,0.3008,NO
hook871.jpg,0.2895,NO
hook870.jpg,0.3945,NO
hook872.jpg,0.3594,NO
hook873.jpg,0.2954,NO
hook874.jpg,0.5336,YES
hook876.jpg,0.4128,NO
hook875.jpg,0.3821,NO
hook877.jpg,0.3343,NO
hook878.jpg,0.4177,NO
hook880.jpg,0.3908,NO
hook879.jpg,0.4081,NO
hook88.jpg,0.2720,NO
hook881.jpg,0.4140,NO
hook883.jpg,0.2446,NO
hook884.jpg,0.2712,NO
hook885.jpg,0.5898,YES
hook887.jpg,0.3162,NO
hook888.jpg,0.3253,NO
hook890.jpg,0.3169,NO
hook889.jpg,0.3025,NO
hook892.jpg,0.3190,NO
hook89.jpg,0.1655,NO
hook893.jpg,0.3820,NO
hook895.jpg,0.3457,NO
hook896.jpg,0.4799,NO
hook897.jpg,0.3123,NO
hook898.jpg,0.3357,NO
hook9.jpg,0.3341,NO
hook900.jpg,0.3143,NO
hook899.jpg,0.3155,NO
hook901.jpg,0.3945,NO
hook90.jpg,0.3038,NO
hook902.jpg,0.4082,NO
hook903.jpg,0.3346,NO
hook904.jpg,0.3088,NO
hook905.jpg,0.3283,NO
hook906.jpg,0.3145,NO
hook908.jpg,0.2847,NO
hook910.jpg,0.3454,NO
hook907.jpg,0.5228,YES
hook909.jpg,0.2941,NO
hook911.jpg,0.2812,NO
hook912.jpg,0.2972,NO
hook913.jpg,0.3071,NO
hook914.jpg,0.3341,NO
hook915.jpg,0.2913,NO
hook916.jpg,0.2946,NO
hook917.jpg,0.3311,NO
hook918.jpg,0.4203,NO
hook919.jpg,0.3148,NO
hook92.jpg,0.3631,NO
hook920.jpg,0.3157,NO
hook924.jpg,0.4285,NO
hook923.jpg,0.3362,NO
hook925.jpg,0.3542,NO
hook926.jpg,0.3472,NO
hook928.jpg,0.3264,NO
hook927.jpg,0.3310,NO
hook929.jpg,0.2799,NO
hook93.jpg,0.2790,NO
hook930.jpg,0.3057,NO
hook931.jpg,0.4104,NO
hook933.jpg,0.6208,YES
hook935.jpg,0.5818,YES
hook937.jpg,0.4159,NO
hook934.jpg,0.4490,NO
hook938.jpg,0.4932,NO
hook936.jpg,0.5137,YES
hook939.jpg,0.3960,NO
hook94.jpg,0.2842,NO
hook940.jpg,0.2964,NO
hook941.jpg,0.4506,NO
hook942.jpg,0.3949,NO
hook944.jpg,0.4289,NO
hook943.jpg,0.4613,NO
hook947.jpg,0.4414,NO
hook946.jpg,0.4454,NO
hook945.jpg,0.5348,YES
hook948.jpg,0.4664,NO
hook949.jpg,0.4582,NO
hook95.jpg,0.3312,NO
hook950.jpg,0.4793,NO
hook952.jpg,0.2449,NO
hook953.jpg,0.4190,NO
hook955.jpg,0.4796,NO
hook951.jpg,0.4568,NO
hook954.jpg,0.4809,NO
hook956.jpg,0.4885,NO
hook957.jpg,0.4610,NO
hook958.jpg,0.4473,NO
hook959.jpg,0.4522,NO
hook96.jpg,0.2818,NO
hook960.jpg,0.1966,NO
hook961.jpg,0.4386,NO
hook962.jpg,0.4127,NO
hook963.jpg,0.3481,NO
hook964.jpg,0.5085,YES
hook965.jpg,0.1760,NO
hook966.jpg,0.4015,NO
hook967.jpg,0.4201,NO
hook968.jpg,0.4576,NO
hook969.jpg,0.5393,YES
hook970.jpg,0.4976,NO
hook97.jpg,0.2629,NO
hook971.jpg,0.3793,NO
hook972.jpg,0.4414,NO
hook974.jpg,0.4085,NO
hook975.jpg,0.3901,NO
hook976.jpg,0.4153,NO
hook978.jpg,0.2853,NO
hook977.jpg,0.3252,NO
hook980.jpg,0.2801,NO
hook979.jpg,0.4343,NO
hook98.jpg,0.1165,NO
hook981.jpg,0.2625,NO
hook982.jpg,0.2706,NO
hook984.jpg,0.2259,NO
hook985.jpg,0.4952,NO
hook987.jpg,0.2845,NO
hook990.jpg,0.3509,NO
hook986.jpg,0.1663,NO
hook991.jpg,0.4556,NO
hook988.jpg,0.5274,YES
hook992.jpg,0.3386,NO
hook993.jpg,0.3201,NO
hook994.jpg,0.5258,YES
hook995.jpg,0.1843,NO
hook996.jpg,0.4509,NO
hook998.jpg,0.3592,NO
hpdr10.jpg,0.3299,NO
hook997.jpg,0.5112,YES
hpdr100.jpg,0.2989,NO
hook999.jpg,0.5020,YES
hpdr1001.jpg,0.6951,YES
hpdr1002.jpg,0.5477,YES
hpdr1003.jpg,0.2598,NO
hpdr1004.jpg,0.1859,NO
hpdr1005.jpg,0.6600,YES
hpdr1007.jpg,0.2821,NO
hpdr1006.jpg,0.3330,NO
hpdr1008.jpg,0.4084,NO
hpdr1009.jpg,0.1455,NO
hpdr101.jpg,0.3317,NO
hpdr1010.jpg,0.5181,YES
hpdr1013.jpg,0.4960,NO
hpdr1014.jpg,0.4711,NO
hpdr1017.jpg,0.3345,NO
hpdr1018.jpg,0.4634,NO
hpdr102.jpg,0.5156,YES
hpdr1024.jpg,0.5152,YES
hpdr1026.jpg,0.4254,NO
hpdr1037.jpg,0.4573,NO
hpdr1038.jpg,0.5779,YES
hpdr1039.jpg,0.2492,NO
hpdr104.jpg,0.5736,YES
hpdr1046.jpg,0.4979,NO
hpdr1045.jpg,0.3466,NO
hpdr1041.jpg,0.4444,NO
hpdr1047.jpg,0.4263,NO
hpdr1048.jpg,0.4330,NO
hpdr1049.jpg,0.3718,NO
hpdr1050.jpg,0.3862,NO
hpdr1051.jpg,0.5384,YES
hpdr1052.jpg,0.2497,NO
hpdr1055.jpg,0.3512,NO
hpdr1056.jpg,0.3840,NO
hpdr1053.jpg,0.4966,NO
hpdr1054.jpg,0.3884,NO
hpdr1057.jpg,0.3223,NO
hpdr1058.jpg,0.4276,NO
hpdr1059.jpg,0.4395,NO
hpdr106.jpg,0.5649,YES
hpdr1062.jpg,0.4477,NO
hpdr1064.jpg,0.4141,NO
hpdr1067.jpg,0.4505,NO
hpdr1065.jpg,0.5444,YES
hpdr1068.jpg,0.3134,NO
hpdr1066.jpg,0.3358,NO
hpdr1069.jpg,0.3027,NO
hpdr107.jpg,0.4850,NO
hpdr1070.jpg,0.3453,NO
hpdr1071.jpg,0.3890,NO
hpdr1072.jpg,0.2371,NO
hpdr1074.jpg,0.3792,NO
hpdr1076.jpg,0.3392,NO
hpdr1073.jpg,0.2059,NO
hpdr1075.jpg,0.2759,NO
hpdr1077.jpg,0.4079,NO
hpdr1078.jpg,0.2998,NO
hpdr1079.jpg,0.4020,NO
hpdr108.jpg,0.3465,NO
hpdr1081.jpg,0.3299,NO
hpdr1080.jpg,0.2433,NO
hpdr1082.jpg,0.3144,NO
hpdr1084.jpg,0.4792,NO
hpdr1083.jpg,0.1426,NO
hpdr1085.jpg,0.3106,NO
hpdr1086.jpg,0.7554,YES
hpdr1087.jpg,0.5368,YES
hpdr1088.jpg,0.3211,NO
hpdr1089.jpg,0.6844,YES
hpdr1090.jpg,0.4218,NO
hpdr109.jpg,0.6002,YES
hpdr1091.jpg,0.2917,NO
hpdr1092.jpg,0.6926,YES
hpdr1093.jpg,0.6532,YES
hpdr1094.jpg,0.6461,YES
hpdr1095.jpg,0.7551,YES
hpdr1096.jpg,0.2503,NO
hpdr1097.jpg,0.6828,YES
hpdr110.jpg,0.6008,YES
hpdr1098.jpg,0.8113,YES
hpdr1102.jpg,0.7449,YES
hpdr1101.jpg,0.5404,YES
hpdr1099.jpg,0.6434,YES
hpdr1103.jpg,0.6884,YES
hpdr1104.jpg,0.6700,YES
hpdr1105.jpg,0.2502,NO
hpdr1106.jpg,0.2371,NO
hpdr1108.jpg,0.2631,NO
hpdr1109.jpg,0.2260,NO
hpdr1107.jpg,0.6879,YES
hpdr111.jpg,0.6086,YES
hpdr1110.jpg,0.3881,NO
hpdr1111.jpg,0.2052,NO
hpdr1112.jpg,0.7276,YES
hpdr1113.jpg,0.6184,YES
hpdr1115.jpg,0.2559,NO
hpdr1114.jpg,0.4240,NO
hpdr1118.jpg,0.2303,NO
hpdr1116.jpg,0.4897,NO
hpdr1119.jpg,0.4046,NO
hpdr1117.jpg,0.2565,NO
hpdr112.jpg,0.6519,YES
hpdr1120.jpg,0.2099,NO
hpdr1122.jpg,0.4345,NO
hpdr1121.jpg,0.1916,NO
hpdr1123.jpg,0.3641,NO
hpdr1127.jpg,0.5208,YES
hpdr1126.jpg,0.2650,NO
hpdr1128.jpg,0.4898,NO
hpdr1129.jpg,0.5508,YES
hpdr113.jpg,0.3193,NO
hpdr1130.jpg,0.5706,YES
hpdr1131.jpg,0.5436,YES
hpdr1133.jpg,0.3864,NO
hpdr1135.jpg,0.3082,NO
hpdr1140.jpg,0.3759,NO
hpdr1136.jpg,0.4566,NO
hpdr1141.jpg,0.2160,NO
hpdr1138.jpg,0.6472,YES
hpdr1143.jpg,0.4480,NO
hpdr1142.jpg,0.4112,NO
hpdr1144.jpg,0.4948,NO
hpdr1145.jpg,0.4773,NO
hpdr1146.jpg,0.5169,YES
hpdr1149.jpg,0.6116,YES
hpdr1147.jpg,0.4138,NO
hpdr115.jpg,0.3424,NO
hpdr1150.jpg,0.4948,NO
hpdr1151.jpg,0.4594,NO
hpdr1152.jpg,0.4210,NO
hpdr1153.jpg,0.4306,NO
hpdr1154.jpg,0.4214,NO
hpdr1156.jpg,0.3243,NO
hpdr1157.jpg,0.1898,NO
hpdr116.jpg,0.5977,YES
hpdr1159.jpg,0.3646,NO
hpdr1158.jpg,0.4778,NO
hpdr1160.jpg,0.3437,NO
hpdr1162.jpg,0.4583,NO
hpdr1163.jpg,0.5778,YES
hpdr1164.jpg,0.4974,NO
hpdr1166.jpg,0.6900,YES
hpdr1167.jpg,0.7535,YES
hpdr1165.jpg,0.5883,YES
hpdr1169.jpg,0.5526,YES
hpdr117.jpg,0.3500,NO
hpdr1170.jpg,0.3921,NO
hpdr1171.jpg,0.3789,NO
hpdr1172.jpg,0.8003,YES
hpdr1175.jpg,0.6633,YES
hpdr1174.jpg,0.2779,NO
hpdr1178.jpg,0.7214,YES
hpdr1176.jpg,0.7576,YES
hpdr118.jpg,0.3292,NO
hpdr1177.jpg,0.7038,YES
hpdr1180.jpg,0.3384,NO
hpdr1182.jpg,0.6771,YES
hpdr1183.jpg,0.5527,YES
hpdr1184.jpg,0.6512,YES
hpdr1186.jpg,0.3063,NO
hpdr1188.jpg,0.6899,YES
hpdr1187.jpg,0.2133,NO
hpdr1190.jpg,0.7091,YES
hpdr1189.jpg,0.6916,YES
hpdr119.jpg,0.3215,NO
hpdr1192.jpg,0.3440,NO
hpdr1191.jpg,0.2920,NO
hpdr1193.jpg,0.6658,YES
hpdr1194.jpg,0.7422,YES
hpdr1196.jpg,0.8197,YES
hpdr1198.jpg,0.6937,YES
hpdr1195.jpg,0.8092,YES
hpdr1197.jpg,0.7570,YES
hpdr1199.jpg,0.7576,YES
hpdr12.jpg,0.3367,NO
hpdr120.jpg,0.4520,NO
hpdr1200.jpg,0.7798,YES
hpdr1202.jpg,0.6707,YES
hpdr1203.jpg,0.6814,YES
hpdr1204.jpg,0.5459,YES
hpdr1206.jpg,0.5068,YES
hpdr1208.jpg,0.3984,NO
hpdr1207.jpg,0.5042,YES
hpdr1209.jpg,0.3900,NO
hpdr121.jpg,0.5411,YES
hpdr1210.jpg,0.5733,YES
hpdr1211.jpg,0.6782,YES
hpdr1215.jpg,0.2642,NO
hpdr1214.jpg,0.3984,NO
hpdr1212.jpg,0.4281,NO
hpdr1213.jpg,0.7512,YES
hpdr1216.jpg,0.2925,NO
hpdr1218.jpg,0.3691,NO
hpdr1217.jpg,0.2579,NO
hpdr1219.jpg,0.4842,NO
hpdr1220.jpg,0.4203,NO
hpdr122.jpg,0.1340,NO
hpdr1223.jpg,0.4466,NO
hpdr1221.jpg,0.5121,YES
hpdr1222.jpg,0.7125,YES
hpdr1224.jpg,0.2357,NO
hpdr1225.jpg,0.8289,YES
hpdr1227.jpg,0.5494,YES
hpdr1228.jpg,0.3573,NO
hpdr1229.jpg,0.6196,YES
hpdr123.jpg,0.3224,NO
hpdr1234.jpg,0.7623,YES
hpdr1232.jpg,0.4367,NO
hpdr1230.jpg,0.3657,NO
hpdr1231.jpg,0.6011,YES
hpdr1235.jpg,0.6575,YES
hpdr1236.jpg,0.7925,YES
hpdr1239.jpg,0.7559,YES
hpdr124.jpg,0.5298,YES
hpdr1240.jpg,0.8153,YES
hpdr1241.jpg,0.7557,YES
hpdr1244.jpg,0.6832,YES
hpdr1242.jpg,0.6923,YES
hpdr1243.jpg,0.4607,NO
hpdr1245.jpg,0.6375,YES
hpdr1246.jpg,0.6020,YES
hpdr1247.jpg,0.4840,NO
hpdr1249.jpg,0.7009,YES
hpdr1248.jpg,0.2980,NO
hpdr125.jpg,0.4412,NO
hpdr1250.jpg,0.6883,YES
hpdr1251.jpg,0.2409,NO
hpdr1252.jpg,0.6120,YES
hpdr1253.jpg,0.6333,YES
hpdr1255.jpg,0.4307,NO
hpdr1256.jpg,0.4203,NO
hpdr1257.jpg,0.4250,NO
hpdr1258.jpg,0.7519,YES
hpdr1259.jpg,0.5082,YES
hpdr1260.jpg,0.4015,NO
hpdr126.jpg,0.4618,NO
hpdr1261.jpg,0.3750,NO
hpdr1263.jpg,0.5056,YES
hpdr1264.jpg,0.1742,NO
hpdr1265.jpg,0.5825,YES
hpdr1266.jpg,0.5294,YES
hpdr127.jpg,0.4050,NO
hpdr1268.jpg,0.4962,NO
hpdr1267.jpg,0.5167,YES
hpdr1270.jpg,0.5083,YES
hpdr1269.jpg,0.8866,YES
hpdr1271.jpg,0.4978,NO
hpdr1272.jpg,0.4809,NO
hpdr1273.jpg,0.5516,YES
hpdr1274.jpg,0.5868,YES
hpdr1275.jpg,0.5406,YES
hpdr1277.jpg,0.3219,NO
hpdr1279.jpg,0.4326,NO
hpdr128.jpg,0.3720,NO
hpdr1276.jpg,0.5041,YES
hpdr1281.jpg,0.5224,YES
hpdr1278.jpg,0.4532,NO
hpdr1282.jpg,0.4670,NO
hpdr1283.jpg,0.3821,NO
hpdr1284.jpg,0.5233,YES
hpdr1285.jpg,0.4671,NO
hpdr1286.jpg,0.4895,NO
hpdr1288.jpg,0.3337,NO
hpdr1287.jpg,0.5403,YES
hpdr1289.jpg,0.5872,YES
hpdr129.jpg,0.5797,YES
hpdr1292.jpg,0.4957,NO
hpdr1293.jpg,0.4509,NO
hpdr1294.jpg,0.4461,NO
hpdr1295.jpg,0.3958,NO
hpdr1296.jpg,0.4139,NO
hpdr1297.jpg,0.6885,YES
hpdr1298.jpg,0.3223,NO
hpdr1299.jpg,0.5352,YES
hpdr13.jpg,0.4221,NO
hpdr130.jpg,0.5346,YES
hpdr1300.jpg,0.4634,NO
hpdr1301.jpg,0.5398,YES
hpdr1303.jpg,0.5381,YES
hpdr1304.jpg,0.4962,NO
hpdr1306.jpg,0.5376,YES
hpdr1307.jpg,0.5177,YES
hpdr1305.jpg,0.4684,NO
hpdr1309.jpg,0.7966,YES
hpdr131.jpg,0.4219,NO
hpdr1310.jpg,0.5341,YES
hpdr1311.jpg,0.5277,YES
hpdr1314.jpg,0.6010,YES
hpdr1312.jpg,0.5039,YES
hpdr1315.jpg,0.3655,NO
hpdr1317.jpg,0.4264,NO
hpdr1316.jpg,0.3249,NO
hpdr1318.jpg,0.4401,NO
hpdr1319.jpg,0.3964,NO
hpdr132.jpg,0.5405,YES
hpdr1320.jpg,0.4242,NO
hpdr1322.jpg,0.4942,NO
hpdr1323.jpg,0.5218,YES
hpdr1321.jpg,0.5750,YES
hpdr1326.jpg,0.5180,YES
hpdr1325.jpg,0.1487,NO
hpdr133.jpg,0.5036,YES
hpdr1330.jpg,0.4632,NO
hpdr1331.jpg,0.4811,NO
hpdr1333.jpg,0.7814,YES
hpdr1332.jpg,0.4459,NO
hpdr1335.jpg,0.6028,YES
hpdr1334.jpg,0.4215,NO
hpdr1337.jpg,0.5201,YES
hpdr1338.jpg,0.5444,YES
hpdr1339.jpg,0.4296,NO
hpdr1340.jpg,0.2663,NO
hpdr1341.jpg,0.4612,NO
hpdr1342.jpg,0.4580,NO
hpdr1343.jpg,0.4509,NO
hpdr1344.jpg,0.4407,NO
hpdr1346.jpg,0.8820,YES
hpdr1348.jpg,0.4672,NO
hpdr1345.jpg,0.4686,NO
hpdr1349.jpg,0.4961,NO
hpdr135.jpg,0.4072,NO
hpdr1350.jpg,0.3163,NO
hpdr1351.jpg,0.3952,NO
hpdr1355.jpg,0.4329,NO
hpdr1354.jpg,0.4531,NO
hpdr1356.jpg,0.5049,YES
hpdr1359.jpg,0.7172,YES
hpdr1357.jpg,0.4901,NO
hpdr136.jpg,0.6075,YES
hpdr1360.jpg,0.5432,YES
hpdr1361.jpg,0.5370,YES
hpdr1362.jpg,0.5152,YES
hpdr1364.jpg,0.3171,NO
hpdr1363.jpg,0.1194,NO
hpdr1365.jpg,0.4175,NO
hpdr1367.jpg,0.3923,NO
hpdr1368.jpg,0.4024,NO
hpdr1366.jpg,0.4392,NO
hpdr1369.jpg,0.3862,NO
hpdr137.jpg,0.2666,NO
hpdr1370.jpg,0.2738,NO
hpdr1372.jpg,0.2334,NO
hpdr1371.jpg,0.4023,NO
hpdr1374.jpg,0.4322,NO
hpdr1373.jpg,0.4184,NO
hpdr1377.jpg,0.6252,YES
hpdr1376.jpg,0.4513,NO
hpdr1378.jpg,0.4197,NO
hpdr1379.jpg,0.5155,YES
hpdr138.jpg,0.2879,NO
hpdr1381.jpg,0.3975,NO
hpdr1382.jpg,0.4553,NO
hpdr1380.jpg,0.4585,NO
hpdr1383.jpg,0.3182,NO
hpdr1384.jpg,0.3864,NO
hpdr1385.jpg,0.4854,NO
hpdr1386.jpg,0.4421,NO
hpdr1387.jpg,0.3749,NO
hpdr1388.jpg,0.6492,YES
hpdr1389.jpg,0.4676,NO
hpdr139.jpg,0.4127,NO
hpdr1390.jpg,0.3813,NO
hpdr1393.jpg,0.4195,NO
hpdr1392.jpg,0.4084,NO
hpdr1391.jpg,0.4613,NO
hpdr1394.jpg,0.4934,NO
hpdr1396.jpg,0.4510,NO
hpdr1395.jpg,0.2121,NO
hpdr1398.jpg,0.4994,NO
hpdr1397.jpg,0.4102,NO
hpdr1399.jpg,0.6632,YES
hpdr140.jpg,0.4776,NO
hpdr1401.jpg,0.4375,NO
hpdr1400.jpg,0.5156,YES
hpdr1402.jpg,0.4425,NO
hpdr1403.jpg,0.5170,YES
hpdr1404.jpg,0.4917,NO
hpdr1407.jpg,0.7658,YES
hpdr1406.jpg,0.4314,NO
hpdr1405.jpg,0.4498,NO
hpdr1408.jpg,0.4087,NO
hpdr141.jpg,0.7002,YES
hpdr1410.jpg,0.6912,YES
hpdr1409.jpg,0.3775,NO
hpdr1411.jpg,0.4355,NO
hpdr1413.jpg,0.4916,NO
hpdr1416.jpg,0.3545,NO
hpdr1419.jpg,0.5566,YES
hpdr1418.jpg,0.4238,NO
hpdr142.jpg,0.5640,YES
hpdr1420.jpg,0.3825,NO
hpdr1421.jpg,0.6336,YES
hpdr1422.jpg,0.4836,NO
hpdr1425.jpg,0.2810,NO
hpdr1426.jpg,0.3454,NO
hpdr1427.jpg,0.2972,NO
hpdr1429.jpg,0.6680,YES
hpdr143.jpg,0.4157,NO
hpdr1428.jpg,0.4535,NO
hpdr1431.jpg,0.5428,YES
hpdr1430.jpg,0.3800,NO
hpdr1432.jpg,0.5676,YES
hpdr1433.jpg,0.4857,NO
hpdr1434.jpg,0.5298,YES
hpdr1435.jpg,0.4999,NO
hpdr1436.jpg,0.3921,NO
hpdr1437.jpg,0.3205,NO
hpdr1438.jpg,0.3044,NO
hpdr144.jpg,0.1659,NO
hpdr1440.jpg,0.4595,NO
hpdr1441.jpg,0.3850,NO
hpdr1442.jpg,0.4324,NO
hpdr1444.jpg,0.7908,YES
hpdr1446.jpg,0.4822,NO
hpdr1448.jpg,0.1337,NO
hpdr1447.jpg,0.4513,NO
hpdr145.jpg,0.4018,NO
hpdr1450.jpg,0.5030,YES
hpdr1449.jpg,0.4189,NO
hpdr1451.jpg,0.4700,NO
hpdr1452.jpg,0.3575,NO
hpdr1453.jpg,0.4418,NO
hpdr1454.jpg,0.3149,NO
hpdr1456.jpg,0.3972,NO
hpdr1455.jpg,0.3222,NO
hpdr1457.jpg,0.5205,YES
hpdr1459.jpg,0.4628,NO
hpdr146.jpg,0.4624,NO
hpdr1458.jpg,0.4121,NO
hpdr1460.jpg,0.4186,NO
hpdr1461.jpg,0.3366,NO
hpdr1462.jpg,0.2767,NO
hpdr1464.jpg,0.5989,YES
hpdr1463.jpg,0.7975,YES
hpdr1466.jpg,0.6299,YES
hpdr1467.jpg,0.4798,NO
hpdr1469.jpg,0.6026,YES
hpdr1468.jpg,0.3280,NO
hpdr1470.jpg,0.4098,NO
hpdr1474.jpg,0.2415,NO
hpdr1473.jpg,0.5503,YES
hpdr1477.jpg,0.6094,YES
hpdr1476.jpg,0.5136,YES
hpdr1475.jpg,0.5327,YES
hpdr1478.jpg,0.4316,NO
hpdr1479.jpg,0.4331,NO
hpdr148.jpg,0.1515,NO
hpdr1481.jpg,0.5900,YES
hpdr1480.jpg,0.4572,NO
hpdr1482.jpg,0.5398,YES
hpdr1483.jpg,0.4981,NO
hpdr1485.jpg,0.3053,NO
hpdr1484.jpg,0.4226,NO
hpdr1488.jpg,0.5931,YES
hpdr1486.jpg,0.2205,NO
hpdr1489.jpg,0.3189,NO
hpdr149.jpg,0.2657,NO
hpdr1491.jpg,0.4943,NO
hpdr1492.jpg,0.2479,NO
hpdr1493.jpg,0.3539,NO
hpdr1495.jpg,0.4616,NO
hpdr1496.jpg,0.4683,NO
hpdr1498.jpg,0.3700,NO
hpdr1499.jpg,0.5431,YES
hpdr1497.jpg,0.4960,NO
hpdr15.jpg,0.2446,NO
hpdr150.jpg,0.5570,YES
hpdr1500.jpg,0.4381,NO
hpdr1504.jpg,0.2454,NO
hpdr1502.jpg,0.4772,NO
hpdr1505.jpg,0.4413,NO
hpdr1506.jpg,0.5419,YES
hpdr1508.jpg,0.6725,YES
hpdr1507.jpg,0.1557,NO
hpdr1510.jpg,0.8257,YES
hpdr1511.jpg,0.5116,YES
hpdr1512.jpg,0.2899,NO
hpdr1514.jpg,0.3639,NO
hpdr1515.jpg,0.3666,NO
hpdr1513.jpg,0.6346,YES
hpdr1516.jpg,0.3721,NO
hpdr1519.jpg,0.3722,NO
hpdr152.jpg,0.4621,NO
hpdr1517.jpg,0.4369,NO
hpdr1520.jpg,0.3353,NO
hpdr1523.jpg,0.6184,YES
hpdr1524.jpg,0.2087,NO
hpdr1527.jpg,0.7283,YES
hpdr1525.jpg,0.7102,YES
hpdr1528.jpg,0.8184,YES
hpdr1529.jpg,0.5991,YES
hpdr153.jpg,0.7322,YES
hpdr1530.jpg,0.2916,NO
hpdr1531.jpg,0.3769,NO
hpdr1532.jpg,0.6225,YES
hpdr1533.jpg,0.7836,YES
hpdr1535.jpg,0.5352,YES
hpdr1534.jpg,0.7791,YES
hpdr1536.jpg,0.7093,YES
hpdr1538.jpg,0.7153,YES
hpdr1537.jpg,0.4357,NO
hpdr1539.jpg,0.2509,NO
hpdr154.jpg,0.4592,NO
hpdr1540.jpg,0.2446,NO
hpdr1541.jpg,0.6028,YES
hpdr1543.jpg,0.5818,YES
hpdr1542.jpg,0.5325,YES
hpdr1545.jpg,0.2466,NO
hpdr1547.jpg,0.3738,NO
hpdr1546.jpg,0.1346,NO
hpdr1549.jpg,0.3448,NO
hpdr1548.jpg,0.3605,NO
hpdr155.jpg,0.2931,NO
hpdr1550.jpg,0.4060,NO
hpdr1551.jpg,0.4549,NO
hpdr1552.jpg,0.4566,NO
hpdr1553.jpg,0.5340,YES
hpdr1556.jpg,0.6490,YES
hpdr1555.jpg,0.3298,NO
hpdr1554.jpg,0.5654,YES
hpdr1557.jpg,0.2755,NO
hpdr1558.jpg,0.7086,YES
hpdr156.jpg,0.2181,NO
hpdr1561.jpg,0.3623,NO
hpdr1559.jpg,0.6021,YES
hpdr1563.jpg,0.7203,YES
hpdr1562.jpg,0.1941,NO
hpdr1565.jpg,0.4877,NO
hpdr1564.jpg,0.3024,NO
hpdr1568.jpg,0.5067,YES
hpdr1569.jpg,0.6614,YES
hpdr157.jpg,0.5280,YES
hpdr1571.jpg,0.6476,YES
hpdr1572.jpg,0.7386,YES
hpdr1570.jpg,0.2739,NO
hpdr1573.jpg,0.5864,YES
hpdr1575.jpg,0.7347,YES
hpdr1574.jpg,0.6683,YES
hpdr1576.jpg,0.6736,YES
hpdr1577.jpg,0.7735,YES
hpdr1578.jpg,0.6966,YES
hpdr1579.jpg,0.4412,NO
hpdr1581.jpg,0.6040,YES
hpdr1582.jpg,0.4438,NO
hpdr158.jpg,0.4300,NO
hpdr1584.jpg,0.5518,YES
hpdr1583.jpg,0.5536,YES
hpdr1585.jpg,0.4885,NO
hpdr1587.jpg,0.4019,NO
hpdr1586.jpg,0.5736,YES
hpdr1588.jpg,0.7535,YES
hpdr1589.jpg,0.4999,NO
hpdr159.jpg,0.4920,NO
hpdr1590.jpg,0.5569,YES
hpdr1591.jpg,0.5428,YES
hpdr1593.jpg,0.4386,NO
hpdr1594.jpg,0.5598,YES
hpdr1595.jpg,0.6794,YES
hpdr1596.jpg,0.7881,YES
hpdr1597.jpg,0.7403,YES
hpdr1599.jpg,0.7889,YES
hpdr1598.jpg,0.6539,YES
hpdr160.jpg,0.4590,NO
hpdr1602.jpg,0.7490,YES
hpdr1601.jpg,0.8567,YES
hpdr16.jpg,0.4743,NO
hpdr1603.jpg,0.8595,YES
hpdr1606.jpg,0.6815,YES
hpdr1607.jpg,0.7742,YES
hpdr1608.jpg,0.7459,YES
hpdr1609.jpg,0.8011,YES
hpdr1610.jpg,0.8083,YES
hpdr161.jpg,0.4660,NO
hpdr1613.jpg,0.5298,YES
hpdr1612.jpg,0.5358,YES
hpdr1614.jpg,0.4778,NO
hpdr1615.jpg,0.2207,NO
hpdr1620.jpg,0.6176,YES
hpdr162.jpg,0.4824,NO
hpdr1617.jpg,0.3265,NO
hpdr1616.jpg,0.5372,YES
hpdr1621.jpg,0.6163,YES
hpdr1623.jpg,0.7864,YES
hpdr1622.jpg,0.4895,NO
hpdr1624.jpg,0.7650,YES
hpdr1625.jpg,0.6490,YES
hpdr1627.jpg,0.3825,NO
hpdr1628.jpg,0.2259,NO
hpdr163.jpg,0.4749,NO
hpdr1629.jpg,0.5875,YES
hpdr1630.jpg,0.4374,NO
hpdr1632.jpg,0.8402,YES
hpdr1633.jpg,0.5723,YES
hpdr1634.jpg,0.3150,NO
hpdr1636.jpg,0.2113,NO
hpdr1635.jpg,0.3226,NO
hpdr1637.jpg,0.4451,NO
hpdr1639.jpg,0.4638,NO
hpdr1638.jpg,0.4380,NO
hpdr1640.jpg,0.3824,NO
hpdr164.jpg,0.5212,YES
hpdr1643.jpg,0.7153,YES
hpdr1644.jpg,0.4862,NO
hpdr1645.jpg,0.4707,NO
hpdr1646.jpg,0.5345,YES
hpdr1647.jpg,0.5405,YES
hpdr165.jpg,0.7000,YES
hpdr1649.jpg,0.5068,YES
hpdr1650.jpg,0.4142,NO
hpdr1651.jpg,0.5348,YES
hpdr1652.jpg,0.5330,YES
hpdr1653.jpg,0.8447,YES
hpdr1654.jpg,0.6638,YES
hpdr1655.jpg,0.5340,YES
hpdr1656.jpg,0.5130,YES
hpdr1658.jpg,0.5547,YES
hpdr166.jpg,0.6027,YES
hpdr1659.jpg,0.4841,NO
hpdr1661.jpg,0.4444,NO
hpdr1662.jpg,0.5356,YES
hpdr1663.jpg,0.6173,YES
hpdr1664.jpg,0.6042,YES
hpdr1666.jpg,0.4976,NO
hpdr1669.jpg,0.5061,YES
hpdr1667.jpg,0.5780,YES
hpdr1670.jpg,0.4785,NO
hpdr1671.jpg,0.5294,YES
hpdr1672.jpg,0.5576,YES
hpdr167.jpg,0.5782,YES
hpdr1673.jpg,0.4834,NO
hpdr1674.jpg,0.4260,NO
hpdr1675.jpg,0.3241,NO
hpdr1677.jpg,0.2279,NO
hpdr168.jpg,0.4957,NO
hpdr1682.jpg,0.5130,YES
hpdr1676.jpg,0.5541,YES
hpdr1683.jpg,0.5054,YES
hpdr1684.jpg,0.6328,YES
hpdr1685.jpg,0.6001,YES
hpdr169.jpg,0.4984,NO
hpdr1691.jpg,0.3645,NO
hpdr1693.jpg,0.5561,YES
hpdr1694.jpg,0.3198,NO
hpdr1695.jpg,0.4770,NO
hpdr17.jpg,0.5592,YES
hpdr1696.jpg,0.4771,NO
hpdr170.jpg,0.6234,YES
hpdr171.jpg,0.1886,NO
hpdr1715.jpg,0.5266,YES
hpdr1727.jpg,0.2781,NO
hpdr173.jpg,0.5201,YES
hpdr1749.jpg,0.7575,YES
hpdr174.jpg,0.2270,NO
hpdr1750.jpg,0.7384,YES
hpdr175.jpg,0.6064,YES
hpdr1751.jpg,0.5963,YES
hpdr1752.jpg,0.5419,YES
hpdr1753.jpg,0.4447,NO
hpdr1755.jpg,0.5645,YES
hpdr1756.jpg,0.6834,YES
hpdr1758.jpg,0.5514,YES
hpdr1757.jpg,0.6011,YES
hpdr1759.jpg,0.6149,YES
hpdr176.jpg,0.5877,YES
hpdr1760.jpg,0.4841,NO
hpdr1761.jpg,0.5991,YES
hpdr1762.jpg,0.5551,YES
hpdr1763.jpg,0.3952,NO
hpdr1764.jpg,0.3301,NO
hpdr1765.jpg,0.8080,YES
hpdr1767.jpg,0.2839,NO
hpdr1766.jpg,0.8066,YES
hpdr1768.jpg,0.2337,NO
hpdr1769.jpg,0.3426,NO
hpdr177.jpg,0.7078,YES
hpdr1770.jpg,0.6238,YES
hpdr1771.jpg,0.3144,NO
hpdr1773.jpg,0.6697,YES
hpdr1772.jpg,0.3069,NO
hpdr1775.jpg,0.5326,YES
hpdr1777.jpg,0.5560,YES
hpdr1774.jpg,0.3218,NO
hpdr1778.jpg,0.2485,NO
hpdr1779.jpg,0.5935,YES
hpdr178.jpg,0.5563,YES
hpdr1780.jpg,0.1719,NO
hpdr1782.jpg,0.5077,YES
hpdr1783.jpg,0.5703,YES
hpdr1781.jpg,0.5655,YES
hpdr1785.jpg,0.2927,NO
hpdr1784.jpg,0.3300,NO
hpdr1786.jpg,0.4609,NO
hpdr1788.jpg,0.7133,YES
hpdr1789.jpg,0.4260,NO
hpdr179.jpg,0.4850,NO
hpdr1791.jpg,0.8509,YES
hpdr1793.jpg,0.2040,NO
hpdr1792.jpg,0.3806,NO
hpdr1795.jpg,0.4896,NO
hpdr1794.jpg,0.4994,NO
hpdr1797.jpg,0.4223,NO
hpdr1799.jpg,0.8086,YES
hpdr1798.jpg,0.4922,NO
hpdr18.jpg,0.4674,NO
hpdr180.jpg,0.3994,NO
hpdr1801.jpg,0.3340,NO
hpdr1800.jpg,0.4863,NO
hpdr1803.jpg,0.8554,YES
hpdr1802.jpg,0.3085,NO
hpdr1804.jpg,0.2305,NO
hpdr1805.jpg,0.4443,NO
hpdr1806.jpg,0.4089,NO
hpdr1807.jpg,0.5829,YES
hpdr1808.jpg,0.5433,YES
hpdr181.jpg,0.3568,NO
hpdr1809.jpg,0.5058,YES
hpdr1810.jpg,0.7869,YES
hpdr1811.jpg,0.3856,NO
hpdr1812.jpg,0.1485,NO
hpdr1813.jpg,0.4627,NO
hpdr1814.jpg,0.5160,YES
hpdr1815.jpg,0.5006,YES
hpdr1816.jpg,0.5530,YES
hpdr182.jpg,0.4322,NO
hpdr1817.jpg,0.4852,NO
hpdr1820.jpg,0.4868,NO
hpdr1818.jpg,0.5144,YES
hpdr1821.jpg,0.8994,YES
hpdr1822.jpg,0.4790,NO
hpdr1823.jpg,0.5106,YES
hpdr1824.jpg,0.2641,NO
hpdr1825.jpg,0.2810,NO
hpdr183.jpg,0.4184,NO
hpdr1828.jpg,0.5088,YES
hpdr1827.jpg,0.5051,YES
hpdr1830.jpg,0.4933,NO
hpdr1829.jpg,0.5100,YES
hpdr1832.jpg,0.8010,YES
hpdr1831.jpg,0.1713,NO
hpdr1834.jpg,0.4117,NO
hpdr1833.jpg,0.6367,YES
hpdr1835.jpg,0.4387,NO
hpdr1837.jpg,0.3946,NO
hpdr1836.jpg,0.3732,NO
hpdr1838.jpg,0.4144,NO
hpdr184.jpg,0.3720,NO
hpdr1839.jpg,0.4516,NO
hpdr1840.jpg,0.4866,NO
hpdr1841.jpg,0.5282,YES
hpdr1842.jpg,0.3664,NO
hpdr1843.jpg,0.8850,YES
hpdr1844.jpg,0.5327,YES
hpdr1846.jpg,0.3176,NO
hpdr1847.jpg,0.3641,NO
hpdr1845.jpg,0.4080,NO
hpdr185.jpg,0.4471,NO
hpdr1849.jpg,0.4031,NO
hpdr1850.jpg,0.4189,NO
hpdr1853.jpg,0.2151,NO
hpdr1851.jpg,0.4231,NO
hpdr1852.jpg,0.3809,NO
hpdr1854.jpg,0.7718,YES
hpdr1856.jpg,0.4122,NO
hpdr1857.jpg,0.4324,NO
hpdr1858.jpg,0.1973,NO
hpdr1859.jpg,0.4385,NO
hpdr186.jpg,0.4497,NO
hpdr1860.jpg,0.3883,NO
hpdr1862.jpg,0.4773,NO
hpdr1863.jpg,0.4049,NO
hpdr1867.jpg,0.4280,NO
hpdr1865.jpg,0.8420,YES
hpdr1866.jpg,0.4192,NO
hpdr1864.jpg,0.3733,NO
hpdr1868.jpg,0.4422,NO
hpdr1869.jpg,0.3622,NO
hpdr187.jpg,0.4649,NO
hpdr1870.jpg,0.4034,NO
hpdr1871.jpg,0.4308,NO
hpdr1872.jpg,0.3863,NO
hpdr1875.jpg,0.4030,NO
hpdr1874.jpg,0.3945,NO
hpdr1873.jpg,0.2307,NO
hpdr1877.jpg,0.4166,NO
hpdr1878.jpg,0.4188,NO
hpdr1879.jpg,0.4347,NO
hpdr188.jpg,0.1362,NO
hpdr1880.jpg,0.4665,NO
hpdr1883.jpg,0.3460,NO
hpdr1886.jpg,0.4737,NO
hpdr1884.jpg,0.3954,NO
hpdr1887.jpg,0.6588,YES
hpdr1890.jpg,0.3577,NO
hpdr189.jpg,0.7387,YES
hpdr1889.jpg,0.3440,NO
hpdr1891.jpg,0.3985,NO
hpdr1892.jpg,0.3694,NO
hpdr1893.jpg,0.3375,NO
hpdr1895.jpg,0.4022,NO
hpdr1894.jpg,0.3506,NO
hpdr1896.jpg,0.4031,NO
hpdr1897.jpg,0.3892,NO
hpdr1899.jpg,0.5431,YES
hpdr1898.jpg,0.4410,NO
hpdr190.jpg,0.4090,NO
hpdr19.jpg,0.6079,YES
hpdr1900.jpg,0.4470,NO
hpdr1903.jpg,0.3952,NO
hpdr1904.jpg,0.4635,NO
hpdr1901.jpg,0.4634,NO
hpdr1905.jpg,0.1754,NO
hpdr1906.jpg,0.4260,NO
hpdr1907.jpg,0.4123,NO
hpdr1908.jpg,0.4267,NO
hpdr1909.jpg,0.4139,NO
hpdr191.jpg,0.5483,YES
hpdr1910.jpg,0.4942,NO
hpdr1911.jpg,0.4623,NO
hpdr1913.jpg,0.4017,NO
hpdr1915.jpg,0.4412,NO
hpdr1916.jpg,0.4450,NO
hpdr1917.jpg,0.4806,NO
hpdr1914.jpg,0.4262,NO
hpdr1918.jpg,0.4432,NO
hpdr1919.jpg,0.4451,NO
hpdr1920.jpg,0.4051,NO
hpdr192.jpg,0.3298,NO
hpdr1923.jpg,0.3812,NO
hpdr1922.jpg,0.4081,NO
hpdr1924.jpg,0.4223,NO
hpdr1925.jpg,0.4168,NO
hpdr1927.jpg,0.4294,NO
hpdr1926.jpg,0.4455,NO
hpdr1928.jpg,0.4640,NO
hpdr1929.jpg,0.3379,NO
hpdr193.jpg,0.3927,NO
hpdr1930.jpg,0.4263,NO
hpdr1931.jpg,0.3308,NO
hpdr1934.jpg,0.4772,NO
hpdr1935.jpg,0.4680,NO
hpdr1936.jpg,0.5578,YES
hpdr1932.jpg,0.7096,YES
hpdr1939.jpg,0.5116,YES
hpdr1937.jpg,0.5394,YES
hpdr1938.jpg,0.4610,NO
hpdr194.jpg,0.3687,NO
hpdr1940.jpg,0.1960,NO
hpdr1941.jpg,0.3798,NO
hpdr1942.jpg,0.4757,NO
hpdr1944.jpg,0.4533,NO
hpdr1943.jpg,0.5060,YES
hpdr1947.jpg,0.5150,YES
hpdr1948.jpg,0.4277,NO
hpdr1945.jpg,0.4844,NO
hpdr1949.jpg,0.4155,NO
hpdr195.jpg,0.4748,NO
hpdr1950.jpg,0.4926,NO
hpdr1951.jpg,0.4847,NO
hpdr1953.jpg,0.4242,NO
hpdr1952.jpg,0.4262,NO
hpdr1954.jpg,0.7814,YES
hpdr1956.jpg,0.1083,NO
hpdr1955.jpg,0.4085,NO
hpdr1957.jpg,0.3654,NO
hpdr1958.jpg,0.3876,NO
hpdr1959.jpg,0.4534,NO
hpdr196.jpg,0.4128,NO
hpdr1963.jpg,0.3467,NO
hpdr1961.jpg,0.3894,NO
hpdr1962.jpg,0.4494,NO
hpdr1965.jpg,0.3752,NO
hpdr1964.jpg,0.3948,NO
hpdr1966.jpg,0.3379,NO
hpdr1967.jpg,0.3717,NO
hpdr1968.jpg,0.4766,NO
hpdr1969.jpg,0.4968,NO
hpdr1970.jpg,0.4627,NO
hpdr197.jpg,0.1392,NO
hpdr1971.jpg,0.3872,NO
hpdr1972.jpg,0.3296,NO
hpdr1973.jpg,0.1907,NO
hpdr1975.jpg,0.3995,NO
hpdr1976.jpg,0.3900,NO
hpdr1977.jpg,0.5041,YES
hpdr198.jpg,0.4741,NO
hpdr1978.jpg,0.4553,NO
hpdr1979.jpg,0.4401,NO
hpdr1981.jpg,0.3089,NO
hpdr1980.jpg,0.4567,NO
hpdr1982.jpg,0.3931,NO
hpdr1984.jpg,0.4562,NO
hpdr1985.jpg,0.4720,NO
hpdr1986.jpg,0.5611,YES
hpdr1987.jpg,0.7567,YES
hpdr1989.jpg,0.4235,NO
hpdr1990.jpg,0.3354,NO
hpdr1988.jpg,0.2712,NO
hpdr199.jpg,0.4255,NO
hpdr1991.jpg,0.4344,NO
hpdr1992.jpg,0.1871,NO
hpdr1993.jpg,0.3671,NO
hpdr1994.jpg,0.4950,NO
hpdr1995.jpg,0.4850,NO
hpdr1996.jpg,0.4484,NO
hpdr1997.jpg,0.2130,NO
hpdr1999.jpg,0.3963,NO
hpdr2.jpg,0.4639,NO
hpdr20.jpg,0.6380,YES
hpdr200.jpg,0.3549,NO
hpdr2000.jpg,0.3630,NO
hpdr2001.jpg,0.4287,NO
hpdr2002.jpg,0.3566,NO
hpdr2005.jpg,0.1802,NO
hpdr2006.jpg,0.3835,NO
hpdr2003.jpg,0.3906,NO
hpdr2004.jpg,0.4493,NO
hpdr2007.jpg,0.3728,NO
hpdr2008.jpg,0.1923,NO
hpdr201.jpg,0.6915,YES
hpdr2010.jpg,0.4000,NO
hpdr2011.jpg,0.4386,NO
hpdr2012.jpg,0.2128,NO
hpdr2016.jpg,0.5137,YES
hpdr2015.jpg,0.3433,NO
hpdr2013.jpg,0.1407,NO
hpdr2017.jpg,0.2616,NO
hpdr2018.jpg,0.6176,YES
hpdr2019.jpg,0.4418,NO
hpdr2020.jpg,0.6500,YES
hpdr2021.jpg,0.2477,NO
hpdr2023.jpg,0.4638,NO
hpdr2026.jpg,0.3414,NO
hpdr2024.jpg,0.3870,NO
hpdr2027.jpg,0.4079,NO
hpdr2025.jpg,0.1697,NO
hpdr2028.jpg,0.4555,NO
hpdr2029.jpg,0.4765,NO
hpdr203.jpg,0.4144,NO
hpdr2030.jpg,0.4380,NO
hpdr2031.jpg,0.3031,NO
hpdr2033.jpg,0.4188,NO
hpdr2036.jpg,0.1715,NO
hpdr2035.jpg,0.4252,NO
hpdr2032.jpg,0.3824,NO
hpdr2037.jpg,0.2427,NO
hpdr2038.jpg,0.3525,NO
hpdr2039.jpg,0.4102,NO
hpdr204.jpg,0.4708,NO
hpdr2040.jpg,0.3221,NO
hpdr2041.jpg,0.4624,NO
hpdr2044.jpg,0.4068,NO
hpdr2045.jpg,0.4080,NO
hpdr2043.jpg,0.3584,NO
hpdr2046.jpg,0.4581,NO
hpdr2047.jpg,0.3915,NO
hpdr2048.jpg,0.4100,NO
hpdr2049.jpg,0.4453,NO
hpdr205.jpg,0.4088,NO
hpdr2051.jpg,0.4487,NO
hpdr2053.jpg,0.4076,NO
hpdr2050.jpg,0.4389,NO
hpdr2052.jpg,0.3821,NO
hpdr2054.jpg,0.3213,NO
hpdr2055.jpg,0.4758,NO
hpdr2056.jpg,0.3192,NO
hpdr2057.jpg,0.2855,NO
hpdr2058.jpg,0.4182,NO
hpdr2059.jpg,0.1542,NO
hpdr206.jpg,0.3960,NO
hpdr2061.jpg,0.3827,NO
hpdr2060.jpg,0.1326,NO
hpdr2062.jpg,0.1517,NO
hpdr2063.jpg,0.1387,NO
hpdr2064.jpg,0.1385,NO
hpdr2065.jpg,0.4445,NO
hpdr2066.jpg,0.1577,NO
hpdr2068.jpg,0.1588,NO
hpdr2067.jpg,0.1334,NO
hpdr207.jpg,0.3717,NO
hpdr2069.jpg,0.1298,NO
hpdr2070.jpg,0.1697,NO
hpdr2071.jpg,0.1643,NO
hpdr2073.jpg,0.2878,NO
hpdr2072.jpg,0.0526,NO
hpdr2074.jpg,0.1704,NO
hpdr2076.jpg,0.3816,NO
hpdr2075.jpg,0.1696,NO
hpdr2080.jpg,0.1421,NO
hpdr208.jpg,0.4266,NO
hpdr2081.jpg,0.1786,NO
hpdr2082.jpg,0.1719,NO
hpdr2083.jpg,0.7090,YES
hpdr2084.jpg,0.6308,YES
hpdr2085.jpg,0.4900,NO
hpdr2087.jpg,0.4138,NO
hpdr2089.jpg,0.7819,YES
hpdr2086.jpg,0.6205,YES
hpdr2088.jpg,0.2412,NO
hpdr209.jpg,0.3178,NO
hpdr2090.jpg,0.7721,YES
hpdr2091.jpg,0.6108,YES
hpdr2092.jpg,0.3769,NO
hpdr2094.jpg,0.7698,YES
hpdr2093.jpg,0.3041,NO
hpdr2095.jpg,0.5461,YES
hpdr2097.jpg,0.2437,NO
hpdr2096.jpg,0.7935,YES
hpdr2099.jpg,0.6764,YES
hpdr2098.jpg,0.4138,NO
hpdr210.jpg,0.4618,NO
hpdr21.jpg,0.5572,YES
hpdr2100.jpg,0.3139,NO
hpdr2103.jpg,0.6740,YES
hpdr2102.jpg,0.6600,YES
hpdr2104.jpg,0.6100,YES
hpdr2105.jpg,0.6690,YES
hpdr2106.jpg,0.5918,YES
hpdr2107.jpg,0.2896,NO
hpdr2108.jpg,0.4227,NO
hpdr211.jpg,0.2979,NO
hpdr2111.jpg,0.4964,NO
hpdr2115.jpg,0.4333,NO
hpdr2114.jpg,0.1733,NO
hpdr2112.jpg,0.3619,NO
hpdr2113.jpg,0.3409,NO
hpdr2116.jpg,0.4659,NO
hpdr2117.jpg,0.5478,YES
hpdr2118.jpg,0.5313,YES
hpdr212.jpg,0.4628,NO
hpdr2120.jpg,0.5883,YES
hpdr2124.jpg,0.4859,NO
hpdr2126.jpg,0.2595,NO
hpdr2128.jpg,0.6481,YES
hpdr2129.jpg,0.7107,YES
hpdr213.jpg,0.5846,YES
hpdr2127.jpg,0.3421,NO
hpdr2130.jpg,0.4775,NO
hpdr2131.jpg,0.3468,NO
hpdr2132.jpg,0.5122,YES
hpdr2134.jpg,0.5436,YES
hpdr2136.jpg,0.2556,NO
hpdr2135.jpg,0.4893,NO
hpdr2133.jpg,0.6978,YES
hpdr2137.jpg,0.5887,YES
hpdr2138.jpg,0.7050,YES
hpdr2141.jpg,0.4148,NO
hpdr2142.jpg,0.4370,NO
hpdr2144.jpg,0.5384,YES
hpdr2145.jpg,0.4594,NO
hpdr2143.jpg,0.5177,YES
hpdr2149.jpg,0.4857,NO
hpdr2146.jpg,0.5813,YES
hpdr2148.jpg,0.4130,NO
hpdr215.jpg,0.3852,NO
hpdr2150.jpg,0.5424,YES
hpdr2151.jpg,0.4721,NO
hpdr2152.jpg,0.5165,YES
hpdr2153.jpg,0.5561,YES
hpdr2154.jpg,0.5442,YES
hpdr2155.jpg,0.4496,NO
hpdr2156.jpg,0.3570,NO
hpdr2157.jpg,0.5378,YES
hpdr2158.jpg,0.6804,YES
hpdr216.jpg,0.4014,NO
hpdr2159.jpg,0.7988,YES
hpdr2160.jpg,0.5229,YES
hpdr2161.jpg,0.7727,YES
hpdr2164.jpg,0.7242,YES
hpdr2162.jpg,0.7820,YES
hpdr2165.jpg,0.4795,NO
hpdr2163.jpg,0.7303,YES
hpdr2167.jpg,0.8176,YES
hpdr2166.jpg,0.8510,YES
hpdr2168.jpg,0.8736,YES
hpdr217.jpg,0.5006,YES
hpdr2170.jpg,0.7731,YES
hpdr2172.jpg,0.1378,NO
hpdr2171.jpg,0.8300,YES
hpdr2173.jpg,0.8489,YES
hpdr2174.jpg,0.7157,YES
hpdr2175.jpg,0.4880,NO
hpdr2176.jpg,0.4471,NO
hpdr2177.jpg,0.5113,YES
hpdr2179.jpg,0.4007,NO
hpdr218.jpg,0.3675,NO
hpdr2183.jpg,0.8038,YES
hpdr2180.jpg,0.3579,NO
hpdr2182.jpg,0.6272,YES
hpdr2186.jpg,0.7465,YES
hpdr2184.jpg,0.2157,NO
hpdr2181.jpg,0.3284,NO
hpdr2188.jpg,0.6341,YES
hpdr2187.jpg,0.0885,NO
hpdr2189.jpg,0.3904,NO
hpdr2191.jpg,0.3329,NO
hpdr2193.jpg,0.4141,NO
hpdr2192.jpg,0.3707,NO
hpdr2190.jpg,0.3129,NO
hpdr2194.jpg,0.5087,YES
hpdr2195.jpg,0.3584,NO
hpdr2198.jpg,0.4801,NO
hpdr2199.jpg,0.2278,NO
hpdr2200.jpg,0.4076,NO
hpdr2202.jpg,0.4444,NO
hpdr2201.jpg,0.3890,NO
hpdr2203.jpg,0.3973,NO
hpdr2204.jpg,0.5349,YES
hpdr2205.jpg,0.4657,NO
hpdr2206.jpg,0.5494,YES
hpdr2207.jpg,0.5378,YES
hpdr221.jpg,0.3603,NO
hpdr2208.jpg,0.3711,NO
hpdr2209.jpg,0.1697,NO
hpdr2212.jpg,0.5100,YES
hpdr2210.jpg,0.5817,YES
hpdr2213.jpg,0.5212,YES
hpdr2211.jpg,0.5588,YES
hpdr2214.jpg,0.5006,YES
hpdr2215.jpg,0.5144,YES
hpdr2216.jpg,0.5421,YES
hpdr2217.jpg,0.5427,YES
hpdr222.jpg,0.4282,NO
hpdr2218.jpg,0.3901,NO
hpdr2219.jpg,0.5378,YES
hpdr2220.jpg,0.4430,NO
hpdr2221.jpg,0.7339,YES
hpdr2222.jpg,0.5149,YES
hpdr2223.jpg,0.5663,YES
hpdr2224.jpg,0.5322,YES
hpdr2225.jpg,0.4560,NO
hpdr2226.jpg,0.6061,YES
hpdr223.jpg,0.4874,NO
hpdr2229.jpg,0.4703,NO
hpdr2227.jpg,0.5545,YES
hpdr2230.jpg,0.4697,NO
hpdr2228.jpg,0.5387,YES
hpdr2231.jpg,0.4472,NO
hpdr2232.jpg,0.3370,NO
hpdr2233.jpg,0.5130,YES
hpdr2236.jpg,0.4709,NO
hpdr2234.jpg,0.4659,NO
hpdr224.jpg,0.6457,YES
hpdr2238.jpg,0.5030,YES
hpdr2237.jpg,0.4786,NO
hpdr2239.jpg,0.4900,NO
hpdr2240.jpg,0.2981,NO
hpdr2242.jpg,0.4516,NO
hpdr2243.jpg,0.1933,NO
hpdr2244.jpg,0.4358,NO
hpdr2245.jpg,0.4895,NO
hpdr2246.jpg,0.4153,NO
hpdr2247.jpg,0.4123,NO
hpdr2249.jpg,0.5501,YES
hpdr225.jpg,0.5412,YES
hpdr2251.jpg,0.5296,YES
hpdr2253.jpg,0.4885,NO
hpdr2254.jpg,0.4438,NO
hpdr2255.jpg,0.3207,NO
hpdr2256.jpg,0.4108,NO
hpdr226.jpg,0.3864,NO
hpdr2259.jpg,0.3972,NO
hpdr2257.jpg,0.4193,NO
hpdr2258.jpg,0.3876,NO
hpdr2260.jpg,0.4878,NO
hpdr2261.jpg,0.4335,NO
hpdr2262.jpg,0.4359,NO
hpdr2263.jpg,0.4289,NO
hpdr2264.jpg,0.4789,NO
hpdr2265.jpg,0.4779,NO
hpdr2266.jpg,0.4562,NO
hpdr2268.jpg,0.4231,NO
hpdr2267.jpg,0.3815,NO
hpdr2269.jpg,0.4705,NO
hpdr227.jpg,0.6129,YES
hpdr2270.jpg,0.4122,NO
hpdr2271.jpg,0.4193,NO
hpdr2272.jpg,0.4357,NO
hpdr2276.jpg,0.3968,NO
hpdr2275.jpg,0.4861,NO
hpdr228.jpg,0.4594,NO
hpdr2279.jpg,0.2933,NO
hpdr2277.jpg,0.4071,NO
hpdr2281.jpg,0.4968,NO
hpdr2283.jpg,0.5432,YES
hpdr2284.jpg,0.5081,YES
hpdr2285.jpg,0.5029,YES
hpdr2287.jpg,0.1652,NO
hpdr229.jpg,0.4201,NO
hpdr2286.jpg,0.5956,YES
hpdr2292.jpg,0.4937,NO
hpdr2290.jpg,0.3664,NO
hpdr2293.jpg,0.4218,NO
hpdr2294.jpg,0.4414,NO
hpdr2295.jpg,0.4943,NO
hpdr2296.jpg,0.4058,NO
hpdr2297.jpg,0.4022,NO
hpdr2299.jpg,0.4360,NO
hpdr230.jpg,0.3680,NO
hpdr2298.jpg,0.4433,NO
hpdr2303.jpg,0.5056,YES
hpdr23.jpg,0.5471,YES
hpdr2304.jpg,0.4276,NO
hpdr2305.jpg,0.4323,NO
hpdr2306.jpg,0.4510,NO
hpdr2307.jpg,0.4370,NO
hpdr2308.jpg,0.4739,NO
hpdr231.jpg,0.4004,NO
hpdr2309.jpg,0.3894,NO
hpdr2310.jpg,0.4405,NO
hpdr2311.jpg,0.4598,NO
hpdr2316.jpg,0.4146,NO
hpdr2317.jpg,0.4686,NO
hpdr2318.jpg,0.3078,NO
hpdr232.jpg,0.4162,NO
hpdr2319.jpg,0.4619,NO
hpdr2320.jpg,0.3976,NO
hpdr2321.jpg,0.4561,NO
hpdr2322.jpg,0.4541,NO
hpdr2323.jpg,0.4983,NO
hpdr2324.jpg,0.5421,YES
hpdr2325.jpg,0.5119,YES
hpdr2326.jpg,0.5496,YES
hpdr2327.jpg,0.5140,YES
hpdr2331.jpg,0.5143,YES
hpdr2328.jpg,0.5217,YES
hpdr2332.jpg,0.4760,NO
hpdr2330.jpg,0.4651,NO
hpdr2334.jpg,0.4172,NO
hpdr2335.jpg,0.3883,NO
hpdr2337.jpg,0.3697,NO
hpdr2336.jpg,0.4000,NO
hpdr2338.jpg,0.4026,NO
hpdr2340.jpg,0.3651,NO
hpdr2342.jpg,0.4237,NO
hpdr2339.jpg,0.3562,NO
hpdr2343.jpg,0.5014,YES
hpdr2344.jpg,0.3592,NO
hpdr2345.jpg,0.3520,NO
hpdr2341.jpg,0.3450,NO
hpdr2346.jpg,0.3680,NO
hpdr2347.jpg,0.3793,NO
hpdr235.jpg,0.4827,NO
hpdr2348.jpg,0.3909,NO
hpdr2351.jpg,0.2861,NO
hpdr2350.jpg,0.3538,NO
hpdr2349.jpg,0.2761,NO
hpdr2352.jpg,0.4597,NO
hpdr2353.jpg,0.3022,NO
hpdr2354.jpg,0.5600,YES
hpdr2355.jpg,0.4817,NO
hpdr2357.jpg,0.4243,NO
hpdr2358.jpg,0.5075,YES
hpdr2359.jpg,0.4775,NO
hpdr236.jpg,0.5134,YES
hpdr2360.jpg,0.4667,NO
hpdr2361.jpg,0.3782,NO
hpdr2362.jpg,0.4222,NO
hpdr2363.jpg,0.3721,NO
hpdr2364.jpg,0.4377,NO
hpdr2365.jpg,0.1825,NO
hpdr2366.jpg,0.3432,NO
hpdr2367.jpg,0.3519,NO
hpdr2368.jpg,0.3827,NO
hpdr2369.jpg,0.2952,NO
hpdr237.jpg,0.4088,NO
hpdr2370.jpg,0.4938,NO
hpdr2371.jpg,0.5193,YES
hpdr2372.jpg,0.5081,YES
hpdr2373.jpg,0.5023,YES
hpdr2374.jpg,0.5112,YES
hpdr2376.jpg,0.5092,YES
hpdr2377.jpg,0.5443,YES
hpdr2375.jpg,0.4991,NO
hpdr238.jpg,0.4328,NO
hpdr2378.jpg,0.4843,NO
hpdr2379.jpg,0.4299,NO
hpdr2380.jpg,0.3175,NO
hpdr2382.jpg,0.3680,NO
hpdr2383.jpg,0.4156,NO
hpdr2381.jpg,0.4770,NO
hpdr2385.jpg,0.4292,NO
hpdr2384.jpg,0.3929,NO
hpdr2387.jpg,0.4504,NO
hpdr2386.jpg,0.3439,NO
hpdr2388.jpg,0.3443,NO
hpdr239.jpg,0.5475,YES
hpdr2389.jpg,0.3642,NO
hpdr2392.jpg,0.4042,NO
hpdr2396.jpg,0.4146,NO
hpdr2397.jpg,0.3594,NO
hpdr2398.jpg,0.4940,NO
hpdr2390.jpg,0.2974,NO
hpdr2394.jpg,0.3431,NO
hpdr240.jpg,0.4468,NO
hpdr2399.jpg,0.3597,NO
hpdr2400.jpg,0.3960,NO
hpdr2402.jpg,0.3215,NO
hpdr2401.jpg,0.4206,NO
hpdr2403.jpg,0.2953,NO
hpdr2404.jpg,0.4370,NO
hpdr2405.jpg,0.5486,YES
hpdr2407.jpg,0.3903,NO
hpdr2408.jpg,0.6291,YES
hpdr2409.jpg,0.4755,NO
hpdr242.jpg,0.4364,NO
hpdr241.jpg,0.4652,NO
hpdr2420.jpg,0.3156,NO
hpdr243.jpg,0.4370,NO
hpdr2429.jpg,0.4452,NO
hpdr2430.jpg,0.6179,YES
hpdr2431.jpg,0.3105,NO
hpdr2432.jpg,0.4755,NO
hpdr2433.jpg,0.6464,YES
hpdr2434.jpg,0.4420,NO
hpdr2435.jpg,0.5606,YES
hpdr2439.jpg,0.1050,NO
hpdr244.jpg,0.4386,NO
hpdr2436.jpg,0.4726,NO
hpdr2438.jpg,0.4037,NO
hpdr2442.jpg,0.3253,NO
hpdr2440.jpg,0.2241,NO
hpdr2441.jpg,0.5039,YES
hpdr2443.jpg,0.4627,NO
hpdr2444.jpg,0.4766,NO
hpdr2445.jpg,0.4821,NO
hpdr245.jpg,0.4123,NO
hpdr2446.jpg,0.5886,YES
hpdr2448.jpg,0.4327,NO
hpdr2449.jpg,0.6052,YES
hpdr2450.jpg,0.5550,YES
hpdr2451.jpg,0.5371,YES
hpdr2453.jpg,0.4019,NO
hpdr2452.jpg,0.5593,YES
hpdr2454.jpg,0.4361,NO
hpdr2457.jpg,0.4109,NO
hpdr2458.jpg,0.4733,NO
hpdr2455.jpg,0.6144,YES
hpdr2459.jpg,0.5241,YES
hpdr2456.jpg,0.5829,YES
hpdr2461.jpg,0.3808,NO
hpdr2460.jpg,0.5686,YES
hpdr2462.jpg,0.5763,YES
hpdr2463.jpg,0.5785,YES
hpdr2465.jpg,0.4283,NO
hpdr2468.jpg,0.5504,YES
hpdr2467.jpg,0.5093,YES
hpdr2469.jpg,0.3941,NO
hpdr2470.jpg,0.5053,YES
hpdr247.jpg,0.4858,NO
hpdr2471.jpg,0.5329,YES
hpdr2472.jpg,0.1746,NO
hpdr2477.jpg,0.5459,YES
hpdr2478.jpg,0.5202,YES
hpdr248.jpg,0.4398,NO
hpdr2479.jpg,0.3001,NO
hpdr2481.jpg,0.3093,NO
hpdr2480.jpg,0.1452,NO
hpdr2482.jpg,0.4642,NO
hpdr2483.jpg,0.5226,YES
hpdr2484.jpg,0.5242,YES
hpdr2485.jpg,0.5721,YES
hpdr249.jpg,0.4573,NO
hpdr2486.jpg,0.5087,YES
hpdr2489.jpg,0.5491,YES
hpdr2487.jpg,0.2582,NO
hpdr2490.jpg,0.5129,YES
hpdr2491.jpg,0.3913,NO
hpdr2492.jpg,0.3903,NO
hpdr2495.jpg,0.5256,YES
hpdr2496.jpg,0.5301,YES
hpdr2499.jpg,0.4559,NO
hpdr250.jpg,0.4249,NO
hpdr2497.jpg,0.5434,YES
hpdr25.jpg,0.5556,YES
hpdr2500.jpg,0.4002,NO
hpdr2501.jpg,0.4805,NO
hpdr2502.jpg,0.5373,YES
hpdr2503.jpg,0.5546,YES
hpdr2504.jpg,0.1654,NO
hpdr2505.jpg,0.1281,NO
hpdr2506.jpg,0.4641,NO
hpdr2508.jpg,0.5219,YES
hpdr2510.jpg,0.5149,YES
hpdr2507.jpg,0.5098,YES
hpdr2511.jpg,0.5666,YES
hpdr2512.jpg,0.5294,YES
hpdr2513.jpg,0.5023,YES
hpdr2514.jpg,0.5275,YES
hpdr2516.jpg,0.4356,NO
hpdr252.jpg,0.6892,YES
hpdr2517.jpg,0.4633,NO
hpdr2515.jpg,0.5661,YES
hpdr2519.jpg,0.3480,NO
hpdr2521.jpg,0.3302,NO
hpdr2522.jpg,0.5262,YES
hpdr2523.jpg,0.5083,YES
hpdr2524.jpg,0.5512,YES
hpdr2526.jpg,0.4015,NO
hpdr2525.jpg,0.4589,NO
hpdr2529.jpg,0.3297,NO
hpdr2528.jpg,0.4296,NO
hpdr2527.jpg,0.4644,NO
hpdr253.jpg,0.4791,NO
hpdr2530.jpg,0.4432,NO
hpdr2531.jpg,0.3828,NO
hpdr2532.jpg,0.1319,NO
hpdr2533.jpg,0.3709,NO
hpdr2534.jpg,0.2543,NO
hpdr2537.jpg,0.4482,NO
hpdr2535.jpg,0.4257,NO
hpdr2536.jpg,0.3704,NO
hpdr2539.jpg,0.3449,NO
hpdr254.jpg,0.4328,NO
hpdr2540.jpg,0.3642,NO
hpdr2541.jpg,0.3687,NO
hpdr2542.jpg,0.1919,NO
hpdr2543.jpg,0.3377,NO
hpdr2546.jpg,0.3690,NO
hpdr2545.jpg,0.3982,NO
hpdr2544.jpg,0.1588,NO
hpdr2549.jpg,0.3567,NO
hpdr255.jpg,0.4464,NO
hpdr2551.jpg,0.2352,NO
hpdr2552.jpg,0.2123,NO
hpdr2553.jpg,0.3754,NO
hpdr2554.jpg,0.5220,YES
hpdr2557.jpg,0.5452,YES
hpdr2558.jpg,0.5529,YES
hpdr2555.jpg,0.4903,NO
hpdr2556.jpg,0.5247,YES
hpdr2559.jpg,0.3751,NO
hpdr256.jpg,0.4609,NO
hpdr2560.jpg,0.2467,NO
hpdr2561.jpg,0.4179,NO
hpdr2562.jpg,0.4342,NO
hpdr2563.jpg,0.4861,NO
hpdr2566.jpg,0.4340,NO
hpdr2567.jpg,0.4576,NO
hpdr2564.jpg,0.4654,NO
hpdr2565.jpg,0.4500,NO
hpdr2568.jpg,0.4535,NO
hpdr257.jpg,0.3779,NO
hpdr2569.jpg,0.4185,NO
hpdr2570.jpg,0.3836,NO
hpdr2571.jpg,0.3009,NO
hpdr2572.jpg,0.2751,NO
hpdr2573.jpg,0.3852,NO
hpdr2574.jpg,0.4137,NO
hpdr2575.jpg,0.3414,NO
hpdr2576.jpg,0.4858,NO
hpdr2577.jpg,0.3259,NO
hpdr2578.jpg,0.3564,NO
hpdr2579.jpg,0.5000,YES
hpdr258.jpg,0.5503,YES
hpdr2582.jpg,0.4867,NO
hpdr2581.jpg,0.6092,YES
hpdr2580.jpg,0.5800,YES
hpdr2583.jpg,0.5161,YES
hpdr2584.jpg,0.4709,NO
hpdr2585.jpg,0.5400,YES
hpdr2586.jpg,0.5882,YES
hpdr2587.jpg,0.4399,NO
hpdr2588.jpg,0.5756,YES
hpdr259.jpg,0.4885,NO
hpdr2591.jpg,0.4430,NO
hpdr2592.jpg,0.2030,NO
hpdr2590.jpg,0.5123,YES
hpdr2593.jpg,0.6045,YES
hpdr2595.jpg,0.4873,NO
hpdr2596.jpg,0.4655,NO
hpdr2597.jpg,0.4309,NO
hpdr2599.jpg,0.4737,NO
hpdr26.jpg,0.5376,YES
hpdr2598.jpg,0.4865,NO
hpdr2600.jpg,0.4526,NO
hpdr2601.jpg,0.4610,NO
hpdr260.jpg,0.4751,NO
hpdr2602.jpg,0.4433,NO
hpdr2603.jpg,0.4707,NO
hpdr2604.jpg,0.4693,NO
hpdr2605.jpg,0.5407,YES
hpdr2608.jpg,0.5186,YES
hpdr2609.jpg,0.5202,YES
hpdr261.jpg,0.4658,NO
hpdr2606.jpg,0.4251,NO
hpdr2611.jpg,0.4557,NO
hpdr2612.jpg,0.4515,NO
hpdr2613.jpg,0.5746,YES
hpdr2615.jpg,0.4845,NO
hpdr2616.jpg,0.5005,YES
hpdr2618.jpg,0.1110,NO
hpdr2620.jpg,0.5666,YES
hpdr262.jpg,0.4909,NO
hpdr2619.jpg,0.2751,NO
hpdr2621.jpg,0.2853,NO
hpdr2622.jpg,0.2859,NO
hpdr2623.jpg,0.5459,YES
hpdr2625.jpg,0.3336,NO
hpdr2626.jpg,0.2799,NO
hpdr2627.jpg,0.4018,NO
hpdr263.jpg,0.4613,NO
hpdr2628.jpg,0.4859,NO
hpdr2629.jpg,0.4756,NO
hpdr2631.jpg,0.5262,YES
hpdr2632.jpg,0.3624,NO
hpdr2633.jpg,0.4580,NO
hpdr2634.jpg,0.3826,NO
hpdr2635.jpg,0.4340,NO
hpdr2636.jpg,0.4082,NO
hpdr2637.jpg,0.3885,NO
hpdr264.jpg,0.6206,YES
hpdr2639.jpg,0.4557,NO
hpdr2638.jpg,0.4456,NO
hpdr2642.jpg,0.5296,YES
hpdr2640.jpg,0.4377,NO
hpdr2644.jpg,0.3829,NO
hpdr2645.jpg,0.3321,NO
hpdr2649.jpg,0.3897,NO
hpdr2648.jpg,0.4601,NO
hpdr2647.jpg,0.2562,NO
hpdr2651.jpg,0.3696,NO
hpdr2652.jpg,0.4008,NO
hpdr2650.jpg,0.4237,NO
hpdr2653.jpg,0.5121,YES
hpdr2654.jpg,0.3707,NO
hpdr2655.jpg,0.4278,NO
hpdr2656.jpg,0.4028,NO
hpdr2658.jpg,0.5200,YES
hpdr2659.jpg,0.3448,NO
hpdr2657.jpg,0.4085,NO
hpdr2660.jpg,0.3123,NO
hpdr266.jpg,0.5186,YES
hpdr2661.jpg,0.2660,NO
hpdr2662.jpg,0.4228,NO
hpdr2663.jpg,0.4663,NO
hpdr2664.jpg,0.4114,NO
hpdr2665.jpg,0.3846,NO
hpdr2667.jpg,0.5581,YES
hpdr2666.jpg,0.3580,NO
hpdr2668.jpg,0.5877,YES
hpdr2669.jpg,0.3763,NO
hpdr267.jpg,0.4199,NO
hpdr2670.jpg,0.4892,NO
hpdr2671.jpg,0.3740,NO
hpdr2672.jpg,0.3763,NO
hpdr2673.jpg,0.3422,NO
hpdr2676.jpg,0.6006,YES
hpdr2674.jpg,0.4913,NO
hpdr2675.jpg,0.4890,NO
hpdr2677.jpg,0.4236,NO
hpdr2678.jpg,0.3891,NO
hpdr2679.jpg,0.4445,NO
hpdr268.jpg,0.4930,NO
hpdr2681.jpg,0.4325,NO
hpdr2682.jpg,0.5078,YES
hpdr2686.jpg,0.6474,YES
hpdr2683.jpg,0.4772,NO
hpdr2685.jpg,0.2801,NO
hpdr2687.jpg,0.4858,NO
hpdr2689.jpg,0.4947,NO
hpdr2690.jpg,0.4989,NO
hpdr2691.jpg,0.3628,NO
hpdr2692.jpg,0.4935,NO
hpdr2693.jpg,0.4745,NO
hpdr2696.jpg,0.5045,YES
hpdr2697.jpg,0.5066,YES
hpdr2698.jpg,0.4930,NO
hpdr2694.jpg,0.4894,NO
hpdr2695.jpg,0.4380,NO
hpdr2699.jpg,0.5683,YES
hpdr270.jpg,0.4545,NO
hpdr27.jpg,0.4735,NO
hpdr2700.jpg,0.4330,NO
hpdr2704.jpg,0.5047,YES
hpdr2702.jpg,0.4762,NO
hpdr2708.jpg,0.4051,NO
hpdr2705.jpg,0.3882,NO
hpdr2707.jpg,0.4287,NO
hpdr271.jpg,0.4935,NO
hpdr2709.jpg,0.4995,NO
hpdr2710.jpg,0.5141,YES
hpdr2712.jpg,0.5210,YES
hpdr2711.jpg,0.4838,NO
hpdr2714.jpg,0.3577,NO
hpdr2717.jpg,0.3980,NO
hpdr2715.jpg,0.3805,NO
hpdr2718.jpg,0.1489,NO
hpdr2716.jpg,0.4761,NO
hpdr272.jpg,0.4640,NO
hpdr2719.jpg,0.4447,NO
hpdr2720.jpg,0.4369,NO
hpdr2721.jpg,0.4891,NO
hpdr2722.jpg,0.4371,NO
hpdr2724.jpg,0.3025,NO
hpdr2723.jpg,0.3388,NO
hpdr2725.jpg,0.3560,NO
hpdr2726.jpg,0.6373,YES
hpdr2727.jpg,0.6448,YES
hpdr2728.jpg,0.6191,YES
hpdr2729.jpg,0.6777,YES
hpdr273.jpg,0.4722,NO
hpdr2730.jpg,0.6634,YES
hpdr2733.jpg,0.5476,YES
hpdr2734.jpg,0.6509,YES
hpdr2735.jpg,0.6448,YES
hpdr2731.jpg,0.3793,NO
hpdr2732.jpg,0.6367,YES
hpdr2736.jpg,0.6106,YES
hpdr2738.jpg,0.5311,YES
hpdr2739.jpg,0.4950,NO
hpdr274.jpg,0.4895,NO
hpdr2742.jpg,0.3817,NO
hpdr2744.jpg,0.5156,YES
hpdr2745.jpg,0.5617,YES
hpdr2746.jpg,0.5136,YES
hpdr2747.jpg,0.4109,NO
hpdr2748.jpg,0.6094,YES
hpdr275.jpg,0.3956,NO
hpdr2749.jpg,0.4760,NO
hpdr2751.jpg,0.3441,NO
hpdr2750.jpg,0.3112,NO
hpdr2754.jpg,0.4032,NO
hpdr2755.jpg,0.2571,NO
hpdr2752.jpg,0.2785,NO
hpdr2753.jpg,0.2149,NO
hpdr2757.jpg,0.5141,YES
hpdr2756.jpg,0.4595,NO
hpdr2758.jpg,0.6171,YES
hpdr2759.jpg,0.5976,YES
hpdr276.jpg,0.7403,YES
hpdr2760.jpg,0.5275,YES
hpdr2764.jpg,0.3012,NO
hpdr2765.jpg,0.4912,NO
hpdr2762.jpg,0.4935,NO
hpdr2763.jpg,0.4633,NO
hpdr2766.jpg,0.5568,YES
hpdr2767.jpg,0.5405,YES
hpdr2768.jpg,0.5026,YES
hpdr2769.jpg,0.4671,NO
hpdr277.jpg,0.4065,NO
hpdr2770.jpg,0.4540,NO
hpdr2771.jpg,0.5108,YES
hpdr2772.jpg,0.5245,YES
hpdr2774.jpg,0.5173,YES
hpdr2776.jpg,0.3959,NO
hpdr2777.jpg,0.3727,NO
hpdr2778.jpg,0.4445,NO
hpdr278.jpg,0.4898,NO
hpdr2779.jpg,0.4700,NO
hpdr2782.jpg,0.6365,YES
hpdr2783.jpg,0.4021,NO
hpdr2780.jpg,0.2778,NO
hpdr2781.jpg,0.3733,NO
hpdr2784.jpg,0.4527,NO
hpdr2785.jpg,0.6400,YES
hpdr2787.jpg,0.1968,NO
hpdr2786.jpg,0.4232,NO
hpdr2788.jpg,0.3972,NO
hpdr2789.jpg,0.2772,NO
hpdr279.jpg,0.4762,NO
hpdr2791.jpg,0.4171,NO
hpdr2792.jpg,0.4440,NO
hpdr2790.jpg,0.5737,YES
hpdr2793.jpg,0.4829,NO
hpdr2794.jpg,0.4696,NO
hpdr2795.jpg,0.5332,YES
hpdr2796.jpg,0.4904,NO
hpdr2798.jpg,0.5191,YES
hpdr2797.jpg,0.5230,YES
hpdr2799.jpg,0.2903,NO
hpdr280.jpg,0.5286,YES
hpdr2801.jpg,0.4427,NO
hpdr28.jpg,0.4721,NO
hpdr2802.jpg,0.4139,NO
hpdr2803.jpg,0.5264,YES
hpdr2804.jpg,0.5301,YES
hpdr2807.jpg,0.4816,NO
hpdr2808.jpg,0.4764,NO
hpdr2809.jpg,0.3275,NO
hpdr2805.jpg,0.2944,NO
hpdr281.jpg,0.5119,YES
hpdr2810.jpg,0.4234,NO
hpdr2811.jpg,0.4729,NO
hpdr2812.jpg,0.4323,NO
hpdr2813.jpg,0.4184,NO
hpdr2814.jpg,0.5532,YES
hpdr2815.jpg,0.5393,YES
hpdr2816.jpg,0.4967,NO
hpdr2817.jpg,0.4151,NO
hpdr2818.jpg,0.4647,NO
hpdr2819.jpg,0.4095,NO
hpdr2820.jpg,0.5377,YES
hpdr2821.jpg,0.4250,NO
hpdr2822.jpg,0.3549,NO
hpdr2823.jpg,0.4809,NO
hpdr2826.jpg,0.2976,NO
hpdr2824.jpg,0.4325,NO
hpdr2827.jpg,0.4129,NO
hpdr2825.jpg,0.3638,NO
hpdr2828.jpg,0.4266,NO
hpdr283.jpg,0.3750,NO
hpdr2829.jpg,0.4374,NO
hpdr2830.jpg,0.4441,NO
hpdr2831.jpg,0.4891,NO
hpdr2834.jpg,0.4213,NO
hpdr2836.jpg,0.5451,YES
hpdr2832.jpg,0.3743,NO
hpdr2837.jpg,0.4616,NO
hpdr284.jpg,0.4264,NO
hpdr2839.jpg,0.6104,YES
hpdr2835.jpg,0.5871,YES
hpdr2840.jpg,0.4989,NO
hpdr2841.jpg,0.4932,NO
hpdr2842.jpg,0.4657,NO
hpdr2844.jpg,0.3399,NO
hpdr2845.jpg,0.6203,YES
hpdr2846.jpg,0.5457,YES
hpdr2843.jpg,0.3774,NO
hpdr2847.jpg,0.5699,YES
hpdr2848.jpg,0.3247,NO
hpdr2849.jpg,0.5602,YES
hpdr2850.jpg,0.3861,NO
hpdr2853.jpg,0.4669,NO
hpdr2851.jpg,0.4176,NO
hpdr2854.jpg,0.3960,NO
hpdr2855.jpg,0.4914,NO
hpdr2856.jpg,0.4706,NO
hpdr2857.jpg,0.5169,YES
hpdr286.jpg,0.1110,NO
hpdr2858.jpg,0.4216,NO
hpdr2862.jpg,0.4554,NO
hpdr2861.jpg,0.4149,NO
hpdr2863.jpg,0.4621,NO
hpdr2867.jpg,0.5216,YES
hpdr2864.jpg,0.5088,YES
hpdr2868.jpg,0.5299,YES
hpdr2866.jpg,0.2516,NO
hpdr287.jpg,0.4249,NO
hpdr2869.jpg,0.5097,YES
hpdr2870.jpg,0.4842,NO
hpdr2871.jpg,0.4394,NO
hpdr2872.jpg,0.4298,NO
hpdr2874.jpg,0.4509,NO
hpdr2876.jpg,0.4420,NO
hpdr2873.jpg,0.4612,NO
hpdr2877.jpg,0.3747,NO
hpdr2878.jpg,0.6395,YES
hpdr2875.jpg,0.4314,NO
hpdr2879.jpg,0.4935,NO
hpdr288.jpg,0.7236,YES
hpdr2880.jpg,0.5452,YES
hpdr2881.jpg,0.5702,YES
hpdr2883.jpg,0.5034,YES
hpdr2886.jpg,0.4658,NO
hpdr2882.jpg,0.4381,NO
hpdr2888.jpg,0.5458,YES
hpdr2887.jpg,0.4776,NO
hpdr2889.jpg,0.3861,NO
hpdr2890.jpg,0.4771,NO
hpdr2891.jpg,0.4636,NO
hpdr2892.jpg,0.4990,NO
hpdr2895.jpg,0.4316,NO
hpdr2898.jpg,0.4017,NO
hpdr2897.jpg,0.5017,YES
hpdr2899.jpg,0.4574,NO
hpdr290.jpg,0.4021,NO
hpdr2900.jpg,0.5124,YES
hpdr2901.jpg,0.5149,YES
hpdr2903.jpg,0.5053,YES
hpdr2904.jpg,0.5450,YES
hpdr2906.jpg,0.4813,NO
hpdr2907.jpg,0.4269,NO
hpdr2909.jpg,0.4360,NO
hpdr2908.jpg,0.4199,NO
hpdr291.jpg,0.5552,YES
hpdr2910.jpg,0.3939,NO
hpdr2911.jpg,0.4842,NO
hpdr2912.jpg,0.4097,NO
hpdr2913.jpg,0.5004,YES
hpdr2915.jpg,0.4386,NO
hpdr2914.jpg,0.4249,NO
hpdr2918.jpg,0.4313,NO
hpdr292.jpg,0.4328,NO
hpdr2919.jpg,0.4571,NO
hpdr2917.jpg,0.5088,YES
hpdr2920.jpg,0.4589,NO
hpdr2921.jpg,0.4061,NO
hpdr2922.jpg,0.5165,YES
hpdr2924.jpg,0.4654,NO
hpdr2925.jpg,0.4272,NO
hpdr2926.jpg,0.4415,NO
hpdr2923.jpg,0.5316,YES
hpdr2928.jpg,0.3425,NO
hpdr2927.jpg,0.4381,NO
hpdr2929.jpg,0.4234,NO
hpdr293.jpg,0.1556,NO
hpdr2930.jpg,0.4168,NO
hpdr2933.jpg,0.4261,NO
hpdr2932.jpg,0.5173,YES
hpdr2935.jpg,0.3879,NO
hpdr2934.jpg,0.4679,NO
hpdr2937.jpg,0.5203,YES
hpdr2936.jpg,0.4589,NO
hpdr2938.jpg,0.5605,YES
hpdr294.jpg,0.4722,NO
hpdr2939.jpg,0.6260,YES
hpdr2941.jpg,0.4747,NO
hpdr2942.jpg,0.4311,NO
hpdr2945.jpg,0.4755,NO
hpdr2943.jpg,0.4521,NO
hpdr2947.jpg,0.5103,YES
hpdr2946.jpg,0.4589,NO
hpdr2948.jpg,0.5599,YES
hpdr2949.jpg,0.4841,NO
hpdr295.jpg,0.3847,NO
hpdr2950.jpg,0.5192,YES
hpdr2951.jpg,0.5346,YES
hpdr2953.jpg,0.4828,NO
hpdr2952.jpg,0.4842,NO
hpdr2955.jpg,0.2974,NO
hpdr2956.jpg,0.5081,YES
hpdr2957.jpg,0.5136,YES
hpdr2954.jpg,0.3704,NO
hpdr2958.jpg,0.4881,NO
hpdr2959.jpg,0.1881,NO
hpdr296.jpg,0.4698,NO
hpdr2960.jpg,0.4902,NO
hpdr2962.jpg,0.4654,NO
hpdr2963.jpg,0.4860,NO
hpdr2964.jpg,0.3888,NO
hpdr2966.jpg,0.4617,NO
hpdr2965.jpg,0.3923,NO
hpdr2967.jpg,0.5543,YES
hpdr2968.jpg,0.4837,NO
hpdr297.jpg,0.4238,NO
hpdr2971.jpg,0.5171,YES
hpdr2972.jpg,0.5443,YES
hpdr2969.jpg,0.5153,YES
hpdr2973.jpg,0.5109,YES
hpdr2974.jpg,0.4652,NO
hpdr2975.jpg,0.4980,NO
hpdr2976.jpg,0.4024,NO
hpdr2977.jpg,0.5490,YES
hpdr298.jpg,0.4110,NO
hpdr2978.jpg,0.5276,YES
hpdr2981.jpg,0.4386,NO
hpdr2980.jpg,0.4112,NO
hpdr2983.jpg,0.4853,NO
hpdr2984.jpg,0.5066,YES
hpdr2982.jpg,0.4545,NO
hpdr2986.jpg,0.4865,NO
hpdr2987.jpg,0.3695,NO
hpdr2988.jpg,0.4923,NO
hpdr2989.jpg,0.5048,YES
hpdr299.jpg,0.3755,NO
hpdr2991.jpg,0.4044,NO
hpdr2990.jpg,0.3722,NO
hpdr2992.jpg,0.4579,NO
hpdr2993.jpg,0.4203,NO
hpdr2994.jpg,0.4726,NO
hpdr2995.jpg,0.4920,NO
hpdr2996.jpg,0.4761,NO
hpdr2998.jpg,0.4424,NO
hpdr2999.jpg,0.4895,NO
hpdr2997.jpg,0.4614,NO
hpdr300.jpg,0.7294,YES
hpdr3001.jpg,0.4574,NO
hpdr30.jpg,0.4241,NO
hpdr3002.jpg,0.4346,NO
hpdr3003.jpg,0.4970,NO
hpdr3004.jpg,0.4933,NO
hpdr3005.jpg,0.5155,YES
hpdr3007.jpg,0.4657,NO
hpdr3008.jpg,0.4293,NO
hpdr3009.jpg,0.5400,YES
hpdr3010.jpg,0.4727,NO
hpdr301.jpg,0.4902,NO
hpdr3011.jpg,0.4866,NO
hpdr3012.jpg,0.4415,NO
hpdr3013.jpg,0.4630,NO
hpdr3015.jpg,0.4196,NO
hpdr3016.jpg,0.4885,NO
hpdr3017.jpg,0.4859,NO
hpdr3014.jpg,0.5018,YES
hpdr302.jpg,0.4928,NO
hpdr3018.jpg,0.4815,NO
hpdr3021.jpg,0.4541,NO
hpdr3020.jpg,0.4786,NO
hpdr3022.jpg,0.4540,NO
hpdr3023.jpg,0.4765,NO
hpdr3024.jpg,0.4633,NO
hpdr3025.jpg,0.4869,NO
hpdr3026.jpg,0.4886,NO
hpdr3032.jpg,0.5253,YES
hpdr3027.jpg,0.5155,YES
hpdr3028.jpg,0.5342,YES
hpdr304.jpg,0.4956,NO
hpdr305.jpg,0.3897,NO
hpdr3043.jpg,0.4635,NO
hpdr306.jpg,0.4599,NO
hpdr3065.jpg,0.4054,NO
hpdr308.jpg,0.3776,NO
hpdr3066.jpg,0.4206,NO
hpdr3087.jpg,0.5004,YES
hpdr3076.jpg,0.3805,NO
hpdr309.jpg,0.4630,NO
hpdr3098.jpg,0.4981,NO
hpdr3111.jpg,0.5106,YES
hpdr31.jpg,0.4805,NO
hpdr3112.jpg,0.4899,NO
hpdr3113.jpg,0.5035,YES
hpdr3114.jpg,0.4817,NO
hpdr3116.jpg,0.4857,NO
hpdr3115.jpg,0.5112,YES
hpdr3117.jpg,0.4969,NO
hpdr3118.jpg,0.4758,NO
hpdr312.jpg,0.7368,YES
hpdr3120.jpg,0.4716,NO
hpdr3119.jpg,0.4596,NO
hpdr3121.jpg,0.4654,NO
hpdr3122.jpg,0.4955,NO
hpdr3124.jpg,0.5134,YES
hpdr3123.jpg,0.4986,NO
hpdr3125.jpg,0.5139,YES
hpdr3126.jpg,0.4876,NO
hpdr3127.jpg,0.5240,YES
hpdr3129.jpg,0.3955,NO
hpdr313.jpg,0.5601,YES
hpdr3128.jpg,0.5390,YES
hpdr3130.jpg,0.4908,NO
hpdr3132.jpg,0.4116,NO
hpdr3134.jpg,0.4246,NO
hpdr3135.jpg,0.4639,NO
hpdr3131.jpg,0.5142,YES
hpdr3136.jpg,0.4674,NO
hpdr3137.jpg,0.4942,NO
hpdr3138.jpg,0.4916,NO
hpdr3139.jpg,0.4886,NO
hpdr314.jpg,0.4428,NO
hpdr3140.jpg,0.5250,YES
hpdr3141.jpg,0.4734,NO
hpdr3143.jpg,0.4977,NO
hpdr3144.jpg,0.4854,NO
hpdr3142.jpg,0.4725,NO
hpdr3146.jpg,0.4794,NO
hpdr3147.jpg,0.4965,NO
hpdr3145.jpg,0.4473,NO
hpdr3148.jpg,0.4288,NO
hpdr3149.jpg,0.3065,NO
hpdr3150.jpg,0.4509,NO
hpdr3151.jpg,0.4386,NO
hpdr3153.jpg,0.3636,NO
hpdr3154.jpg,0.5284,YES
hpdr3155.jpg,0.5526,YES
hpdr3156.jpg,0.4203,NO
hpdr3157.jpg,0.4350,NO
hpdr3158.jpg,0.3619,NO
hpdr3159.jpg,0.5584,YES
hpdr316.jpg,0.4144,NO
hpdr3161.jpg,0.5858,YES
hpdr3162.jpg,0.5063,YES
hpdr3160.jpg,0.5962,YES
hpdr3164.jpg,0.5133,YES
hpdr3165.jpg,0.5220,YES
hpdr3163.jpg,0.4251,NO
hpdr3167.jpg,0.3472,NO
hpdr3166.jpg,0.5517,YES
hpdr317.jpg,0.3723,NO
hpdr3168.jpg,0.3475,NO
hpdr3171.jpg,0.5715,YES
hpdr3172.jpg,0.5672,YES
hpdr3173.jpg,0.5483,YES
hpdr3175.jpg,0.4527,NO
hpdr3176.jpg,0.5121,YES
hpdr3174.jpg,0.6202,YES
hpdr3177.jpg,0.3442,NO
hpdr3178.jpg,0.3283,NO
hpdr318.jpg,0.4453,NO
hpdr3180.jpg,0.3964,NO
hpdr3179.jpg,0.5701,YES
hpdr3181.jpg,0.5572,YES
hpdr3182.jpg,0.5758,YES
hpdr3185.jpg,0.5587,YES
hpdr3184.jpg,0.5158,YES
hpdr3186.jpg,0.3473,NO
hpdr3187.jpg,0.5039,YES
hpdr3188.jpg,0.5759,YES
hpdr319.jpg,0.3755,NO
hpdr3190.jpg,0.5153,YES
hpdr3189.jpg,0.3054,NO
hpdr3191.jpg,0.3216,NO
hpdr3193.jpg,0.4208,NO
hpdr3192.jpg,0.3377,NO
hpdr3194.jpg,0.3830,NO
hpdr3196.jpg,0.3184,NO
hpdr3195.jpg,0.5902,YES
hpdr3197.jpg,0.3394,NO
hpdr32.jpg,0.2550,NO
hpdr320.jpg,0.2935,NO
hpdr3199.jpg,0.2325,NO
hpdr3201.jpg,0.3070,NO
hpdr3200.jpg,0.3162,NO
hpdr3202.jpg,0.3453,NO
hpdr3203.jpg,0.2736,NO
hpdr3204.jpg,0.3870,NO
hpdr3205.jpg,0.3601,NO
hpdr3206.jpg,0.5934,YES
hpdr3207.jpg,0.5766,YES
hpdr3208.jpg,0.5573,YES
hpdr321.jpg,0.3807,NO
hpdr3209.jpg,0.5709,YES
hpdr3210.jpg,0.3735,NO
hpdr3211.jpg,0.3662,NO
hpdr3212.jpg,0.4489,NO
hpdr3213.jpg,0.6077,YES
hpdr3214.jpg,0.3936,NO
hpdr3216.jpg,0.3206,NO
hpdr3217.jpg,0.3138,NO
hpdr3219.jpg,0.2605,NO
hpdr322.jpg,0.3980,NO
hpdr3218.jpg,0.3371,NO
hpdr3220.jpg,0.4472,NO
hpdr3221.jpg,0.3206,NO
hpdr3223.jpg,0.3066,NO
hpdr3224.jpg,0.3104,NO
hpdr3225.jpg,0.3931,NO
hpdr3222.jpg,0.2763,NO
hpdr3226.jpg,0.4186,NO
hpdr3230.jpg,0.4102,NO
hpdr3229.jpg,0.4424,NO
hpdr3231.jpg,0.3502,NO
hpdr3233.jpg,0.1149,NO
hpdr3234.jpg,0.4421,NO
hpdr3235.jpg,0.4477,NO
hpdr3237.jpg,0.3813,NO
hpdr3236.jpg,0.5981,YES
hpdr3238.jpg,0.3009,NO
hpdr324.jpg,0.4503,NO
hpdr3239.jpg,0.4118,NO
hpdr3241.jpg,0.4639,NO
hpdr3245.jpg,0.4074,NO
hpdr3243.jpg,0.4331,NO
hpdr3240.jpg,0.4722,NO
hpdr3248.jpg,0.3962,NO
hpdr3247.jpg,0.4233,NO
hpdr3249.jpg,0.3539,NO
hpdr325.jpg,0.6562,YES
hpdr3250.jpg,0.5945,YES
hpdr3252.jpg,0.3698,NO
hpdr3253.jpg,0.3554,NO
hpdr3254.jpg,0.5202,YES
hpdr3255.jpg,0.6117,YES
hpdr3257.jpg,0.5538,YES
hpdr3256.jpg,0.5241,YES
hpdr3259.jpg,0.6266,YES
hpdr3258.jpg,0.5813,YES
hpdr326.jpg,0.3675,NO
hpdr3261.jpg,0.3526,NO
hpdr3262.jpg,0.3234,NO
hpdr3263.jpg,0.3588,NO
hpdr3264.jpg,0.4243,NO
hpdr3265.jpg,0.5761,YES
hpdr3266.jpg,0.3976,NO
hpdr327.jpg,0.4540,NO
hpdr3268.jpg,0.6422,YES
hpdr3267.jpg,0.4441,NO
hpdr3270.jpg,0.4677,NO
hpdr3271.jpg,0.5604,YES
hpdr3272.jpg,0.6197,YES
hpdr3275.jpg,0.3394,NO
hpdr3277.jpg,0.3287,NO
hpdr328.jpg,0.4300,NO
hpdr3278.jpg,0.2954,NO
hpdr3274.jpg,0.4891,NO
hpdr3279.jpg,0.4643,NO
hpdr3281.jpg,0.4199,NO
hpdr3282.jpg,0.3605,NO
hpdr3283.jpg,0.3755,NO
hpdr3285.jpg,0.5842,YES
hpdr3287.jpg,0.1818,NO
hpdr3286.jpg,0.6260,YES
hpdr329.jpg,0.3898,NO
hpdr3288.jpg,0.6297,YES
hpdr3289.jpg,0.5532,YES
hpdr3290.jpg,0.6120,YES
hpdr3291.jpg,0.6023,YES
hpdr3292.jpg,0.3548,NO
hpdr3293.jpg,0.5851,YES
hpdr3295.jpg,0.5735,YES
hpdr3296.jpg,0.4102,NO
hpdr3297.jpg,0.3749,NO
hpdr33.jpg,0.8187,YES
hpdr3298.jpg,0.1784,NO
hpdr330.jpg,0.3914,NO
hpdr3300.jpg,0.5724,YES
hpdr3302.jpg,0.3849,NO
hpdr3301.jpg,0.3517,NO
hpdr3303.jpg,0.3425,NO
hpdr3304.jpg,0.3314,NO
hpdr3305.jpg,0.6598,YES
hpdr3307.jpg,0.5925,YES
hpdr3306.jpg,0.3715,NO
hpdr331.jpg,0.4087,NO
hpdr3308.jpg,0.5876,YES
hpdr3310.jpg,0.6146,YES
hpdr3311.jpg,0.6390,YES
hpdr3314.jpg,0.3976,NO
hpdr3315.jpg,0.4249,NO
hpdr3313.jpg,0.5520,YES
hpdr3317.jpg,0.3387,NO
hpdr3318.jpg,0.3465,NO
hpdr3319.jpg,0.3230,NO
hpdr3316.jpg,0.5034,YES
hpdr332.jpg,0.3400,NO
hpdr3320.jpg,0.4992,NO
hpdr3321.jpg,0.4448,NO
hpdr3323.jpg,0.3786,NO
hpdr3324.jpg,0.4249,NO
hpdr3322.jpg,0.3899,NO
hpdr3325.jpg,0.2399,NO
hpdr3327.jpg,0.4613,NO
hpdr3326.jpg,0.4761,NO
hpdr3328.jpg,0.5029,YES
hpdr3329.jpg,0.2390,NO
hpdr333.jpg,0.3459,NO
hpdr3330.jpg,0.4788,NO
hpdr3333.jpg,0.5028,YES
hpdr3334.jpg,0.4995,NO
hpdr3331.jpg,0.5795,YES
hpdr3335.jpg,0.5022,YES
hpdr3336.jpg,0.4891,NO
hpdr3337.jpg,0.4161,NO
hpdr3338.jpg,0.5036,YES
hpdr334.jpg,0.4855,NO
hpdr3339.jpg,0.4494,NO
hpdr3340.jpg,0.5140,YES
hpdr3341.jpg,0.4981,NO
hpdr3343.jpg,0.5519,YES
hpdr3342.jpg,0.4052,NO
hpdr3344.jpg,0.5343,YES
hpdr3345.jpg,0.5359,YES
hpdr3347.jpg,0.4672,NO
hpdr3346.jpg,0.4933,NO
hpdr3348.jpg,0.4674,NO
hpdr3349.jpg,0.4333,NO
hpdr335.jpg,0.7795,YES
hpdr3351.jpg,0.5000,YES
hpdr3350.jpg,0.4828,NO
hpdr3352.jpg,0.5393,YES
hpdr3354.jpg,0.5230,YES
hpdr3353.jpg,0.4775,NO
hpdr3355.jpg,0.4478,NO
hpdr3357.jpg,0.4871,NO
hpdr3358.jpg,0.5195,YES
hpdr3356.jpg,0.5239,YES
hpdr3360.jpg,0.4784,NO
hpdr3359.jpg,0.5022,YES
hpdr3361.jpg,0.5272,YES
hpdr3362.jpg,0.5690,YES
hpdr3363.jpg,0.5362,YES
hpdr3364.jpg,0.5334,YES
hpdr3365.jpg,0.4208,NO
hpdr3367.jpg,0.4350,NO
hpdr337.jpg,0.4044,NO
hpdr3366.jpg,0.4821,NO
hpdr3369.jpg,0.4734,NO
hpdr3370.jpg,0.4781,NO
hpdr3368.jpg,0.5034,YES
hpdr3371.jpg,0.4862,NO
hpdr3372.jpg,0.3744,NO
hpdr3374.jpg,0.5217,YES
hpdr3373.jpg,0.4805,NO
hpdr3376.jpg,0.3800,NO
hpdr3377.jpg,0.5248,YES
hpdr3375.jpg,0.5057,YES
hpdr3378.jpg,0.5648,YES
hpdr3379.jpg,0.5278,YES
hpdr338.jpg,0.6911,YES
hpdr3380.jpg,0.5340,YES
hpdr3381.jpg,0.4948,NO
hpdr3382.jpg,0.4965,NO
hpdr3383.jpg,0.4630,NO
hpdr3384.jpg,0.5360,YES
hpdr3385.jpg,0.4672,NO
hpdr3387.jpg,0.4103,NO
hpdr3386.jpg,0.4674,NO
hpdr3388.jpg,0.4405,NO
hpdr3389.jpg,0.4908,NO
hpdr339.jpg,0.4358,NO
hpdr3390.jpg,0.5103,YES
hpdr3391.jpg,0.4901,NO
hpdr3393.jpg,0.4788,NO
hpdr3392.jpg,0.4677,NO
hpdr3394.jpg,0.4516,NO
hpdr3396.jpg,0.4935,NO
hpdr3397.jpg,0.4477,NO
hpdr3398.jpg,0.4471,NO
hpdr3399.jpg,0.4686,NO
hpdr3401.jpg,0.4916,NO
hpdr3403.jpg,0.5306,YES
hpdr3400.jpg,0.5207,YES
hpdr3404.jpg,0.4799,NO
hpdr3402.jpg,0.5165,YES
hpdr3405.jpg,0.5417,YES
hpdr3406.jpg,0.4889,NO
hpdr3408.jpg,0.5200,YES
hpdr3409.jpg,0.4507,NO
hpdr3410.jpg,0.4742,NO
hpdr3412.jpg,0.4843,NO
hpdr3411.jpg,0.4674,NO
hpdr3415.jpg,0.5395,YES
hpdr3413.jpg,0.2341,NO
hpdr3417.jpg,0.5059,YES
hpdr3418.jpg,0.4451,NO
hpdr3419.jpg,0.4618,NO
hpdr342.jpg,0.3947,NO
hpdr3420.jpg,0.1285,NO
hpdr3423.jpg,0.4841,NO
hpdr3425.jpg,0.4254,NO
hpdr3426.jpg,0.4758,NO
hpdr3421.jpg,0.5071,YES
hpdr3424.jpg,0.4603,NO
hpdr3427.jpg,0.4935,NO
hpdr3428.jpg,0.4841,NO
hpdr3429.jpg,0.4528,NO
hpdr3430.jpg,0.5290,YES
hpdr3431.jpg,0.4020,NO
hpdr3432.jpg,0.4807,NO
hpdr3433.jpg,0.4080,NO
hpdr3434.jpg,0.4244,NO
hpdr3435.jpg,0.4387,NO
hpdr3436.jpg,0.4657,NO
hpdr3438.jpg,0.4156,NO
hpdr3439.jpg,0.4858,NO
hpdr3442.jpg,0.4440,NO
hpdr3441.jpg,0.4519,NO
hpdr3443.jpg,0.4559,NO
hpdr3445.jpg,0.3826,NO
hpdr3444.jpg,0.3939,NO
hpdr3446.jpg,0.4183,NO
hpdr3447.jpg,0.3594,NO
hpdr345.jpg,0.3564,NO
hpdr3449.jpg,0.5779,YES
hpdr3450.jpg,0.6591,YES
hpdr3452.jpg,0.4936,NO
hpdr3454.jpg,0.4136,NO
hpdr3451.jpg,0.4480,NO
hpdr3453.jpg,0.3939,NO
hpdr3455.jpg,0.2584,NO
hpdr3456.jpg,0.4416,NO
hpdr3458.jpg,0.3655,NO
hpdr3459.jpg,0.4802,NO
hpdr346.jpg,0.5035,YES
hpdr3460.jpg,0.5645,YES
hpdr3463.jpg,0.5620,YES
hpdr3461.jpg,0.5919,YES
hpdr3464.jpg,0.5450,YES
hpdr3462.jpg,0.5204,YES
hpdr3465.jpg,0.5443,YES
hpdr3466.jpg,0.4957,NO
hpdr3467.jpg,0.5293,YES
hpdr3468.jpg,0.5426,YES
hpdr347.jpg,0.4420,NO
hpdr3471.jpg,0.1691,NO
hpdr3474.jpg,0.5563,YES
hpdr3470.jpg,0.5610,YES
hpdr3475.jpg,0.6083,YES
hpdr3472.jpg,0.1826,NO
hpdr3476.jpg,0.6003,YES
hpdr3477.jpg,0.5709,YES
hpdr348.jpg,0.3763,NO
hpdr3479.jpg,0.5363,YES
hpdr3480.jpg,0.2494,NO
hpdr3481.jpg,0.5209,YES
hpdr3482.jpg,0.6076,YES
hpdr3486.jpg,0.5891,YES
hpdr3483.jpg,0.5474,YES
hpdr3487.jpg,0.5435,YES
hpdr3488.jpg,0.5708,YES
hpdr3489.jpg,0.5480,YES
hpdr349.jpg,0.5474,YES
hpdr3492.jpg,0.5674,YES
hpdr3491.jpg,0.5976,YES
hpdr3490.jpg,0.5600,YES
hpdr3493.jpg,0.5205,YES
hpdr3494.jpg,0.4676,NO
hpdr3495.jpg,0.5430,YES
hpdr3496.jpg,0.4769,NO
hpdr3498.jpg,0.6213,YES
hpdr3499.jpg,0.5375,YES
hpdr35.jpg,0.1868,NO
hpdr350.jpg,0.1948,NO
hpdr3500.jpg,0.5612,YES
hpdr3503.jpg,0.5553,YES
hpdr3504.jpg,0.5555,YES
hpdr3505.jpg,0.5964,YES
hpdr3506.jpg,0.4539,NO
hpdr3507.jpg,0.2428,NO
hpdr3508.jpg,0.5319,YES
hpdr3510.jpg,0.3432,NO
hpdr351.jpg,0.6200,YES
hpdr3513.jpg,0.5778,YES
hpdr3511.jpg,0.5401,YES
hpdr3509.jpg,0.6137,YES
hpdr3512.jpg,0.5642,YES
hpdr3515.jpg,0.2999,NO
hpdr3516.jpg,0.4757,NO
hpdr3518.jpg,0.4631,NO
hpdr3520.jpg,0.6105,YES
hpdr3521.jpg,0.5630,YES
hpdr3523.jpg,0.4980,NO
hpdr3519.jpg,0.5176,YES
hpdr3522.jpg,0.5337,YES
hpdr3525.jpg,0.5281,YES
hpdr3526.jpg,0.4575,NO
hpdr353.jpg,0.6764,YES
hpdr3528.jpg,0.4543,NO
hpdr3529.jpg,0.4923,NO
hpdr3531.jpg,0.5389,YES
hpdr3532.jpg,0.5489,YES
hpdr3533.jpg,0.5473,YES
hpdr3534.jpg,0.4228,NO
hpdr3535.jpg,0.5387,YES
hpdr3536.jpg,0.5551,YES
hpdr3537.jpg,0.6334,YES
hpdr354.jpg,0.1693,NO
hpdr3539.jpg,0.5911,YES
hpdr3540.jpg,0.1835,NO
hpdr3542.jpg,0.5877,YES
hpdr3543.jpg,0.6074,YES
hpdr3541.jpg,0.5958,YES
hpdr3544.jpg,0.5860,YES
hpdr3545.jpg,0.5387,YES
hpdr3546.jpg,0.5177,YES
hpdr3547.jpg,0.5621,YES
hpdr355.jpg,0.2617,NO
hpdr3549.jpg,0.5889,YES
hpdr3548.jpg,0.4673,NO
hpdr3550.jpg,0.6067,YES
hpdr3551.jpg,0.5708,YES
hpdr3552.jpg,0.1830,NO
hpdr3554.jpg,0.5504,YES
hpdr3555.jpg,0.5931,YES
hpdr3556.jpg,0.6167,YES
hpdr3558.jpg,0.4575,NO
hpdr3559.jpg,0.5359,YES
hpdr356.jpg,0.5485,YES
hpdr3560.jpg,0.4920,NO
hpdr3561.jpg,0.5425,YES
hpdr3563.jpg,0.5580,YES
hpdr3566.jpg,0.5069,YES
hpdr3567.jpg,0.5730,YES
hpdr3568.jpg,0.5611,YES
hpdr357.jpg,0.3871,NO
hpdr3571.jpg,0.5193,YES
hpdr3572.jpg,0.5700,YES
hpdr3570.jpg,0.5608,YES
hpdr3573.jpg,0.5574,YES
hpdr3574.jpg,0.5092,YES
hpdr3575.jpg,0.4592,NO
hpdr3576.jpg,0.4726,NO
hpdr3578.jpg,0.5094,YES
hpdr3577.jpg,0.4822,NO
hpdr3579.jpg,0.4926,NO
hpdr3582.jpg,0.2706,NO
hpdr3583.jpg,0.4556,NO
hpdr3581.jpg,0.3939,NO
hpdr3584.jpg,0.1583,NO
hpdr3585.jpg,0.4765,NO
hpdr3588.jpg,0.3463,NO
hpdr3589.jpg,0.3942,NO
hpdr359.jpg,0.4378,NO
hpdr3586.jpg,0.3805,NO
hpdr3587.jpg,0.3925,NO
hpdr3590.jpg,0.3869,NO
hpdr3591.jpg,0.4100,NO
hpdr3592.jpg,0.1741,NO
hpdr3593.jpg,0.4478,NO
hpdr3594.jpg,0.3982,NO
hpdr3595.jpg,0.4821,NO
hpdr3596.jpg,0.5784,YES
hpdr3597.jpg,0.5750,YES
hpdr3599.jpg,0.2714,NO
hpdr36.jpg,0.5233,YES
hpdr3598.jpg,0.2095,NO
hpdr360.jpg,0.3821,NO
hpdr3600.jpg,0.5736,YES
hpdr3603.jpg,0.4677,NO
hpdr3602.jpg,0.5743,YES
hpdr3605.jpg,0.5427,YES
hpdr3607.jpg,0.4097,NO
hpdr3604.jpg,0.5452,YES
hpdr3609.jpg,0.4867,NO
hpdr361.jpg,0.4352,NO
hpdr3610.jpg,0.4983,NO
hpdr3611.jpg,0.5055,YES
hpdr3612.jpg,0.5078,YES
hpdr3614.jpg,0.4378,NO
hpdr3613.jpg,0.5078,YES
hpdr3615.jpg,0.5678,YES
hpdr3617.jpg,0.4847,NO
hpdr3616.jpg,0.5090,YES
hpdr3618.jpg,0.5372,YES
hpdr362.jpg,0.7494,YES
hpdr3623.jpg,0.5740,YES
hpdr3624.jpg,0.3018,NO
hpdr3625.jpg,0.3724,NO
hpdr3627.jpg,0.5440,YES
hpdr363.jpg,0.4563,NO
hpdr3626.jpg,0.5489,YES
hpdr3628.jpg,0.3151,NO
hpdr3630.jpg,0.4948,NO
hpdr3632.jpg,0.4964,NO
hpdr3633.jpg,0.4037,NO
hpdr3634.jpg,0.3784,NO
hpdr3635.jpg,0.4990,NO
hpdr3636.jpg,0.4468,NO
hpdr364.jpg,0.3801,NO
hpdr3639.jpg,0.4454,NO
hpdr3637.jpg,0.3506,NO
hpdr3638.jpg,0.4456,NO
hpdr3640.jpg,0.5282,YES
hpdr3641.jpg,0.5820,YES
hpdr3642.jpg,0.5885,YES
hpdr3643.jpg,0.4687,NO
hpdr3644.jpg,0.2362,NO
hpdr3645.jpg,0.6010,YES
hpdr3646.jpg,0.4860,NO
hpdr3648.jpg,0.5100,YES
hpdr3649.jpg,0.4098,NO
hpdr3647.jpg,0.3715,NO
hpdr365.jpg,0.4054,NO
hpdr3650.jpg,0.5425,YES
hpdr3651.jpg,0.4993,NO
hpdr3652.jpg,0.5306,YES
hpdr3655.jpg,0.3816,NO
hpdr3656.jpg,0.4600,NO
hpdr3659.jpg,0.4842,NO
hpdr3653.jpg,0.4253,NO
hpdr3657.jpg,0.4511,NO
hpdr366.jpg,0.4266,NO
hpdr3660.jpg,0.5346,YES
hpdr3661.jpg,0.5336,YES
hpdr3662.jpg,0.3031,NO
hpdr3663.jpg,0.6098,YES
hpdr3664.jpg,0.5817,YES
hpdr3665.jpg,0.3209,NO
hpdr3667.jpg,0.4414,NO
hpdr3666.jpg,0.4886,NO
hpdr3669.jpg,0.3467,NO
hpdr3668.jpg,0.4339,NO
hpdr3670.jpg,0.4800,NO
hpdr3672.jpg,0.5214,YES
hpdr3673.jpg,0.4025,NO
hpdr3675.jpg,0.4222,NO
hpdr3677.jpg,0.3284,NO
hpdr3674.jpg,0.3465,NO
hpdr3678.jpg,0.2914,NO
hpdr3676.jpg,0.3319,NO
hpdr368.jpg,0.3507,NO
hpdr3679.jpg,0.3891,NO
hpdr3680.jpg,0.4177,NO
hpdr3681.jpg,0.4073,NO
hpdr3682.jpg,0.4748,NO
hpdr3685.jpg,0.5310,YES
hpdr3684.jpg,0.2227,NO
hpdr3687.jpg,0.4163,NO
hpdr3686.jpg,0.4176,NO
hpdr3688.jpg,0.3945,NO
hpdr3689.jpg,0.4031,NO
hpdr3690.jpg,0.3686,NO
hpdr3692.jpg,0.3064,NO
hpdr3693.jpg,0.3776,NO
hpdr3695.jpg,0.3586,NO
hpdr3697.jpg,0.3079,NO
hpdr3694.jpg,0.3745,NO
hpdr3696.jpg,0.3823,NO
hpdr3698.jpg,0.4749,NO
hpdr3699.jpg,0.2889,NO
hpdr370.jpg,0.3840,NO
hpdr3701.jpg,0.6381,YES
hpdr3702.jpg,0.3221,NO
hpdr3703.jpg,0.1816,NO
hpdr3704.jpg,0.6485,YES
hpdr3706.jpg,0.5319,YES
hpdr3705.jpg,0.5790,YES
hpdr3707.jpg,0.5367,YES
hpdr3708.jpg,0.4952,NO
hpdr3709.jpg,0.5216,YES
hpdr371.jpg,0.4626,NO
hpdr3713.jpg,0.4573,NO
hpdr3715.jpg,0.5326,YES
hpdr3714.jpg,0.1895,NO
hpdr3717.jpg,0.3346,NO
hpdr3718.jpg,0.3938,NO
hpdr3716.jpg,0.4486,NO
hpdr372.jpg,0.3613,NO
hpdr373.jpg,0.3529,NO
hpdr3725.jpg,0.3760,NO
hpdr3730.jpg,0.5136,YES
hpdr3733.jpg,0.4680,NO
hpdr3734.jpg,0.5388,YES
hpdr3736.jpg,0.4177,NO
hpdr3731.jpg,0.4156,NO
hpdr3735.jpg,0.1711,NO
hpdr3737.jpg,0.5211,YES
hpdr3738.jpg,0.5811,YES
hpdr3739.jpg,0.5616,YES
hpdr374.jpg,0.3921,NO
hpdr3740.jpg,0.5766,YES
hpdr3741.jpg,0.5872,YES
hpdr3744.jpg,0.5291,YES
hpdr3742.jpg,0.5684,YES
hpdr3745.jpg,0.4977,NO
hpdr3743.jpg,0.5815,YES
hpdr3746.jpg,0.5241,YES
hpdr3747.jpg,0.3473,NO
hpdr3748.jpg,0.5417,YES
hpdr3749.jpg,0.5608,YES
hpdr375.jpg,0.7505,YES
hpdr3751.jpg,0.5611,YES
hpdr3750.jpg,0.5308,YES
hpdr3752.jpg,0.5743,YES
hpdr3753.jpg,0.5540,YES
hpdr3754.jpg,0.5270,YES
hpdr3755.jpg,0.4491,NO
hpdr3756.jpg,0.4598,NO
hpdr3757.jpg,0.4763,NO
hpdr3758.jpg,0.4045,NO
hpdr376.jpg,0.4616,NO
hpdr3759.jpg,0.4778,NO
hpdr3760.jpg,0.5359,YES
hpdr3761.jpg,0.5630,YES
hpdr3762.jpg,0.5360,YES
hpdr3763.jpg,0.5532,YES
hpdr3764.jpg,0.4968,NO
hpdr3765.jpg,0.5104,YES
hpdr377.jpg,0.3277,NO
hpdr3768.jpg,0.4116,NO
hpdr3767.jpg,0.4198,NO
hpdr3771.jpg,0.4922,NO
hpdr3772.jpg,0.5729,YES
hpdr3773.jpg,0.5454,YES
hpdr3774.jpg,0.5796,YES
hpdr3778.jpg,0.3964,NO
hpdr378.jpg,0.3613,NO
hpdr379.jpg,0.3130,NO
hpdr3789.jpg,0.3141,NO
hpdr3780.jpg,0.2472,NO
hpdr3788.jpg,0.4732,NO
hpdr3790.jpg,0.4884,NO
hpdr3791.jpg,0.3440,NO
hpdr3792.jpg,0.5088,YES
hpdr3793.jpg,0.4797,NO
hpdr3794.jpg,0.4776,NO
hpdr3795.jpg,0.5072,YES
hpdr380.jpg,0.2248,NO
hpdr3797.jpg,0.4256,NO
hpdr3800.jpg,0.5038,YES
hpdr3798.jpg,0.5269,YES
hpdr3801.jpg,0.4793,NO
hpdr3802.jpg,0.2439,NO
hpdr3803.jpg,0.4981,NO
hpdr3804.jpg,0.4259,NO
hpdr3807.jpg,0.4116,NO
hpdr3805.jpg,0.4130,NO
hpdr381.jpg,0.4107,NO
hpdr3806.jpg,0.4697,NO
hpdr3808.jpg,0.2184,NO
hpdr3809.jpg,0.4450,NO
hpdr3810.jpg,0.4460,NO
hpdr3811.jpg,0.5045,YES
hpdr3812.jpg,0.4715,NO
hpdr3813.jpg,0.3598,NO
hpdr3814.jpg,0.3795,NO
hpdr3817.jpg,0.3881,NO
hpdr3815.jpg,0.4649,NO
hpdr3816.jpg,0.4315,NO
hpdr3818.jpg,0.4851,NO
hpdr3819.jpg,0.4501,NO
hpdr382.jpg,0.4215,NO
hpdr3820.jpg,0.4627,NO
hpdr3821.jpg,0.3894,NO
hpdr3823.jpg,0.4678,NO
hpdr3824.jpg,0.4992,NO
hpdr3826.jpg,0.3847,NO
hpdr3825.jpg,0.3321,NO
hpdr3827.jpg,0.4590,NO
hpdr3828.jpg,0.4353,NO
hpdr3829.jpg,0.4046,NO
hpdr383.jpg,0.4428,NO
hpdr3831.jpg,0.5066,YES
hpdr3833.jpg,0.4265,NO
hpdr3832.jpg,0.4515,NO
hpdr3835.jpg,0.3814,NO
hpdr3836.jpg,0.3371,NO
hpdr3834.jpg,0.3831,NO
hpdr3837.jpg,0.4396,NO
hpdr3838.jpg,0.3457,NO
hpdr3839.jpg,0.4140,NO
hpdr384.jpg,0.4085,NO
hpdr3842.jpg,0.3906,NO
hpdr3844.jpg,0.2641,NO
hpdr3841.jpg,0.4613,NO
hpdr3846.jpg,0.5091,YES
hpdr3847.jpg,0.3909,NO
hpdr3845.jpg,0.5187,YES
hpdr3848.jpg,0.5034,YES
hpdr3849.jpg,0.4846,NO
hpdr385.jpg,0.3269,NO
hpdr3850.jpg,0.3880,NO
hpdr3855.jpg,0.2574,NO
hpdr3852.jpg,0.5145,YES
hpdr3851.jpg,0.5103,YES
hpdr3857.jpg,0.3892,NO
hpdr3856.jpg,0.4524,NO
hpdr3858.jpg,0.3504,NO
hpdr3859.jpg,0.4153,NO
hpdr3860.jpg,0.4419,NO
hpdr3861.jpg,0.4051,NO
hpdr3862.jpg,0.5395,YES
hpdr3865.jpg,0.5294,YES
hpdr3864.jpg,0.4749,NO
hpdr3866.jpg,0.5185,YES
hpdr3867.jpg,0.4781,NO
hpdr3869.jpg,0.1949,NO
hpdr387.jpg,0.7094,YES
hpdr3870.jpg,0.3196,NO
hpdr3871.jpg,0.4292,NO
hpdr3872.jpg,0.4348,NO
hpdr3876.jpg,0.3474,NO
hpdr3874.jpg,0.4523,NO
hpdr3877.jpg,0.4815,NO
hpdr3875.jpg,0.4027,NO
hpdr3878.jpg,0.5027,YES
hpdr388.jpg,0.4475,NO
hpdr3879.jpg,0.4766,NO
hpdr3880.jpg,0.3377,NO
hpdr3881.jpg,0.4611,NO
hpdr3883.jpg,0.4114,NO
hpdr3882.jpg,0.4556,NO
hpdr3885.jpg,0.4228,NO
hpdr3886.jpg,0.3950,NO
hpdr3884.jpg,0.4140,NO
hpdr3887.jpg,0.3009,NO
hpdr3888.jpg,0.4137,NO
hpdr3889.jpg,0.4529,NO
hpdr3890.jpg,0.4933,NO
hpdr3892.jpg,0.4928,NO
hpdr3891.jpg,0.1640,NO
hpdr3894.jpg,0.3879,NO
hpdr390.jpg,0.4282,NO
hpdr3895.jpg,0.4765,NO
hpdr3900.jpg,0.4229,NO
hpdr3901.jpg,0.4138,NO
hpdr3902.jpg,0.3916,NO
hpdr3903.jpg,0.3316,NO
hpdr3906.jpg,0.4820,NO
hpdr3907.jpg,0.3313,NO
hpdr3905.jpg,0.3746,NO
hpdr3909.jpg,0.4052,NO
hpdr3908.jpg,0.4526,NO
hpdr391.jpg,0.3689,NO
hpdr3910.jpg,0.4351,NO
hpdr3911.jpg,0.4936,NO
hpdr3912.jpg,0.4229,NO
hpdr3914.jpg,0.3684,NO
hpdr3915.jpg,0.3340,NO
hpdr3918.jpg,0.3398,NO
hpdr392.jpg,0.3493,NO
hpdr3919.jpg,0.5269,YES
hpdr3920.jpg,0.2461,NO
hpdr3921.jpg,0.3332,NO
hpdr3925.jpg,0.3661,NO
hpdr3924.jpg,0.3564,NO
hpdr3922.jpg,0.4024,NO
hpdr3923.jpg,0.4027,NO
hpdr3926.jpg,0.4246,NO
hpdr3927.jpg,0.4476,NO
hpdr3928.jpg,0.3924,NO
hpdr3930.jpg,0.3833,NO
hpdr3931.jpg,0.1140,NO
hpdr3932.jpg,0.4053,NO
hpdr3934.jpg,0.3965,NO
hpdr3933.jpg,0.3137,NO
hpdr3936.jpg,0.4157,NO
hpdr393.jpg,0.1603,NO
hpdr3937.jpg,0.4658,NO
hpdr3935.jpg,0.3448,NO
hpdr3939.jpg,0.4404,NO
hpdr3938.jpg,0.4691,NO
hpdr3940.jpg,0.5317,YES
hpdr3942.jpg,0.4401,NO
hpdr3944.jpg,0.4279,NO
hpdr3943.jpg,0.4804,NO
hpdr3945.jpg,0.5287,YES
hpdr3946.jpg,0.6353,YES
hpdr394.jpg,0.1415,NO
hpdr3948.jpg,0.3757,NO
hpdr3947.jpg,0.4047,NO
hpdr3949.jpg,0.3874,NO
hpdr3950.jpg,0.3831,NO
hpdr3952.jpg,0.5164,YES
hpdr3951.jpg,0.4283,NO
hpdr3953.jpg,0.4680,NO
hpdr3954.jpg,0.4385,NO
hpdr3956.jpg,0.5305,YES
hpdr3955.jpg,0.4683,NO
hpdr395.jpg,0.1423,NO
hpdr3957.jpg,0.4005,NO
hpdr3958.jpg,0.4192,NO
hpdr3960.jpg,0.5650,YES
hpdr3959.jpg,0.4894,NO
hpdr3961.jpg,0.5225,YES
hpdr3963.jpg,0.5666,YES
hpdr3962.jpg,0.6332,YES
hpdr3964.jpg,0.5223,YES
hpdr3965.jpg,0.4728,NO
hpdr396.jpg,0.0285,NO
hpdr3966.jpg,0.6415,YES
hpdr3968.jpg,0.4216,NO
hpdr3967.jpg,0.6639,YES
hpdr3972.jpg,0.6432,YES
hpdr3970.jpg,0.6710,YES
hpdr3973.jpg,0.6984,YES
hpdr3974.jpg,0.6545,YES
hpdr3976.jpg,0.6557,YES
hpdr3978.jpg,0.6474,YES
hpdr397.jpg,0.1493,NO
hpdr3980.jpg,0.3365,NO
hpdr3982.jpg,0.6934,YES
hpdr3981.jpg,0.7072,YES
hpdr3984.jpg,0.7118,YES
hpdr3983.jpg,0.6923,YES
hpdr3985.jpg,0.7085,YES
hpdr3986.jpg,0.6096,YES
hpdr3988.jpg,0.6248,YES
hpdr398.jpg,0.1551,NO
hpdr3989.jpg,0.6246,YES
hpdr3992.jpg,0.6576,YES
hpdr3993.jpg,0.6620,YES
hpdr3994.jpg,0.6545,YES
hpdr3995.jpg,0.6459,YES
hpdr3996.jpg,0.6300,YES
hpdr3998.jpg,0.5430,YES
hpdr3997.jpg,0.6277,YES
hpdr3999.jpg,0.5424,YES
hpdr399.jpg,0.6694,YES
hpdr4000.jpg,0.5796,YES
hpdr4001.jpg,0.1378,NO
hpdr4002.jpg,0.5454,YES
hpdr4.jpg,0.5099,YES
hpdr400.jpg,0.1436,NO
hpdr4004.jpg,0.6405,YES
hpdr4003.jpg,0.6151,YES
hpdr4006.jpg,0.6332,YES
hpdr4007.jpg,0.5973,YES
hpdr4008.jpg,0.5795,YES
hpdr4009.jpg,0.5488,YES
hpdr4010.jpg,0.5002,YES
hpdr4011.jpg,0.4511,NO
hpdr4012.jpg,0.4273,NO
hpdr4015.jpg,0.4698,NO
hpdr4016.jpg,0.4672,NO
hpdr4014.jpg,0.4283,NO
hpdr4017.jpg,0.3120,NO
hpdr401.jpg,0.0628,NO
hpdr4018.jpg,0.6105,YES
hpdr4021.jpg,0.1610,NO
hpdr4022.jpg,0.3349,NO
hpdr4020.jpg,0.2694,NO
hpdr4025.jpg,0.4368,NO
hpdr4023.jpg,0.2121,NO
hpdr4026.jpg,0.4409,NO
hpdr4027.jpg,0.4532,NO
hpdr402.jpg,0.4954,NO
hpdr4028.jpg,0.5513,YES
hpdr4029.jpg,0.2311,NO
hpdr4030.jpg,0.5056,YES
hpdr4031.jpg,0.5289,YES
hpdr4033.jpg,0.2766,NO
hpdr4032.jpg,0.4815,NO
hpdr4035.jpg,0.1970,NO
hpdr4034.jpg,0.4050,NO
hpdr4036.jpg,0.2044,NO
hpdr4038.jpg,0.3137,NO
hpdr403.jpg,0.1360,NO
hpdr4039.jpg,0.3516,NO
hpdr4040.jpg,0.6381,YES
hpdr4041.jpg,0.3455,NO
hpdr4042.jpg,0.2934,NO
hpdr4043.jpg,0.3245,NO
hpdr4044.jpg,0.2653,NO
hpdr404.jpg,0.1752,NO
hpdr4048.jpg,0.3310,NO
hpdr4045.jpg,0.3061,NO
hpdr4049.jpg,0.3264,NO
hpdr4046.jpg,0.3226,NO
hpdr4050.jpg,0.3241,NO
hpdr405.jpg,0.1683,NO
hpdr406.jpg,0.1439,NO
hpdr407.jpg,0.1696,NO
hpdr408.jpg,0.1589,NO
hpdr41.jpg,0.7805,YES
hpdr413.jpg,0.4306,NO
hpdr409.jpg,0.1653,NO
hpdr412.jpg,0.1324,NO
hpdr414.jpg,0.1595,NO
hpdr415.jpg,0.1660,NO
hpdr416.jpg,0.1065,NO
hpdr417.jpg,0.4071,NO
hpdr418.jpg,0.3268,NO
hpdr419.jpg,0.4687,NO
hpdr42.jpg,0.5911,YES
hpdr420.jpg,0.4709,NO
hpdr421.jpg,0.3699,NO
hpdr422.jpg,0.5118,YES
hpdr423.jpg,0.5861,YES
hpdr424.jpg,0.4884,NO
hpdr426.jpg,0.4558,NO
hpdr427.jpg,0.5198,YES
hpdr428.jpg,0.3925,NO
hpdr430.jpg,0.4661,NO
hpdr429.jpg,0.4851,NO
hpdr431.jpg,0.4908,NO
hpdr432.jpg,0.5105,YES
hpdr435.jpg,0.3664,NO
hpdr434.jpg,0.3611,NO
hpdr436.jpg,0.3295,NO
hpdr438.jpg,0.4814,NO
hpdr437.jpg,0.4445,NO
hpdr44.jpg,0.7006,YES
hpdr440.jpg,0.5134,YES
hpdr441.jpg,0.3869,NO
hpdr443.jpg,0.5338,YES
hpdr442.jpg,0.4764,NO
hpdr444.jpg,0.1714,NO
hpdr446.jpg,0.5631,YES
hpdr449.jpg,0.6874,YES
hpdr45.jpg,0.7764,YES
hpdr448.jpg,0.4786,NO
hpdr450.jpg,0.4054,NO
hpdr447.jpg,0.5151,YES
hpdr451.jpg,0.4984,NO
hpdr452.jpg,0.4324,NO
hpdr453.jpg,0.1480,NO
hpdr454.jpg,0.5285,YES
hpdr455.jpg,0.5340,YES
hpdr457.jpg,0.6095,YES
hpdr46.jpg,0.7915,YES
hpdr459.jpg,0.1297,NO
hpdr456.jpg,0.5588,YES
hpdr458.jpg,0.4284,NO
hpdr460.jpg,0.3280,NO
hpdr461.jpg,0.7622,YES
hpdr462.jpg,0.4674,NO
hpdr463.jpg,0.4000,NO
hpdr464.jpg,0.2826,NO
hpdr465.jpg,0.3941,NO
hpdr467.jpg,0.4527,NO
hpdr468.jpg,0.4017,NO
hpdr469.jpg,0.4675,NO
hpdr47.jpg,0.5002,YES
hpdr470.jpg,0.3530,NO
hpdr471.jpg,0.4125,NO
hpdr472.jpg,0.4876,NO
hpdr473.jpg,0.7016,YES
hpdr474.jpg,0.5248,YES
hpdr476.jpg,0.4717,NO
hpdr477.jpg,0.5632,YES
hpdr478.jpg,0.5167,YES
hpdr479.jpg,0.1694,NO
hpdr480.jpg,0.4562,NO
hpdr481.jpg,0.5294,YES
hpdr482.jpg,0.4219,NO
hpdr483.jpg,0.4496,NO
hpdr485.jpg,0.7899,YES
hpdr486.jpg,0.4972,NO
hpdr484.jpg,0.3999,NO
hpdr487.jpg,0.4616,NO
hpdr488.jpg,0.4916,NO
hpdr489.jpg,0.4801,NO
hpdr49.jpg,0.5999,YES
hpdr493.jpg,0.4406,NO
hpdr494.jpg,0.4044,NO
hpdr492.jpg,0.4171,NO
hpdr498.jpg,0.8053,YES
hpdr497.jpg,0.5634,YES
hpdr499.jpg,0.1680,NO
hpdr5.jpg,0.4458,NO
hpdr500.jpg,0.3720,NO
hpdr501.jpg,0.5120,YES
hpdr502.jpg,0.4861,NO
hpdr504.jpg,0.3757,NO
hpdr503.jpg,0.4116,NO
hpdr507.jpg,0.4311,NO
hpdr506.jpg,0.4962,NO
hpdr509.jpg,0.4318,NO
hpdr505.jpg,0.4585,NO
hpdr51.jpg,0.6902,YES
hpdr510.jpg,0.8397,YES
hpdr511.jpg,0.4738,NO
hpdr513.jpg,0.4207,NO
hpdr514.jpg,0.1493,NO
hpdr515.jpg,0.3586,NO
hpdr512.jpg,0.6244,YES
hpdr516.jpg,0.2935,NO
hpdr517.jpg,0.6997,YES
hpdr518.jpg,0.6210,YES
hpdr519.jpg,0.6976,YES
hpdr520.jpg,0.6610,YES
hpdr52.jpg,0.8001,YES
hpdr521.jpg,0.6279,YES
hpdr523.jpg,0.6242,YES
hpdr525.jpg,0.6170,YES
hpdr526.jpg,0.1801,NO
hpdr527.jpg,0.4856,NO
hpdr528.jpg,0.3514,NO
hpdr529.jpg,0.3484,NO
hpdr53.jpg,0.7854,YES
hpdr530.jpg,0.3511,NO
hpdr531.jpg,0.3670,NO
hpdr533.jpg,0.5354,YES
hpdr534.jpg,0.6981,YES
hpdr532.jpg,0.4951,NO
hpdr535.jpg,0.5202,YES
hpdr536.jpg,0.5286,YES
hpdr537.jpg,0.4228,NO
hpdr538.jpg,0.4764,NO
hpdr540.jpg,0.5082,YES
hpdr541.jpg,0.4325,NO
hpdr539.jpg,0.4999,NO
hpdr543.jpg,0.6179,YES
hpdr542.jpg,0.4626,NO
hpdr544.jpg,0.5941,YES
hpdr545.jpg,0.6021,YES
hpdr546.jpg,0.4879,NO
hpdr548.jpg,0.5649,YES
hpdr549.jpg,0.3142,NO
hpdr55.jpg,0.7774,YES
hpdr552.jpg,0.5737,YES
hpdr553.jpg,0.1358,NO
hpdr550.jpg,0.2829,NO
hpdr554.jpg,0.5974,YES
hpdr551.jpg,0.4061,NO
hpdr555.jpg,0.6366,YES
hpdr558.jpg,0.4927,NO
hpdr562.jpg,0.3371,NO
hpdr560.jpg,0.4131,NO
hpdr563.jpg,0.4012,NO
hpdr564.jpg,0.3457,NO
hpdr559.jpg,0.5961,YES
hpdr565.jpg,0.3179,NO
hpdr566.jpg,0.4439,NO
hpdr567.jpg,0.3627,NO
hpdr568.jpg,0.4466,NO
hpdr57.jpg,0.7562,YES
hpdr571.jpg,0.5173,YES
hpdr572.jpg,0.4025,NO
hpdr574.jpg,0.2996,NO
hpdr576.jpg,0.3674,NO
hpdr577.jpg,0.3897,NO
hpdr579.jpg,0.2744,NO
hpdr58.jpg,0.4695,NO
hpdr582.jpg,0.3903,NO
hpdr580.jpg,0.5270,YES
hpdr583.jpg,0.4522,NO
hpdr584.jpg,0.2365,NO
hpdr585.jpg,0.4834,NO
hpdr586.jpg,0.3958,NO
hpdr588.jpg,0.6366,YES
hpdr59.jpg,0.6993,YES
hpdr587.jpg,0.6181,YES
hpdr590.jpg,0.5099,YES
hpdr591.jpg,0.4419,NO
hpdr592.jpg,0.5599,YES
hpdr594.jpg,0.4992,NO
hpdr593.jpg,0.4961,NO
hpdr595.jpg,0.4782,NO
hpdr596.jpg,0.4094,NO
hpdr597.jpg,0.3334,NO
hpdr598.jpg,0.4583,NO
hpdr599.jpg,0.4259,NO
hpdr60.jpg,0.7256,YES
hpdr6.jpg,0.3638,NO
hpdr601.jpg,0.4124,NO
hpdr600.jpg,0.5803,YES
hpdr603.jpg,0.4915,NO
hpdr605.jpg,0.4096,NO
hpdr604.jpg,0.4617,NO
hpdr606.jpg,0.4712,NO
hpdr608.jpg,0.1867,NO
hpdr61.jpg,0.6636,YES
hpdr609.jpg,0.5031,YES
hpdr611.jpg,0.5276,YES
hpdr612.jpg,0.4439,NO
hpdr614.jpg,0.4218,NO
hpdr615.jpg,0.4400,NO
hpdr610.jpg,0.4267,NO
hpdr616.jpg,0.3312,NO
hpdr617.jpg,0.4997,NO
hpdr619.jpg,0.4254,NO
hpdr620.jpg,0.4592,NO
hpdr621.jpg,0.5361,YES
hpdr618.jpg,0.4802,NO
hpdr623.jpg,0.5111,YES
hpdr624.jpg,0.4736,NO
hpdr625.jpg,0.2197,NO
hpdr626.jpg,0.4813,NO
hpdr627.jpg,0.4859,NO
hpdr629.jpg,0.4169,NO
hpdr632.jpg,0.6877,YES
hpdr633.jpg,0.4741,NO
hpdr634.jpg,0.4828,NO
hpdr635.jpg,0.5118,YES
hpdr636.jpg,0.4842,NO
hpdr637.jpg,0.5012,YES
hpdr638.jpg,0.1561,NO
hpdr639.jpg,0.5505,YES
hpdr640.jpg,0.5416,YES
hpdr642.jpg,0.4505,NO
hpdr641.jpg,0.4014,NO
hpdr644.jpg,0.5047,YES
hpdr645.jpg,0.2430,NO
hpdr643.jpg,0.4841,NO
hpdr646.jpg,0.2352,NO
hpdr649.jpg,0.4742,NO
hpdr647.jpg,0.4829,NO
hpdr650.jpg,0.4131,NO
hpdr652.jpg,0.4183,NO
hpdr653.jpg,0.5443,YES
hpdr654.jpg,0.5956,YES
hpdr656.jpg,0.5401,YES
hpdr657.jpg,0.5469,YES
hpdr655.jpg,0.4070,NO
hpdr658.jpg,0.3755,NO
hpdr659.jpg,0.5195,YES
hpdr660.jpg,0.4518,NO
hpdr661.jpg,0.1602,NO
hpdr66.jpg,0.3557,NO
hpdr662.jpg,0.3592,NO
hpdr666.jpg,0.5029,YES
hpdr664.jpg,0.3741,NO
hpdr665.jpg,0.5913,YES
hpdr668.jpg,0.6648,YES
hpdr670.jpg,0.2522,NO
hpdr671.jpg,0.3404,NO
hpdr673.jpg,0.5042,YES
hpdr674.jpg,0.4711,NO
hpdr675.jpg,0.4150,NO
hpdr672.jpg,0.3987,NO
hpdr677.jpg,0.5006,YES
hpdr676.jpg,0.4840,NO
hpdr678.jpg,0.3160,NO
hpdr679.jpg,0.4872,NO
hpdr680.jpg,0.5739,YES
hpdr681.jpg,0.4870,NO
hpdr682.jpg,0.4601,NO
hpdr683.jpg,0.3495,NO
hpdr684.jpg,0.4865,NO
hpdr685.jpg,0.5338,YES
hpdr686.jpg,0.4329,NO
hpdr687.jpg,0.4362,NO
hpdr688.jpg,0.3073,NO
hpdr689.jpg,0.4321,NO
hpdr69.jpg,0.5323,YES
hpdr690.jpg,0.4968,NO
hpdr691.jpg,0.5310,YES
hpdr693.jpg,0.4121,NO
hpdr694.jpg,0.4842,NO
hpdr692.jpg,0.4889,NO
hpdr695.jpg,0.3117,NO
hpdr697.jpg,0.5789,YES
hpdr698.jpg,0.6799,YES
hpdr7.jpg,0.5345,YES
hpdr699.jpg,0.4850,NO
hpdr700.jpg,0.4716,NO
hpdr701.jpg,0.3783,NO
hpdr703.jpg,0.5289,YES
hpdr704.jpg,0.4926,NO
hpdr702.jpg,0.5291,YES
hpdr705.jpg,0.5045,YES
hpdr706.jpg,0.5035,YES
hpdr709.jpg,0.4260,NO
hpdr708.jpg,0.3278,NO
hpdr707.jpg,0.2843,NO
hpdr710.jpg,0.4809,NO
hpdr711.jpg,0.4989,NO
hpdr713.jpg,0.5466,YES
hpdr712.jpg,0.5558,YES
hpdr714.jpg,0.4652,NO
hpdr715.jpg,0.5127,YES
hpdr716.jpg,0.5310,YES
hpdr718.jpg,0.5406,YES
hpdr72.jpg,0.6638,YES
hpdr717.jpg,0.4138,NO
hpdr720.jpg,0.5987,YES
hpdr721.jpg,0.5395,YES
hpdr722.jpg,0.6070,YES
hpdr723.jpg,0.5395,YES
hpdr724.jpg,0.5358,YES
hpdr725.jpg,0.6119,YES
hpdr727.jpg,0.5954,YES
hpdr729.jpg,0.4516,NO
hpdr728.jpg,0.5114,YES
hpdr73.jpg,0.6121,YES
hpdr730.jpg,0.3987,NO
hpdr732.jpg,0.6167,YES
hpdr733.jpg,0.2185,NO
hpdr731.jpg,0.4965,NO
hpdr734.jpg,0.6653,YES
hpdr735.jpg,0.5845,YES
hpdr736.jpg,0.2932,NO
hpdr739.jpg,0.2996,NO
hpdr737.jpg,0.2834,NO
hpdr74.jpg,0.8429,YES
hpdr740.jpg,0.4464,NO
hpdr741.jpg,0.1261,NO
hpdr742.jpg,0.1495,NO
hpdr743.jpg,0.3207,NO
hpdr744.jpg,0.5037,YES
hpdr745.jpg,0.5104,YES
hpdr747.jpg,0.5335,YES
hpdr748.jpg,0.8270,YES
hpdr749.jpg,0.7877,YES
hpdr75.jpg,0.8576,YES
hpdr746.jpg,0.4849,NO
hpdr750.jpg,0.5842,YES
hpdr752.jpg,0.7295,YES
hpdr753.jpg,0.8060,YES
hpdr751.jpg,0.7186,YES
hpdr754.jpg,0.7492,YES
hpdr755.jpg,0.8707,YES
hpdr756.jpg,0.7963,YES
hpdr76.jpg,0.6154,YES
hpdr759.jpg,0.8674,YES
hpdr760.jpg,0.8177,YES
hpdr761.jpg,0.1850,NO
hpdr764.jpg,0.8098,YES
hpdr766.jpg,0.6546,YES
hpdr765.jpg,0.2657,NO
hpdr763.jpg,0.8673,YES
hpdr767.jpg,0.7559,YES
hpdr768.jpg,0.5538,YES
hpdr769.jpg,0.7483,YES
hpdr77.jpg,0.7692,YES
hpdr770.jpg,0.4483,NO
hpdr772.jpg,0.5242,YES
hpdr771.jpg,0.6714,YES
hpdr774.jpg,0.5822,YES
hpdr773.jpg,0.8231,YES
hpdr775.jpg,0.7780,YES
hpdr776.jpg,0.6925,YES
hpdr777.jpg,0.7078,YES
hpdr778.jpg,0.8116,YES
hpdr78.jpg,0.6518,YES
hpdr780.jpg,0.5400,YES
hpdr782.jpg,0.6849,YES
hpdr783.jpg,0.3458,NO
hpdr784.jpg,0.8598,YES
hpdr786.jpg,0.8385,YES
hpdr788.jpg,0.8191,YES
hpdr79.jpg,0.5183,YES
hpdr789.jpg,0.6377,YES
hpdr790.jpg,0.4842,NO
hpdr791.jpg,0.5429,YES
hpdr792.jpg,0.7216,YES
hpdr794.jpg,0.8089,YES
hpdr795.jpg,0.5078,YES
hpdr793.jpg,0.8478,YES
hpdr796.jpg,0.7032,YES
hpdr797.jpg,0.5566,YES
hpdr798.jpg,0.3628,NO
hpdr799.jpg,0.3421,NO
hpdr80.jpg,0.5328,YES
hpdr800.jpg,0.6615,YES
hpdr8.jpg,0.5790,YES
hpdr802.jpg,0.3503,NO
hpdr803.jpg,0.2728,NO
hpdr804.jpg,0.7586,YES
hpdr801.jpg,0.3821,NO
hpdr805.jpg,0.3775,NO
hpdr806.jpg,0.3937,NO
hpdr807.jpg,0.4631,NO
hpdr809.jpg,0.2952,NO
hpdr810.jpg,0.3193,NO
hpdr811.jpg,0.2887,NO
hpdr808.jpg,0.6902,YES
hpdr813.jpg,0.3712,NO
hpdr812.jpg,0.5279,YES
hpdr814.jpg,0.6012,YES
hpdr815.jpg,0.2730,NO
hpdr817.jpg,0.8380,YES
hpdr818.jpg,0.7277,YES
hpdr819.jpg,0.4635,NO
hpdr820.jpg,0.7824,YES
hpdr82.jpg,0.7344,YES
hpdr821.jpg,0.8161,YES
hpdr822.jpg,0.8794,YES
hpdr823.jpg,0.1757,NO
hpdr824.jpg,0.4671,NO
hpdr825.jpg,0.8937,YES
hpdr826.jpg,0.8135,YES
hpdr827.jpg,0.8681,YES
hpdr828.jpg,0.8885,YES
hpdr829.jpg,0.1779,NO
hpdr830.jpg,0.8486,YES
hpdr838.jpg,0.8822,YES
hpdr837.jpg,0.6382,YES
hpdr84.jpg,0.6078,YES
hpdr840.jpg,0.7736,YES
hpdr841.jpg,0.6333,YES
hpdr842.jpg,0.7779,YES
hpdr845.jpg,0.8494,YES
hpdr844.jpg,0.7616,YES
hpdr847.jpg,0.8357,YES
hpdr846.jpg,0.4407,NO
hpdr848.jpg,0.8918,YES
hpdr849.jpg,0.7930,YES
hpdr850.jpg,0.7746,YES
hpdr851.jpg,0.8610,YES
hpdr852.jpg,0.8424,YES
hpdr854.jpg,0.7383,YES
hpdr856.jpg,0.7104,YES
hpdr858.jpg,0.7763,YES
hpdr857.jpg,0.4669,NO
hpdr859.jpg,0.7471,YES
hpdr853.jpg,0.7624,YES
hpdr862.jpg,0.7124,YES
hpdr863.jpg,0.7065,YES
hpdr865.jpg,0.7680,YES
hpdr860.jpg,0.8217,YES
hpdr866.jpg,0.8261,YES
hpdr867.jpg,0.4484,NO
hpdr868.jpg,0.4158,NO
hpdr869.jpg,0.4326,NO
hpdr87.jpg,0.6742,YES
hpdr870.jpg,0.8825,YES
hpdr871.jpg,0.6475,YES
hpdr873.jpg,0.8708,YES
hpdr874.jpg,0.7219,YES
hpdr875.jpg,0.7258,YES
hpdr872.jpg,0.8938,YES
hpdr876.jpg,0.8961,YES
hpdr878.jpg,0.6454,YES
hpdr877.jpg,0.3706,NO
hpdr880.jpg,0.3982,NO
hpdr881.jpg,0.4756,NO
hpdr882.jpg,0.2732,NO
hpdr883.jpg,0.5214,YES
hpdr884.jpg,0.5550,YES
hpdr885.jpg,0.4738,NO
hpdr886.jpg,0.6157,YES
hpdr887.jpg,0.6143,YES
hpdr888.jpg,0.4517,NO
hpdr889.jpg,0.3908,NO
hpdr89.jpg,0.5544,YES
hpdr891.jpg,0.5202,YES
hpdr892.jpg,0.3173,NO
hpdr893.jpg,0.4228,NO
hpdr894.jpg,0.4332,NO
hpdr896.jpg,0.3913,NO
hpdr897.jpg,0.3572,NO
hpdr898.jpg,0.3472,NO
hpdr899.jpg,0.3114,NO
hpdr9.jpg,0.3945,NO
hpdr90.jpg,0.6314,YES
hpdr902.jpg,0.5067,YES
hpdr903.jpg,0.6793,YES
hpdr904.jpg,0.3125,NO
hpdr905.jpg,0.6139,YES
hpdr900.jpg,0.1285,NO
hpdr906.jpg,0.4443,NO
hpdr908.jpg,0.4025,NO
hpdr91.jpg,0.4958,NO
hpdr909.jpg,0.4533,NO
hpdr910.jpg,0.4539,NO
hpdr915.jpg,0.6572,YES
hpdr913.jpg,0.4612,NO
hpdr917.jpg,0.4451,NO
hpdr918.jpg,0.3705,NO
hpdr916.jpg,0.2825,NO
hpdr919.jpg,0.3788,NO
hpdr922.jpg,0.5928,YES
hpdr923.jpg,0.5144,YES
hpdr92.jpg,0.5377,YES
hpdr924.jpg,0.5251,YES
hpdr925.jpg,0.6444,YES
hpdr926.jpg,0.6950,YES
hpdr928.jpg,0.2282,NO
hpdr929.jpg,0.6801,YES
hpdr93.jpg,0.5800,YES
hpdr930.jpg,0.4448,NO
hpdr932.jpg,0.7023,YES
hpdr935.jpg,0.5369,YES
hpdr939.jpg,0.5695,YES
hpdr931.jpg,0.7486,YES
hpdr94.jpg,0.5992,YES
hpdr940.jpg,0.6146,YES
hpdr942.jpg,0.4030,NO
hpdr943.jpg,0.4968,NO
hpdr944.jpg,0.4382,NO
hpdr945.jpg,0.6048,YES
hpdr946.jpg,0.5383,YES
hpdr948.jpg,0.3773,NO
hpdr95.jpg,0.5506,YES
hpdr949.jpg,0.1704,NO
hpdr951.jpg,0.4103,NO
hpdr950.jpg,0.4773,NO
hpdr952.jpg,0.4957,NO
hpdr953.jpg,0.5334,YES
hpdr954.jpg,0.5579,YES
hpdr955.jpg,0.4549,NO
hpdr956.jpg,0.2836,NO
hpdr958.jpg,0.4615,NO
hpdr96.jpg,0.5423,YES
hpdr957.jpg,0.5394,YES
hpdr960.jpg,0.5221,YES
hpdr962.jpg,0.4672,NO
hpdr963.jpg,0.4687,NO
hpdr964.jpg,0.4947,NO
hpdr965.jpg,0.5211,YES
hpdr966.jpg,0.6007,YES
hpdr967.jpg,0.4931,NO
hpdr969.jpg,0.4797,NO
hpdr970.jpg,0.4361,NO
hpdr971.jpg,0.5144,YES
hpdr968.jpg,0.5007,YES
hpdr973.jpg,0.3166,NO
hpdr974.jpg,0.5497,YES
hpdr972.jpg,0.4934,NO
hpdr975.jpg,0.5541,YES
hpdr976.jpg,0.5418,YES
hpdr977.jpg,0.5584,YES
hpdr978.jpg,0.5471,YES
hpdr979.jpg,0.4618,NO
hpdr98.jpg,0.2614,NO
hpdr980.jpg,0.5617,YES
hpdr982.jpg,0.5454,YES
hpdr983.jpg,0.3122,NO
hpdr984.jpg,0.5178,YES
hpdr985.jpg,0.4920,NO
hpdr981.jpg,0.5228,YES
hpdr986.jpg,0.2324,NO
hpdr987.jpg,0.4878,NO
hpdr988.jpg,0.3691,NO
hpdr990.jpg,0.1992,NO
hpdr991.jpg,0.4876,NO
hpdr992.jpg,0.6499,YES
hpdr993.jpg,0.5134,YES
hptm01.jpg,0.5808,YES
hptm03.jpg,0.6071,YES
hptm1000.jpg,0.4729,NO
hptm1001.jpg,0.6349,YES
hptm1002.jpg,0.1503,NO
hptm1003.jpg,0.4938,NO
hptm1004.jpg,0.5872,YES
hptm1005.jpg,0.5600,YES
hptm1006.jpg,0.6449,YES
hptm1010.jpg,0.5596,YES
hptm1008.jpg,0.5581,YES
hptm1007.jpg,0.5914,YES
hptm1012.jpg,0.6286,YES
hptm1011.jpg,0.6207,YES
hptm1013.jpg,0.4519,NO
hptm1014.jpg,0.6463,YES
hptm1015.jpg,0.4052,NO
hptm1016.jpg,0.6782,YES
hptm1018.jpg,0.6817,YES
hptm1020.jpg,0.4289,NO
hptm1021.jpg,0.5365,YES
hptm1019.jpg,0.5784,YES
hptm1022.jpg,0.5993,YES
hptm1023.jpg,0.5135,YES
hptm1027.jpg,0.5099,YES
hptm1028.jpg,0.5229,YES
hptm1029.jpg,0.5339,YES
hptm1030.jpg,0.7110,YES
hptm1026.jpg,0.5576,YES
hptm1032.jpg,0.4998,NO
hptm1033.jpg,0.4821,NO
hptm1031.jpg,0.5595,YES
hptm1034.jpg,0.4124,NO
hptm1035.jpg,0.4148,NO
hptm1037.jpg,0.5952,YES
hptm1038.jpg,0.4271,NO
hptm104.jpg,0.3511,NO
hptm1040.jpg,0.5347,YES
hptm1039.jpg,0.3940,NO
hptm1041.jpg,0.5891,YES
hptm1042.jpg,0.4933,NO
hptm1043.jpg,0.5812,YES
hptm1044.jpg,0.1737,NO
hptm1045.jpg,0.2037,NO
hptm1047.jpg,0.5974,YES
hptm1046.jpg,0.4813,NO
hptm1048.jpg,0.5976,YES
hptm105.jpg,0.5097,YES
hptm1050.jpg,0.1861,NO
hptm1051.jpg,0.5700,YES
hptm1052.jpg,0.5147,YES
hptm1053.jpg,0.2416,NO
hptm1054.jpg,0.5020,YES
hptm1055.jpg,0.5074,YES
hptm1056.jpg,0.5663,YES
hptm1058.jpg,0.5679,YES
hptm1057.jpg,0.3938,NO
hptm1059.jpg,0.5431,YES
hptm1060.jpg,0.4699,NO
hptm1061.jpg,0.5136,YES
hptm1062.jpg,0.5864,YES
hptm1063.jpg,0.5294,YES
hptm1064.jpg,0.5998,YES
hptm1065.jpg,0.5799,YES
hptm1069.jpg,0.5711,YES
hptm1070.jpg,0.6012,YES
hptm107.jpg,0.4954,NO
hptm1068.jpg,0.5139,YES
hptm1072.jpg,0.5717,YES
hptm1073.jpg,0.5089,YES
hptm1075.jpg,0.4633,NO
hptm1074.jpg,0.4962,NO
hptm1076.jpg,0.1583,NO
hptm1079.jpg,0.4715,NO
hptm1078.jpg,0.5690,YES
hptm1081.jpg,0.5730,YES
hptm1080.jpg,0.5585,YES
hptm1082.jpg,0.4179,NO
hptm1083.jpg,0.5603,YES
hptm1086.jpg,0.4761,NO
hptm1085.jpg,0.6065,YES
hptm1087.jpg,0.6068,YES
hptm1084.jpg,0.4808,NO
hptm1090.jpg,0.5003,YES
hptm1092.jpg,0.5687,YES
hptm1091.jpg,0.5338,YES
hptm1094.jpg,0.4807,NO
hptm1095.jpg,0.4901,NO
hptm1096.jpg,0.1919,NO
hptm1098.jpg,0.5223,YES
hptm1100.jpg,0.5541,YES
hptm1101.jpg,0.5443,YES
hptm1099.jpg,0.5557,YES
hptm1102.jpg,0.4957,NO
hptm1103.jpg,0.4847,NO
hptm1105.jpg,0.4794,NO
hptm1104.jpg,0.5345,YES
hptm1106.jpg,0.4421,NO
hptm1109.jpg,0.4835,NO
hptm1108.jpg,0.1396,NO
hptm1110.jpg,0.4920,NO
hptm1112.jpg,0.5846,YES
hptm1113.jpg,0.5606,YES
hptm1115.jpg,0.6397,YES
hptm1114.jpg,0.5588,YES
hptm1116.jpg,0.4938,NO
hptm1118.jpg,0.4443,NO
hptm1117.jpg,0.4092,NO
hptm1119.jpg,0.5432,YES
hptm1121.jpg,0.5788,YES
hptm1122.jpg,0.6192,YES
hptm1123.jpg,0.5283,YES
hptm1120.jpg,0.5740,YES
hptm1124.jpg,0.6207,YES
hptm1125.jpg,0.6897,YES
hptm1126.jpg,0.2172,NO
hptm1129.jpg,0.6881,YES
hptm1127.jpg,0.7019,YES
hptm1130.jpg,0.6990,YES
hptm1131.jpg,0.6280,YES
hptm1134.jpg,0.5674,YES
hptm1132.jpg,0.4496,NO
hptm1135.jpg,0.5807,YES
hptm1136.jpg,0.4571,NO
hptm1137.jpg,0.4836,NO
hptm1141.jpg,0.6657,YES
hptm1142.jpg,0.6728,YES
hptm1143.jpg,0.4901,NO
hptm1139.jpg,0.2501,NO
hptm1145.jpg,0.5770,YES
hptm1146.jpg,0.5755,YES
hptm1144.jpg,0.6405,YES
hptm1147.jpg,0.4286,NO
hptm1149.jpg,0.6490,YES
hptm1150.jpg,0.5699,YES
hptm1151.jpg,0.1797,NO
hptm1153.jpg,0.5455,YES
hptm1154.jpg,0.4605,NO
hptm1152.jpg,0.4396,NO
hptm1155.jpg,0.6828,YES
hptm1156.jpg,0.3750,NO
hptm1157.jpg,0.5007,YES
hptm1158.jpg,0.5541,YES
hptm1159.jpg,0.3556,NO
hptm1160.jpg,0.4799,NO
hptm1161.jpg,0.3464,NO
hptm1162.jpg,0.3965,NO
hptm1164.jpg,0.5033,YES
hptm1165.jpg,0.4589,NO
hptm1166.jpg,0.5532,YES
hptm1167.jpg,0.4706,NO
hptm1168.jpg,0.4852,NO
hptm1169.jpg,0.3263,NO
hptm1170.jpg,0.3602,NO
hptm1171.jpg,0.4693,NO
hptm1175.jpg,0.3885,NO
hptm1173.jpg,0.5191,YES
hptm1176.jpg,0.3283,NO
hptm1177.jpg,0.3612,NO
hptm1178.jpg,0.3738,NO
hptm1179.jpg,0.4431,NO
hptm1180.jpg,0.5311,YES
hptm1184.jpg,0.4643,NO
hptm1181.jpg,0.4155,NO
hptm1186.jpg,0.4705,NO
hptm1185.jpg,0.4665,NO
hptm1187.jpg,0.6399,YES
hptm1188.jpg,0.3866,NO
hptm1189.jpg,0.2232,NO
hptm1190.jpg,0.4372,NO
hptm1191.jpg,0.4314,NO
hptm1193.jpg,0.4639,NO
hptm1196.jpg,0.4906,NO
hptm1192.jpg,0.5114,YES
hptm1197.jpg,0.6020,YES
hptm1194.jpg,0.4386,NO
hptm1199.jpg,0.5800,YES
hptm1198.jpg,0.1917,NO
hptm1200.jpg,0.4727,NO
hptm1201.jpg,0.4195,NO
hptm1203.jpg,0.5600,YES
hptm1205.jpg,0.4303,NO
hptm1208.jpg,0.5374,YES
hptm1204.jpg,0.5630,YES
hptm1207.jpg,0.6136,YES
hptm1206.jpg,0.5983,YES
hptm1209.jpg,0.5036,YES
hptm1212.jpg,0.4900,NO
hptm1223.jpg,0.6203,YES
hptm1224.jpg,0.3987,NO
hptm1225.jpg,0.5212,YES
hptm1228.jpg,0.3141,NO
hptm1226.jpg,0.5932,YES
hptm1229.jpg,0.4777,NO
hptm1230.jpg,0.4299,NO
hptm1231.jpg,0.5319,YES
hptm1233.jpg,0.5527,YES
hptm1234.jpg,0.4579,NO
hptm1235.jpg,0.1387,NO
hptm1236.jpg,0.6597,YES
hptm1237.jpg,0.4681,NO
hptm1239.jpg,0.5975,YES
hptm1238.jpg,0.5035,YES
hptm1240.jpg,0.6008,YES
hptm1241.jpg,0.6528,YES
hptm1242.jpg,0.5939,YES
hptm1243.jpg,0.7131,YES
hptm1245.jpg,0.5444,YES
hptm1247.jpg,0.6867,YES
hptm1246.jpg,0.4266,NO
hptm1249.jpg,0.5478,YES
hptm1250.jpg,0.4029,NO
hptm1251.jpg,0.4469,NO
hptm1252.jpg,0.4872,NO
hptm1253.jpg,0.4673,NO
hptm1254.jpg,0.5621,YES
hptm1255.jpg,0.5553,YES
hptm1258.jpg,0.5624,YES
hptm1256.jpg,0.5612,YES
hptm1259.jpg,0.4967,NO
hptm1260.jpg,0.2276,NO
hptm1257.jpg,0.5551,YES
hptm1261.jpg,0.5473,YES
hptm1262.jpg,0.5504,YES
hptm1263.jpg,0.5436,YES
hptm1264.jpg,0.5982,YES
hptm1267.jpg,0.4794,NO
hptm1268.jpg,0.5377,YES
hptm1265.jpg,0.5080,YES
hptm1270.jpg,0.4317,NO
hptm1271.jpg,0.4985,NO
hptm1269.jpg,0.4959,NO
hptm1273.jpg,0.3970,NO
hptm1274.jpg,0.5760,YES
hptm1276.jpg,0.5742,YES
hptm1275.jpg,0.5199,YES
hptm1278.jpg,0.2426,NO
hptm1280.jpg,0.5700,YES
hptm1277.jpg,0.5315,YES
hptm1281.jpg,0.6438,YES
hptm1282.jpg,0.5985,YES
hptm1283.jpg,0.5807,YES
hptm1285.jpg,0.6062,YES
hptm1284.jpg,0.4107,NO
hptm1287.jpg,0.5623,YES
hptm1286.jpg,0.3646,NO
hptm1288.jpg,0.6167,YES
hptm1290.jpg,0.5904,YES
hptm1289.jpg,0.5222,YES
hptm1291.jpg,0.4964,NO
hptm1292.jpg,0.5279,YES
hptm1293.jpg,0.6682,YES
hptm1295.jpg,0.5546,YES
hptm1294.jpg,0.4079,NO
hptm1297.jpg,0.5504,YES
hptm1296.jpg,0.6261,YES
hptm1299.jpg,0.4866,NO
hptm1298.jpg,0.5297,YES
hptm1300.jpg,0.5861,YES
hptm1301.jpg,0.6268,YES
hptm1302.jpg,0.5501,YES
hptm1303.jpg,0.4876,NO
hptm1304.jpg,0.6230,YES
hptm1306.jpg,0.5737,YES
hptm1305.jpg,0.6432,YES
hptm1308.jpg,0.5152,YES
hptm1307.jpg,0.5135,YES
hptm1309.jpg,0.5056,YES
hptm1310.jpg,0.3822,NO
hptm1311.jpg,0.5383,YES
hptm1313.jpg,0.4720,NO
hptm1315.jpg,0.5311,YES
hptm1317.jpg,0.5345,YES
hptm1319.jpg,0.5852,YES
hptm1316.jpg,0.6176,YES
hptm1320.jpg,0.5498,YES
hptm1321.jpg,0.5685,YES
hptm1318.jpg,0.5187,YES
hptm1322.jpg,0.3950,NO
hptm1323.jpg,0.5311,YES
hptm1325.jpg,0.5416,YES
hptm1326.jpg,0.5646,YES
hptm1328.jpg,0.5267,YES
hptm1329.jpg,0.4168,NO
hptm1327.jpg,0.4937,NO
hptm1331.jpg,0.4222,NO
hptm1330.jpg,0.4986,NO
hptm1333.jpg,0.5550,YES
hptm1334.jpg,0.5943,YES
hptm1335.jpg,0.6112,YES
hptm1337.jpg,0.5967,YES
hptm1338.jpg,0.5306,YES
hptm1340.jpg,0.6504,YES
hptm1339.jpg,0.4930,NO
hptm1342.jpg,0.6354,YES
hptm1341.jpg,0.5602,YES
hptm1345.jpg,0.6488,YES
hptm1346.jpg,0.5914,YES
hptm1347.jpg,0.6008,YES
hptm1348.jpg,0.4339,NO
hptm1349.jpg,0.4789,NO
hptm1351.jpg,0.6238,YES
hptm1350.jpg,0.6437,YES
hptm1352.jpg,0.5628,YES
hptm1353.jpg,0.5299,YES
hptm1354.jpg,0.5410,YES
hptm1355.jpg,0.5392,YES
hptm1356.jpg,0.5603,YES
hptm1357.jpg,0.6567,YES
hptm1358.jpg,0.5761,YES
hptm1359.jpg,0.6108,YES
hptm1363.jpg,0.3534,NO
hptm1364.jpg,0.5315,YES
hptm1360.jpg,0.4370,NO
hptm1365.jpg,0.3915,NO
hptm1366.jpg,0.5518,YES
hptm1368.jpg,0.6555,YES
hptm1369.jpg,0.4873,NO
hptm1371.jpg,0.4116,NO
hptm1372.jpg,0.3442,NO
hptm1370.jpg,0.1454,NO
hptm1374.jpg,0.5227,YES
hptm1375.jpg,0.6032,YES
hptm1373.jpg,0.4647,NO
hptm1376.jpg,0.3247,NO
hptm1377.jpg,0.3695,NO
hptm1378.jpg,0.5903,YES
hptm1380.jpg,0.4322,NO
hptm1382.jpg,0.4223,NO
hptm1383.jpg,0.6464,YES
hptm1381.jpg,0.4657,NO
hptm1386.jpg,0.5090,YES
hptm1384.jpg,0.6654,YES
hptm1387.jpg,0.1446,NO
hptm1388.jpg,0.5167,YES
hptm1389.jpg,0.4265,NO
hptm1390.jpg,0.5890,YES
hptm1391.jpg,0.6622,YES
hptm1394.jpg,0.6038,YES
hptm1392.jpg,0.5529,YES
hptm1395.jpg,0.6534,YES
hptm1396.jpg,0.4008,NO
hptm1397.jpg,0.5507,YES
hptm1398.jpg,0.4850,NO
hptm1399.jpg,0.5636,YES
hptm1400.jpg,0.5668,YES
hptm1401.jpg,0.5714,YES
hptm1405.jpg,0.4723,NO
hptm1402.jpg,0.5102,YES
hptm1404.jpg,0.4614,NO
hptm1406.jpg,0.4138,NO
hptm1407.jpg,0.3923,NO
hptm1408.jpg,0.4489,NO
hptm1410.jpg,0.1981,NO
hptm1409.jpg,0.3932,NO
hptm1411.jpg,0.5065,YES
hptm1413.jpg,0.1756,NO
hptm1414.jpg,0.5027,YES
hptm1415.jpg,0.5303,YES
hptm1416.jpg,0.4640,NO
hptm1417.jpg,0.5838,YES
hptm1418.jpg,0.6021,YES
hptm1419.jpg,0.5922,YES
hptm1420.jpg,0.6060,YES
hptm1421.jpg,0.5256,YES
hptm1422.jpg,0.5966,YES
hptm1423.jpg,0.6032,YES
hptm1426.jpg,0.5867,YES
hptm1424.jpg,0.2098,NO
hptm1427.jpg,0.6064,YES
hptm1428.jpg,0.5923,YES
hptm1429.jpg,0.5527,YES
hptm1430.jpg,0.6188,YES
hptm1432.jpg,0.5850,YES
hptm1431.jpg,0.4831,NO
hptm1433.jpg,0.4593,NO
hptm1434.jpg,0.4987,NO
hptm1435.jpg,0.4768,NO
hptm1436.jpg,0.5015,YES
hptm1437.jpg,0.5821,YES
hptm1439.jpg,0.5564,YES
hptm1438.jpg,0.5842,YES
hptm1443.jpg,0.4862,NO
hptm1441.jpg,0.4120,NO
hptm1444.jpg,0.6186,YES
hptm1440.jpg,0.5370,YES
hptm1445.jpg,0.6513,YES
hptm1446.jpg,0.5193,YES
hptm1447.jpg,0.5441,YES
hptm1450.jpg,0.1849,NO
hptm1449.jpg,0.4750,NO
hptm1451.jpg,0.4924,NO
hptm1448.jpg,0.6166,YES
hptm1454.jpg,0.4331,NO
hptm1452.jpg,0.4320,NO
hptm1455.jpg,0.6754,YES
hptm1456.jpg,0.2167,NO
hptm1457.jpg,0.5057,YES
hptm1458.jpg,0.3980,NO
hptm1460.jpg,0.5376,YES
hptm1461.jpg,0.5710,YES
hptm1462.jpg,0.5245,YES
hptm1465.jpg,0.5708,YES
hptm1464.jpg,0.4966,NO
hptm1466.jpg,0.4937,NO
hptm1467.jpg,0.6157,YES
hptm1468.jpg,0.5515,YES
hptm1469.jpg,0.5985,YES
hptm1471.jpg,0.5255,YES
hptm1470.jpg,0.5766,YES
hptm1472.jpg,0.5307,YES
hptm1473.jpg,0.5217,YES
hptm1474.jpg,0.5698,YES
hptm1476.jpg,0.5762,YES
hptm1475.jpg,0.4047,NO
hptm1477.jpg,0.5357,YES
hptm1478.jpg,0.5626,YES
hptm148.jpg,0.5416,YES
hptm1479.jpg,0.5243,YES
hptm1480.jpg,0.5241,YES
hptm1482.jpg,0.6589,YES
hptm1483.jpg,0.5913,YES
hptm1484.jpg,0.5973,YES
hptm1485.jpg,0.5604,YES
hptm1486.jpg,0.4991,NO
hptm1487.jpg,0.5406,YES
hptm1488.jpg,0.4902,NO
hptm1489.jpg,0.5077,YES
hptm1491.jpg,0.5476,YES
hptm1492.jpg,0.5426,YES
hptm1493.jpg,0.6009,YES
hptm1490.jpg,0.5593,YES
hptm1494.jpg,0.5297,YES
hptm1496.jpg,0.6052,YES
hptm1497.jpg,0.5897,YES
hptm1500.jpg,0.4957,NO
hptm1501.jpg,0.3838,NO
hptm1502.jpg,0.1910,NO
hptm1503.jpg,0.4730,NO
hptm1498.jpg,0.6282,YES
hptm1504.jpg,0.6058,YES
hptm1505.jpg,0.5473,YES
hptm1507.jpg,0.5607,YES
hptm1506.jpg,0.4467,NO
hptm1508.jpg,0.6155,YES
hptm1509.jpg,0.5772,YES
hptm1510.jpg,0.6452,YES
hptm1512.jpg,0.5098,YES
hptm1513.jpg,0.6298,YES
hptm1511.jpg,0.5303,YES
hptm1514.jpg,0.6094,YES
hptm1516.jpg,0.5832,YES
hptm1517.jpg,0.6210,YES
hptm1518.jpg,0.5886,YES
hptm1515.jpg,0.6197,YES
hptm1519.jpg,0.3570,NO
hptm152.jpg,0.6162,YES
hptm1520.jpg,0.6360,YES
hptm1522.jpg,0.5970,YES
hptm1523.jpg,0.5167,YES
hptm1524.jpg,0.5193,YES
hptm1526.jpg,0.6031,YES
hptm1528.jpg,0.6085,YES
hptm1521.jpg,0.6113,YES
hptm1525.jpg,0.5853,YES
hptm153.jpg,0.5160,YES
hptm1530.jpg,0.7110,YES
hptm1531.jpg,0.6889,YES
hptm1532.jpg,0.6778,YES
hptm1533.jpg,0.6471,YES
hptm1534.jpg,0.4944,NO
hptm1536.jpg,0.6089,YES
hptm1537.jpg,0.5506,YES
hptm1539.jpg,0.1448,NO
hptm1541.jpg,0.5546,YES
hptm1540.jpg,0.5923,YES
hptm1542.jpg,0.6433,YES
hptm1543.jpg,0.5904,YES
hptm1544.jpg,0.4202,NO
hptm1545.jpg,0.4715,NO
hptm1546.jpg,0.6204,YES
hptm1548.jpg,0.5685,YES
hptm155.jpg,0.5825,YES
hptm1549.jpg,0.6245,YES
hptm1547.jpg,0.6655,YES
hptm1550.jpg,0.5824,YES
hptm1552.jpg,0.5484,YES
hptm1553.jpg,0.4062,NO
hptm1555.jpg,0.5823,YES
hptm1556.jpg,0.6404,YES
hptm1557.jpg,0.4876,NO
hptm1554.jpg,0.5786,YES
hptm1559.jpg,0.4998,NO
hptm1560.jpg,0.1508,NO
hptm1558.jpg,0.5164,YES
hptm1561.jpg,0.6423,YES
hptm1562.jpg,0.4975,NO
hptm1563.jpg,0.5912,YES
hptm1564.jpg,0.5854,YES
hptm1567.jpg,0.5272,YES
hptm1566.jpg,0.6041,YES
hptm1569.jpg,0.5290,YES
hptm1565.jpg,0.5795,YES
hptm1568.jpg,0.5080,YES
hptm1571.jpg,0.5615,YES
hptm1572.jpg,0.6522,YES
hptm1570.jpg,0.5751,YES
hptm1573.jpg,0.4518,NO
hptm1574.jpg,0.5581,YES
hptm1575.jpg,0.5739,YES
hptm1577.jpg,0.6155,YES
hptm1578.jpg,0.6395,YES
hptm1579.jpg,0.5054,YES
hptm1580.jpg,0.6129,YES
hptm1581.jpg,0.5208,YES
hptm1582.jpg,0.5452,YES
hptm1583.jpg,0.4032,NO
hptm1584.jpg,0.6110,YES
hptm1585.jpg,0.5635,YES
hptm1586.jpg,0.4420,NO
hptm1587.jpg,0.5586,YES
hptm1589.jpg,0.5929,YES
hptm1588.jpg,0.5187,YES
hptm1590.jpg,0.5733,YES
hptm1591.jpg,0.6161,YES
hptm1592.jpg,0.1361,NO
hptm1593.jpg,0.6065,YES
hptm1595.jpg,0.6945,YES
hptm1594.jpg,0.6753,YES
hptm1596.jpg,0.7145,YES
hptm1598.jpg,0.6685,YES
hptm1599.jpg,0.6203,YES
hptm1600.jpg,0.5537,YES
hptm1601.jpg,0.4941,NO
hptm1603.jpg,0.5567,YES
hptm1605.jpg,0.5917,YES
hptm1606.jpg,0.5264,YES
hptm1602.jpg,0.5560,YES
hptm1607.jpg,0.4842,NO
hptm1604.jpg,0.5541,YES
hptm1608.jpg,0.5733,YES
hptm1610.jpg,0.4822,NO
hptm1611.jpg,0.7682,YES
hptm1612.jpg,0.5461,YES
hptm1613.jpg,0.0931,NO
hptm1615.jpg,0.2299,NO
hptm1614.jpg,0.6691,YES
hptm1617.jpg,0.7029,YES
hptm1618.jpg,0.2124,NO
hptm1616.jpg,0.6697,YES
hptm1619.jpg,0.3275,NO
hptm1620.jpg,0.6530,YES
hptm1621.jpg,0.6051,YES
hptm1622.jpg,0.5810,YES
hptm1624.jpg,0.6654,YES
hptm1625.jpg,0.2415,NO
hptm1623.jpg,0.5030,YES
hptm1626.jpg,0.7666,YES
hptm1627.jpg,0.7117,YES
hptm1628.jpg,0.2525,NO
hptm1629.jpg,0.7295,YES
hptm1630.jpg,0.6823,YES
hptm1631.jpg,0.7428,YES
hptm1632.jpg,0.7475,YES
hptm1634.jpg,0.6279,YES
hptm1635.jpg,0.7166,YES
hptm1633.jpg,0.6810,YES
hptm1636.jpg,0.7693,YES
hptm1638.jpg,0.7675,YES
hptm1637.jpg,0.7365,YES
hptm1639.jpg,0.7509,YES
hptm164.jpg,0.6642,YES
hptm1641.jpg,0.7747,YES
hptm1640.jpg,0.7556,YES
hptm1646.jpg,0.6032,YES
hptm1647.jpg,0.5766,YES
hptm1645.jpg,0.5920,YES
hptm1648.jpg,0.5440,YES
hptm1649.jpg,0.4688,NO
hptm1651.jpg,0.3479,NO
hptm1652.jpg,0.4397,NO
hptm1654.jpg,0.5696,YES
hptm1653.jpg,0.5049,YES
hptm1655.jpg,0.5222,YES
hptm1657.jpg,0.5708,YES
hptm1658.jpg,0.5649,YES
hptm166.jpg,0.6734,YES
hptm1656.jpg,0.6122,YES
hptm1660.jpg,0.2746,NO
hptm1661.jpg,0.5818,YES
hptm1663.jpg,0.6198,YES
hptm1664.jpg,0.6050,YES
hptm1665.jpg,0.5378,YES
hptm1662.jpg,0.6277,YES
hptm1666.jpg,0.6465,YES
hptm1667.jpg,0.5508,YES
hptm1668.jpg,0.5518,YES
hptm1669.jpg,0.5478,YES
hptm1670.jpg,0.5595,YES
hptm1671.jpg,0.5533,YES
hptm1672.jpg,0.6593,YES
hptm1674.jpg,0.6841,YES
hptm1673.jpg,0.7386,YES
hptm1676.jpg,0.6976,YES
hptm1675.jpg,0.7366,YES
hptm1678.jpg,0.7061,YES
hptm1677.jpg,0.7354,YES
hptm1680.jpg,0.5582,YES
hptm1681.jpg,0.5722,YES
hptm1682.jpg,0.5765,YES
hptm1684.jpg,0.6068,YES
hptm1683.jpg,0.4275,NO
hptm1687.jpg,0.5685,YES
hptm1686.jpg,0.4721,NO
hptm1685.jpg,0.4274,NO
hptm1688.jpg,0.4774,NO
hptm1689.jpg,0.5557,YES
hptm1690.jpg,0.4084,NO
hptm1691.jpg,0.5530,YES
hptm1696.jpg,0.5285,YES
hptm1697.jpg,0.6022,YES
hptm1694.jpg,0.5827,YES
hptm1699.jpg,0.5197,YES
hptm1700.jpg,0.5939,YES
hptm1698.jpg,0.6481,YES
hptm1701.jpg,0.5548,YES
hptm1702.jpg,0.5222,YES
hptm1703.jpg,0.2370,NO
hptm1704.jpg,0.5913,YES
hptm1706.jpg,0.5766,YES
hptm1707.jpg,0.5218,YES
hptm1709.jpg,0.4938,NO
hptm1705.jpg,0.5244,YES
hptm1708.jpg,0.5980,YES
hptm1710.jpg,0.6037,YES
hptm1711.jpg,0.6491,YES
hptm1712.jpg,0.6294,YES
hptm1714.jpg,0.6670,YES
hptm1713.jpg,0.4609,NO
hptm1715.jpg,0.1325,NO
hptm1716.jpg,0.1343,NO
hptm1717.jpg,0.6767,YES
hptm1718.jpg,0.5495,YES
hptm1719.jpg,0.5835,YES
hptm1720.jpg,0.6334,YES
hptm1721.jpg,0.5770,YES
hptm1724.jpg,0.6128,YES
hptm1722.jpg,0.6444,YES
hptm1725.jpg,0.6976,YES
hptm1727.jpg,0.1342,NO
hptm1726.jpg,0.7354,YES
hptm1728.jpg,0.6922,YES
hptm1729.jpg,0.7025,YES
hptm1730.jpg,0.7022,YES
hptm1731.jpg,0.6279,YES
hptm1732.jpg,0.6409,YES
hptm1734.jpg,0.1259,NO
hptm1733.jpg,0.6503,YES
hptm1737.jpg,0.6319,YES
hptm1738.jpg,0.4880,NO
hptm1735.jpg,0.6060,YES
hptm1739.jpg,0.6283,YES
hptm1740.jpg,0.6019,YES
hptm1742.jpg,0.5331,YES
hptm1743.jpg,0.6175,YES
hptm1745.jpg,0.6390,YES
hptm1746.jpg,0.6667,YES
hptm1744.jpg,0.6569,YES
hptm1747.jpg,0.6388,YES
hptm1748.jpg,0.6902,YES
hptm1749.jpg,0.6828,YES
hptm1750.jpg,0.6525,YES
hptm1751.jpg,0.6919,YES
hptm1752.jpg,0.6924,YES
hptm1754.jpg,0.6786,YES
hptm1755.jpg,0.6696,YES
hptm1757.jpg,0.6348,YES
hptm1758.jpg,0.6822,YES
hptm1759.jpg,0.6456,YES
hptm1756.jpg,0.6954,YES
hptm176.jpg,0.5371,YES
hptm1760.jpg,0.7018,YES
hptm1761.jpg,0.6474,YES
hptm1763.jpg,0.7144,YES
hptm1764.jpg,0.6939,YES
hptm1765.jpg,0.6925,YES
hptm1762.jpg,0.7534,YES
hptm1766.jpg,0.6397,YES
hptm1767.jpg,0.5247,YES
hptm1769.jpg,0.4924,NO
hptm1768.jpg,0.4931,NO
hptm1771.jpg,0.3985,NO
hptm1773.jpg,0.5479,YES
hptm1774.jpg,0.5210,YES
hptm1775.jpg,0.4726,NO
hptm1777.jpg,0.5623,YES
hptm1776.jpg,0.6173,YES
hptm1778.jpg,0.5456,YES
hptm1779.jpg,0.4633,NO
hptm1782.jpg,0.5327,YES
hptm1781.jpg,0.5343,YES
hptm1780.jpg,0.5331,YES
hptm1784.jpg,0.6351,YES
hptm1783.jpg,0.6130,YES
hptm1786.jpg,0.6203,YES
hptm1785.jpg,0.6528,YES
hptm1787.jpg,0.6583,YES
hptm1789.jpg,0.6203,YES
hptm179.jpg,0.2090,NO
hptm1788.jpg,0.5381,YES
hptm1790.jpg,0.6475,YES
hptm1792.jpg,0.5562,YES
hptm1791.jpg,0.5113,YES
hptm1794.jpg,0.5931,YES
hptm1793.jpg,0.6255,YES
hptm1795.jpg,0.6845,YES
hptm1796.jpg,0.1398,NO
hptm1797.jpg,0.6086,YES
hptm1798.jpg,0.5435,YES
hptm1799.jpg,0.4964,NO
hptm180.jpg,0.4517,NO
hptm18.jpg,0.5771,YES
hptm1801.jpg,0.5090,YES
hptm1800.jpg,0.4339,NO
hptm1804.jpg,0.5506,YES
hptm1802.jpg,0.5715,YES
hptm1805.jpg,0.4432,NO
hptm1806.jpg,0.4111,NO
hptm1807.jpg,0.4155,NO
hptm1809.jpg,0.2493,NO
hptm1808.jpg,0.4095,NO
hptm1811.jpg,0.5826,YES
hptm1812.jpg,0.6488,YES
hptm1810.jpg,0.5443,YES
hptm1813.jpg,0.5606,YES
hptm1814.jpg,0.6255,YES
hptm1815.jpg,0.6334,YES
hptm1816.jpg,0.5904,YES
hptm1819.jpg,0.4027,NO
hptm1818.jpg,0.7005,YES
hptm1817.jpg,0.6330,YES
hptm1821.jpg,0.2989,NO
hptm1820.jpg,0.6750,YES
hptm1822.jpg,0.5515,YES
hptm1823.jpg,0.3384,NO
hptm1824.jpg,0.4368,NO
hptm1826.jpg,0.5530,YES
hptm1825.jpg,0.6232,YES
hptm1827.jpg,0.5482,YES
hptm1828.jpg,0.6615,YES
hptm1830.jpg,0.5782,YES
hptm1829.jpg,0.5956,YES
hptm1831.jpg,0.1731,NO
hptm1832.jpg,0.5946,YES
hptm1833.jpg,0.5933,YES
hptm1834.jpg,0.6711,YES
hptm1836.jpg,0.6320,YES
hptm1838.jpg,0.6174,YES
hptm1835.jpg,0.6322,YES
hptm1840.jpg,0.1302,NO
hptm1839.jpg,0.6026,YES
hptm1841.jpg,0.6222,YES
hptm1842.jpg,0.4055,NO
hptm1843.jpg,0.5810,YES
hptm1844.jpg,0.6832,YES
hptm1845.jpg,0.6475,YES
hptm1848.jpg,0.6003,YES
hptm1847.jpg,0.6121,YES
hptm1849.jpg,0.5303,YES
hptm1850.jpg,0.4731,NO
hptm1851.jpg,0.4001,NO
hptm1852.jpg,0.5003,YES
hptm1853.jpg,0.5465,YES
hptm1855.jpg,0.7079,YES
hptm1856.jpg,0.6203,YES
hptm1857.jpg,0.5669,YES
hptm1860.jpg,0.6637,YES
hptm1861.jpg,0.6769,YES
hptm1858.jpg,0.6833,YES
hptm1862.jpg,0.2683,NO
hptm1863.jpg,0.6626,YES
hptm1864.jpg,0.6874,YES
hptm1865.jpg,0.6484,YES
hptm1868.jpg,0.6227,YES
hptm1867.jpg,0.1723,NO
hptm1869.jpg,0.6178,YES
hptm1873.jpg,0.6685,YES
hptm1870.jpg,0.5789,YES
hptm1875.jpg,0.6188,YES
hptm1876.jpg,0.5673,YES
hptm1877.jpg,0.6802,YES
hptm1878.jpg,0.6723,YES
hptm1880.jpg,0.6731,YES
hptm1881.jpg,0.6862,YES
hptm1879.jpg,0.6600,YES
hptm1883.jpg,0.6455,YES
hptm1884.jpg,0.6040,YES
hptm1882.jpg,0.5539,YES
hptm1885.jpg,0.6861,YES
hptm1887.jpg,0.5742,YES
hptm1888.jpg,0.5939,YES
hptm1886.jpg,0.6413,YES
hptm1891.jpg,0.6344,YES
hptm1890.jpg,0.4984,NO
hptm1892.jpg,0.6973,YES
hptm1893.jpg,0.6846,YES
hptm1894.jpg,0.5796,YES
hptm1895.jpg,0.6246,YES
hptm1896.jpg,0.5850,YES
hptm1897.jpg,0.6555,YES
hptm1898.jpg,0.5793,YES
hptm19.jpg,0.6509,YES
hptm1899.jpg,0.6493,YES
hptm1900.jpg,0.6544,YES
hptm190.jpg,0.4857,NO
hptm1901.jpg,0.7195,YES
hptm1902.jpg,0.5564,YES
hptm1903.jpg,0.7224,YES
hptm1905.jpg,0.6065,YES
hptm1906.jpg,0.6481,YES
hptm1909.jpg,0.5620,YES
hptm1907.jpg,0.6452,YES
hptm1910.jpg,0.6783,YES
hptm1911.jpg,0.6749,YES
hptm1912.jpg,0.6397,YES
hptm1913.jpg,0.5406,YES
hptm1914.jpg,0.6680,YES
hptm1915.jpg,0.5055,YES
hptm1916.jpg,0.5533,YES
hptm1918.jpg,0.4745,NO
hptm1917.jpg,0.5658,YES
hptm1920.jpg,0.6248,YES
hptm1919.jpg,0.5318,YES
hptm1921.jpg,0.5562,YES
hptm1923.jpg,0.3345,NO
hptm1926.jpg,0.3350,NO
hptm1927.jpg,0.2144,NO
hptm1924.jpg,0.6407,YES
hptm1928.jpg,0.3068,NO
hptm1929.jpg,0.3564,NO
hptm1932.jpg,0.2858,NO
hptm1931.jpg,0.0769,NO
hptm1933.jpg,0.2964,NO
hptm1934.jpg,0.4528,NO
hptm1937.jpg,0.2424,NO
hptm1935.jpg,0.6315,YES
hptm1939.jpg,0.5244,YES
hptm1940.jpg,0.4443,NO
hptm1942.jpg,0.5722,YES
hptm1941.jpg,0.6502,YES
hptm1938.jpg,0.1527,NO
hptm1943.jpg,0.5104,YES
hptm1944.jpg,0.5686,YES
hptm1947.jpg,0.5854,YES
hptm1948.jpg,0.6916,YES
hptm1950.jpg,0.6840,YES
hptm1945.jpg,0.6509,YES
hptm1949.jpg,0.5970,YES
hptm1951.jpg,0.6334,YES
hptm1952.jpg,0.6189,YES
hptm1953.jpg,0.6441,YES
hptm1954.jpg,0.6227,YES
hptm1955.jpg,0.5894,YES
hptm1956.jpg,0.5820,YES
hptm1958.jpg,0.5667,YES
hptm1957.jpg,0.6157,YES
hptm1959.jpg,0.5395,YES
hptm196.jpg,0.4562,NO
hptm1960.jpg,0.6734,YES
hptm1961.jpg,0.5989,YES
hptm1963.jpg,0.6704,YES
hptm1964.jpg,0.6741,YES
hptm1965.jpg,0.6607,YES
hptm1966.jpg,0.5520,YES
hptm1968.jpg,0.6375,YES
hptm1967.jpg,0.6411,YES
hptm1969.jpg,0.6797,YES
hptm197.jpg,0.5514,YES
hptm1970.jpg,0.6469,YES
hptm1971.jpg,0.6486,YES
hptm1972.jpg,0.6423,YES
hptm1974.jpg,0.6028,YES
hptm1973.jpg,0.7165,YES
hptm1976.jpg,0.6566,YES
hptm1975.jpg,0.6655,YES
hptm1977.jpg,0.5821,YES
hptm1978.jpg,0.6239,YES
hptm1979.jpg,0.5789,YES
hptm1980.jpg,0.6464,YES
hptm1981.jpg,0.6660,YES
hptm1983.jpg,0.6101,YES
hptm1982.jpg,0.6372,YES
hptm1985.jpg,0.5873,YES
hptm1986.jpg,0.5657,YES
hptm1984.jpg,0.6234,YES
hptm1987.jpg,0.5360,YES
hptm1988.jpg,0.5649,YES
hptm1989.jpg,0.4905,NO
hptm1990.jpg,0.7059,YES
hptm1993.jpg,0.4807,NO
hptm1991.jpg,0.1764,NO
hptm1995.jpg,0.5776,YES
hptm1997.jpg,0.5191,YES
hptm1996.jpg,0.6120,YES
hptm1998.jpg,0.5824,YES
hptm1999.jpg,0.5195,YES
hptm2001.jpg,0.6589,YES
hptm2004.jpg,0.5520,YES
hptm2003.jpg,0.5854,YES
hptm2005.jpg,0.5599,YES
hptm2007.jpg,0.3510,NO
hptm2006.jpg,0.6391,YES
hptm2009.jpg,0.3856,NO
hptm201.jpg,0.5255,YES
hptm2010.jpg,0.4003,NO
hptm2012.jpg,0.5296,YES
hptm2013.jpg,0.4764,NO
hptm2011.jpg,0.5508,YES
hptm2016.jpg,0.4857,NO
hptm2014.jpg,0.4180,NO
hptm2017.jpg,0.5188,YES
hptm2002.jpg,0.5699,YES
hptm2018.jpg,0.4385,NO
hptm2020.jpg,0.5113,YES
hptm2019.jpg,0.5075,YES
hptm2023.jpg,0.5682,YES
hptm2022.jpg,0.2614,NO
hptm2026.jpg,0.5341,YES
hptm2027.jpg,0.5184,YES
hptm2025.jpg,0.4315,NO
hptm2028.jpg,0.5681,YES
hptm2029.jpg,0.1353,NO
hptm2030.jpg,0.5388,YES
hptm2032.jpg,0.4540,NO
hptm2034.jpg,0.5733,YES
hptm2035.jpg,0.4225,NO
hptm2033.jpg,0.4447,NO
hptm2036.jpg,0.5758,YES
hptm2037.jpg,0.6309,YES
hptm2038.jpg,0.2040,NO
hptm2040.jpg,0.5038,YES
hptm2041.jpg,0.4049,NO
hptm2042.jpg,0.5057,YES
hptm2043.jpg,0.3852,NO
hptm2044.jpg,0.3879,NO
hptm2045.jpg,0.6649,YES
hptm2046.jpg,0.5858,YES
hptm2047.jpg,0.6083,YES
hptm2048.jpg,0.5314,YES
hptm2049.jpg,0.5113,YES
hptm2050.jpg,0.4371,NO
hptm2051.jpg,0.5446,YES
hptm2053.jpg,0.5694,YES
hptm2057.jpg,0.6231,YES
hptm2058.jpg,0.5424,YES
hptm2056.jpg,0.6088,YES
hptm2059.jpg,0.5927,YES
hptm206.jpg,0.4870,NO
hptm2060.jpg,0.5692,YES
hptm2061.jpg,0.6566,YES
hptm2064.jpg,0.6366,YES
hptm2065.jpg,0.5431,YES
hptm2067.jpg,0.8177,YES
hptm2062.jpg,0.6425,YES
hptm2066.jpg,0.4064,NO
hptm2068.jpg,0.5792,YES
hptm2069.jpg,0.7315,YES
hptm207.jpg,0.5503,YES
hptm2070.jpg,0.8349,YES
hptm2071.jpg,0.8361,YES
hptm2072.jpg,0.3385,NO
hptm2073.jpg,0.5766,YES
hptm2075.jpg,0.4680,NO
hptm2077.jpg,0.5874,YES
hptm2074.jpg,0.4118,NO
hptm2078.jpg,0.5559,YES
hptm2079.jpg,0.5990,YES
hptm208.jpg,0.5495,YES
hptm2080.jpg,0.5488,YES
hptm2082.jpg,0.4986,NO
hptm2083.jpg,0.4326,NO
hptm2081.jpg,0.5697,YES
hptm2085.jpg,0.5521,YES
hptm2084.jpg,0.4367,NO
hptm2086.jpg,0.4800,NO
hptm2087.jpg,0.4489,NO
hptm2089.jpg,0.5272,YES
hptm2090.jpg,0.5064,YES
hptm2091.jpg,0.1972,NO
hptm2093.jpg,0.5918,YES
hptm2092.jpg,0.5842,YES
hptm2094.jpg,0.6252,YES
hptm2095.jpg,0.5860,YES
hptm2096.jpg,0.5503,YES
hptm2097.jpg,0.5342,YES
hptm2098.jpg,0.4323,NO
hptm2099.jpg,0.1710,NO
hptm2100.jpg,0.6051,YES
hptm2102.jpg,0.4429,NO
hptm2104.jpg,0.5169,YES
hptm2105.jpg,0.5986,YES
hptm2103.jpg,0.4107,NO
hptm2106.jpg,0.5408,YES
hptm2107.jpg,0.5358,YES
hptm2108.jpg,0.2251,NO
hptm2109.jpg,0.5966,YES
hptm2110.jpg,0.6071,YES
hptm211.jpg,0.4326,NO
hptm2111.jpg,0.6599,YES
hptm2113.jpg,0.5549,YES
hptm2115.jpg,0.4589,NO
hptm2112.jpg,0.5922,YES
hptm2116.jpg,0.5955,YES
hptm2117.jpg,0.5534,YES
hptm2118.jpg,0.6001,YES
hptm2120.jpg,0.5206,YES
hptm2121.jpg,0.5992,YES
hptm2119.jpg,0.5113,YES
hptm2122.jpg,0.6374,YES
hptm2124.jpg,0.5681,YES
hptm2123.jpg,0.5755,YES
hptm2125.jpg,0.6246,YES
hptm2126.jpg,0.5979,YES
hptm2128.jpg,0.6119,YES
hptm2129.jpg,0.5425,YES
hptm2130.jpg,0.5807,YES
hptm213.jpg,0.4621,NO
hptm2131.jpg,0.5436,YES
hptm2134.jpg,0.6033,YES
hptm2133.jpg,0.6376,YES
hptm2135.jpg,0.5987,YES
hptm2137.jpg,0.6310,YES
hptm2139.jpg,0.6300,YES
hptm214.jpg,0.5921,YES
hptm2141.jpg,0.6338,YES
hptm2140.jpg,0.7202,YES
hptm2142.jpg,0.5952,YES
hptm2144.jpg,0.5995,YES
hptm2146.jpg,0.5934,YES
hptm2145.jpg,0.5410,YES
hptm2147.jpg,0.5852,YES
hptm2148.jpg,0.4434,NO
hptm2149.jpg,0.5155,YES
hptm2152.jpg,0.6508,YES
hptm2150.jpg,0.5341,YES
hptm2154.jpg,0.6465,YES
hptm2155.jpg,0.6227,YES
hptm2153.jpg,0.6499,YES
hptm2156.jpg,0.6257,YES
hptm2157.jpg,0.5920,YES
hptm2158.jpg,0.6273,YES
hptm2159.jpg,0.4385,NO
hptm2160.jpg,0.4932,NO
hptm2162.jpg,0.5655,YES
hptm2163.jpg,0.5700,YES
hptm2165.jpg,0.6169,YES
hptm2166.jpg,0.6134,YES
hptm2164.jpg,0.6026,YES
hptm2167.jpg,0.6221,YES
hptm2168.jpg,0.5947,YES
hptm2173.jpg,0.6625,YES
hptm217.jpg,0.4944,NO
hptm2169.jpg,0.6431,YES
hptm2174.jpg,0.5965,YES
hptm2175.jpg,0.6003,YES
hptm2177.jpg,0.6592,YES
hptm2176.jpg,0.5957,YES
hptm2178.jpg,0.6877,YES
hptm218.jpg,0.5720,YES
hptm2180.jpg,0.6494,YES
hptm2182.jpg,0.6973,YES
hptm2183.jpg,0.6843,YES
hptm2181.jpg,0.6560,YES
hptm2184.jpg,0.6521,YES
hptm2189.jpg,0.5927,YES
hptm2185.jpg,0.7052,YES
hptm2190.jpg,0.1688,NO
hptm219.jpg,0.4086,NO
hptm2191.jpg,0.6409,YES
hptm2192.jpg,0.5955,YES
hptm2194.jpg,0.6698,YES
hptm2193.jpg,0.5862,YES
hptm2195.jpg,0.7280,YES
hptm2196.jpg,0.6130,YES
hptm2197.jpg,0.6605,YES
hptm2198.jpg,0.6383,YES
hptm2199.jpg,0.6167,YES
hptm220.jpg,0.5135,YES
hptm2200.jpg,0.5981,YES
hptm2201.jpg,0.5905,YES
hptm2202.jpg,0.6008,YES
hptm2203.jpg,0.6330,YES
hptm2204.jpg,0.5975,YES
hptm2206.jpg,0.3532,NO
hptm2208.jpg,0.5851,YES
hptm2209.jpg,0.5774,YES
hptm2210.jpg,0.5487,YES
hptm2212.jpg,0.5439,YES
hptm2211.jpg,0.5690,YES
hptm2215.jpg,0.5846,YES
hptm2214.jpg,0.5750,YES
hptm2213.jpg,0.5579,YES
hptm2216.jpg,0.5672,YES
hptm2217.jpg,0.5626,YES
hptm2218.jpg,0.6152,YES
hptm2219.jpg,0.5128,YES
hptm222.jpg,0.2998,NO
hptm2220.jpg,0.5664,YES
hptm2221.jpg,0.5261,YES
hptm2223.jpg,0.5355,YES
hptm2224.jpg,0.5671,YES
hptm2222.jpg,0.5288,YES
hptm2225.jpg,0.5684,YES
hptm2226.jpg,0.4970,NO
hptm2229.jpg,0.4016,NO
hptm223.jpg,0.6042,YES
hptm2227.jpg,0.3446,NO
hptm2230.jpg,0.4741,NO
hptm2231.jpg,0.5958,YES
hptm2233.jpg,0.5509,YES
hptm2234.jpg,0.4535,NO
hptm2232.jpg,0.5618,YES
hptm2236.jpg,0.6047,YES
hptm2237.jpg,0.6079,YES
hptm2240.jpg,0.6196,YES
hptm2239.jpg,0.6052,YES
hptm2241.jpg,0.5728,YES
hptm2238.jpg,0.5994,YES
hptm2243.jpg,0.6421,YES
hptm2245.jpg,0.5605,YES
hptm2247.jpg,0.6597,YES
hptm2246.jpg,0.6752,YES
hptm2248.jpg,0.3850,NO
hptm2249.jpg,0.5431,YES
hptm225.jpg,0.4437,NO
hptm2251.jpg,0.5823,YES
hptm2250.jpg,0.4599,NO
hptm2252.jpg,0.5556,YES
hptm2253.jpg,0.6352,YES
hptm2255.jpg,0.6099,YES
hptm2256.jpg,0.5257,YES
hptm2257.jpg,0.4870,NO
hptm2258.jpg,0.6126,YES
hptm2259.jpg,0.4730,NO
hptm226.jpg,0.5647,YES
hptm2262.jpg,0.5597,YES
hptm2261.jpg,0.6515,YES
hptm2263.jpg,0.6336,YES
hptm2264.jpg,0.4211,NO
hptm2260.jpg,0.1632,NO
hptm2265.jpg,0.3550,NO
hptm2266.jpg,0.4117,NO
hptm2267.jpg,0.4469,NO
hptm2268.jpg,0.3781,NO
hptm2269.jpg,0.4411,NO
hptm227.jpg,0.5183,YES
hptm2270.jpg,0.2225,NO
hptm2272.jpg,0.4588,NO
hptm2271.jpg,0.3198,NO
hptm2273.jpg,0.0767,NO
hptm2275.jpg,0.5913,YES
hptm2278.jpg,0.7759,YES
hptm2279.jpg,0.5619,YES
hptm228.jpg,0.6063,YES
hptm2274.jpg,0.5440,YES
hptm2280.jpg,0.6912,YES
hptm2282.jpg,0.6807,YES
hptm2281.jpg,0.6524,YES
hptm2285.jpg,0.7070,YES
hptm2283.jpg,0.6494,YES
hptm2286.jpg,0.6529,YES
hptm2287.jpg,0.6856,YES
hptm2289.jpg,0.6848,YES
hptm2288.jpg,0.6856,YES
hptm229.jpg,0.5423,YES
hptm2290.jpg,0.5687,YES
hptm2292.jpg,0.6856,YES
hptm2293.jpg,0.6365,YES
hptm2291.jpg,0.7123,YES
hptm2294.jpg,0.6675,YES
hptm2295.jpg,0.5792,YES
hptm2299.jpg,0.5556,YES
hptm2297.jpg,0.7089,YES
hptm2301.jpg,0.1495,NO
hptm2303.jpg,0.5260,YES
hptm2302.jpg,0.6244,YES
hptm2304.jpg,0.6965,YES
hptm2305.jpg,0.6270,YES
hptm2306.jpg,0.6269,YES
hptm2307.jpg,0.6522,YES
hptm2309.jpg,0.5793,YES
hptm2310.jpg,0.6373,YES
hptm2312.jpg,0.5632,YES
hptm2311.jpg,0.6908,YES
hptm2313.jpg,0.6389,YES
hptm231.jpg,0.5675,YES
hptm2314.jpg,0.6075,YES
hptm2317.jpg,0.6343,YES
hptm2318.jpg,0.4879,NO
hptm2319.jpg,0.6467,YES
hptm2320.jpg,0.5075,YES
hptm232.jpg,0.6314,YES
hptm2321.jpg,0.5875,YES
hptm2324.jpg,0.4735,NO
hptm2322.jpg,0.5328,YES
hptm2325.jpg,0.5173,YES
hptm2327.jpg,0.1118,NO
hptm2329.jpg,0.3161,NO
hptm2328.jpg,0.4531,NO
hptm233.jpg,0.5785,YES
hptm2330.jpg,0.6576,YES
hptm2326.jpg,0.6663,YES
hptm2333.jpg,0.6828,YES
hptm2332.jpg,0.6550,YES
hptm2334.jpg,0.4559,NO
hptm2336.jpg,0.2971,NO
hptm2335.jpg,0.6898,YES
hptm2338.jpg,0.6439,YES
hptm2339.jpg,0.5944,YES
hptm234.jpg,0.4422,NO
hptm2340.jpg,0.6112,YES
hptm2341.jpg,0.5034,YES
hptm2342.jpg,0.5979,YES
hptm2344.jpg,0.4608,NO
hptm2343.jpg,0.4918,NO
hptm2346.jpg,0.5621,YES
hptm2345.jpg,0.5179,YES
hptm2349.jpg,0.6189,YES
hptm2347.jpg,0.6285,YES
hptm2351.jpg,0.6821,YES
hptm2352.jpg,0.5989,YES
hptm2354.jpg,0.6240,YES
hptm2353.jpg,0.1171,NO
hptm2355.jpg,0.6405,YES
hptm2358.jpg,0.4094,NO
hptm236.jpg,0.2411,NO
hptm2361.jpg,0.6502,YES
hptm2363.jpg,0.6006,YES
hptm2364.jpg,0.6009,YES
hptm2362.jpg,0.6699,YES
hptm2367.jpg,0.6638,YES
hptm2366.jpg,0.6488,YES
hptm2368.jpg,0.6838,YES
hptm2369.jpg,0.5781,YES
hptm237.jpg,0.5476,YES
hptm2370.jpg,0.1763,NO
hptm2371.jpg,0.6932,YES
hptm2374.jpg,0.6366,YES
hptm2378.jpg,0.5438,YES
hptm2375.jpg,0.6838,YES
hptm2372.jpg,0.6793,YES
hptm2379.jpg,0.3177,NO
hptm2380.jpg,0.5813,YES
hptm238.jpg,0.5362,YES
hptm2387.jpg,0.6110,YES
hptm2388.jpg,0.5429,YES
hptm2390.jpg,0.5299,YES
hptm239.jpg,0.5058,YES
hptm2398.jpg,0.5678,YES
hptm2391.jpg,0.5785,YES
hptm2399.jpg,0.5963,YES
hptm2400.jpg,0.5845,YES
hptm2401.jpg,0.5650,YES
hptm2402.jpg,0.4243,NO
hptm2403.jpg,0.3583,NO
hptm240.jpg,0.7949,YES
hptm2404.jpg,0.6061,YES
hptm2405.jpg,0.6433,YES
hptm2409.jpg,0.7016,YES
hptm2412.jpg,0.5855,YES
hptm2411.jpg,0.6746,YES
hptm2413.jpg,0.1127,NO
hptm2414.jpg,0.1404,NO
hptm2415.jpg,0.3277,NO
hptm2416.jpg,0.6000,YES
hptm2417.jpg,0.6274,YES
hptm2420.jpg,0.0894,NO
hptm2423.jpg,0.6067,YES
hptm2421.jpg,0.6717,YES
hptm2425.jpg,0.5869,YES
hptm2424.jpg,0.6492,YES
hptm2427.jpg,0.4404,NO
hptm2426.jpg,0.5162,YES
hptm2429.jpg,0.4199,NO
hptm2428.jpg,0.4682,NO
hptm243.jpg,0.5517,YES
hptm2430.jpg,0.5594,YES
hptm2431.jpg,0.6169,YES
hptm2432.jpg,0.6378,YES
hptm2433.jpg,0.5946,YES
hptm2434.jpg,0.6005,YES
hptm2435.jpg,0.6463,YES
hptm2437.jpg,0.4891,NO
hptm244.jpg,0.4722,NO
hptm2441.jpg,0.1622,NO
hptm2440.jpg,0.6406,YES
hptm2436.jpg,0.7358,YES
hptm2442.jpg,0.6864,YES
hptm2443.jpg,0.6476,YES
hptm2444.jpg,0.7017,YES
hptm2445.jpg,0.5815,YES
hptm2448.jpg,0.5798,YES
hptm2453.jpg,0.6589,YES
hptm2449.jpg,0.5709,YES
hptm2455.jpg,0.6270,YES
hptm2454.jpg,0.6615,YES
hptm2457.jpg,0.6134,YES
hptm2456.jpg,0.3233,NO
hptm2458.jpg,0.6393,YES
hptm2459.jpg,0.6193,YES
hptm246.jpg,0.6707,YES
hptm2460.jpg,0.6525,YES
hptm2461.jpg,0.6913,YES
hptm2467.jpg,0.4119,NO
hptm247.jpg,0.3053,NO
hptm2478.jpg,0.1828,NO
hptm2476.jpg,0.6271,YES
hptm248.jpg,0.5824,YES
hptm2477.jpg,0.6551,YES
hptm2481.jpg,0.6777,YES
hptm2482.jpg,0.6444,YES
hptm2483.jpg,0.4669,NO
hptm2484.jpg,0.4902,NO
hptm2485.jpg,0.5246,YES
hptm2497.jpg,0.4956,NO
hptm249.jpg,0.5573,YES
hptm2498.jpg,0.6046,YES
hptm2488.jpg,0.4924,NO
hptm2499.jpg,0.6527,YES
hptm250.jpg,0.5895,YES
hptm2500.jpg,0.6127,YES
hptm2506.jpg,0.5672,YES
hptm2508.jpg,0.3406,NO
hptm2507.jpg,0.5737,YES
hptm2509.jpg,0.5153,YES
hptm2510.jpg,0.3889,NO
hptm251.jpg,0.6194,YES
hptm2513.jpg,0.5772,YES
hptm2514.jpg,0.6362,YES
hptm2511.jpg,0.3672,NO
hptm2515.jpg,0.3864,NO
hptm2516.jpg,0.4066,NO
hptm2517.jpg,0.5309,YES
hptm2518.jpg,0.5780,YES
hptm2519.jpg,0.4408,NO
hptm252.jpg,0.6647,YES
hptm2520.jpg,0.4100,NO
hptm2522.jpg,0.3601,NO
hptm2521.jpg,0.2996,NO
hptm2523.jpg,0.4027,NO
hptm2524.jpg,0.4313,NO
hptm253.jpg,0.6865,YES
hptm2531.jpg,0.6816,YES
hptm2532.jpg,0.6524,YES
hptm2533.jpg,0.6521,YES
hptm2534.jpg,0.5119,YES
hptm254.jpg,0.5576,YES
hptm2545.jpg,0.5067,YES
hptm2537.jpg,0.6497,YES
hptm255.jpg,0.5689,YES
hptm2554.jpg,0.5109,YES
hptm2555.jpg,0.4055,NO
hptm2550.jpg,0.5817,YES
hptm2556.jpg,0.4027,NO
hptm2559.jpg,0.4626,NO
hptm256.jpg,0.5799,YES
hptm2561.jpg,0.4035,NO
hptm2562.jpg,0.4506,NO
hptm2563.jpg,0.3898,NO
hptm2564.jpg,0.6214,YES
hptm2566.jpg,0.3828,NO
hptm2565.jpg,0.4391,NO
hptm2567.jpg,0.5580,YES
hptm2568.jpg,0.4915,NO
hptm2569.jpg,0.5007,YES
hptm257.jpg,0.6020,YES
hptm2570.jpg,0.5380,YES
hptm2571.jpg,0.6725,YES
hptm2572.jpg,0.3487,NO
hptm2574.jpg,0.4396,NO
hptm2575.jpg,0.4645,NO
hptm2573.jpg,0.6453,YES
hptm2577.jpg,0.2921,NO
hptm2578.jpg,0.4524,NO
hptm2576.jpg,0.3864,NO
hptm2579.jpg,0.2802,NO
hptm258.jpg,0.6548,YES
hptm2580.jpg,0.5971,YES
hptm2581.jpg,0.5998,YES
hptm2582.jpg,0.5818,YES
hptm2583.jpg,0.5985,YES
hptm2584.jpg,0.5152,YES
hptm2586.jpg,0.5179,YES
hptm2585.jpg,0.5148,YES
hptm2587.jpg,0.3037,NO
hptm2588.jpg,0.5838,YES
hptm2589.jpg,0.5678,YES
hptm2591.jpg,0.3576,NO
hptm259.jpg,0.5124,YES
hptm2592.jpg,0.3531,NO
hptm2593.jpg,0.5974,YES
hptm2595.jpg,0.6060,YES
hptm2596.jpg,0.5165,YES
hptm2597.jpg,0.3368,NO
hptm2594.jpg,0.2314,NO
hptm2599.jpg,0.2853,NO
hptm2600.jpg,0.6521,YES
hptm2601.jpg,0.4756,NO
hptm260.jpg,0.5490,YES
hptm2602.jpg,0.6075,YES
hptm261.jpg,0.5669,YES
hptm2611.jpg,0.7509,YES
hptm2612.jpg,0.4222,NO
hptm2614.jpg,0.5177,YES
hptm2615.jpg,0.6913,YES
hptm2616.jpg,0.6268,YES
hptm2617.jpg,0.5667,YES
hptm2618.jpg,0.4667,NO
hptm2619.jpg,0.4404,NO
hptm262.jpg,0.2258,NO
hptm2620.jpg,0.6929,YES
hptm2621.jpg,0.6388,YES
hptm2622.jpg,0.5723,YES
hptm2623.jpg,0.4524,NO
hptm2625.jpg,0.5787,YES
hptm2624.jpg,0.1951,NO
hptm2628.jpg,0.6360,YES
hptm2626.jpg,0.5661,YES
hptm263.jpg,0.6736,YES
hptm2629.jpg,0.5461,YES
hptm2631.jpg,0.6187,YES
hptm2630.jpg,0.5937,YES
hptm2632.jpg,0.6172,YES
hptm2636.jpg,0.4974,NO
hptm2635.jpg,0.3999,NO
hptm2633.jpg,0.5081,YES
hptm2637.jpg,0.5122,YES
hptm2639.jpg,0.5452,YES
hptm264.jpg,0.5859,YES
hptm2638.jpg,0.5464,YES
hptm2640.jpg,0.6019,YES
hptm2641.jpg,0.5708,YES
hptm2642.jpg,0.4086,NO
hptm2643.jpg,0.5107,YES
hptm2644.jpg,0.4512,NO
hptm2646.jpg,0.5467,YES
hptm2647.jpg,0.3283,NO
hptm2649.jpg,0.2830,NO
hptm2648.jpg,0.2948,NO
hptm265.jpg,0.5852,YES
hptm2650.jpg,0.2942,NO
hptm2652.jpg,0.4520,NO
hptm2653.jpg,0.4346,NO
hptm2655.jpg,0.4604,NO
hptm2651.jpg,0.3552,NO
hptm2657.jpg,0.4615,NO
hptm2658.jpg,0.3368,NO
hptm2659.jpg,0.3234,NO
hptm266.jpg,0.4906,NO
hptm2660.jpg,0.4497,NO
hptm2663.jpg,0.5597,YES
hptm2662.jpg,0.6332,YES
hptm2664.jpg,0.5438,YES
hptm2665.jpg,0.4499,NO
hptm2668.jpg,0.5255,YES
hptm2669.jpg,0.1462,NO
hptm2666.jpg,0.4952,NO
hptm267.jpg,0.6074,YES
hptm2670.jpg,0.4890,NO
hptm2671.jpg,0.3915,NO
hptm2673.jpg,0.3703,NO
hptm2672.jpg,0.5378,YES
hptm2674.jpg,0.4420,NO
hptm2675.jpg,0.3742,NO
hptm2676.jpg,0.5763,YES
hptm2677.jpg,0.6044,YES
hptm2680.jpg,0.4313,NO
hptm2679.jpg,0.5643,YES
hptm2681.jpg,0.6073,YES
hptm2682.jpg,0.6090,YES
hptm2684.jpg,0.4671,NO
hptm2685.jpg,0.5283,YES
hptm2687.jpg,0.4921,NO
hptm2688.jpg,0.5865,YES
hptm269.jpg,0.5611,YES
hptm2686.jpg,0.4937,NO
hptm2690.jpg,0.6137,YES
hptm2692.jpg,0.6199,YES
hptm2693.jpg,0.4958,NO
hptm2691.jpg,0.5101,YES
hptm2694.jpg,0.4761,NO
hptm2695.jpg,0.1607,NO
hptm2696.jpg,0.4467,NO
hptm2697.jpg,0.5187,YES
hptm2698.jpg,0.3988,NO
hptm2699.jpg,0.6037,YES
hptm270.jpg,0.6211,YES
hptm2702.jpg,0.6113,YES
hptm2701.jpg,0.5531,YES
hptm2703.jpg,0.6612,YES
hptm2704.jpg,0.6108,YES
hptm2708.jpg,0.5445,YES
hptm2705.jpg,0.6425,YES
hptm2710.jpg,0.5408,YES
hptm271.jpg,0.5877,YES
hptm2712.jpg,0.6386,YES
hptm2714.jpg,0.5810,YES
hptm2715.jpg,0.4470,NO
hptm2713.jpg,0.6349,YES
hptm272.jpg,0.5213,YES
hptm2720.jpg,0.5813,YES
hptm2722.jpg,0.2257,NO
hptm2721.jpg,0.5730,YES
hptm2724.jpg,0.3851,NO
hptm2726.jpg,0.6086,YES
hptm2725.jpg,0.5722,YES
hptm2727.jpg,0.6247,YES
hptm2728.jpg,0.6621,YES
hptm2730.jpg,0.5321,YES
hptm273.jpg,0.4593,NO
hptm2729.jpg,0.6004,YES
hptm2731.jpg,0.4817,NO
hptm2732.jpg,0.5848,YES
hptm2733.jpg,0.5451,YES
hptm2737.jpg,0.5778,YES
hptm2736.jpg,0.5596,YES
hptm2738.jpg,0.5372,YES
hptm2739.jpg,0.6111,YES
hptm2741.jpg,0.5867,YES
hptm2742.jpg,0.4885,NO
hptm274.jpg,0.5678,YES
hptm2743.jpg,0.6035,YES
hptm2744.jpg,0.5757,YES
hptm2746.jpg,0.5569,YES
hptm2747.jpg,0.6315,YES
hptm2748.jpg,0.5001,YES
hptm2749.jpg,0.5546,YES
hptm275.jpg,0.5282,YES
hptm2752.jpg,0.5145,YES
hptm2750.jpg,0.1072,NO
hptm2753.jpg,0.3796,NO
hptm2758.jpg,0.5884,YES
hptm2755.jpg,0.5138,YES
hptm276.jpg,0.6706,YES
hptm2760.jpg,0.5090,YES
hptm2762.jpg,0.5608,YES
hptm2763.jpg,0.5932,YES
hptm2765.jpg,0.5005,YES
hptm2764.jpg,0.5778,YES
hptm2766.jpg,0.5420,YES
hptm2769.jpg,0.6544,YES
hptm277.jpg,0.6451,YES
hptm2770.jpg,0.3484,NO
hptm2768.jpg,0.4879,NO
hptm2771.jpg,0.3549,NO
hptm2772.jpg,0.4628,NO
hptm2773.jpg,0.4675,NO
hptm2774.jpg,0.5397,YES
hptm2776.jpg,0.4508,NO
hptm2775.jpg,0.4323,NO
hptm2777.jpg,0.5366,YES
hptm2780.jpg,0.4384,NO
hptm2779.jpg,0.5889,YES
hptm2781.jpg,0.5594,YES
hptm2791.jpg,0.1464,NO
hptm279.jpg,0.3423,NO
hptm2792.jpg,0.6147,YES
hptm2796.jpg,0.6083,YES
hptm2798.jpg,0.4603,NO
hptm2797.jpg,0.6086,YES
hptm2799.jpg,0.4707,NO
hptm280.jpg,0.6898,YES
hptm2801.jpg,0.5246,YES
hptm2804.jpg,0.4392,NO
hptm2805.jpg,0.4284,NO
hptm2806.jpg,0.6144,YES
hptm2802.jpg,0.6037,YES
hptm2807.jpg,0.1623,NO
hptm2809.jpg,0.3653,NO
hptm2808.jpg,0.5547,YES
hptm281.jpg,0.6151,YES
hptm2810.jpg,0.5957,YES
hptm2812.jpg,0.1520,NO
hptm2813.jpg,0.5548,YES
hptm2815.jpg,0.1847,NO
hptm2814.jpg,0.3771,NO
hptm2816.jpg,0.5820,YES
hptm2817.jpg,0.5838,YES
hptm2818.jpg,0.1376,NO
hptm2819.jpg,0.5216,YES
hptm282.jpg,0.3979,NO
hptm2820.jpg,0.4610,NO
hptm2821.jpg,0.5799,YES
hptm2823.jpg,0.5939,YES
hptm2824.jpg,0.5610,YES
hptm2826.jpg,0.5329,YES
hptm2825.jpg,0.4217,NO
hptm2827.jpg,0.4654,NO
hptm2828.jpg,0.4419,NO
hptm2829.jpg,0.4449,NO
hptm283.jpg,0.5467,YES
hptm2831.jpg,0.6736,YES
hptm2830.jpg,0.6908,YES
hptm2832.jpg,0.6331,YES
hptm2837.jpg,0.4592,NO
hptm2839.jpg,0.5446,YES
hptm284.jpg,0.4899,NO
hptm2838.jpg,0.5533,YES
hptm2836.jpg,0.2222,NO
hptm2840.jpg,0.6576,YES
hptm2842.jpg,0.7167,YES
hptm2843.jpg,0.6456,YES
hptm2844.jpg,0.6899,YES
hptm2845.jpg,0.7055,YES
hptm2847.jpg,0.6908,YES
hptm2848.jpg,0.6571,YES
hptm2849.jpg,0.6748,YES
hptm2850.jpg,0.6379,YES
hptm2853.jpg,0.1573,NO
hptm2852.jpg,0.6480,YES
hptm2851.jpg,0.6676,YES
hptm2854.jpg,0.5958,YES
hptm2855.jpg,0.6192,YES
hptm2856.jpg,0.5354,YES
hptm2859.jpg,0.6307,YES
hptm2858.jpg,0.5698,YES
hptm286.jpg,0.6147,YES
hptm2860.jpg,0.6037,YES
hptm2866.jpg,0.6750,YES
hptm2863.jpg,0.5970,YES
hptm2869.jpg,0.6907,YES
hptm2862.jpg,0.6427,YES
hptm287.jpg,0.6058,YES
hptm2870.jpg,0.6767,YES
hptm2871.jpg,0.6928,YES
hptm2872.jpg,0.5408,YES
hptm2874.jpg,0.6036,YES
hptm2875.jpg,0.6003,YES
hptm2873.jpg,0.6225,YES
hptm2876.jpg,0.6234,YES
hptm2877.jpg,0.5664,YES
hptm2878.jpg,0.5392,YES
hptm288.jpg,0.6682,YES
hptm2880.jpg,0.5505,YES
hptm2881.jpg,0.6196,YES
hptm2882.jpg,0.5919,YES
hptm2883.jpg,0.6706,YES
hptm2885.jpg,0.6344,YES
hptm2884.jpg,0.5756,YES
hptm2887.jpg,0.5748,YES
hptm2889.jpg,0.6027,YES
hptm2886.jpg,0.6878,YES
hptm289.jpg,0.6113,YES
hptm2892.jpg,0.6341,YES
hptm2891.jpg,0.6247,YES
hptm2893.jpg,0.6476,YES
hptm2894.jpg,0.5821,YES
hptm2895.jpg,0.6301,YES
hptm2896.jpg,0.5510,YES
hptm2898.jpg,0.5745,YES
hptm2899.jpg,0.6371,YES
hptm290.jpg,0.3920,NO
hptm2897.jpg,0.5877,YES
hptm2900.jpg,0.6236,YES
hptm2903.jpg,0.5996,YES
hptm2902.jpg,0.5484,YES
hptm2908.jpg,0.5352,YES
hptm291.jpg,0.5853,YES
hptm2909.jpg,0.6186,YES
hptm2910.jpg,0.6032,YES
hptm2911.jpg,0.5418,YES
hptm2913.jpg,0.5611,YES
hptm2914.jpg,0.5581,YES
hptm2916.jpg,0.5723,YES
hptm2917.jpg,0.5459,YES
hptm2918.jpg,0.5775,YES
hptm2915.jpg,0.5621,YES
hptm2919.jpg,0.5447,YES
hptm2920.jpg,0.5680,YES
hptm292.jpg,0.5992,YES
hptm2921.jpg,0.5382,YES
hptm2922.jpg,0.5902,YES
hptm2925.jpg,0.5679,YES
hptm2924.jpg,0.6027,YES
hptm2928.jpg,0.6052,YES
hptm2927.jpg,0.6599,YES
hptm2929.jpg,0.2074,NO
hptm293.jpg,0.6509,YES
hptm2931.jpg,0.6120,YES
hptm2932.jpg,0.1446,NO
hptm2935.jpg,0.5785,YES
hptm2933.jpg,0.5377,YES
hptm2936.jpg,0.5316,YES
hptm2939.jpg,0.6277,YES
hptm2937.jpg,0.6185,YES
hptm2940.jpg,0.5924,YES
hptm294.jpg,0.6373,YES
hptm2941.jpg,0.5574,YES
hptm2943.jpg,0.4890,NO
hptm2942.jpg,0.5481,YES
hptm2944.jpg,0.6094,YES
hptm2945.jpg,0.7269,YES
hptm2947.jpg,0.6473,YES
hptm2948.jpg,0.6047,YES
hptm2950.jpg,0.6272,YES
hptm2951.jpg,0.5139,YES
hptm2952.jpg,0.1843,NO
hptm2949.jpg,0.6110,YES
hptm2954.jpg,0.2134,NO
hptm2958.jpg,0.6486,YES
hptm2959.jpg,0.5667,YES
hptm296.jpg,0.6045,YES
hptm2960.jpg,0.5535,YES
hptm2961.jpg,0.6407,YES
hptm2963.jpg,0.6035,YES
hptm2965.jpg,0.5657,YES
hptm2964.jpg,0.5851,YES
hptm2966.jpg,0.5092,YES
hptm2971.jpg,0.5386,YES
hptm297.jpg,0.5063,YES
hptm2972.jpg,0.6497,YES
hptm2973.jpg,0.6907,YES
hptm2974.jpg,0.1196,NO
hptm2975.jpg,0.3906,NO
hptm2977.jpg,0.5311,YES
hptm2976.jpg,0.6148,YES
hptm2978.jpg,0.6339,YES
hptm2981.jpg,0.5955,YES
hptm2982.jpg,0.6772,YES
hptm2980.jpg,0.1654,NO
hptm298.jpg,0.5173,YES
hptm2983.jpg,0.6084,YES
hptm2985.jpg,0.4494,NO
hptm2986.jpg,0.6340,YES
hptm2987.jpg,0.6742,YES
hptm2989.jpg,0.6483,YES
hptm299.jpg,0.4631,NO
hptm2991.jpg,0.1073,NO
hptm2994.jpg,0.6115,YES
hptm2993.jpg,0.6029,YES
hptm2995.jpg,0.2442,NO
hptm2997.jpg,0.6783,YES
hptm2996.jpg,0.7043,YES
hptm2998.jpg,0.6204,YES
hptm300.jpg,0.5771,YES
hptm3000.jpg,0.6046,YES
hptm3002.jpg,0.5864,YES
hptm3004.jpg,0.5867,YES
hptm3003.jpg,0.5862,YES
hptm3005.jpg,0.5915,YES
hptm3008.jpg,0.6431,YES
hptm3007.jpg,0.6050,YES
hptm3009.jpg,0.6036,YES
hptm3006.jpg,0.5663,YES
hptm3010.jpg,0.6505,YES
hptm3011.jpg,0.5342,YES
hptm3013.jpg,0.4952,NO
hptm3014.jpg,0.6041,YES
hptm3016.jpg,0.6563,YES
hptm3015.jpg,0.6580,YES
hptm3018.jpg,0.6518,YES
hptm3019.jpg,0.6303,YES
hptm302.jpg,0.4927,NO
hptm3020.jpg,0.6386,YES
hptm3025.jpg,0.5021,YES
hptm3026.jpg,0.6076,YES
hptm3027.jpg,0.4252,NO
hptm3028.jpg,0.5398,YES
hptm3029.jpg,0.5488,YES
hptm3031.jpg,0.5548,YES
hptm3030.jpg,0.5944,YES
hptm3033.jpg,0.4907,NO
hptm3036.jpg,0.5702,YES
hptm3037.jpg,0.6275,YES
hptm3038.jpg,0.5285,YES
hptm3035.jpg,0.6750,YES
hptm3039.jpg,0.6605,YES
hptm304.jpg,0.6016,YES
hptm3043.jpg,0.5736,YES
hptm3040.jpg,0.6411,YES
hptm3045.jpg,0.4351,NO
hptm3046.jpg,0.5575,YES
hptm3047.jpg,0.5746,YES
hptm305.jpg,0.5588,YES
hptm3048.jpg,0.6105,YES
hptm3051.jpg,0.5774,YES
hptm3052.jpg,0.6434,YES
hptm3053.jpg,0.6640,YES
hptm3054.jpg,0.5495,YES
hptm3055.jpg,0.6036,YES
hptm3057.jpg,0.3021,NO
hptm3058.jpg,0.6249,YES
hptm306.jpg,0.5788,YES
hptm3059.jpg,0.3877,NO
hptm3060.jpg,0.5944,YES
hptm3062.jpg,0.6988,YES
hptm3063.jpg,0.6705,YES
hptm3061.jpg,0.6914,YES
hptm3064.jpg,0.6571,YES
hptm3065.jpg,0.6111,YES
hptm3066.jpg,0.6338,YES
hptm3068.jpg,0.3929,NO
hptm3067.jpg,0.6491,YES
hptm3069.jpg,0.5109,YES
hptm3070.jpg,0.5067,YES
hptm3073.jpg,0.5926,YES
hptm3074.jpg,0.5718,YES
hptm3071.jpg,0.6210,YES
hptm3076.jpg,0.5280,YES
hptm3077.jpg,0.6657,YES
hptm3078.jpg,0.6430,YES
hptm308.jpg,0.6930,YES
hptm3079.jpg,0.5485,YES
hptm3080.jpg,0.5356,YES
hptm3081.jpg,0.5868,YES
hptm3082.jpg,0.5519,YES
hptm3083.jpg,0.4000,NO
hptm3084.jpg,0.4924,NO
hptm3086.jpg,0.3870,NO
hptm3087.jpg,0.6022,YES
hptm3088.jpg,0.6077,YES
hptm3085.jpg,0.5501,YES
hptm309.jpg,0.5409,YES
hptm3091.jpg,0.6280,YES
hptm3092.jpg,0.5911,YES
hptm3090.jpg,0.5112,YES
hptm3093.jpg,0.5241,YES
hptm3094.jpg,0.5822,YES
hptm3095.jpg,0.3924,NO
hptm3097.jpg,0.5243,YES
hptm3098.jpg,0.5263,YES
hptm3099.jpg,0.6368,YES
hptm310.jpg,0.6119,YES
hptm3101.jpg,0.6330,YES
hptm3102.jpg,0.4323,NO
hptm3106.jpg,0.5093,YES
hptm3107.jpg,0.5663,YES
hptm311.jpg,0.3187,NO
hptm3109.jpg,0.3251,NO
hptm3110.jpg,0.6072,YES
hptm3111.jpg,0.3267,NO
hptm3113.jpg,0.4379,NO
hptm3114.jpg,0.4238,NO
hptm3112.jpg,0.4650,NO
hptm3115.jpg,0.5399,YES
hptm3116.jpg,0.4495,NO
hptm3118.jpg,0.5120,YES
hptm3119.jpg,0.4499,NO
hptm3117.jpg,0.5071,YES
hptm312.jpg,0.6223,YES
hptm3122.jpg,0.4136,NO
hptm3120.jpg,0.4970,NO
hptm3121.jpg,0.5680,YES
hptm3123.jpg,0.4795,NO
hptm3124.jpg,0.4336,NO
hptm3127.jpg,0.4717,NO
hptm3128.jpg,0.4287,NO
hptm3129.jpg,0.4952,NO
hptm313.jpg,0.4905,NO
hptm3138.jpg,0.4488,NO
hptm314.jpg,0.6163,YES
hptm3139.jpg,0.4250,NO
hptm3142.jpg,0.4195,NO
hptm3140.jpg,0.3770,NO
hptm3146.jpg,0.3605,NO
hptm3143.jpg,0.5163,YES
hptm3148.jpg,0.1751,NO
hptm3147.jpg,0.5440,YES
hptm3149.jpg,0.6192,YES
hptm3150.jpg,0.4810,NO
hptm3151.jpg,0.5589,YES
hptm315.jpg,0.3747,NO
hptm3152.jpg,0.6314,YES
hptm3155.jpg,0.2616,NO
hptm3154.jpg,0.4920,NO
hptm3153.jpg,0.5428,YES
hptm3158.jpg,0.4026,NO
hptm3159.jpg,0.4506,NO
hptm3163.jpg,0.6361,YES
hptm3164.jpg,0.5401,YES
hptm3165.jpg,0.3566,NO
hptm3166.jpg,0.4559,NO
hptm3169.jpg,0.6677,YES
hptm3170.jpg,0.4707,NO
hptm317.jpg,0.4666,NO
hptm3171.jpg,0.4662,NO
hptm3172.jpg,0.5982,YES
hptm3174.jpg,0.6234,YES
hptm3173.jpg,0.6020,YES
hptm3175.jpg,0.5951,YES
hptm3176.jpg,0.6643,YES
hptm3177.jpg,0.5032,YES
hptm3178.jpg,0.6396,YES
hptm318.jpg,0.5633,YES
hptm3180.jpg,0.6280,YES
hptm3181.jpg,0.1637,NO
hptm3183.jpg,0.6078,YES
hptm3184.jpg,0.4654,NO
hptm3182.jpg,0.4659,NO
hptm3185.jpg,0.6511,YES
hptm3187.jpg,0.5402,YES
hptm3188.jpg,0.5912,YES
hptm3186.jpg,0.6511,YES
hptm3190.jpg,0.5933,YES
hptm3192.jpg,0.6249,YES
hptm3193.jpg,0.5667,YES
hptm3195.jpg,0.6196,YES
hptm3194.jpg,0.6540,YES
hptm3197.jpg,0.6386,YES
hptm3198.jpg,0.5851,YES
hptm320.jpg,0.5760,YES
hptm3199.jpg,0.5932,YES
hptm3200.jpg,0.6317,YES
hptm3201.jpg,0.5130,YES
hptm3204.jpg,0.5595,YES
hptm3205.jpg,0.1147,NO
hptm3206.jpg,0.5565,YES
hptm3208.jpg,0.5833,YES
hptm3209.jpg,0.7007,YES
hptm3210.jpg,0.6276,YES
hptm321.jpg,0.3935,NO
hptm3211.jpg,0.6564,YES
hptm3212.jpg,0.6072,YES
hptm3215.jpg,0.5916,YES
hptm3214.jpg,0.5953,YES
hptm3213.jpg,0.6292,YES
hptm3216.jpg,0.5040,YES
hptm3217.jpg,0.5437,YES
hptm3219.jpg,0.4568,NO
hptm3218.jpg,0.5010,YES
hptm322.jpg,0.5241,YES
hptm3220.jpg,0.4512,NO
hptm3221.jpg,0.6044,YES
hptm3223.jpg,0.6651,YES
hptm3222.jpg,0.6121,YES
hptm3224.jpg,0.6729,YES
hptm3225.jpg,0.5837,YES
hptm3227.jpg,0.5533,YES
hptm3226.jpg,0.5153,YES
hptm3228.jpg,0.0815,NO
hptm3229.jpg,0.5249,YES
hptm323.jpg,0.3857,NO
hptm3231.jpg,0.5973,YES
hptm3230.jpg,0.5138,YES
hptm3232.jpg,0.5459,YES
hptm3234.jpg,0.2987,NO
hptm3235.jpg,0.6021,YES
hptm3237.jpg,0.4134,NO
hptm3236.jpg,0.4318,NO
hptm3238.jpg,0.4528,NO
hptm3239.jpg,0.3933,NO
hptm3240.jpg,0.5499,YES
hptm324.jpg,0.4115,NO
hptm3242.jpg,0.6669,YES
hptm3247.jpg,0.6988,YES
hptm3245.jpg,0.6787,YES
hptm3244.jpg,0.4613,NO
hptm3248.jpg,0.6651,YES
hptm325.jpg,0.3867,NO
hptm3252.jpg,0.5140,YES
hptm3254.jpg,0.4529,NO
hptm3253.jpg,0.2946,NO
hptm3255.jpg,0.3075,NO
hptm3256.jpg,0.6758,YES
hptm3258.jpg,0.5998,YES
hptm3257.jpg,0.5939,YES
hptm326.jpg,0.4839,NO
hptm3260.jpg,0.3386,NO
hptm3261.jpg,0.3600,NO
hptm3264.jpg,0.6622,YES
hptm3263.jpg,0.6195,YES
hptm3265.jpg,0.6135,YES
hptm3266.jpg,0.5348,YES
hptm3268.jpg,0.3338,NO
hptm327.jpg,0.4576,NO
hptm3267.jpg,0.6316,YES
hptm3271.jpg,0.5963,YES
hptm3272.jpg,0.6023,YES
hptm3274.jpg,0.6032,YES
hptm3273.jpg,0.5859,YES
hptm3275.jpg,0.5611,YES
hptm3276.jpg,0.6629,YES
hptm3277.jpg,0.6656,YES
hptm3278.jpg,0.7607,YES
hptm3279.jpg,0.6582,YES
hptm328.jpg,0.4397,NO
hptm3280.jpg,0.6411,YES
hptm3282.jpg,0.4255,NO
hptm3283.jpg,0.6485,YES
hptm3281.jpg,0.6236,YES
hptm3285.jpg,0.4701,NO
hptm3289.jpg,0.6677,YES
hptm3287.jpg,0.1536,NO
hptm3290.jpg,0.6176,YES
hptm3291.jpg,0.6301,YES
hptm3293.jpg,0.5744,YES
hptm3294.jpg,0.5737,YES
hptm3296.jpg,0.6036,YES
hptm3295.jpg,0.6033,YES
hptm3297.jpg,0.5645,YES
hptm3299.jpg,0.6415,YES
hptm3298.jpg,0.6524,YES
hptm3300.jpg,0.6337,YES
hptm330.jpg,0.5810,YES
hptm3301.jpg,0.6584,YES
hptm3302.jpg,0.5522,YES
hptm3304.jpg,0.6730,YES
hptm3303.jpg,0.6484,YES
hptm3306.jpg,0.6937,YES
hptm3309.jpg,0.5249,YES
hptm331.jpg,0.5102,YES
hptm3307.jpg,0.1150,NO
hptm3311.jpg,0.3945,NO
hptm3312.jpg,0.6410,YES
hptm3313.jpg,0.5742,YES
hptm3314.jpg,0.5080,YES
hptm3315.jpg,0.3945,NO
hptm3316.jpg,0.4793,NO
hptm3319.jpg,0.5442,YES
hptm3320.jpg,0.4526,NO
hptm332.jpg,0.6176,YES
hptm3321.jpg,0.6087,YES
hptm3322.jpg,0.5960,YES
hptm3324.jpg,0.7242,YES
hptm3325.jpg,0.4817,NO
hptm3323.jpg,0.6574,YES
hptm3327.jpg,0.5968,YES
hptm3329.jpg,0.5916,YES
hptm3330.jpg,0.5895,YES
hptm333.jpg,0.6508,YES
hptm3331.jpg,0.6295,YES
hptm3332.jpg,0.6215,YES
hptm3333.jpg,0.6794,YES
hptm3336.jpg,0.6436,YES
hptm3337.jpg,0.2855,NO
hptm3334.jpg,0.6825,YES
hptm3338.jpg,0.3593,NO
hptm3339.jpg,0.6035,YES
hptm334.jpg,0.5704,YES
hptm3341.jpg,0.1633,NO
hptm3340.jpg,0.5473,YES
hptm3342.jpg,0.4686,NO
hptm3343.jpg,0.3274,NO
hptm3346.jpg,0.8179,YES
hptm3345.jpg,0.6680,YES
hptm3349.jpg,0.3323,NO
hptm3348.jpg,0.9041,YES
hptm335.jpg,0.4846,NO
hptm3350.jpg,0.4074,NO
hptm3351.jpg,0.6389,YES
hptm3352.jpg,0.6655,YES
hptm3354.jpg,0.5844,YES
hptm3355.jpg,0.5435,YES
hptm3356.jpg,0.6951,YES
hptm3357.jpg,0.5092,YES
hptm3358.jpg,0.6001,YES
hptm3359.jpg,0.5615,YES
hptm336.jpg,0.5689,YES
hptm3360.jpg,0.5762,YES
hptm3361.jpg,0.5837,YES
hptm3363.jpg,0.5134,YES
hptm3362.jpg,0.6443,YES
hptm3365.jpg,0.5272,YES
hptm3366.jpg,0.5136,YES
hptm3367.jpg,0.6591,YES
hptm3364.jpg,0.5325,YES
hptm3368.jpg,0.5516,YES
hptm3369.jpg,0.5422,YES
hptm337.jpg,0.2843,NO
hptm3371.jpg,0.6124,YES
hptm3372.jpg,0.4749,NO
hptm3370.jpg,0.4734,NO
hptm3374.jpg,0.5761,YES
hptm3376.jpg,0.5777,YES
hptm3375.jpg,0.5920,YES
hptm3377.jpg,0.5753,YES
hptm3378.jpg,0.6057,YES
hptm3379.jpg,0.6292,YES
hptm338.jpg,0.5739,YES
hptm3381.jpg,0.2600,NO
hptm3382.jpg,0.5526,YES
hptm3380.jpg,0.4016,NO
hptm3385.jpg,0.2969,NO
hptm3384.jpg,0.2168,NO
hptm3386.jpg,0.4580,NO
hptm3387.jpg,0.4068,NO
hptm3389.jpg,0.7670,YES
hptm339.jpg,0.6955,YES
hptm3391.jpg,0.5010,YES
hptm3394.jpg,0.5818,YES
hptm3392.jpg,0.5215,YES
hptm3396.jpg,0.1852,NO
hptm3395.jpg,0.5983,YES
hptm3397.jpg,0.4907,NO
hptm3399.jpg,0.4988,NO
hptm3400.jpg,0.5106,YES
hptm3402.jpg,0.4975,NO
hptm3403.jpg,0.5205,YES
hptm3405.jpg,0.4799,NO
hptm3404.jpg,0.4048,NO
hptm3407.jpg,0.5565,YES
hptm3408.jpg,0.1875,NO
hptm3406.jpg,0.5158,YES
hptm3409.jpg,0.4263,NO
hptm341.jpg,0.3649,NO
hptm3410.jpg,0.1341,NO
hptm3411.jpg,0.4196,NO
hptm3413.jpg,0.4579,NO
hptm3414.jpg,0.5753,YES
hptm3412.jpg,0.6200,YES
hptm3419.jpg,0.6326,YES
hptm3418.jpg,0.6195,YES
hptm3417.jpg,0.5880,YES
hptm342.jpg,0.4249,NO
hptm3420.jpg,0.5711,YES
hptm3421.jpg,0.5504,YES
hptm3422.jpg,0.6775,YES
hptm3425.jpg,0.2312,NO
hptm3426.jpg,0.4828,NO
hptm3424.jpg,0.6341,YES
hptm3427.jpg,0.4583,NO
hptm3429.jpg,0.4620,NO
hptm343.jpg,0.4756,NO
hptm3430.jpg,0.5072,YES
hptm3431.jpg,0.4405,NO
hptm3432.jpg,0.4944,NO
hptm3433.jpg,0.5737,YES
hptm3435.jpg,0.5357,YES
hptm3437.jpg,0.3317,NO
hptm3436.jpg,0.5094,YES
hptm3438.jpg,0.5741,YES
hptm3439.jpg,0.5719,YES
hptm344.jpg,0.5150,YES
hptm3440.jpg,0.6490,YES
hptm3443.jpg,0.6177,YES
hptm3446.jpg,0.6239,YES
hptm3444.jpg,0.6229,YES
hptm3448.jpg,0.4942,NO
hptm3447.jpg,0.6273,YES
hptm3449.jpg,0.5067,YES
hptm3450.jpg,0.5364,YES
hptm3451.jpg,0.5072,YES
hptm3452.jpg,0.5985,YES
hptm3453.jpg,0.6474,YES
hptm3455.jpg,0.5991,YES
hptm3454.jpg,0.6481,YES
hptm3458.jpg,0.4261,NO
hptm3459.jpg,0.5195,YES
hptm3456.jpg,0.4176,NO
hptm346.jpg,0.5902,YES
hptm3460.jpg,0.5492,YES
hptm3461.jpg,0.5734,YES
hptm3462.jpg,0.5504,YES
hptm3466.jpg,0.4971,NO
hptm3469.jpg,0.6166,YES
hptm3465.jpg,0.5074,YES
hptm3471.jpg,0.5724,YES
hptm3470.jpg,0.5308,YES
hptm3472.jpg,0.5042,YES
hptm3473.jpg,0.5262,YES
hptm3474.jpg,0.6215,YES
hptm3475.jpg,0.1789,NO
hptm3476.jpg,0.4455,NO
hptm3479.jpg,0.4737,NO
hptm3481.jpg,0.6057,YES
hptm3477.jpg,0.4531,NO
hptm3480.jpg,0.5492,YES
hptm3483.jpg,0.5447,YES
hptm3484.jpg,0.5445,YES
hptm3485.jpg,0.6356,YES
hptm3486.jpg,0.5774,YES
hptm3487.jpg,0.4752,NO
hptm3491.jpg,0.5383,YES
hptm3492.jpg,0.5549,YES
hptm3490.jpg,0.5268,YES
hptm3488.jpg,0.6171,YES
hptm3493.jpg,0.5310,YES
hptm3495.jpg,0.3951,NO
hptm3496.jpg,0.1872,NO
hptm3497.jpg,0.4618,NO
hptm3499.jpg,0.5591,YES
hptm3498.jpg,0.5395,YES
hptm3502.jpg,0.5825,YES
hptm3500.jpg,0.3588,NO
hptm3503.jpg,0.6335,YES
hptm3505.jpg,0.6966,YES
hptm3507.jpg,0.6304,YES
hptm3508.jpg,0.6965,YES
hptm3509.jpg,0.7228,YES
hptm3511.jpg,0.7004,YES
hptm3510.jpg,0.7347,YES
hptm3514.jpg,0.3360,NO
hptm3513.jpg,0.6835,YES
hptm3512.jpg,0.5296,YES
hptm3515.jpg,0.6845,YES
hptm3516.jpg,0.6246,YES
hptm3517.jpg,0.5777,YES
hptm3518.jpg,0.6718,YES
hptm3521.jpg,0.6346,YES
hptm3524.jpg,0.5944,YES
hptm3519.jpg,0.5077,YES
hptm3526.jpg,0.6610,YES
hptm3525.jpg,0.6777,YES
hptm3527.jpg,0.6352,YES
hptm3528.jpg,0.4447,NO
hptm3529.jpg,0.5666,YES
hptm3530.jpg,0.5203,YES
hptm3531.jpg,0.5830,YES
hptm3533.jpg,0.5430,YES
hptm3532.jpg,0.5394,YES
hptm3535.jpg,0.6897,YES
hptm3534.jpg,0.6086,YES
hptm3536.jpg,0.6428,YES
hptm3537.jpg,0.6234,YES
hptm3538.jpg,0.5832,YES
hptm3539.jpg,0.1231,NO
hptm3540.jpg,0.5825,YES
hptm3542.jpg,0.7044,YES
hptm3541.jpg,0.6153,YES
hptm3543.jpg,0.5367,YES
hptm3544.jpg,0.6171,YES
hptm3546.jpg,0.1915,NO
hptm3547.jpg,0.5792,YES
hptm3548.jpg,0.4088,NO
hptm3550.jpg,0.5753,YES
hptm3551.jpg,0.5714,YES
hptm3552.jpg,0.6025,YES
hptm3555.jpg,0.6020,YES
hptm3554.jpg,0.4742,NO
hptm3556.jpg,0.6041,YES
hptm3557.jpg,0.6257,YES
hptm3558.jpg,0.5840,YES
hptm3560.jpg,0.5208,YES
hptm3561.jpg,0.6444,YES
hptm3563.jpg,0.6984,YES
hptm3562.jpg,0.6965,YES
hptm3565.jpg,0.6013,YES
hptm3566.jpg,0.6347,YES
hptm3564.jpg,0.5656,YES
hptm3567.jpg,0.5518,YES
hptm3568.jpg,0.6177,YES
hptm3569.jpg,0.6054,YES
hptm3571.jpg,0.4816,NO
hptm3574.jpg,0.4401,NO
hptm3573.jpg,0.5132,YES
hptm3575.jpg,0.6441,YES
hptm3577.jpg,0.5867,YES
hptm3576.jpg,0.5814,YES
hptm3578.jpg,0.5316,YES
hptm3579.jpg,0.4855,NO
hptm3580.jpg,0.5739,YES
hptm3581.jpg,0.5517,YES
hptm3583.jpg,0.5370,YES
hptm3584.jpg,0.3941,NO
hptm3582.jpg,0.6349,YES
hptm3586.jpg,0.6349,YES
hptm3585.jpg,0.4777,NO
hptm3587.jpg,0.4292,NO
hptm3588.jpg,0.7049,YES
hptm3589.jpg,0.4699,NO
hptm3590.jpg,0.6324,YES
hptm3591.jpg,0.4909,NO
hptm3592.jpg,0.4758,NO
hptm3593.jpg,0.6060,YES
hptm3595.jpg,0.3509,NO
hptm3594.jpg,0.6033,YES
hptm3596.jpg,0.4837,NO
hptm3598.jpg,0.5148,YES
hptm3599.jpg,0.3019,NO
hptm3600.jpg,0.4076,NO
hptm3603.jpg,0.6059,YES
hptm3604.jpg,0.6546,YES
hptm3602.jpg,0.6337,YES
hptm3605.jpg,0.6255,YES
hptm3606.jpg,0.4656,NO
hptm3607.jpg,0.6559,YES
hptm3608.jpg,0.6263,YES
hptm3609.jpg,0.6102,YES
hptm3610.jpg,0.6018,YES
hptm3611.jpg,0.6595,YES
hptm3612.jpg,0.4197,NO
hptm3614.jpg,0.5917,YES
hptm3615.jpg,0.4025,NO
hptm3613.jpg,0.5714,YES
hptm3616.jpg,0.5538,YES
hptm3617.jpg,0.4883,NO
hptm3618.jpg,0.3033,NO
hptm3619.jpg,0.6122,YES
hptm3620.jpg,0.5309,YES
hptm3621.jpg,0.6641,YES
hptm3622.jpg,0.2906,NO
hptm3624.jpg,0.6097,YES
hptm3625.jpg,0.6014,YES
hptm3623.jpg,0.6015,YES
hptm3626.jpg,0.5603,YES
hptm3628.jpg,0.5528,YES
hptm3630.jpg,0.4874,NO
hptm3629.jpg,0.6321,YES
hptm3632.jpg,0.6483,YES
hptm3631.jpg,0.5731,YES
hptm3633.jpg,0.5592,YES
hptm3635.jpg,0.5400,YES
hptm3636.jpg,0.5015,YES
hptm3637.jpg,0.5353,YES
hptm3638.jpg,0.6082,YES
hptm3642.jpg,0.4414,NO
hptm3641.jpg,0.6476,YES
hptm3639.jpg,0.1651,NO
hptm3643.jpg,0.4764,NO
hptm3645.jpg,0.1754,NO
hptm3646.jpg,0.5580,YES
hptm3644.jpg,0.6536,YES
hptm3647.jpg,0.4376,NO
hptm3649.jpg,0.5790,YES
hptm3648.jpg,0.5811,YES
hptm3651.jpg,0.4146,NO
hptm3650.jpg,0.5931,YES
hptm3652.jpg,0.4804,NO
hptm3653.jpg,0.5644,YES
hptm3654.jpg,0.5688,YES
hptm3655.jpg,0.1363,NO
hptm3656.jpg,0.6298,YES
hptm3657.jpg,0.5368,YES
hptm3658.jpg,0.5458,YES
hptm3660.jpg,0.5635,YES
hptm3659.jpg,0.5890,YES
hptm3661.jpg,0.6668,YES
hptm3663.jpg,0.5009,YES
hptm3662.jpg,0.6021,YES
hptm3664.jpg,0.5345,YES
hptm3665.jpg,0.5857,YES
hptm3666.jpg,0.6685,YES
hptm3667.jpg,0.6453,YES
hptm3669.jpg,0.6515,YES
hptm3668.jpg,0.6270,YES
hptm3670.jpg,0.4605,NO
hptm3673.jpg,0.5101,YES
hptm3676.jpg,0.5541,YES
hptm3671.jpg,0.6278,YES
hptm3677.jpg,0.6026,YES
hptm3678.jpg,0.4008,NO
hptm3679.jpg,0.5745,YES
hptm3681.jpg,0.6333,YES
hptm3682.jpg,0.6222,YES
hptm3685.jpg,0.4891,NO
hptm3686.jpg,0.4523,NO
hptm3688.jpg,0.5190,YES
hptm3687.jpg,0.5078,YES
hptm3689.jpg,0.5656,YES
hptm3690.jpg,0.6270,YES
hptm3692.jpg,0.6142,YES
hptm3693.jpg,0.6583,YES
hptm3691.jpg,0.5906,YES
hptm3694.jpg,0.5499,YES
hptm3695.jpg,0.5686,YES
hptm3697.jpg,0.5406,YES
hptm3698.jpg,0.5908,YES
hptm3696.jpg,0.6513,YES
hptm3700.jpg,0.6174,YES
hptm3699.jpg,0.6449,YES
hptm3702.jpg,0.6711,YES
hptm3703.jpg,0.5751,YES
hptm3701.jpg,0.5569,YES
hptm3704.jpg,0.5505,YES
hptm3705.jpg,0.5866,YES
hptm3706.jpg,0.6442,YES
hptm3708.jpg,0.4994,NO
hptm3707.jpg,0.2082,NO
hptm3709.jpg,0.5749,YES
hptm3710.jpg,0.5344,YES
hptm3711.jpg,0.6245,YES
hptm3712.jpg,0.5148,YES
hptm3713.jpg,0.6190,YES
hptm3714.jpg,0.6404,YES
hptm3715.jpg,0.6287,YES
hptm3716.jpg,0.6892,YES
hptm3717.jpg,0.5820,YES
hptm3718.jpg,0.6841,YES
hptm372.jpg,0.4338,NO
hptm3720.jpg,0.2573,NO
hptm3719.jpg,0.6324,YES
hptm3725.jpg,0.4502,NO
hptm3724.jpg,0.5751,YES
hptm3723.jpg,0.6262,YES
hptm3728.jpg,0.5885,YES
hptm3729.jpg,0.4522,NO
hptm373.jpg,0.5946,YES
hptm3730.jpg,0.5060,YES
hptm3731.jpg,0.5852,YES
hptm3732.jpg,0.6270,YES
hptm3733.jpg,0.4175,NO
hptm3735.jpg,0.4597,NO
hptm3736.jpg,0.5126,YES
hptm3734.jpg,0.6437,YES
hptm3737.jpg,0.4625,NO
hptm3739.jpg,0.4222,NO
hptm3740.jpg,0.5136,YES
hptm3741.jpg,0.5508,YES
hptm374.jpg,0.5551,YES
hptm3742.jpg,0.6038,YES
hptm3743.jpg,0.6216,YES
hptm3744.jpg,0.6279,YES
hptm3745.jpg,0.4977,NO
hptm3746.jpg,0.6059,YES
hptm3747.jpg,0.4643,NO
hptm3748.jpg,0.4984,NO
hptm3750.jpg,0.5611,YES
hptm3749.jpg,0.4462,NO
hptm3751.jpg,0.6177,YES
hptm3753.jpg,0.2123,NO
hptm3754.jpg,0.4233,NO
hptm3752.jpg,0.5464,YES
hptm3755.jpg,0.4032,NO
hptm3757.jpg,0.3928,NO
hptm3758.jpg,0.3090,NO
hptm376.jpg,0.5009,YES
hptm3759.jpg,0.6819,YES
hptm3762.jpg,0.3732,NO
hptm3763.jpg,0.6631,YES
hptm3767.jpg,0.1819,NO
hptm3769.jpg,0.5163,YES
hptm3770.jpg,0.6714,YES
hptm3771.jpg,0.6444,YES
hptm3772.jpg,0.5947,YES
hptm3774.jpg,0.6096,YES
hptm3775.jpg,0.5852,YES
hptm3773.jpg,0.5858,YES
hptm3783.jpg,0.5341,YES
hptm3778.jpg,0.6870,YES
hptm3784.jpg,0.6299,YES
hptm3786.jpg,0.6128,YES
hptm3785.jpg,0.6140,YES
hptm3787.jpg,0.2706,NO
hptm3788.jpg,0.1457,NO
hptm379.jpg,0.6107,YES
hptm3790.jpg,0.5517,YES
hptm3797.jpg,0.5822,YES
hptm3794.jpg,0.4835,NO
hptm3798.jpg,0.6084,YES
hptm3800.jpg,0.5878,YES
hptm3801.jpg,0.5760,YES
hptm3804.jpg,0.4920,NO
hptm3807.jpg,0.5735,YES
hptm3808.jpg,0.5976,YES
hptm3806.jpg,0.6131,YES
hptm3810.jpg,0.5350,YES
hptm3811.jpg,0.6764,YES
hptm3809.jpg,0.6206,YES
hptm3812.jpg,0.4324,NO
hptm3813.jpg,0.4771,NO
hptm3814.jpg,0.5666,YES
hptm3815.jpg,0.4269,NO
hptm3816.jpg,0.6277,YES
hptm3817.jpg,0.3975,NO
hptm3818.jpg,0.6339,YES
hptm3819.jpg,0.5462,YES
hptm3821.jpg,0.5140,YES
hptm3820.jpg,0.3923,NO
hptm3822.jpg,0.6267,YES
hptm3823.jpg,0.6270,YES
hptm3825.jpg,0.4265,NO
hptm3827.jpg,0.4278,NO
hptm3824.jpg,0.4763,NO
hptm3829.jpg,0.4329,NO
hptm3830.jpg,0.6593,YES
hptm3828.jpg,0.4783,NO
hptm3831.jpg,0.2542,NO
hptm3832.jpg,0.7267,YES
hptm3833.jpg,0.5845,YES
hptm3835.jpg,0.5992,YES
hptm3836.jpg,0.6635,YES
hptm3837.jpg,0.5637,YES
hptm3838.jpg,0.3977,NO
hptm3839.jpg,0.5557,YES
hptm3840.jpg,0.4630,NO
hptm3842.jpg,0.4361,NO
hptm3843.jpg,0.4164,NO
hptm3844.jpg,0.3654,NO
hptm3846.jpg,0.3924,NO
hptm3847.jpg,0.4427,NO
hptm3845.jpg,0.6183,YES
hptm3849.jpg,0.6376,YES
hptm3850.jpg,0.6921,YES
hptm3848.jpg,0.5341,YES
hptm3851.jpg,0.6513,YES
hptm3852.jpg,0.4857,NO
hptm3853.jpg,0.5947,YES
hptm3854.jpg,0.4033,NO
hptm3857.jpg,0.3924,NO
hptm3856.jpg,0.5430,YES
hptm3858.jpg,0.4870,NO
hptm3859.jpg,0.6521,YES
hptm3863.jpg,0.6028,YES
hptm3861.jpg,0.5532,YES
hptm3865.jpg,0.4653,NO
hptm3866.jpg,0.5570,YES
hptm3867.jpg,0.5570,YES
hptm3869.jpg,0.5037,YES
hptm3868.jpg,0.5480,YES
hptm3871.jpg,0.5749,YES
hptm3872.jpg,0.6082,YES
hptm3870.jpg,0.5567,YES
hptm3873.jpg,0.5811,YES
hptm3874.jpg,0.6263,YES
hptm3875.jpg,0.5826,YES
hptm3876.jpg,0.5891,YES
hptm3878.jpg,0.5248,YES
hptm3877.jpg,0.2980,NO
hptm3879.jpg,0.6746,YES
hptm3882.jpg,0.6458,YES
hptm3881.jpg,0.5429,YES
hptm3883.jpg,0.5892,YES
hptm3884.jpg,0.4941,NO
hptm3886.jpg,0.5990,YES
hptm3887.jpg,0.5641,YES
hptm3889.jpg,0.1401,NO
hptm3888.jpg,0.5921,YES
hptm3890.jpg,0.5488,YES
hptm3892.jpg,0.5956,YES
hptm3891.jpg,0.5304,YES
hptm3893.jpg,0.6075,YES
hptm3894.jpg,0.5825,YES
hptm3896.jpg,0.5850,YES
hptm3897.jpg,0.5159,YES
hptm39.jpg,0.5909,YES
hptm3898.jpg,0.4881,NO
hptm3900.jpg,0.6050,YES
hptm3902.jpg,0.4288,NO
hptm3901.jpg,0.5900,YES
hptm3903.jpg,0.4564,NO
hptm3905.jpg,0.4599,NO
hptm3904.jpg,0.4861,NO
hptm3906.jpg,0.5544,YES
hptm3908.jpg,0.4126,NO
hptm3907.jpg,0.4594,NO
hptm3909.jpg,0.5385,YES
hptm3911.jpg,0.5601,YES
hptm3910.jpg,0.4998,NO
hptm3912.jpg,0.6183,YES
hptm3913.jpg,0.5242,YES
hptm3914.jpg,0.5985,YES
hptm3915.jpg,0.6024,YES
hptm3917.jpg,0.5266,YES
hptm3916.jpg,0.5163,YES
hptm3918.jpg,0.5633,YES
hptm3919.jpg,0.4211,NO
hptm3921.jpg,0.6656,YES
hptm3922.jpg,0.4775,NO
hptm3923.jpg,0.6478,YES
hptm3924.jpg,0.3424,NO
hptm3925.jpg,0.5748,YES
hptm3927.jpg,0.5391,YES
hptm3926.jpg,0.6842,YES
hptm3929.jpg,0.5385,YES
hptm3931.jpg,0.6426,YES
hptm3928.jpg,0.5867,YES
hptm3932.jpg,0.6121,YES
hptm3933.jpg,0.6478,YES
hptm3934.jpg,0.5334,YES
hptm3935.jpg,0.5258,YES
hptm3937.jpg,0.5748,YES
hptm3938.jpg,0.5724,YES
hptm3936.jpg,0.6073,YES
hptm3940.jpg,0.6204,YES
hptm3939.jpg,0.5878,YES
hptm3941.jpg,0.5404,YES
hptm3942.jpg,0.2725,NO
hptm3943.jpg,0.5814,YES
hptm3944.jpg,0.6149,YES
hptm3945.jpg,0.5710,YES
hptm3948.jpg,0.6496,YES
hptm3947.jpg,0.5054,YES
hptm3950.jpg,0.5816,YES
hptm3949.jpg,0.6207,YES
hptm3951.jpg,0.6700,YES
hptm3952.jpg,0.5309,YES
hptm3954.jpg,0.5833,YES
hptm3953.jpg,0.5123,YES
hptm3955.jpg,0.6074,YES
hptm3959.jpg,0.6169,YES
hptm3956.jpg,0.6196,YES
hptm3962.jpg,0.2554,NO
hptm3960.jpg,0.5279,YES
hptm3963.jpg,0.3425,NO
hptm3964.jpg,0.5912,YES
hptm3965.jpg,0.3718,NO
hptm3966.jpg,0.3943,NO
hptm3967.jpg,0.4924,NO
hptm3969.jpg,0.4641,NO
hptm3968.jpg,0.6144,YES
hptm3971.jpg,0.5420,YES
hptm3970.jpg,0.6856,YES
hptm3972.jpg,0.5784,YES
hptm3973.jpg,0.6240,YES
hptm3974.jpg,0.6123,YES
hptm3975.jpg,0.5516,YES
hptm3976.jpg,0.6002,YES
hptm3978.jpg,0.6399,YES
hptm3977.jpg,0.7067,YES
hptm3981.jpg,0.6456,YES
hptm3982.jpg,0.6936,YES
hptm3980.jpg,0.6403,YES
hptm3983.jpg,0.6738,YES
hptm3985.jpg,0.5569,YES
hptm3986.jpg,0.4880,NO
hptm3987.jpg,0.5956,YES
hptm3989.jpg,0.6024,YES
hptm3988.jpg,0.5278,YES
hptm3990.jpg,0.5206,YES
hptm3992.jpg,0.6070,YES
hptm3991.jpg,0.6450,YES
hptm3994.jpg,0.4672,NO
hptm3995.jpg,0.5207,YES
hptm3996.jpg,0.5417,YES
hptm3997.jpg,0.6134,YES
hptm3999.jpg,0.5935,YES
hptm40.jpg,0.6517,YES
hptm3998.jpg,0.4546,NO
hptm4001.jpg,0.5945,YES
hptm4000.jpg,0.4279,NO
hptm4002.jpg,0.6420,YES
hptm4003.jpg,0.6177,YES
hptm4004.jpg,0.6000,YES
hptm4114.jpg,0.5231,YES
hptm4115.jpg,0.5785,YES
hptm4116.jpg,0.4908,NO
hptm4118.jpg,0.4349,NO
hptm4120.jpg,0.4482,NO
hptm4119.jpg,0.4699,NO
hptm4121.jpg,0.5693,YES
hptm4122.jpg,0.1306,NO
hptm4123.jpg,0.6175,YES
hptm4124.jpg,0.6133,YES
hptm4127.jpg,0.5480,YES
hptm4128.jpg,0.5534,YES
hptm4126.jpg,0.5232,YES
hptm4130.jpg,0.4556,NO
hptm4129.jpg,0.5294,YES
hptm4131.jpg,0.1712,NO
hptm4132.jpg,0.5065,YES
hptm4133.jpg,0.4438,NO
hptm4134.jpg,0.6394,YES
hptm4135.jpg,0.5622,YES
hptm4138.jpg,0.4543,NO
hptm4137.jpg,0.3782,NO
hptm4139.jpg,0.5813,YES
hptm4140.jpg,0.3296,NO
hptm4141.jpg,0.4158,NO
hptm4142.jpg,0.5618,YES
hptm4143.jpg,0.4328,NO
hptm4144.jpg,0.5419,YES
hptm4145.jpg,0.6647,YES
hptm4148.jpg,0.5336,YES
hptm4149.jpg,0.4677,NO
hptm4146.jpg,0.5434,YES
hptm4150.jpg,0.5748,YES
hptm4147.jpg,0.5847,YES
hptm4151.jpg,0.3144,NO
hptm4152.jpg,0.4245,NO
hptm4153.jpg,0.6595,YES
hptm4154.jpg,0.6314,YES
hptm4155.jpg,0.5014,YES
hptm4160.jpg,0.4123,NO
hptm4158.jpg,0.6253,YES
hptm4161.jpg,0.2536,NO
hptm4162.jpg,0.3755,NO
hptm4163.jpg,0.2128,NO
hptm4164.jpg,0.4886,NO
hptm4167.jpg,0.5736,YES
hptm4166.jpg,0.6431,YES
hptm4169.jpg,0.6326,YES
hptm4172.jpg,0.3867,NO
hptm4173.jpg,0.5494,YES
hptm4171.jpg,0.5373,YES
hptm4170.jpg,0.5107,YES
hptm4174.jpg,0.2235,NO
hptm4175.jpg,0.5277,YES
hptm4176.jpg,0.5207,YES
hptm4177.jpg,0.5841,YES
hptm4180.jpg,0.7010,YES
hptm4178.jpg,0.3707,NO
hptm4181.jpg,0.6848,YES
hptm4182.jpg,0.5908,YES
hptm4183.jpg,0.6333,YES
hptm4184.jpg,0.2100,NO
hptm4185.jpg,0.5937,YES
hptm4186.jpg,0.4495,NO
hptm4187.jpg,0.5980,YES
hptm4189.jpg,0.4642,NO
hptm4193.jpg,0.5153,YES
hptm4192.jpg,0.5943,YES
hptm4191.jpg,0.4941,NO
hptm4194.jpg,0.6014,YES
hptm4195.jpg,0.2703,NO
hptm4196.jpg,0.5733,YES
hptm4197.jpg,0.7053,YES
hptm4200.jpg,0.4383,NO
hptm4203.jpg,0.3056,NO
hptm4206.jpg,0.5355,YES
hptm4204.jpg,0.4848,NO
hptm4205.jpg,0.5125,YES
hptm4208.jpg,0.6311,YES
hptm4207.jpg,0.4754,NO
hptm4209.jpg,0.5426,YES
hptm4210.jpg,0.4128,NO
hptm4211.jpg,0.4390,NO
hptm4213.jpg,0.4844,NO
hptm4217.jpg,0.5225,YES
hptm4218.jpg,0.6120,YES
hptm4214.jpg,0.4708,NO
hptm4216.jpg,0.6393,YES
hptm4220.jpg,0.4451,NO
hptm4221.jpg,0.2188,NO
hptm4222.jpg,0.5540,YES
hptm4225.jpg,0.5727,YES
hptm4226.jpg,0.6415,YES
hptm4227.jpg,0.6200,YES
hptm4230.jpg,0.5887,YES
hptm4231.jpg,0.4371,NO
hptm4229.jpg,0.6000,YES
hptm4228.jpg,0.4432,NO
hptm4233.jpg,0.5264,YES
hptm4237.jpg,0.5110,YES
hptm4238.jpg,0.6170,YES
hptm4240.jpg,0.4475,NO
hptm4243.jpg,0.5999,YES
hptm4246.jpg,0.5800,YES
hptm4248.jpg,0.5124,YES
hptm4247.jpg,0.5237,YES
hptm425.jpg,0.5984,YES
hptm4251.jpg,0.5026,YES
hptm4252.jpg,0.4298,NO
hptm4253.jpg,0.4894,NO
hptm4254.jpg,0.5889,YES
hptm4257.jpg,0.5276,YES
hptm4260.jpg,0.5826,YES
hptm4258.jpg,0.4954,NO
hptm426.jpg,0.6208,YES
hptm4261.jpg,0.4945,NO
hptm4262.jpg,0.4215,NO
hptm4263.jpg,0.5393,YES
hptm4265.jpg,0.4774,NO
hptm4268.jpg,0.4926,NO
hptm427.jpg,0.4436,NO
hptm4279.jpg,0.6436,YES
hptm4278.jpg,0.5196,YES
hptm4273.jpg,0.5050,YES
hptm428.jpg,0.5539,YES
hptm4280.jpg,0.6012,YES
hptm4281.jpg,0.6169,YES
hptm4282.jpg,0.5506,YES
hptm4283.jpg,0.3862,NO
hptm4284.jpg,0.4249,NO
hptm4287.jpg,0.5322,YES
hptm4288.jpg,0.4685,NO
hptm4285.jpg,0.3987,NO
hptm4286.jpg,0.4304,NO
hptm4289.jpg,0.6483,YES
hptm4291.jpg,0.5770,YES
hptm4292.jpg,0.5994,YES
hptm4294.jpg,0.5049,YES
hptm4296.jpg,0.2174,NO
hptm4297.jpg,0.5002,YES
hptm4302.jpg,0.5622,YES
hptm4299.jpg,0.3929,NO
hptm4298.jpg,0.4917,NO
hptm4303.jpg,0.5724,YES
hptm4305.jpg,0.6280,YES
hptm4306.jpg,0.5909,YES
hptm4307.jpg,0.5713,YES
hptm4309.jpg,0.4830,NO
hptm431.jpg,0.5252,YES
hptm4312.jpg,0.5854,YES
hptm4310.jpg,0.5318,YES
hptm4314.jpg,0.5994,YES
hptm4311.jpg,0.4099,NO
hptm4315.jpg,0.5929,YES
hptm4316.jpg,0.5326,YES
hptm4317.jpg,0.5812,YES
hptm4318.jpg,0.5102,YES
hptm4319.jpg,0.5839,YES
hptm4321.jpg,0.6242,YES
hptm4320.jpg,0.3243,NO
hptm4322.jpg,0.5343,YES
hptm4323.jpg,0.6130,YES
hptm4324.jpg,0.5707,YES
hptm4325.jpg,0.6160,YES
hptm4327.jpg,0.4732,NO
hptm4328.jpg,0.6755,YES
hptm4329.jpg,0.1965,NO
hptm4331.jpg,0.4378,NO
hptm433.jpg,0.5772,YES
hptm4332.jpg,0.6760,YES
hptm4330.jpg,0.6360,YES
hptm4333.jpg,0.4932,NO
hptm4335.jpg,0.6641,YES
hptm4336.jpg,0.6568,YES
hptm4337.jpg,0.6781,YES
hptm4338.jpg,0.7335,YES
hptm4340.jpg,0.4812,NO
hptm4339.jpg,0.7377,YES
hptm4344.jpg,0.5159,YES
hptm4342.jpg,0.4826,NO
hptm4341.jpg,0.4375,NO
hptm4345.jpg,0.4818,NO
hptm4347.jpg,0.5669,YES
hptm4348.jpg,0.4838,NO
hptm4349.jpg,0.6062,YES
hptm4351.jpg,0.4235,NO
hptm4352.jpg,0.3937,NO
hptm435.jpg,0.5390,YES
hptm4354.jpg,0.5749,YES
hptm4355.jpg,0.6502,YES
hptm4356.jpg,0.4748,NO
hptm4357.jpg,0.5694,YES
hptm436.jpg,0.5986,YES
hptm4360.jpg,0.5761,YES
hptm4361.jpg,0.5666,YES
hptm4362.jpg,0.6561,YES
hptm4365.jpg,0.6703,YES
hptm4364.jpg,0.6138,YES
hptm4366.jpg,0.6869,YES
hptm4368.jpg,0.5834,YES
hptm437.jpg,0.5754,YES
hptm4370.jpg,0.2439,NO
hptm4372.jpg,0.6331,YES
hptm4376.jpg,0.5129,YES
hptm4374.jpg,0.3457,NO
hptm4373.jpg,0.4929,NO
hptm4375.jpg,0.5090,YES
hptm4377.jpg,0.5936,YES
hptm4379.jpg,0.3816,NO
hptm4381.jpg,0.5732,YES
hptm4382.jpg,0.6113,YES
hptm4384.jpg,0.4908,NO
hptm4385.jpg,0.4861,NO
hptm4386.jpg,0.4080,NO
hptm4387.jpg,0.6076,YES
hptm4389.jpg,0.6491,YES
hptm439.jpg,0.5661,YES
hptm4388.jpg,0.5213,YES
hptm4391.jpg,0.5539,YES
hptm4392.jpg,0.4982,NO
hptm4393.jpg,0.4629,NO
hptm4397.jpg,0.6235,YES
hptm4398.jpg,0.6113,YES
hptm4399.jpg,0.6727,YES
hptm4394.jpg,0.5424,YES
hptm440.jpg,0.5097,YES
hptm4396.jpg,0.6478,YES
hptm4400.jpg,0.5938,YES
hptm4402.jpg,0.5836,YES
hptm4404.jpg,0.6503,YES
hptm4403.jpg,0.4917,NO
hptm4405.jpg,0.6599,YES
hptm4407.jpg,0.4426,NO
hptm4406.jpg,0.4821,NO
hptm4408.jpg,0.4101,NO
hptm4409.jpg,0.5738,YES
hptm441.jpg,0.5227,YES
hptm4410.jpg,0.6274,YES
hptm4415.jpg,0.3924,NO
hptm4413.jpg,0.1883,NO
hptm4416.jpg,0.4870,NO
hptm4417.jpg,0.7020,YES
hptm4419.jpg,0.6585,YES
hptm4418.jpg,0.6356,YES
hptm442.jpg,0.4050,NO
hptm4422.jpg,0.2298,NO
hptm4420.jpg,0.6769,YES
hptm4421.jpg,0.6774,YES
hptm4424.jpg,0.6275,YES
hptm4427.jpg,0.6289,YES
hptm4429.jpg,0.5986,YES
hptm4425.jpg,0.7176,YES
hptm4428.jpg,0.7017,YES
hptm4431.jpg,0.5885,YES
hptm4430.jpg,0.5965,YES
hptm443.jpg,0.4642,NO
hptm4433.jpg,0.4895,NO
hptm4435.jpg,0.7086,YES
hptm4436.jpg,0.6372,YES
hptm4437.jpg,0.7058,YES
hptm4438.jpg,0.7145,YES
hptm4439.jpg,0.5388,YES
hptm444.jpg,0.4620,NO
hptm4440.jpg,0.1442,NO
hptm4441.jpg,0.6316,YES
hptm4442.jpg,0.6196,YES
hptm4443.jpg,0.6066,YES
hptm4448.jpg,0.5973,YES
hptm4446.jpg,0.2865,NO
hptm4449.jpg,0.5759,YES
hptm4447.jpg,0.5276,YES
hptm4450.jpg,0.5736,YES
hptm4451.jpg,0.6434,YES
hptm4452.jpg,0.5464,YES
hptm4454.jpg,0.4656,NO
hptm4459.jpg,0.4738,NO
hptm4455.jpg,0.5767,YES
hptm4461.jpg,0.4041,NO
hptm4462.jpg,0.3633,NO
hptm4457.jpg,0.4531,NO
hptm4460.jpg,0.4295,NO
hptm4464.jpg,0.5245,YES
hptm4469.jpg,0.5177,YES
hptm4472.jpg,0.5890,YES
hptm447.jpg,0.4988,NO
hptm4473.jpg,0.5740,YES
hptm4475.jpg,0.4715,NO
hptm4476.jpg,0.5000,NO
hptm4477.jpg,0.5101,YES
hptm448.jpg,0.4693,NO
hptm4483.jpg,0.6883,YES
hptm4486.jpg,0.5249,YES
hptm4487.jpg,0.4804,NO
hptm4488.jpg,0.4873,NO
hptm449.jpg,0.4333,NO
hptm4492.jpg,0.5628,YES
hptm4490.jpg,0.4193,NO
hptm4493.jpg,0.4920,NO
hptm4491.jpg,0.4629,NO
hptm4494.jpg,0.4012,NO
hptm4495.jpg,0.5474,YES
hptm4496.jpg,0.5272,YES
hptm4498.jpg,0.4595,NO
hptm4499.jpg,0.5044,YES
hptm4503.jpg,0.5832,YES
hptm4502.jpg,0.5775,YES
hptm4504.jpg,0.5548,YES
hptm4505.jpg,0.5544,YES
hptm4506.jpg,0.5239,YES
hptm4507.jpg,0.5579,YES
hptm4509.jpg,0.4365,NO
hptm4510.jpg,0.4516,NO
hptm4511.jpg,0.2621,NO
hptm4513.jpg,0.4786,NO
hptm4515.jpg,0.5998,YES
hptm4516.jpg,0.4271,NO
hptm4514.jpg,0.5252,YES
hptm4517.jpg,0.4578,NO
hptm4521.jpg,0.4945,NO
hptm4524.jpg,0.4369,NO
hptm4525.jpg,0.4398,NO
hptm4528.jpg,0.5644,YES
hptm4530.jpg,0.4450,NO
hptm4532.jpg,0.5777,YES
hptm4526.jpg,0.6859,YES
hptm4533.jpg,0.4252,NO
hptm4531.jpg,0.4213,NO
hptm4535.jpg,0.5292,YES
hptm4537.jpg,0.6142,YES
hptm4538.jpg,0.6651,YES
hptm4539.jpg,0.3973,NO
hptm4541.jpg,0.3938,NO
hptm4545.jpg,0.5894,YES
hptm4543.jpg,0.5578,YES
hptm4547.jpg,0.6574,YES
hptm4548.jpg,0.6516,YES
hptm4552.jpg,0.6256,YES
hptm4554.jpg,0.5756,YES
hptm4553.jpg,0.5967,YES
hptm4555.jpg,0.6305,YES
hptm4556.jpg,0.6116,YES
hptm4557.jpg,0.6603,YES
hptm4561.jpg,0.5755,YES
hptm4558.jpg,0.5720,YES
hptm4562.jpg,0.5961,YES
hptm4563.jpg,0.6387,YES
hptm4564.jpg,0.6711,YES
hptm4565.jpg,0.5408,YES
hptm4566.jpg,0.6245,YES
hptm4568.jpg,0.6445,YES
hptm4567.jpg,0.6954,YES
hptm4571.jpg,0.5849,YES
hptm4570.jpg,0.5111,YES
hptm4572.jpg,0.5081,YES
hptm4573.jpg,0.5792,YES
hptm4576.jpg,0.5614,YES
hptm4577.jpg,0.4895,NO
hptm4578.jpg,0.5640,YES
hptm4580.jpg,0.5136,YES
hptm4579.jpg,0.5692,YES
hptm4582.jpg,0.5520,YES
hptm4583.jpg,0.5427,YES
hptm4584.jpg,0.5566,YES
hptm4585.jpg,0.6085,YES
hptm4588.jpg,0.6496,YES
hptm4589.jpg,0.6095,YES
hptm4595.jpg,0.6600,YES
hptm4598.jpg,0.4802,NO
hptm4599.jpg,0.4821,NO
hptm4600.jpg,0.4984,NO
hptm4596.jpg,0.5762,YES
hptm4597.jpg,0.5045,YES
hptm4602.jpg,0.6314,YES
hptm4604.jpg,0.6269,YES
hptm4605.jpg,0.6701,YES
hptm4607.jpg,0.6827,YES
hptm4608.jpg,0.1529,NO
hptm4609.jpg,0.5882,YES
hptm4612.jpg,0.6244,YES
hptm4610.jpg,0.6545,YES
hptm4611.jpg,0.6748,YES
hptm4613.jpg,0.6561,YES
hptm4614.jpg,0.6452,YES
hptm4615.jpg,0.6101,YES
hptm4616.jpg,0.4662,NO
hptm4617.jpg,0.4137,NO
hptm4618.jpg,0.6012,YES
hptm4620.jpg,0.6746,YES
hptm4622.jpg,0.6784,YES
hptm4623.jpg,0.6444,YES
hptm4624.jpg,0.6273,YES
hptm4625.jpg,0.6053,YES
hptm4626.jpg,0.3708,NO
hptm4627.jpg,0.5853,YES
hptm4628.jpg,0.4630,NO
hptm4631.jpg,0.6079,YES
hptm4629.jpg,0.5570,YES
hptm4630.jpg,0.5426,YES
hptm4632.jpg,0.5658,YES
hptm4633.jpg,0.5307,YES
hptm4634.jpg,0.6500,YES
hptm4635.jpg,0.6636,YES
hptm4636.jpg,0.4780,NO
hptm4637.jpg,0.5689,YES
hptm4640.jpg,0.5737,YES
hptm4638.jpg,0.6195,YES
hptm4641.jpg,0.5670,YES
hptm4639.jpg,0.1298,NO
hptm4642.jpg,0.6406,YES
hptm4643.jpg,0.5721,YES
hptm4644.jpg,0.6146,YES
hptm4645.jpg,0.5821,YES
hptm4646.jpg,0.5697,YES
hptm4648.jpg,0.6457,YES
hptm4650.jpg,0.1757,NO
hptm4651.jpg,0.6269,YES
hptm4647.jpg,0.6347,YES
hptm4649.jpg,0.6829,YES
hptm4652.jpg,0.5610,YES
hptm4653.jpg,0.6665,YES
hptm4654.jpg,0.6025,YES
hptm4656.jpg,0.6437,YES
hptm4657.jpg,0.6750,YES
hptm4659.jpg,0.5820,YES
hptm4662.jpg,0.6306,YES
hptm4660.jpg,0.4033,NO
hptm4661.jpg,0.6150,YES
hptm4663.jpg,0.6819,YES
hptm4664.jpg,0.6670,YES
hptm4665.jpg,0.6315,YES
hptm4666.jpg,0.6127,YES
hptm4667.jpg,0.6536,YES
hptm4668.jpg,0.5398,YES
hptm4669.jpg,0.6694,YES
hptm4670.jpg,0.4689,NO
hptm4671.jpg,0.5925,YES
hptm4672.jpg,0.5000,YES
hptm4673.jpg,0.6482,YES
hptm4675.jpg,0.6149,YES
hptm4676.jpg,0.4550,NO
hptm4677.jpg,0.6164,YES
hptm4680.jpg,0.6248,YES
hptm4679.jpg,0.5120,YES
hptm4678.jpg,0.4089,NO
hptm4681.jpg,0.4095,NO
hptm4682.jpg,0.6127,YES
hptm4685.jpg,0.5817,YES
hptm4684.jpg,0.6663,YES
hptm4686.jpg,0.6387,YES
hptm4687.jpg,0.6247,YES
hptm4690.jpg,0.1410,NO
hptm4691.jpg,0.6116,YES
hptm4689.jpg,0.4235,NO
hptm4688.jpg,0.5740,YES
hptm4692.jpg,0.5209,YES
hptm4693.jpg,0.6013,YES
hptm4694.jpg,0.6036,YES
hptm4695.jpg,0.6426,YES
hptm4697.jpg,0.5750,YES
hptm4696.jpg,0.6203,YES
hptm4700.jpg,0.6576,YES
hptm4701.jpg,0.6284,YES
hptm4703.jpg,0.4818,NO
hptm4698.jpg,0.1460,NO
hptm4699.jpg,0.6586,YES
hptm4704.jpg,0.5653,YES
hptm4705.jpg,0.5953,YES
hptm4706.jpg,0.5841,YES
hptm4708.jpg,0.2739,NO
hptm4707.jpg,0.6556,YES
hptm4709.jpg,0.5531,YES
hptm4710.jpg,0.6275,YES
hptm4711.jpg,0.6483,YES
hptm4712.jpg,0.6535,YES
hptm4713.jpg,0.6093,YES
hptm4714.jpg,0.6781,YES
hptm4715.jpg,0.5286,YES
hptm4717.jpg,0.5325,YES
hptm4718.jpg,0.6357,YES
hptm4721.jpg,0.5392,YES
hptm4719.jpg,0.5834,YES
hptm4722.jpg,0.5699,YES
hptm4720.jpg,0.6019,YES
hptm4723.jpg,0.6486,YES
hptm4724.jpg,0.6515,YES
hptm4725.jpg,0.6655,YES
hptm4726.jpg,0.5586,YES
hptm4727.jpg,0.5707,YES
hptm4729.jpg,0.6025,YES
hptm4730.jpg,0.5393,YES
hptm4728.jpg,0.2520,NO
hptm473.jpg,0.6375,YES
hptm4732.jpg,0.6028,YES
hptm4733.jpg,0.6288,YES
hptm4734.jpg,0.6583,YES
hptm4735.jpg,0.5378,YES
hptm4736.jpg,0.5665,YES
hptm4737.jpg,0.5226,YES
hptm474.jpg,0.6389,YES
hptm4740.jpg,0.1267,NO
hptm4739.jpg,0.5943,YES
hptm4738.jpg,0.3817,NO
hptm4741.jpg,0.6345,YES
hptm4742.jpg,0.6402,YES
hptm4743.jpg,0.5776,YES
hptm4744.jpg,0.6089,YES
hptm4745.jpg,0.6718,YES
hptm4746.jpg,0.5276,YES
hptm4749.jpg,0.3568,NO
hptm4747.jpg,0.1828,NO
hptm4748.jpg,0.6222,YES
hptm475.jpg,0.5651,YES
hptm4751.jpg,0.4319,NO
hptm4755.jpg,0.7121,YES
hptm4763.jpg,0.7023,YES
hptm4767.jpg,0.7666,YES
hptm4768.jpg,0.7389,YES
hptm4769.jpg,0.6807,YES
hptm4770.jpg,0.6266,YES
hptm4771.jpg,0.7140,YES
hptm4772.jpg,0.6292,YES
hptm4774.jpg,0.3033,NO
hptm4775.jpg,0.6436,YES
hptm4776.jpg,0.7324,YES
hptm4778.jpg,0.6340,YES
hptm4783.jpg,0.2415,NO
hptm4782.jpg,0.6516,YES
hptm4781.jpg,0.5680,YES
hptm4779.jpg,0.5916,YES
hptm4784.jpg,0.5890,YES
hptm4785.jpg,0.5206,YES
hptm4787.jpg,0.6401,YES
hptm4789.jpg,0.6362,YES
hptm4790.jpg,0.6845,YES
hptm479.jpg,0.3304,NO
hptm4791.jpg,0.6430,YES
hptm4792.jpg,0.1445,NO
hptm4793.jpg,0.6454,YES
hptm4794.jpg,0.5318,YES
hptm4795.jpg,0.6751,YES
hptm4796.jpg,0.5062,YES
hptm4797.jpg,0.4899,NO
hptm4798.jpg,0.5109,YES
hptm4801.jpg,0.6564,YES
hptm4799.jpg,0.5546,YES
hptm4800.jpg,0.6427,YES
hptm4802.jpg,0.4637,NO
hptm4803.jpg,0.4916,NO
hptm4804.jpg,0.5429,YES
hptm4806.jpg,0.5100,YES
hptm4805.jpg,0.1411,NO
hptm4807.jpg,0.6494,YES
hptm4810.jpg,0.6021,YES
hptm4811.jpg,0.5555,YES
hptm4809.jpg,0.3084,NO
hptm4808.jpg,0.5805,YES
hptm4812.jpg,0.6337,YES
hptm4813.jpg,0.6450,YES
hptm4814.jpg,0.5410,YES
hptm4815.jpg,0.6061,YES
hptm4816.jpg,0.5693,YES
hptm4817.jpg,0.4939,NO
hptm4818.jpg,0.6167,YES
hptm4820.jpg,0.6650,YES
hptm4819.jpg,0.6427,YES
hptm4821.jpg,0.6981,YES
hptm4822.jpg,0.6639,YES
hptm4825.jpg,0.6527,YES
hptm4827.jpg,0.6215,YES
hptm4826.jpg,0.6688,YES
hptm4829.jpg,0.5421,YES
hptm4828.jpg,0.2579,NO
hptm4831.jpg,0.5421,YES
hptm4830.jpg,0.5482,YES
hptm4832.jpg,0.5222,YES
hptm4833.jpg,0.5518,YES
hptm4836.jpg,0.6076,YES
hptm4837.jpg,0.7139,YES
hptm4840.jpg,0.6231,YES
hptm4842.jpg,0.6166,YES
hptm4841.jpg,0.6582,YES
hptm4845.jpg,0.5697,YES
hptm4846.jpg,0.5345,YES
hptm4844.jpg,0.6286,YES
hptm4847.jpg,0.6078,YES
hptm4848.jpg,0.6442,YES
hptm4849.jpg,0.5599,YES
hptm4850.jpg,0.5538,YES
hptm4852.jpg,0.5326,YES
hptm4851.jpg,0.5725,YES
hptm4854.jpg,0.5254,YES
hptm4855.jpg,0.5527,YES
hptm4856.jpg,0.5856,YES
hptm4857.jpg,0.6578,YES
hptm4858.jpg,0.3236,NO
hptm4859.jpg,0.6737,YES
hptm4860.jpg,0.5693,YES
hptm4862.jpg,0.2769,NO
hptm4861.jpg,0.6100,YES
hptm4864.jpg,0.6465,YES
hptm4865.jpg,0.5681,YES
hptm4863.jpg,0.6117,YES
hptm4866.jpg,0.6107,YES
hptm4867.jpg,0.6516,YES
hptm4869.jpg,0.5932,YES
hptm4870.jpg,0.6875,YES
hptm4873.jpg,0.6479,YES
hptm4874.jpg,0.6155,YES
hptm4872.jpg,0.6387,YES
hptm4876.jpg,0.6749,YES
hptm4875.jpg,0.6313,YES
hptm4878.jpg,0.6793,YES
hptm4880.jpg,0.6363,YES
hptm4881.jpg,0.6471,YES
hptm4882.jpg,0.6602,YES
hptm4887.jpg,0.7074,YES
hptm4894.jpg,0.7173,YES
hptm4892.jpg,0.6248,YES
hptm4899.jpg,0.6303,YES
hptm4895.jpg,0.7265,YES
hptm4903.jpg,0.6542,YES
hptm4907.jpg,0.6651,YES
hptm4911.jpg,0.5780,YES
hptm4912.jpg,0.6513,YES
hptm4913.jpg,0.6666,YES
hptm4915.jpg,0.6786,YES
hptm4914.jpg,0.6057,YES
hptm4918.jpg,0.5744,YES
hptm4917.jpg,0.7045,YES
hptm4919.jpg,0.5908,YES
hptm4920.jpg,0.6153,YES
hptm4921.jpg,0.6197,YES
hptm4922.jpg,0.6021,YES
hptm4923.jpg,0.6858,YES
hptm4925.jpg,0.6377,YES
hptm4924.jpg,0.5268,YES
hptm4927.jpg,0.6215,YES
hptm4926.jpg,0.5860,YES
hptm4928.jpg,0.5578,YES
hptm4929.jpg,0.6355,YES
hptm4930.jpg,0.5566,YES
hptm4931.jpg,0.5746,YES
hptm4932.jpg,0.4794,NO
hptm4934.jpg,0.6573,YES
hptm4937.jpg,0.5734,YES
hptm4938.jpg,0.5940,YES
hptm4935.jpg,0.6685,YES
hptm4933.jpg,0.6381,YES
hptm4940.jpg,0.6291,YES
hptm4939.jpg,0.6313,YES
hptm4941.jpg,0.6437,YES
hptm4942.jpg,0.5880,YES
hptm4948.jpg,0.5470,YES
hptm4952.jpg,0.6688,YES
hptm4960.jpg,0.6696,YES
hptm4955.jpg,0.6658,YES
hptm4959.jpg,0.6555,YES
hptm4956.jpg,0.6678,YES
hptm4961.jpg,0.6480,YES
hptm4962.jpg,0.6604,YES
hptm4963.jpg,0.6311,YES
hptm4964.jpg,0.6748,YES
hptm4965.jpg,0.6334,YES
hptm4967.jpg,0.6422,YES
hptm4966.jpg,0.6628,YES
hptm4968.jpg,0.6509,YES
hptm4969.jpg,0.6298,YES
hptm4970.jpg,0.3899,NO
hptm4971.jpg,0.6083,YES
hptm4972.jpg,0.6109,YES
hptm4973.jpg,0.6072,YES
hptm4974.jpg,0.6942,YES
hptm4975.jpg,0.6732,YES
hptm4977.jpg,0.6315,YES
hptm4976.jpg,0.6155,YES
hptm4978.jpg,0.6483,YES
hptm4979.jpg,0.6532,YES
hptm4980.jpg,0.6568,YES
hptm4981.jpg,0.4750,NO
hptm4982.jpg,0.4297,NO
hptm4984.jpg,0.5245,YES
hptm4983.jpg,0.5136,YES
hptm4996.jpg,0.5832,YES
hptm4995.jpg,0.6155,YES
hptm4999.jpg,0.1168,NO
hptm5000.jpg,0.5287,YES
hptm5003.jpg,0.5884,YES
hptm5004.jpg,0.5879,YES
hptm5006.jpg,0.4951,NO
hptm5008.jpg,0.6654,YES
hptm5012.jpg,0.5327,YES
hptm5007.jpg,0.5974,YES
hptm5013.jpg,0.6335,YES
hptm5010.jpg,0.5582,YES
hptm5015.jpg,0.5981,YES
hptm5016.jpg,0.6000,YES
hptm5017.jpg,0.6346,YES
hptm5018.jpg,0.6368,YES
hptm5021.jpg,0.6114,YES
hptm5025.jpg,0.2482,NO
hptm5022.jpg,0.5358,YES
hptm5036.jpg,0.6275,YES
hptm5035.jpg,0.5984,YES
hptm5037.jpg,0.1119,NO
hptm5038.jpg,0.5537,YES
hptm5039.jpg,0.5874,YES
hptm5040.jpg,0.5977,YES
hptm5041.jpg,0.6209,YES
hptm5043.jpg,0.6177,YES
hptm5042.jpg,0.6272,YES
hptm5045.jpg,0.5059,YES
hptm5044.jpg,0.5169,YES
hptm5046.jpg,0.5133,YES
hptm5047.jpg,0.6675,YES
hptm5048.jpg,0.5950,YES
hptm5051.jpg,0.5396,YES
hptm5055.jpg,0.6676,YES
hptm5063.jpg,0.6584,YES
hptm5059.jpg,0.5610,YES
hptm5067.jpg,0.5480,YES
hptm5070.jpg,0.5739,YES
hptm5072.jpg,0.5597,YES
hptm5068.jpg,0.5016,YES
hptm5073.jpg,0.5286,YES
hptm5075.jpg,0.5678,YES
hptm5077.jpg,0.5975,YES
hptm5078.jpg,0.6258,YES
hptm5081.jpg,0.5884,YES
hptm5082.jpg,0.6535,YES
hptm5083.jpg,0.6028,YES
hptm5079.jpg,0.6069,YES
hptm5084.jpg,0.5647,YES
hptm5086.jpg,0.5597,YES
hptm5085.jpg,0.6200,YES
hptm5087.jpg,0.4881,NO
hptm5088.jpg,0.6006,YES
hptm5090.jpg,0.5228,YES
hptm5089.jpg,0.5720,YES
hptm5091.jpg,0.2585,NO
hptm5092.jpg,0.6387,YES
hptm5093.jpg,0.5317,YES
hptm5094.jpg,0.5643,YES
hptm5097.jpg,0.5817,YES
hptm5096.jpg,0.4747,NO
hptm5098.jpg,0.5776,YES
hptm5095.jpg,0.5615,YES
hptm51.jpg,0.7031,YES
hptm5100.jpg,0.5211,YES
hptm5101.jpg,0.6388,YES
hptm5102.jpg,0.1351,NO
hptm5103.jpg,0.6198,YES
hptm5107.jpg,0.6699,YES
hptm5111.jpg,0.6296,YES
hptm5114.jpg,0.6039,YES
hptm5117.jpg,0.5939,YES
hptm5118.jpg,0.4986,NO
hptm5115.jpg,0.5984,YES
hptm5119.jpg,0.5894,YES
hptm512.jpg,0.5554,YES
hptm5120.jpg,0.6246,YES
hptm5121.jpg,0.5663,YES
hptm5123.jpg,0.5970,YES
hptm5122.jpg,0.6027,YES
hptm5125.jpg,0.6769,YES
hptm5130.jpg,0.2506,NO
hptm5127.jpg,0.5721,YES
hptm5131.jpg,0.5387,YES
hptm5134.jpg,0.5785,YES
hptm5135.jpg,0.5183,YES
hptm5136.jpg,0.6578,YES
hptm5138.jpg,0.5945,YES
hptm5137.jpg,0.5687,YES
hptm5139.jpg,0.6628,YES
hptm5140.jpg,0.6193,YES
hptm5141.jpg,0.6595,YES
hptm5143.jpg,0.6565,YES
hptm5145.jpg,0.6451,YES
hptm5146.jpg,0.5151,YES
hptm5147.jpg,0.6712,YES
hptm5149.jpg,0.6413,YES
hptm5148.jpg,0.6684,YES
hptm5151.jpg,0.1057,NO
hptm5152.jpg,0.5880,YES
hptm5153.jpg,0.6370,YES
hptm5150.jpg,0.6289,YES
hptm5154.jpg,0.5856,YES
hptm5155.jpg,0.5786,YES
hptm5156.jpg,0.5745,YES
hptm5157.jpg,0.4849,NO
hptm5158.jpg,0.6635,YES
hptm5160.jpg,0.1942,NO
hptm5159.jpg,0.6811,YES
hptm5161.jpg,0.5831,YES
hptm5162.jpg,0.6345,YES
hptm5163.jpg,0.5390,YES
hptm5164.jpg,0.6166,YES
hptm5166.jpg,0.6586,YES
hptm5167.jpg,0.6619,YES
hptm5170.jpg,0.6336,YES
hptm5165.jpg,0.5446,YES
hptm5176.jpg,0.5895,YES
hptm5175.jpg,0.6344,YES
hptm5177.jpg,0.6628,YES
hptm5178.jpg,0.6948,YES
hptm5179.jpg,0.6414,YES
hptm5180.jpg,0.7032,YES
hptm5181.jpg,0.6428,YES
hptm5183.jpg,0.6713,YES
hptm5184.jpg,0.6956,YES
hptm5186.jpg,0.6195,YES
hptm5185.jpg,0.6269,YES
hptm5187.jpg,0.6866,YES
hptm5188.jpg,0.7138,YES
hptm5190.jpg,0.6238,YES
hptm5191.jpg,0.6762,YES
hptm5193.jpg,0.6638,YES
hptm5194.jpg,0.6927,YES
hptm5192.jpg,0.6785,YES
hptm5197.jpg,0.7005,YES
hptm5195.jpg,0.6666,YES
hptm5198.jpg,0.6640,YES
hptm5199.jpg,0.6669,YES
hptm5200.jpg,0.6580,YES
hptm5203.jpg,0.6382,YES
hptm5201.jpg,0.6977,YES
hptm5206.jpg,0.6575,YES
hptm5207.jpg,0.7032,YES
hptm5208.jpg,0.6574,YES
hptm5209.jpg,0.6716,YES
hptm5211.jpg,0.6557,YES
hptm5212.jpg,0.6797,YES
hptm5213.jpg,0.5958,YES
hptm5214.jpg,0.5920,YES
hptm5216.jpg,0.6014,YES
hptm5215.jpg,0.6395,YES
hptm5218.jpg,0.5665,YES
hptm5219.jpg,0.5936,YES
hptm5217.jpg,0.6113,YES
hptm5220.jpg,0.5170,YES
hptm5221.jpg,0.4813,NO
hptm5223.jpg,0.4550,NO
hptm5224.jpg,0.4619,NO
hptm5225.jpg,0.5142,YES
hptm5226.jpg,0.5110,YES
hptm5227.jpg,0.3164,NO
hptm523.jpg,0.6063,YES
hptm5230.jpg,0.1574,NO
hptm5229.jpg,0.6565,YES
hptm5231.jpg,0.6166,YES
hptm5232.jpg,0.6315,YES
hptm5236.jpg,0.5136,YES
hptm5235.jpg,0.6178,YES
hptm5233.jpg,0.6507,YES
hptm5237.jpg,0.5920,YES
hptm5238.jpg,0.5655,YES
hptm5240.jpg,0.5823,YES
hptm5239.jpg,0.6066,YES
hptm5241.jpg,0.5340,YES
hptm5242.jpg,0.5511,YES
hptm5243.jpg,0.4622,NO
hptm5245.jpg,0.5463,YES
hptm5246.jpg,0.5694,YES
hptm5244.jpg,0.5670,YES
hptm5247.jpg,0.5229,YES
hptm5249.jpg,0.5828,YES
hptm5248.jpg,0.6499,YES
hptm5250.jpg,0.5572,YES
hptm5251.jpg,0.5600,YES
hptm5253.jpg,0.5887,YES
hptm5252.jpg,0.5617,YES
hptm5255.jpg,0.5096,YES
hptm5254.jpg,0.6215,YES
hptm5256.jpg,0.5536,YES
hptm5258.jpg,0.5628,YES
hptm5259.jpg,0.6107,YES
hptm5260.jpg,0.5160,YES
hptm5261.jpg,0.6198,YES
hptm5262.jpg,0.6088,YES
hptm5263.jpg,0.7035,YES
hptm5265.jpg,0.6374,YES
hptm5264.jpg,0.6487,YES
hptm5267.jpg,0.6563,YES
hptm5268.jpg,0.6560,YES
hptm5266.jpg,0.6496,YES
hptm5269.jpg,0.7080,YES
hptm5270.jpg,0.5772,YES
hptm5271.jpg,0.6443,YES
hptm5272.jpg,0.6645,YES
hptm5274.jpg,0.4744,NO
hptm5276.jpg,0.3243,NO
hptm5275.jpg,0.4615,NO
hptm5277.jpg,0.3980,NO
hptm5279.jpg,0.3307,NO
hptm528.jpg,0.4528,NO
hptm5280.jpg,0.6583,YES
hptm5281.jpg,0.5604,YES
hptm5282.jpg,0.6251,YES
hptm5283.jpg,0.4444,NO
hptm5284.jpg,0.5067,YES
hptm5287.jpg,0.5176,YES
hptm5285.jpg,0.5313,YES
hptm5289.jpg,0.4880,NO
hptm529.jpg,0.4642,NO
hptm5290.jpg,0.5342,YES
hptm5293.jpg,0.2212,NO
hptm5292.jpg,0.4993,NO
hptm5291.jpg,0.5934,YES
hptm5294.jpg,0.4280,NO
hptm5297.jpg,0.4178,NO
hptm5299.jpg,0.5081,YES
hptm5295.jpg,0.5886,YES
hptm53.jpg,0.1571,NO
hptm5300.jpg,0.2472,NO
hptm5301.jpg,0.3051,NO
hptm5303.jpg,0.3862,NO
hptm5302.jpg,0.4077,NO
hptm5304.jpg,0.3203,NO
hptm5305.jpg,0.3717,NO
hptm5307.jpg,0.3554,NO
hptm5306.jpg,0.3491,NO
hptm5308.jpg,0.4903,NO
hptm5309.jpg,0.5895,YES
hptm531.jpg,0.2302,NO
hptm5311.jpg,0.5067,YES
hptm5312.jpg,0.5930,YES
hptm5310.jpg,0.5513,YES
hptm5313.jpg,0.5234,YES
hptm5314.jpg,0.5042,YES
hptm5315.jpg,0.3146,NO
hptm5316.jpg,0.4949,NO
hptm5317.jpg,0.3709,NO
hptm5318.jpg,0.3559,NO
hptm5319.jpg,0.5435,YES
hptm5320.jpg,0.4578,NO
hptm532.jpg,0.6419,YES
hptm5322.jpg,0.5297,YES
hptm5321.jpg,0.4756,NO
hptm5325.jpg,0.4430,NO
hptm5323.jpg,0.5957,YES
hptm5327.jpg,0.6087,YES
hptm5328.jpg,0.5929,YES
hptm5329.jpg,0.5410,YES
hptm5330.jpg,0.5542,YES
hptm5332.jpg,0.5227,YES
hptm5335.jpg,0.4337,NO
hptm5334.jpg,0.4536,NO
hptm5333.jpg,0.4502,NO
hptm5336.jpg,0.5053,YES
hptm5337.jpg,0.5140,YES
hptm5338.jpg,0.3805,NO
hptm5339.jpg,0.1576,NO
hptm534.jpg,0.5492,YES
hptm5340.jpg,0.4015,NO
hptm5341.jpg,0.1533,NO
hptm5345.jpg,0.5983,YES
hptm5344.jpg,0.5963,YES
hptm5346.jpg,0.5662,YES
hptm5347.jpg,0.5788,YES
hptm5349.jpg,0.1401,NO
hptm5351.jpg,0.5366,YES
hptm5350.jpg,0.4717,NO
hptm5348.jpg,0.6265,YES
hptm5352.jpg,0.6018,YES
hptm5354.jpg,0.4012,NO
hptm5353.jpg,0.5421,YES
hptm5355.jpg,0.4393,NO
hptm5356.jpg,0.4718,NO
hptm5357.jpg,0.3497,NO
hptm5358.jpg,0.5583,YES
hptm5360.jpg,0.2925,NO
hptm5359.jpg,0.4046,NO
hptm5361.jpg,0.3292,NO
hptm5363.jpg,0.5700,YES
hptm5362.jpg,0.4275,NO
hptm5364.jpg,0.4977,NO
hptm5365.jpg,0.5156,YES
hptm5366.jpg,0.4771,NO
hptm5367.jpg,0.3393,NO
hptm5368.jpg,0.4029,NO
hptm5369.jpg,0.5936,YES
hptm537.jpg,0.4565,NO
hptm5370.jpg,0.4084,NO
hptm5372.jpg,0.4214,NO
hptm5371.jpg,0.4619,NO
hptm5373.jpg,0.3068,NO
hptm5375.jpg,0.3214,NO
hptm5377.jpg,0.4079,NO
hptm5378.jpg,0.5102,YES
hptm5376.jpg,0.4340,NO
hptm538.jpg,0.2052,NO
hptm5381.jpg,0.6668,YES
hptm5379.jpg,0.4048,NO
hptm5383.jpg,0.4713,NO
hptm5384.jpg,0.5328,YES
hptm5385.jpg,0.5378,YES
hptm5386.jpg,0.4963,NO
hptm5387.jpg,0.3827,NO
hptm5388.jpg,0.5308,YES
hptm5389.jpg,0.4926,NO
hptm5392.jpg,0.4922,NO
hptm5393.jpg,0.1115,NO
hptm5391.jpg,0.5610,YES
hptm5394.jpg,0.4395,NO
hptm5395.jpg,0.5952,YES
hptm5397.jpg,0.4698,NO
hptm5396.jpg,0.4533,NO
hptm5398.jpg,0.5611,YES
hptm5399.jpg,0.4869,NO
hptm540.jpg,0.5941,YES
hptm5401.jpg,0.5029,YES
hptm5400.jpg,0.4612,NO
hptm5402.jpg,0.4729,NO
hptm5403.jpg,0.4328,NO
hptm5405.jpg,0.4352,NO
hptm5406.jpg,0.4989,NO
hptm5404.jpg,0.6048,YES
hptm5407.jpg,0.4747,NO
hptm5408.jpg,0.5470,YES
hptm5409.jpg,0.3781,NO
hptm541.jpg,0.5492,YES
hptm5410.jpg,0.4612,NO
hptm5411.jpg,0.5344,YES
hptm5412.jpg,0.4472,NO
hptm5415.jpg,0.5574,YES
hptm5413.jpg,0.5190,YES
hptm5416.jpg,0.4474,NO
hptm5418.jpg,0.4783,NO
hptm5417.jpg,0.4269,NO
hptm542.jpg,0.5956,YES
hptm5420.jpg,0.4377,NO
hptm5421.jpg,0.4267,NO
hptm5422.jpg,0.4671,NO
hptm5424.jpg,0.4340,NO
hptm5423.jpg,0.5624,YES
hptm5425.jpg,0.5422,YES
hptm5427.jpg,0.5595,YES
hptm5426.jpg,0.6054,YES
hptm5428.jpg,0.5430,YES
hptm5429.jpg,0.5211,YES
hptm543.jpg,0.4138,NO
hptm5430.jpg,0.4894,NO
hptm5432.jpg,0.5391,YES
hptm5431.jpg,0.5454,YES
hptm5433.jpg,0.5437,YES
hptm5435.jpg,0.6065,YES
hptm5436.jpg,0.4722,NO
hptm5434.jpg,0.4755,NO
hptm5437.jpg,0.6041,YES
hptm5438.jpg,0.5788,YES
hptm5439.jpg,0.5713,YES
hptm5440.jpg,0.1243,NO
hptm544.jpg,0.5829,YES
hptm5441.jpg,0.4656,NO
hptm5442.jpg,0.5282,YES
hptm5445.jpg,0.4506,NO
hptm5443.jpg,0.4900,NO
hptm5446.jpg,0.5137,YES
hptm5447.jpg,0.5375,YES
hptm5448.jpg,0.5444,YES
hptm545.jpg,0.5882,YES
hptm5449.jpg,0.4283,NO
hptm5450.jpg,0.4455,NO
hptm5451.jpg,0.4807,NO
hptm5453.jpg,0.6250,YES
hptm5452.jpg,0.4943,NO
hptm5454.jpg,0.5782,YES
hptm5455.jpg,0.5747,YES
hptm5456.jpg,0.6179,YES
hptm5458.jpg,0.6615,YES
hptm5457.jpg,0.5721,YES
hptm5459.jpg,0.1601,NO
hptm5460.jpg,0.6431,YES
hptm5462.jpg,0.2168,NO
hptm5461.jpg,0.1808,NO
hptm5463.jpg,0.5966,YES
hptm5464.jpg,0.6057,YES
hptm5466.jpg,0.5508,YES
hptm5468.jpg,0.6028,YES
hptm5467.jpg,0.5286,YES
hptm5469.jpg,0.4669,NO
hptm547.jpg,0.4588,NO
hptm5471.jpg,0.5287,YES
hptm5470.jpg,0.5730,YES
hptm5472.jpg,0.5668,YES
hptm5473.jpg,0.1966,NO
hptm5474.jpg,0.6453,YES
hptm5477.jpg,0.6718,YES
hptm5475.jpg,0.6514,YES
hptm5478.jpg,0.6876,YES
hptm5479.jpg,0.6392,YES
hptm548.jpg,0.3964,NO
hptm5481.jpg,0.6237,YES
hptm5480.jpg,0.6239,YES
hptm5482.jpg,0.6442,YES
hptm5483.jpg,0.6417,YES
hptm5485.jpg,0.6574,YES
hptm5484.jpg,0.6325,YES
hptm5486.jpg,0.7186,YES
hptm5488.jpg,0.6467,YES
hptm5489.jpg,0.7109,YES
hptm5487.jpg,0.6955,YES
hptm5490.jpg,0.7030,YES
hptm5491.jpg,0.6920,YES
hptm5492.jpg,0.6725,YES
hptm5495.jpg,0.6779,YES
hptm5493.jpg,0.6498,YES
hptm5496.jpg,0.6586,YES
hptm5497.jpg,0.7195,YES
hptm550.jpg,0.4153,NO
hptm5499.jpg,0.6529,YES
hptm5500.jpg,0.6696,YES
hptm5501.jpg,0.6516,YES
hptm5502.jpg,0.6570,YES
hptm5503.jpg,0.6150,YES
hptm5504.jpg,0.5978,YES
hptm5505.jpg,0.7202,YES
hptm5506.jpg,0.6885,YES
hptm5508.jpg,0.6585,YES
hptm5507.jpg,0.6615,YES
hptm5509.jpg,0.1911,NO
hptm551.jpg,0.4716,NO
hptm5511.jpg,0.6447,YES
hptm5512.jpg,0.6542,YES
hptm5513.jpg,0.5336,YES
hptm5510.jpg,0.6454,YES
hptm5514.jpg,0.6614,YES
hptm5516.jpg,0.6707,YES
hptm5515.jpg,0.5831,YES
hptm5517.jpg,0.6821,YES
hptm5519.jpg,0.6623,YES
hptm5518.jpg,0.7017,YES
hptm552.jpg,0.4654,NO
hptm5521.jpg,0.6086,YES
hptm5520.jpg,0.5490,YES
hptm5522.jpg,0.6478,YES
hptm5524.jpg,0.1018,NO
hptm5523.jpg,0.5211,YES
hptm5525.jpg,0.6301,YES
hptm5526.jpg,0.5637,YES
hptm5527.jpg,0.6368,YES
hptm5529.jpg,0.5800,YES
hptm5531.jpg,0.6099,YES
hptm553.jpg,0.6157,YES
hptm5532.jpg,0.6699,YES
hptm5533.jpg,0.5850,YES
hptm5534.jpg,0.5774,YES
hptm5535.jpg,0.6740,YES
hptm5536.jpg,0.6095,YES
hptm5537.jpg,0.6274,YES
hptm5538.jpg,0.6898,YES
hptm554.jpg,0.4452,NO
hptm5539.jpg,0.6299,YES
hptm5542.jpg,0.6381,YES
hptm5543.jpg,0.4934,NO
hptm5541.jpg,0.6122,YES
hptm5544.jpg,0.0862,NO
hptm5545.jpg,0.4985,NO
hptm5546.jpg,0.6107,YES
hptm5547.jpg,0.5768,YES
hptm5548.jpg,0.6345,YES
hptm5549.jpg,0.6949,YES
hptm555.jpg,0.6223,YES
hptm5551.jpg,0.6006,YES
hptm5552.jpg,0.6501,YES
hptm5550.jpg,0.6165,YES
hptm5553.jpg,0.5818,YES
hptm5554.jpg,0.6026,YES
hptm5555.jpg,0.6556,YES
hptm5558.jpg,0.5404,YES
hptm5559.jpg,0.6085,YES
hptm556.jpg,0.4092,NO
hptm5560.jpg,0.5877,YES
hptm5562.jpg,0.6135,YES
hptm5561.jpg,0.5688,YES
hptm5563.jpg,0.5427,YES
hptm5565.jpg,0.4154,NO
hptm5567.jpg,0.6080,YES
hptm5564.jpg,0.6163,YES
hptm5568.jpg,0.5390,YES
hptm5570.jpg,0.6118,YES
hptm5571.jpg,0.5880,YES
hptm5573.jpg,0.5169,YES
hptm5572.jpg,0.5686,YES
hptm5574.jpg,0.3889,NO
hptm5576.jpg,0.4655,NO
hptm5578.jpg,0.3289,NO
hptm5579.jpg,0.3821,NO
hptm5580.jpg,0.3537,NO
hptm5577.jpg,0.4597,NO
hptm5581.jpg,0.6021,YES
hptm5582.jpg,0.4086,NO
hptm5583.jpg,0.3774,NO
hptm5584.jpg,0.3311,NO
hptm5585.jpg,0.4838,NO
hptm5586.jpg,0.5678,YES
hptm5587.jpg,0.5668,YES
hptm5590.jpg,0.4884,NO
hptm5588.jpg,0.1628,NO
hptm5593.jpg,0.5285,YES
hptm5591.jpg,0.5853,YES
hptm5594.jpg,0.4756,NO
hptm5595.jpg,0.3774,NO
hptm5596.jpg,0.5456,YES
hptm5597.jpg,0.4853,NO
hptm5598.jpg,0.4632,NO
hptm5599.jpg,0.5889,YES
hptm56.jpg,0.5603,YES
hptm5600.jpg,0.5586,YES
hptm5602.jpg,0.6298,YES
hptm560.jpg,0.3599,NO
hptm5603.jpg,0.6888,YES
hptm5604.jpg,0.0644,NO
hptm5605.jpg,0.4554,NO
hptm5606.jpg,0.4745,NO
hptm5607.jpg,0.5798,YES
hptm5608.jpg,0.4244,NO
hptm561.jpg,0.5360,YES
hptm5611.jpg,0.6110,YES
hptm5610.jpg,0.5045,YES
hptm5612.jpg,0.5751,YES
hptm5613.jpg,0.4690,NO
hptm5615.jpg,0.6063,YES
hptm5616.jpg,0.4765,NO
hptm5617.jpg,0.5240,YES
hptm5614.jpg,0.3430,NO
hptm5618.jpg,0.5041,YES
hptm5620.jpg,0.5976,YES
hptm5621.jpg,0.5293,YES
hptm5619.jpg,0.4602,NO
hptm5622.jpg,0.5513,YES
hptm5623.jpg,0.5897,YES
hptm5624.jpg,0.5139,YES
hptm5626.jpg,0.5737,YES
hptm5627.jpg,0.6440,YES
hptm5628.jpg,0.5666,YES
hptm5629.jpg,0.5877,YES
hptm563.jpg,0.4143,NO
hptm5630.jpg,0.4644,NO
hptm5632.jpg,0.5471,YES
hptm5633.jpg,0.4545,NO
hptm5635.jpg,0.5707,YES
hptm5636.jpg,0.5425,YES
hptm5637.jpg,0.4323,NO
hptm5634.jpg,0.4969,NO
hptm5639.jpg,0.5364,YES
hptm5638.jpg,0.5537,YES
hptm564.jpg,0.4901,NO
hptm5641.jpg,0.6380,YES
hptm5643.jpg,0.5889,YES
hptm5646.jpg,0.5165,YES
hptm5644.jpg,0.5741,YES
hptm5647.jpg,0.4815,NO
hptm5649.jpg,0.5052,YES
hptm5652.jpg,0.5155,YES
hptm565.jpg,0.4382,NO
hptm5654.jpg,0.1686,NO
hptm5655.jpg,0.5716,YES
hptm5656.jpg,0.5920,YES
hptm5651.jpg,0.4760,NO
hptm5657.jpg,0.6239,YES
hptm5658.jpg,0.5944,YES
hptm566.jpg,0.5160,YES
hptm5662.jpg,0.4722,NO
hptm5661.jpg,0.6131,YES
hptm5660.jpg,0.5621,YES
hptm5663.jpg,0.4038,NO
hptm5664.jpg,0.3743,NO
hptm5666.jpg,0.4059,NO
hptm5665.jpg,0.4372,NO
hptm5667.jpg,0.3676,NO
hptm5669.jpg,0.4235,NO
hptm5668.jpg,0.3869,NO
hptm5670.jpg,0.0992,NO
hptm567.jpg,0.5813,YES
hptm5671.jpg,0.3799,NO
hptm5672.jpg,0.4007,NO
hptm5675.jpg,0.6128,YES
hptm5674.jpg,0.6435,YES
hptm5676.jpg,0.6056,YES
hptm5677.jpg,0.6214,YES
hptm5678.jpg,0.6101,YES
hptm5680.jpg,0.5937,YES
hptm5679.jpg,0.6159,YES
hptm5681.jpg,0.1117,NO
hptm5682.jpg,0.4536,NO
hptm5685.jpg,0.1815,NO
hptm5684.jpg,0.5134,YES
hptm5686.jpg,0.4472,NO
hptm5683.jpg,0.5303,YES
hptm5687.jpg,0.4113,NO
hptm5688.jpg,0.5449,YES
hptm569.jpg,0.5220,YES
hptm5691.jpg,0.4784,NO
hptm5692.jpg,0.1091,NO
hptm5693.jpg,0.4993,NO
hptm5694.jpg,0.5370,YES
hptm5697.jpg,0.1909,NO
hptm5695.jpg,0.4687,NO
hptm5699.jpg,0.6520,YES
hptm5698.jpg,0.6455,YES
hptm570.jpg,0.6149,YES
hptm5700.jpg,0.6170,YES
hptm5702.jpg,0.4608,NO
hptm5703.jpg,0.4596,NO
hptm5704.jpg,0.4478,NO
hptm5705.jpg,0.4326,NO
hptm5706.jpg,0.6253,YES
hptm5708.jpg,0.5619,YES
hptm5709.jpg,0.4594,NO
hptm5707.jpg,0.4505,NO
hptm571.jpg,0.4669,NO
hptm5710.jpg,0.5188,YES
hptm5711.jpg,0.6236,YES
hptm5713.jpg,0.5644,YES
hptm5712.jpg,0.5255,YES
hptm5714.jpg,0.7110,YES
hptm5715.jpg,0.5456,YES
hptm5717.jpg,0.6502,YES
hptm5719.jpg,0.4970,NO
hptm5716.jpg,0.5715,YES
hptm572.jpg,0.4234,NO
hptm5721.jpg,0.6193,YES
hptm5722.jpg,0.6006,YES
hptm5723.jpg,0.5212,YES
hptm5724.jpg,0.4693,NO
hptm5725.jpg,0.4674,NO
hptm5726.jpg,0.6285,YES
hptm5728.jpg,0.4935,NO
hptm5727.jpg,0.5593,YES
hptm5729.jpg,0.4378,NO
hptm5730.jpg,0.5345,YES
hptm5731.jpg,0.4409,NO
hptm5732.jpg,0.5067,YES
hptm573.jpg,0.1273,NO
hptm5733.jpg,0.4911,NO
hptm5734.jpg,0.4625,NO
hptm5736.jpg,0.4922,NO
hptm5735.jpg,0.4116,NO
hptm5737.jpg,0.4853,NO
hptm5738.jpg,0.5725,YES
hptm5739.jpg,0.5785,YES
hptm5740.jpg,0.5331,YES
hptm5741.jpg,0.5961,YES
hptm574.jpg,0.5989,YES
hptm5742.jpg,0.5076,YES
hptm5743.jpg,0.5359,YES
hptm5745.jpg,0.4979,NO
hptm5744.jpg,0.5246,YES
hptm5747.jpg,0.4714,NO
hptm5749.jpg,0.5418,YES
hptm575.jpg,0.5751,YES
hptm5750.jpg,0.5127,YES
hptm5751.jpg,0.4660,NO
hptm5753.jpg,0.4662,NO
hptm5754.jpg,0.5751,YES
hptm5755.jpg,0.4965,NO
hptm5752.jpg,0.4901,NO
hptm5756.jpg,0.4703,NO
hptm5757.jpg,0.5258,YES
hptm5759.jpg,0.6153,YES
hptm5758.jpg,0.5137,YES
hptm576.jpg,0.6104,YES
hptm5760.jpg,0.4867,NO
hptm5762.jpg,0.4253,NO
hptm5764.jpg,0.4381,NO
hptm5765.jpg,0.4506,NO
hptm5763.jpg,0.5455,YES
hptm5766.jpg,0.4239,NO
hptm5769.jpg,0.4952,NO
hptm577.jpg,0.6770,YES
hptm5770.jpg,0.5283,YES
hptm5767.jpg,0.4162,NO
hptm5772.jpg,0.3901,NO
hptm5773.jpg,0.4571,NO
hptm5774.jpg,0.4701,NO
hptm5775.jpg,0.5415,YES
hptm5776.jpg,0.4566,NO
hptm5777.jpg,0.4178,NO
hptm5778.jpg,0.3745,NO
hptm578.jpg,0.6170,YES
hptm5779.jpg,0.4747,NO
hptm5780.jpg,0.5997,YES
hptm5782.jpg,0.5357,YES
hptm5781.jpg,0.1022,NO
hptm5783.jpg,0.5595,YES
hptm5785.jpg,0.5180,YES
hptm5786.jpg,0.4847,NO
hptm5787.jpg,0.5477,YES
hptm5789.jpg,0.5553,YES
hptm5788.jpg,0.5400,YES
hptm579.jpg,0.1381,NO
hptm5791.jpg,0.5075,YES
hptm5790.jpg,0.4894,NO
hptm5792.jpg,0.6440,YES
hptm5793.jpg,0.5125,YES
hptm5794.jpg,0.5707,YES
hptm5795.jpg,0.4585,NO
hptm5798.jpg,0.4947,NO
hptm5796.jpg,0.5108,YES
hptm5799.jpg,0.5200,YES
hptm5800.jpg,0.4905,NO
hptm5801.jpg,0.5494,YES
hptm580.jpg,0.5563,YES
hptm5802.jpg,0.5716,YES
hptm5803.jpg,0.6274,YES
hptm5804.jpg,0.4729,NO
hptm5806.jpg,0.4857,NO
hptm5805.jpg,0.5380,YES
hptm5807.jpg,0.5626,YES
hptm5808.jpg,0.4693,NO
hptm581.jpg,0.6323,YES
hptm5809.jpg,0.4644,NO
hptm5810.jpg,0.2114,NO
hptm5812.jpg,0.2262,NO
hptm5813.jpg,0.4122,NO
hptm5815.jpg,0.5408,YES
hptm5816.jpg,0.5013,YES
hptm5817.jpg,0.2157,NO
hptm5814.jpg,0.6785,YES
hptm5819.jpg,0.1859,NO
hptm5818.jpg,0.6399,YES
hptm582.jpg,0.5951,YES
hptm5821.jpg,0.5470,YES
hptm5822.jpg,0.5436,YES
hptm5823.jpg,0.4658,NO
hptm5824.jpg,0.5580,YES
hptm5826.jpg,0.5661,YES
hptm5825.jpg,0.6980,YES
hptm5828.jpg,0.4121,NO
hptm5829.jpg,0.5323,YES
hptm5827.jpg,0.4920,NO
hptm583.jpg,0.5432,YES
hptm5830.jpg,0.4860,NO
hptm5831.jpg,0.4792,NO
hptm5832.jpg,0.5152,YES
hptm5834.jpg,0.5654,YES
hptm5833.jpg,0.4491,NO
hptm5835.jpg,0.4451,NO
hptm5836.jpg,0.4645,NO
hptm5837.jpg,0.0929,NO
hptm5838.jpg,0.5174,YES
hptm5839.jpg,0.6068,YES
hptm584.jpg,0.6100,YES
hptm5840.jpg,0.4306,NO
hptm5842.jpg,0.3764,NO
hptm5841.jpg,0.3784,NO
hptm5845.jpg,0.4446,NO
hptm5844.jpg,0.4511,NO
hptm5843.jpg,0.5007,YES
hptm5846.jpg,0.4193,NO
hptm5847.jpg,0.5306,YES
hptm5849.jpg,0.4662,NO
hptm5848.jpg,0.5267,YES
hptm5850.jpg,0.3918,NO
hptm5851.jpg,0.4347,NO
hptm585.jpg,0.5986,YES
hptm5853.jpg,0.4099,NO
hptm5854.jpg,0.1939,NO
hptm5852.jpg,0.4102,NO
hptm5855.jpg,0.4745,NO
hptm5857.jpg,0.4425,NO
hptm5858.jpg,0.3791,NO
hptm5859.jpg,0.6163,YES
hptm5860.jpg,0.4763,NO
hptm586.jpg,0.4602,NO
hptm5861.jpg,0.4782,NO
hptm5864.jpg,0.2105,NO
hptm5862.jpg,0.5683,YES
hptm5865.jpg,0.6516,YES
hptm5866.jpg,0.6723,YES
hptm5867.jpg,0.6673,YES
hptm5868.jpg,0.6764,YES
hptm587.jpg,0.4506,NO
hptm5869.jpg,0.5988,YES
hptm5870.jpg,0.5772,YES
hptm5872.jpg,0.6405,YES
hptm5871.jpg,0.6554,YES
hptm5873.jpg,0.5915,YES
hptm5874.jpg,0.6417,YES
hptm5875.jpg,0.6507,YES
hptm5876.jpg,0.6490,YES
hptm5878.jpg,0.6426,YES
hptm5879.jpg,0.6446,YES
hptm5877.jpg,0.5964,YES
hptm5880.jpg,0.6656,YES
hptm588.jpg,0.5437,YES
hptm5881.jpg,0.6114,YES
hptm5882.jpg,0.6385,YES
hptm5883.jpg,0.6697,YES
hptm5884.jpg,0.6493,YES
hptm5885.jpg,0.6623,YES
hptm5886.jpg,0.2321,NO
hptm5887.jpg,0.6726,YES
hptm5889.jpg,0.5967,YES
hptm5888.jpg,0.6065,YES
hptm589.jpg,0.4777,NO
hptm5890.jpg,0.6738,YES
hptm5891.jpg,0.6089,YES
hptm5892.jpg,0.4984,NO
hptm5894.jpg,0.6513,YES
hptm5893.jpg,0.6383,YES
hptm5895.jpg,0.5878,YES
hptm5897.jpg,0.6772,YES
hptm5898.jpg,0.5926,YES
hptm5896.jpg,0.6772,YES
hptm590.jpg,0.8026,YES
hptm5899.jpg,0.5911,YES
hptm5900.jpg,0.6511,YES
hptm5902.jpg,0.4837,NO
hptm5901.jpg,0.5876,YES
hptm5904.jpg,0.5486,YES
hptm5905.jpg,0.5642,YES
hptm5907.jpg,0.5208,YES
hptm5906.jpg,0.6540,YES
hptm5908.jpg,0.6122,YES
hptm5909.jpg,0.6344,YES
hptm591.jpg,0.6061,YES
hptm5912.jpg,0.5518,YES
hptm5910.jpg,0.6097,YES
hptm5914.jpg,0.6307,YES
hptm5911.jpg,0.6059,YES
hptm5916.jpg,0.6099,YES
hptm5915.jpg,0.6152,YES
hptm5917.jpg,0.6920,YES
hptm5918.jpg,0.6054,YES
hptm5919.jpg,0.6054,YES
hptm592.jpg,0.4292,NO
hptm5920.jpg,0.6314,YES
hptm5922.jpg,0.5297,YES
hptm5921.jpg,0.5401,YES
hptm5924.jpg,0.5930,YES
hptm5923.jpg,0.5567,YES
hptm5926.jpg,0.5900,YES
hptm5927.jpg,0.5131,YES
hptm5929.jpg,0.6261,YES
hptm593.jpg,0.6970,YES
hptm5930.jpg,0.6431,YES
hptm5928.jpg,0.5918,YES
hptm5931.jpg,0.6314,YES
hptm5933.jpg,0.5842,YES
hptm5932.jpg,0.5896,YES
hptm5934.jpg,0.6266,YES
hptm5935.jpg,0.6648,YES
hptm5936.jpg,0.6962,YES
hptm5938.jpg,0.5801,YES
hptm594.jpg,0.2845,NO
hptm5939.jpg,0.5907,YES
hptm5941.jpg,0.6557,YES
hptm5944.jpg,0.6440,YES
hptm5943.jpg,0.6004,YES
hptm5947.jpg,0.6479,YES
hptm5948.jpg,0.6477,YES
hptm5949.jpg,0.6777,YES
hptm595.jpg,0.4727,NO
hptm5951.jpg,0.6655,YES
hptm5950.jpg,0.6582,YES
hptm5952.jpg,0.6771,YES
hptm5953.jpg,0.6199,YES
hptm5954.jpg,0.6470,YES
hptm5955.jpg,0.6329,YES
hptm5956.jpg,0.6676,YES
hptm5958.jpg,0.6155,YES
hptm5959.jpg,0.6497,YES
hptm5960.jpg,0.4804,NO
hptm596.jpg,0.6111,YES
hptm5962.jpg,0.5373,YES
hptm5961.jpg,0.3515,NO
hptm5963.jpg,0.5967,YES
hptm5964.jpg,0.4959,NO
hptm5965.jpg,0.5155,YES
hptm5967.jpg,0.5361,YES
hptm5968.jpg,0.4360,NO
hptm5969.jpg,0.4780,NO
hptm597.jpg,0.6419,YES
hptm5971.jpg,0.4566,NO
hptm5972.jpg,0.4789,NO
hptm5973.jpg,0.5735,YES
hptm5970.jpg,0.6662,YES
hptm5975.jpg,0.5877,YES
hptm5974.jpg,0.5582,YES
hptm5977.jpg,0.5808,YES
hptm5978.jpg,0.5426,YES
hptm5976.jpg,0.5748,YES
hptm5979.jpg,0.4880,NO
hptm598.jpg,0.6195,YES
hptm5980.jpg,0.5201,YES
hptm5981.jpg,0.6261,YES
hptm5982.jpg,0.5428,YES
hptm5983.jpg,0.5291,YES
hptm5985.jpg,0.5136,YES
hptm5987.jpg,0.4776,NO
hptm5988.jpg,0.4991,NO
hptm5986.jpg,0.4676,NO
hptm5989.jpg,0.5568,YES
hptm599.jpg,0.6310,YES
hptm5990.jpg,0.5442,YES
hptm5991.jpg,0.4884,NO
hptm5992.jpg,0.6418,YES
hptm5994.jpg,0.4777,NO
hptm5995.jpg,0.6014,YES
hptm5996.jpg,0.4851,NO
hptm5998.jpg,0.4821,NO
hptm5997.jpg,0.4806,NO
hptm5999.jpg,0.5348,YES
hptm600.jpg,0.5256,YES
hptm6001.jpg,0.5615,YES
hptm6002.jpg,0.4727,NO
hptm6003.jpg,0.6127,YES
hptm6004.jpg,0.4617,NO
hptm6005.jpg,0.4519,NO
hptm6009.jpg,0.5153,YES
hptm6008.jpg,0.5818,YES
hptm6007.jpg,0.5281,YES
hptm601.jpg,0.5677,YES
hptm6010.jpg,0.4948,NO
hptm6011.jpg,0.3137,NO
hptm6013.jpg,0.4587,NO
hptm6012.jpg,0.2416,NO
hptm6015.jpg,0.4743,NO
hptm6014.jpg,0.6388,YES
hptm6017.jpg,0.5013,YES
hptm6016.jpg,0.5431,YES
hptm6019.jpg,0.5721,YES
hptm602.jpg,0.5090,YES
hptm6020.jpg,0.4627,NO
hptm6023.jpg,0.4353,NO
hptm6022.jpg,0.4540,NO
hptm6024.jpg,0.4695,NO
hptm6021.jpg,0.4441,NO
hptm6026.jpg,0.4681,NO
hptm6027.jpg,0.3810,NO
hptm6025.jpg,0.6418,YES
hptm6028.jpg,0.4941,NO
hptm6029.jpg,0.5087,YES
hptm603.jpg,0.5088,YES
hptm6030.jpg,0.4772,NO
hptm6032.jpg,0.4638,NO
hptm6031.jpg,0.4871,NO
hptm6033.jpg,0.4180,NO
hptm6034.jpg,0.5871,YES
hptm6035.jpg,0.5383,YES
hptm6036.jpg,0.6300,YES
hptm6038.jpg,0.5372,YES
hptm6039.jpg,0.5110,YES
hptm604.jpg,0.4044,NO
hptm6042.jpg,0.5159,YES
hptm6040.jpg,0.5355,YES
hptm6045.jpg,0.5062,YES
hptm6043.jpg,0.5296,YES
hptm6046.jpg,0.4968,NO
hptm6047.jpg,0.7213,YES
hptm6048.jpg,0.6393,YES
hptm6049.jpg,0.5343,YES
hptm605.jpg,0.4572,NO
hptm6050.jpg,0.5290,YES
hptm6051.jpg,0.5842,YES
hptm6053.jpg,0.6493,YES
hptm6054.jpg,0.6366,YES
hptm6055.jpg,0.6378,YES
hptm6056.jpg,0.6115,YES
hptm6057.jpg,0.6330,YES
hptm6058.jpg,0.4950,NO
hptm606.jpg,0.6049,YES
hptm6059.jpg,0.6722,YES
hptm6062.jpg,0.4101,NO
hptm6063.jpg,0.4518,NO
hptm6064.jpg,0.5654,YES
hptm6061.jpg,0.6191,YES
hptm6065.jpg,0.5600,YES
hptm6067.jpg,0.5737,YES
hptm6068.jpg,0.3981,NO
hptm6070.jpg,0.6946,YES
hptm6072.jpg,0.5138,YES
hptm6074.jpg,0.6065,YES
hptm607.jpg,0.5587,YES
hptm6076.jpg,0.2022,NO
hptm6077.jpg,0.5307,YES
hptm6075.jpg,0.4036,NO
hptm6078.jpg,0.5284,YES
hptm6079.jpg,0.5675,YES
hptm608.jpg,0.5829,YES
hptm6080.jpg,0.4730,NO
hptm6082.jpg,0.5104,YES
hptm6081.jpg,0.6925,YES
hptm6084.jpg,0.4422,NO
hptm6085.jpg,0.3609,NO
hptm6086.jpg,0.4479,NO
hptm6087.jpg,0.5332,YES
hptm6088.jpg,0.4570,NO
hptm6089.jpg,0.3472,NO
hptm609.jpg,0.6203,YES
hptm6091.jpg,0.3587,NO
hptm6090.jpg,0.5250,YES
hptm6092.jpg,0.6792,YES
hptm6093.jpg,0.4497,NO
hptm6094.jpg,0.4521,NO
hptm6095.jpg,0.1987,NO
hptm6096.jpg,0.5995,YES
hptm6098.jpg,0.5234,YES
hptm6097.jpg,0.6242,YES
hptm610.jpg,0.5334,YES
hptm6102.jpg,0.6218,YES
hptm6101.jpg,0.6429,YES
hptm6103.jpg,0.6236,YES
hptm6104.jpg,0.5633,YES
hptm6106.jpg,0.5729,YES
hptm6107.jpg,0.2046,NO
hptm6108.jpg,0.5673,YES
hptm611.jpg,0.4789,NO
hptm6109.jpg,0.5659,YES
hptm6111.jpg,0.5394,YES
hptm6112.jpg,0.5236,YES
hptm6113.jpg,0.5649,YES
hptm6110.jpg,0.5755,YES
hptm6114.jpg,0.6450,YES
hptm6116.jpg,0.5096,YES
hptm6117.jpg,0.5843,YES
hptm612.jpg,0.3851,NO
hptm6120.jpg,0.5870,YES
hptm6121.jpg,0.6413,YES
hptm6119.jpg,0.4746,NO
hptm6124.jpg,0.4999,NO
hptm6123.jpg,0.5333,YES
hptm6125.jpg,0.6920,YES
hptm6126.jpg,0.6070,YES
hptm6127.jpg,0.6194,YES
hptm6128.jpg,0.1651,NO
hptm6129.jpg,0.6099,YES
hptm6130.jpg,0.6548,YES
hptm613.jpg,0.4200,NO
hptm6132.jpg,0.6131,YES
hptm6131.jpg,0.6111,YES
hptm6133.jpg,0.5807,YES
hptm6134.jpg,0.6181,YES
hptm6135.jpg,0.6796,YES
hptm6136.jpg,0.6965,YES
hptm6137.jpg,0.6575,YES
hptm6139.jpg,0.5545,YES
hptm6138.jpg,0.4295,NO
hptm614.jpg,0.4440,NO
hptm6140.jpg,0.6551,YES
hptm6141.jpg,0.6281,YES
hptm6142.jpg,0.6721,YES
hptm6143.jpg,0.6948,YES
hptm6144.jpg,0.6051,YES
hptm6145.jpg,0.5369,YES
hptm6146.jpg,0.5058,YES
hptm6148.jpg,0.3562,NO
hptm6147.jpg,0.6917,YES
hptm6149.jpg,0.6629,YES
hptm615.jpg,0.5037,YES
hptm6150.jpg,0.5561,YES
hptm6151.jpg,0.6238,YES
hptm6152.jpg,0.6344,YES
hptm6154.jpg,0.6538,YES
hptm6153.jpg,0.6280,YES
hptm6156.jpg,0.5537,YES
hptm6157.jpg,0.6275,YES
hptm6158.jpg,0.6791,YES
hptm616.jpg,0.4575,NO
hptm6162.jpg,0.5010,YES
hptm6163.jpg,0.4003,NO
hptm6164.jpg,0.3870,NO
hptm6165.jpg,0.6145,YES
hptm6167.jpg,0.6694,YES
hptm6168.jpg,0.6340,YES
hptm6169.jpg,0.6275,YES
hptm6166.jpg,0.6166,YES
hptm617.jpg,0.4665,NO
hptm6170.jpg,0.6204,YES
hptm6171.jpg,0.6776,YES
hptm6173.jpg,0.6535,YES
hptm6175.jpg,0.6340,YES
hptm6176.jpg,0.6331,YES
hptm6172.jpg,0.6784,YES
hptm6178.jpg,0.6582,YES
hptm6179.jpg,0.6296,YES
hptm6177.jpg,0.6705,YES
hptm618.jpg,0.6420,YES
hptm6180.jpg,0.6750,YES
hptm6182.jpg,0.6463,YES
hptm6181.jpg,0.6309,YES
hptm6184.jpg,0.6308,YES
hptm6185.jpg,0.5936,YES
hptm6183.jpg,0.6346,YES
hptm6187.jpg,0.5967,YES
hptm6188.jpg,0.2022,NO
hptm6189.jpg,0.5490,YES
hptm619.jpg,0.4953,NO
hptm6190.jpg,0.5139,YES
hptm6191.jpg,0.3724,NO
hptm6192.jpg,0.6183,YES
hptm6193.jpg,0.6872,YES
hptm6195.jpg,0.5485,YES
hptm6194.jpg,0.4492,NO
hptm6196.jpg,0.5132,YES
hptm6197.jpg,0.2066,NO
hptm6198.jpg,0.5254,YES
hptm6199.jpg,0.5215,YES
hptm620.jpg,0.5592,YES
hptm6203.jpg,0.6609,YES
hptm6200.jpg,0.4512,NO
hptm6204.jpg,0.5236,YES
hptm6205.jpg,0.5053,YES
hptm6206.jpg,0.5904,YES
hptm6207.jpg,0.6236,YES
hptm6208.jpg,0.5346,YES
hptm6209.jpg,0.6322,YES
hptm621.jpg,0.5373,YES
hptm6210.jpg,0.6060,YES
hptm6212.jpg,0.5250,YES
hptm6213.jpg,0.5533,YES
hptm6211.jpg,0.6212,YES
hptm6214.jpg,0.6680,YES
hptm6215.jpg,0.5150,YES
hptm6216.jpg,0.5183,YES
hptm6217.jpg,0.5893,YES
hptm6219.jpg,0.4121,NO
hptm6218.jpg,0.3775,NO
hptm622.jpg,0.4164,NO
hptm6221.jpg,0.4055,NO
hptm6220.jpg,0.4305,NO
hptm6223.jpg,0.3380,NO
hptm6224.jpg,0.3849,NO
hptm6225.jpg,0.5847,YES
hptm6226.jpg,0.5124,YES
hptm6227.jpg,0.4954,NO
hptm6228.jpg,0.2584,NO
hptm6229.jpg,0.5759,YES
hptm6231.jpg,0.5815,YES
hptm6230.jpg,0.6050,YES
hptm623.jpg,0.5510,YES
hptm6232.jpg,0.5760,YES
hptm6233.jpg,0.4522,NO
hptm6235.jpg,0.5989,YES
hptm6236.jpg,0.6498,YES
hptm6234.jpg,0.4739,NO
hptm6238.jpg,0.5848,YES
hptm6237.jpg,0.5460,YES
hptm6239.jpg,0.5662,YES
hptm624.jpg,0.3724,NO
hptm6240.jpg,0.5391,YES
hptm6241.jpg,0.5661,YES
hptm6242.jpg,0.4600,NO
hptm6244.jpg,0.4943,NO
hptm6246.jpg,0.5549,YES
hptm6243.jpg,0.5218,YES
hptm6249.jpg,0.5019,YES
hptm6247.jpg,0.6272,YES
hptm625.jpg,0.5363,YES
hptm6250.jpg,0.4154,NO
hptm6251.jpg,0.5411,YES
hptm6252.jpg,0.6600,YES
hptm6253.jpg,0.6853,YES
hptm6255.jpg,0.6643,YES
hptm6254.jpg,0.6200,YES
hptm6259.jpg,0.4279,NO
hptm6257.jpg,0.6012,YES
hptm626.jpg,0.4805,NO
hptm6260.jpg,0.5177,YES
hptm6261.jpg,0.5547,YES
hptm6262.jpg,0.5562,YES
hptm6263.jpg,0.6146,YES
hptm6264.jpg,0.5455,YES
hptm6265.jpg,0.5797,YES
hptm6267.jpg,0.5905,YES
hptm6269.jpg,0.7034,YES
hptm6266.jpg,0.6528,YES
hptm627.jpg,0.3620,NO
hptm6270.jpg,0.6172,YES
hptm6271.jpg,0.6426,YES
hptm6273.jpg,0.5339,YES
hptm6272.jpg,0.6392,YES
hptm6274.jpg,0.5079,YES
hptm6275.jpg,0.5072,YES
hptm6277.jpg,0.5245,YES
hptm6276.jpg,0.6066,YES
hptm6278.jpg,0.6249,YES
hptm6279.jpg,0.5194,YES
hptm628.jpg,0.2206,NO
hptm6282.jpg,0.4353,NO
hptm6283.jpg,0.4153,NO
hptm6280.jpg,0.4670,NO
hptm6284.jpg,0.4424,NO
hptm6286.jpg,0.5022,YES
hptm6285.jpg,0.4419,NO
hptm6289.jpg,0.5422,YES
hptm629.jpg,0.3679,NO
hptm6290.jpg,0.6304,YES
hptm6291.jpg,0.5625,YES
hptm6293.jpg,0.6773,YES
hptm6294.jpg,0.5637,YES
hptm6292.jpg,0.6559,YES
hptm6295.jpg,0.5293,YES
hptm6296.jpg,0.5025,YES
hptm6297.jpg,0.5985,YES
hptm6298.jpg,0.6147,YES
hptm630.jpg,0.4621,NO
hptm6300.jpg,0.6901,YES
hptm6301.jpg,0.5839,YES
hptm6302.jpg,0.5305,YES
hptm6306.jpg,0.5274,YES
hptm6309.jpg,0.4988,NO
hptm631.jpg,0.5352,YES
hptm6303.jpg,0.6888,YES
hptm6311.jpg,0.4996,NO
hptm6313.jpg,0.5703,YES
hptm6312.jpg,0.5317,YES
hptm6314.jpg,0.6913,YES
hptm6315.jpg,0.5701,YES
hptm6316.jpg,0.4762,NO
hptm6317.jpg,0.5528,YES
hptm6319.jpg,0.5099,YES
hptm6318.jpg,0.5255,YES
hptm632.jpg,0.5875,YES
hptm6320.jpg,0.5406,YES
hptm6322.jpg,0.5897,YES
hptm6323.jpg,0.4817,NO
hptm6324.jpg,0.5498,YES
hptm6321.jpg,0.4753,NO
hptm6325.jpg,0.7040,YES
hptm6326.jpg,0.1400,NO
hptm6327.jpg,0.5507,YES
hptm6328.jpg,0.6871,YES
hptm6329.jpg,0.4533,NO
hptm6330.jpg,0.3409,NO
hptm633.jpg,0.6397,YES
hptm6332.jpg,0.3607,NO
hptm6331.jpg,0.5635,YES
hptm6334.jpg,0.5321,YES
hptm6335.jpg,0.5372,YES
hptm6333.jpg,0.5793,YES
hptm6336.jpg,0.6983,YES
hptm6337.jpg,0.5971,YES
hptm6338.jpg,0.3993,NO
hptm6339.jpg,0.5974,YES
hptm634.jpg,0.4531,NO
hptm6340.jpg,0.4840,NO
hptm6341.jpg,0.5334,YES
hptm6342.jpg,0.3189,NO
hptm6343.jpg,0.5168,YES
hptm6344.jpg,0.6163,YES
hptm6345.jpg,0.5313,YES
hptm6346.jpg,0.5524,YES
hptm6348.jpg,0.5469,YES
hptm6349.jpg,0.5373,YES
hptm6347.jpg,0.7052,YES
hptm6350.jpg,0.5356,YES
hptm6351.jpg,0.5086,YES
hptm635.jpg,0.5291,YES
hptm6352.jpg,0.1163,NO
hptm6353.jpg,0.5499,YES
hptm6355.jpg,0.5429,YES
hptm6354.jpg,0.2507,NO
hptm6359.jpg,0.5373,YES
hptm6358.jpg,0.6462,YES
hptm6360.jpg,0.5818,YES
hptm6357.jpg,0.4654,NO
hptm636.jpg,0.3807,NO
hptm6363.jpg,0.5365,YES
hptm6364.jpg,0.5523,YES
hptm6365.jpg,0.5785,YES
hptm6368.jpg,0.2764,NO
hptm6367.jpg,0.4905,NO
hptm6366.jpg,0.4802,NO
hptm6370.jpg,0.5698,YES
hptm6369.jpg,0.6624,YES
hptm6371.jpg,0.4958,NO
hptm637.jpg,0.5024,YES
hptm6372.jpg,0.5490,YES
hptm6373.jpg,0.5280,YES
hptm6374.jpg,0.4885,NO
hptm6375.jpg,0.5246,YES
hptm6376.jpg,0.4915,NO
hptm6377.jpg,0.5688,YES
hptm6379.jpg,0.4473,NO
hptm6380.jpg,0.7169,YES
hptm638.jpg,0.4552,NO
hptm6382.jpg,0.5889,YES
hptm6383.jpg,0.5669,YES
hptm6381.jpg,0.7206,YES
hptm6384.jpg,0.5099,YES
hptm6386.jpg,0.5382,YES
hptm6385.jpg,0.5418,YES
hptm6387.jpg,0.5538,YES
hptm6389.jpg,0.5004,YES
hptm639.jpg,0.5238,YES
hptm6390.jpg,0.5815,YES
hptm6388.jpg,0.5713,YES
hptm6391.jpg,0.4542,NO
hptm6393.jpg,0.5646,YES
hptm6394.jpg,0.5179,YES
hptm6395.jpg,0.4966,NO
hptm6397.jpg,0.6115,YES
hptm6399.jpg,0.2581,NO
hptm6398.jpg,0.5300,YES
hptm64.jpg,0.1566,NO
hptm6400.jpg,0.5340,YES
hptm6401.jpg,0.4595,NO
hptm6403.jpg,0.6363,YES
hptm6402.jpg,0.5120,YES
hptm6406.jpg,0.4650,NO
hptm6404.jpg,0.5089,YES
hptm6405.jpg,0.5556,YES
hptm6408.jpg,0.5093,YES
hptm6407.jpg,0.4593,NO
hptm6409.jpg,0.5478,YES
hptm641.jpg,0.3866,NO
hptm6411.jpg,0.3196,NO
hptm6413.jpg,0.5631,YES
hptm6412.jpg,0.6227,YES
hptm6410.jpg,0.4976,NO
hptm6414.jpg,0.7075,YES
hptm6416.jpg,0.5812,YES
hptm6415.jpg,0.6176,YES
hptm6417.jpg,0.1154,NO
hptm6418.jpg,0.4518,NO
hptm6419.jpg,0.3364,NO
hptm642.jpg,0.5328,YES
hptm6420.jpg,0.3277,NO
hptm6422.jpg,0.2430,NO
hptm6423.jpg,0.5742,YES
hptm6424.jpg,0.6180,YES
hptm6426.jpg,0.5525,YES
hptm6427.jpg,0.6270,YES
hptm6428.jpg,0.6166,YES
hptm643.jpg,0.4922,NO
hptm6432.jpg,0.5592,YES
hptm6431.jpg,0.5689,YES
hptm6433.jpg,0.6049,YES
hptm6435.jpg,0.6280,YES
hptm6436.jpg,0.6861,YES
hptm6434.jpg,0.6324,YES
hptm6437.jpg,0.6123,YES
hptm6438.jpg,0.6204,YES
hptm6439.jpg,0.2780,NO
hptm6440.jpg,0.4654,NO
hptm644.jpg,0.4653,NO
hptm6441.jpg,0.5231,YES
hptm6442.jpg,0.5867,YES
hptm6444.jpg,0.5065,YES
hptm6445.jpg,0.4801,NO
hptm6443.jpg,0.4928,NO
hptm6446.jpg,0.4913,NO
hptm6447.jpg,0.6775,YES
hptm6449.jpg,0.6270,YES
hptm645.jpg,0.4188,NO
hptm6448.jpg,0.6035,YES
hptm6450.jpg,0.5821,YES
hptm6451.jpg,0.5759,YES
hptm6452.jpg,0.6852,YES
hptm6454.jpg,0.4793,NO
hptm6455.jpg,0.6277,YES
hptm6456.jpg,0.5591,YES
hptm6458.jpg,0.7170,YES
hptm6460.jpg,0.6349,YES
hptm646.jpg,0.5234,YES
hptm6459.jpg,0.6101,YES
hptm6462.jpg,0.6385,YES
hptm6461.jpg,0.6026,YES
hptm6463.jpg,0.5049,YES
hptm6464.jpg,0.5451,YES
hptm6465.jpg,0.5936,YES
hptm6468.jpg,0.4640,NO
hptm6469.jpg,0.6959,YES
hptm647.jpg,0.3618,NO
hptm6470.jpg,0.6274,YES
hptm6473.jpg,0.4593,NO
hptm6471.jpg,0.4835,NO
hptm6475.jpg,0.6674,YES
hptm6474.jpg,0.5622,YES
hptm6476.jpg,0.5740,YES
hptm6477.jpg,0.5924,YES
hptm6480.jpg,0.7433,YES
hptm6478.jpg,0.5869,YES
hptm6481.jpg,0.5311,YES
hptm6482.jpg,0.5818,YES
hptm6484.jpg,0.5901,YES
hptm6483.jpg,0.6089,YES
hptm6486.jpg,0.5807,YES
hptm6487.jpg,0.5409,YES
hptm6488.jpg,0.4540,NO
hptm6491.jpg,0.6278,YES
hptm6490.jpg,0.5975,YES
hptm6495.jpg,0.5694,YES
hptm6494.jpg,0.5772,YES
hptm6496.jpg,0.5554,YES
hptm6492.jpg,0.6990,YES
hptm6498.jpg,0.5643,YES
hptm6499.jpg,0.5547,YES
hptm65.jpg,0.6504,YES
hptm6501.jpg,0.5446,YES
hptm6502.jpg,0.5547,YES
hptm6504.jpg,0.7109,YES
hptm650.jpg,0.1702,NO
hptm6506.jpg,0.5646,YES
hptm6505.jpg,0.5873,YES
hptm6507.jpg,0.5225,YES
hptm6508.jpg,0.5755,YES
hptm6509.jpg,0.5581,YES
hptm651.jpg,0.3994,NO
hptm6510.jpg,0.5954,YES
hptm6513.jpg,0.5349,YES
hptm6512.jpg,0.5123,YES
hptm6514.jpg,0.5909,YES
hptm6515.jpg,0.6737,YES
hptm6516.jpg,0.6084,YES
hptm6517.jpg,0.5972,YES
hptm652.jpg,0.3831,NO
hptm6518.jpg,0.5998,YES
hptm6520.jpg,0.5607,YES
hptm6521.jpg,0.5978,YES
hptm6523.jpg,0.5639,YES
hptm6522.jpg,0.5044,YES
hptm6525.jpg,0.5930,YES
hptm6526.jpg,0.6550,YES
hptm6528.jpg,0.4495,NO
hptm6527.jpg,0.4983,NO
hptm6529.jpg,0.5734,YES
hptm6530.jpg,0.5419,YES
hptm653.jpg,0.4290,NO
hptm6533.jpg,0.4892,NO
hptm6531.jpg,0.1915,NO
hptm6534.jpg,0.4356,NO
hptm6535.jpg,0.5037,YES
hptm6536.jpg,0.5227,YES
hptm6538.jpg,0.6172,YES
hptm6539.jpg,0.5907,YES
hptm6541.jpg,0.6270,YES
hptm6540.jpg,0.3813,NO
hptm6543.jpg,0.4873,NO
hptm6542.jpg,0.5964,YES
hptm6544.jpg,0.5725,YES
hptm6545.jpg,0.5837,YES
hptm6547.jpg,0.3720,NO
hptm6548.jpg,0.7249,YES
hptm6549.jpg,0.3902,NO
hptm6550.jpg,0.5759,YES
hptm655.jpg,0.3705,NO
hptm6552.jpg,0.6068,YES
hptm6553.jpg,0.2079,NO
hptm6551.jpg,0.6004,YES
hptm6554.jpg,0.5620,YES
hptm6555.jpg,0.6410,YES
hptm6556.jpg,0.6027,YES
hptm6557.jpg,0.5680,YES
hptm656.jpg,0.5897,YES
hptm6560.jpg,0.6549,YES
hptm6558.jpg,0.5635,YES
hptm6562.jpg,0.5704,YES
hptm6561.jpg,0.5886,YES
hptm6563.jpg,0.1903,NO
hptm6564.jpg,0.6239,YES
hptm6566.jpg,0.6179,YES
hptm6567.jpg,0.4125,NO
hptm6568.jpg,0.4705,NO
hptm657.jpg,0.2094,NO
hptm6569.jpg,0.4658,NO
hptm6570.jpg,0.6971,YES
hptm6571.jpg,0.3752,NO
hptm6572.jpg,0.2959,NO
hptm6573.jpg,0.5280,YES
hptm6574.jpg,0.3685,NO
hptm6575.jpg,0.3625,NO
hptm6576.jpg,0.4822,NO
hptm6579.jpg,0.4973,NO
hptm6577.jpg,0.4389,NO
hptm658.jpg,0.4624,NO
hptm6578.jpg,0.2436,NO
hptm6580.jpg,0.6236,YES
hptm6581.jpg,0.6227,YES
hptm6582.jpg,0.6208,YES
hptm6583.jpg,0.5984,YES
hptm6584.jpg,0.6266,YES
hptm6586.jpg,0.6244,YES
hptm6585.jpg,0.6190,YES
hptm6588.jpg,0.6109,YES
hptm6587.jpg,0.5549,YES
hptm6589.jpg,0.6414,YES
hptm659.jpg,0.5556,YES
hptm6591.jpg,0.4540,NO
hptm6592.jpg,0.5677,YES
hptm6594.jpg,0.6449,YES
hptm6596.jpg,0.3982,NO
hptm6595.jpg,0.5507,YES
hptm660.jpg,0.6355,YES
hptm6599.jpg,0.6187,YES
hptm6598.jpg,0.6022,YES
hptm6600.jpg,0.5948,YES
hptm6601.jpg,0.6349,YES
hptm6602.jpg,0.5574,YES
hptm6603.jpg,0.6855,YES
hptm6604.jpg,0.5233,YES
hptm6605.jpg,0.6136,YES
hptm6606.jpg,0.6164,YES
hptm6608.jpg,0.5487,YES
hptm6607.jpg,0.5921,YES
hptm6609.jpg,0.4692,NO
hptm661.jpg,0.5684,YES
hptm6610.jpg,0.4530,NO
hptm6612.jpg,0.4773,NO
hptm6614.jpg,0.6443,YES
hptm6611.jpg,0.3924,NO
hptm6615.jpg,0.6168,YES
hptm6617.jpg,0.6274,YES
hptm6618.jpg,0.6069,YES
hptm6619.jpg,0.5773,YES
hptm662.jpg,0.5844,YES
hptm6620.jpg,0.1184,NO
hptm6621.jpg,0.6689,YES
hptm6623.jpg,0.4999,NO
hptm6622.jpg,0.5476,YES
hptm6625.jpg,0.6124,YES
hptm6626.jpg,0.6518,YES
hptm6624.jpg,0.2243,NO
hptm6628.jpg,0.4557,NO
hptm6629.jpg,0.3447,NO
hptm663.jpg,0.5251,YES
hptm6630.jpg,0.4424,NO
hptm6632.jpg,0.3794,NO
hptm6631.jpg,0.4524,NO
hptm6633.jpg,0.3650,NO
hptm6635.jpg,0.2320,NO
hptm6634.jpg,0.2540,NO
hptm6636.jpg,0.2616,NO
hptm6637.jpg,0.6999,YES
hptm6639.jpg,0.2745,NO
hptm664.jpg,0.5493,YES
hptm6641.jpg,0.2191,NO
hptm6640.jpg,0.2226,NO
hptm6642.jpg,0.2837,NO
hptm6644.jpg,0.2669,NO
hptm6643.jpg,0.2384,NO
hptm6645.jpg,0.3030,NO
hptm6646.jpg,0.2666,NO
hptm6647.jpg,0.3275,NO
hptm6649.jpg,0.4838,NO
hptm6650.jpg,0.5508,YES
hptm665.jpg,0.6318,YES
hptm6656.jpg,0.5454,YES
hptm6655.jpg,0.5252,YES
hptm6652.jpg,0.5665,YES
hptm6651.jpg,0.6162,YES
hptm6657.jpg,0.5827,YES
hptm6658.jpg,0.6417,YES
hptm6659.jpg,0.6877,YES
hptm666.jpg,0.6404,YES
hptm6661.jpg,0.4888,NO
hptm6660.jpg,0.5183,YES
hptm6665.jpg,0.4181,NO
hptm6663.jpg,0.5949,YES
hptm6666.jpg,0.4745,NO
hptm6668.jpg,0.4455,NO
hptm6669.jpg,0.4207,NO
hptm6671.jpg,0.4519,NO
hptm6672.jpg,0.5442,YES
hptm6670.jpg,0.7025,YES
hptm6673.jpg,0.5498,YES
hptm6674.jpg,0.4005,NO
hptm6676.jpg,0.5523,YES
hptm6677.jpg,0.5380,YES
hptm6678.jpg,0.5504,YES
hptm6679.jpg,0.5625,YES
hptm668.jpg,0.5069,YES
hptm6681.jpg,0.7461,YES
hptm6680.jpg,0.5738,YES
hptm6683.jpg,0.5672,YES
hptm6682.jpg,0.5951,YES
hptm6686.jpg,0.6421,YES
hptm6685.jpg,0.5081,YES
hptm6687.jpg,0.5497,YES
hptm6688.jpg,0.1151,NO
hptm669.jpg,0.5683,YES
hptm6693.jpg,0.2321,NO
hptm6692.jpg,0.7308,YES
hptm6696.jpg,0.5622,YES
hptm6698.jpg,0.5501,YES
hptm6694.jpg,0.5061,YES
hptm6699.jpg,0.6424,YES
hptm670.jpg,0.6042,YES
hptm6700.jpg,0.5713,YES
hptm6701.jpg,0.5387,YES
hptm6703.jpg,0.7300,YES
hptm6704.jpg,0.4704,NO
hptm6702.jpg,0.5435,YES
hptm6707.jpg,0.6178,YES
hptm6708.jpg,0.5649,YES
hptm6709.jpg,0.5181,YES
hptm671.jpg,0.5432,YES
hptm6710.jpg,0.5849,YES
hptm6711.jpg,0.5515,YES
hptm6712.jpg,0.4871,NO
hptm6713.jpg,0.5902,YES
hptm6715.jpg,0.6572,YES
hptm6716.jpg,0.4779,NO
hptm6714.jpg,0.6703,YES
hptm6717.jpg,0.5605,YES
hptm6718.jpg,0.6795,YES
hptm6719.jpg,0.7047,YES
hptm672.jpg,0.4840,NO
hptm6721.jpg,0.6624,YES
hptm6720.jpg,0.7194,YES
hptm6722.jpg,0.7126,YES
hptm6726.jpg,0.6360,YES
hptm6725.jpg,0.7015,YES
hptm6727.jpg,0.7418,YES
hptm6728.jpg,0.6072,YES
hptm6729.jpg,0.6198,YES
hptm673.jpg,0.4705,NO
hptm6731.jpg,0.5202,YES
hptm6732.jpg,0.6254,YES
hptm6730.jpg,0.5306,YES
hptm6733.jpg,0.4763,NO
hptm6734.jpg,0.5482,YES
hptm6735.jpg,0.6072,YES
hptm6736.jpg,0.6076,YES
hptm6737.jpg,0.6042,YES
hptm6738.jpg,0.6431,YES
hptm6739.jpg,0.6463,YES
hptm674.jpg,0.5701,YES
hptm6742.jpg,0.5740,YES
hptm6741.jpg,0.6627,YES
hptm6744.jpg,0.6735,YES
hptm6740.jpg,0.6893,YES
hptm6745.jpg,0.6296,YES
hptm6748.jpg,0.6378,YES
hptm6749.jpg,0.6909,YES
hptm6750.jpg,0.6758,YES
hptm6751.jpg,0.6627,YES
hptm6753.jpg,0.4834,NO
hptm675.jpg,0.5325,YES
hptm6754.jpg,0.5537,YES
hptm6755.jpg,0.6003,YES
hptm6756.jpg,0.5258,YES
hptm6757.jpg,0.5137,YES
hptm6759.jpg,0.4796,NO
hptm676.jpg,0.5858,YES
hptm6760.jpg,0.6574,YES
hptm6761.jpg,0.5743,YES
hptm6763.jpg,0.6197,YES
hptm6765.jpg,0.6312,YES
hptm6764.jpg,0.6339,YES
hptm6767.jpg,0.6139,YES
hptm6768.jpg,0.5943,YES
hptm6769.jpg,0.6000,YES
hptm677.jpg,0.5851,YES
hptm6770.jpg,0.5086,YES
hptm6772.jpg,0.5056,YES
hptm6773.jpg,0.5225,YES
hptm6771.jpg,0.6395,YES
hptm6774.jpg,0.6155,YES
hptm6775.jpg,0.5838,YES
hptm6776.jpg,0.4135,NO
hptm6777.jpg,0.5041,YES
hptm6779.jpg,0.5825,YES
hptm678.jpg,0.5559,YES
hptm6778.jpg,0.5282,YES
hptm6781.jpg,0.4903,NO
hptm6780.jpg,0.4482,NO
hptm6782.jpg,0.6719,YES
hptm6783.jpg,0.4502,NO
hptm6784.jpg,0.4705,NO
hptm6785.jpg,0.4958,NO
hptm6786.jpg,0.1278,NO
hptm6788.jpg,0.4759,NO
hptm6787.jpg,0.5199,YES
hptm679.jpg,0.5703,YES
hptm6791.jpg,0.6071,YES
hptm6789.jpg,0.5983,YES
hptm6792.jpg,0.5985,YES
hptm6794.jpg,0.5285,YES
hptm6793.jpg,0.7171,YES
hptm6795.jpg,0.5397,YES
hptm6797.jpg,0.6053,YES
hptm6796.jpg,0.5061,YES
hptm6798.jpg,0.5570,YES
hptm680.jpg,0.4859,NO
hptm6799.jpg,0.5553,YES
hptm6801.jpg,0.6130,YES
hptm6800.jpg,0.6016,YES
hptm6802.jpg,0.6040,YES
hptm6803.jpg,0.6135,YES
hptm6805.jpg,0.7040,YES
hptm6806.jpg,0.6166,YES
hptm6804.jpg,0.6210,YES
hptm6807.jpg,0.1618,NO
hptm6808.jpg,0.6131,YES
hptm6809.jpg,0.6333,YES
hptm681.jpg,0.2860,NO
hptm6810.jpg,0.6245,YES
hptm6811.jpg,0.6438,YES
hptm6812.jpg,0.5411,YES
hptm6814.jpg,0.6287,YES
hptm6815.jpg,0.1878,NO
hptm6816.jpg,0.6686,YES
hptm6817.jpg,0.5592,YES
hptm6818.jpg,0.5521,YES
hptm6819.jpg,0.6182,YES
hptm682.jpg,0.5426,YES
hptm6820.jpg,0.6108,YES
hptm6821.jpg,0.5382,YES
hptm6823.jpg,0.5861,YES
hptm6824.jpg,0.5658,YES
hptm6822.jpg,0.5809,YES
hptm6825.jpg,0.5800,YES
hptm6827.jpg,0.6537,YES
hptm6829.jpg,0.4809,NO
hptm683.jpg,0.4925,NO
hptm6831.jpg,0.5917,YES
hptm6832.jpg,0.5578,YES
hptm6830.jpg,0.5311,YES
hptm6835.jpg,0.5880,YES
hptm6837.jpg,0.4555,NO
hptm6834.jpg,0.5598,YES
hptm6838.jpg,0.1761,NO
hptm6839.jpg,0.3398,NO
hptm684.jpg,0.4618,NO
hptm6840.jpg,0.4777,NO
hptm6843.jpg,0.5524,YES
hptm6844.jpg,0.6400,YES
hptm6846.jpg,0.4761,NO
hptm6841.jpg,0.5380,YES
hptm6848.jpg,0.6425,YES
hptm6845.jpg,0.6299,YES
hptm6849.jpg,0.6511,YES
hptm685.jpg,0.5137,YES
hptm6850.jpg,0.6181,YES
hptm6851.jpg,0.6137,YES
hptm6852.jpg,0.5784,YES
hptm6854.jpg,0.5036,YES
hptm6853.jpg,0.4324,NO
hptm6855.jpg,0.5148,YES
hptm6857.jpg,0.5567,YES
hptm6856.jpg,0.5164,YES
hptm686.jpg,0.5692,YES
hptm6859.jpg,0.5779,YES
hptm6860.jpg,0.6590,YES
hptm6861.jpg,0.6770,YES
hptm6862.jpg,0.6882,YES
hptm6864.jpg,0.6518,YES
hptm6865.jpg,0.6393,YES
hptm6863.jpg,0.6525,YES
hptm6866.jpg,0.5228,YES
hptm6867.jpg,0.5182,YES
hptm6868.jpg,0.5589,YES
hptm6869.jpg,0.5491,YES
hptm6870.jpg,0.4616,NO
hptm6871.jpg,0.6004,YES
hptm6873.jpg,0.6072,YES
hptm687.jpg,0.4805,NO
hptm6874.jpg,0.6356,YES
hptm6872.jpg,0.5917,YES
hptm6875.jpg,0.6992,YES
hptm6877.jpg,0.6732,YES
hptm6878.jpg,0.6608,YES
hptm6879.jpg,0.6305,YES
hptm688.jpg,0.4946,NO
hptm6881.jpg,0.6328,YES
hptm6880.jpg,0.7012,YES
hptm6884.jpg,0.6156,YES
hptm6882.jpg,0.1523,NO
hptm6885.jpg,0.6487,YES
hptm6887.jpg,0.6452,YES
hptm6886.jpg,0.6631,YES
hptm6888.jpg,0.5799,YES
hptm6889.jpg,0.6616,YES
hptm6890.jpg,0.6501,YES
hptm689.jpg,0.5069,YES
hptm6892.jpg,0.6520,YES
hptm6891.jpg,0.6339,YES
hptm6893.jpg,0.6099,YES
hptm6895.jpg,0.6492,YES
hptm6896.jpg,0.5769,YES
hptm6894.jpg,0.6244,YES
hptm690.jpg,0.5161,YES
hptm6899.jpg,0.5841,YES
hptm6898.jpg,0.6199,YES
hptm6900.jpg,0.6144,YES
hptm6901.jpg,0.6343,YES
hptm6902.jpg,0.5343,YES
hptm6903.jpg,0.6013,YES
hptm6904.jpg,0.5651,YES
hptm6905.jpg,0.7021,YES
hptm6907.jpg,0.6741,YES
hptm6906.jpg,0.6651,YES
hptm6910.jpg,0.6016,YES
hptm6909.jpg,0.6564,YES
hptm6912.jpg,0.6492,YES
hptm6911.jpg,0.6685,YES
hptm6913.jpg,0.5973,YES
hptm6914.jpg,0.6280,YES
hptm6915.jpg,0.7161,YES
hptm6918.jpg,0.6301,YES
hptm692.jpg,0.4684,NO
hptm6920.jpg,0.6117,YES
hptm6916.jpg,0.6044,YES
hptm6921.jpg,0.6915,YES
hptm6919.jpg,0.6638,YES
hptm6922.jpg,0.7016,YES
hptm6923.jpg,0.6241,YES
hptm6924.jpg,0.6121,YES
hptm6925.jpg,0.6791,YES
hptm6926.jpg,0.5925,YES
hptm6928.jpg,0.6083,YES
hptm6927.jpg,0.6157,YES
hptm6929.jpg,0.6680,YES
hptm693.jpg,0.4968,NO
hptm6930.jpg,0.6940,YES
hptm6931.jpg,0.6540,YES
hptm6932.jpg,0.6740,YES
hptm6933.jpg,0.6570,YES
hptm6935.jpg,0.6388,YES
hptm6936.jpg,0.6874,YES
hptm6939.jpg,0.6644,YES
hptm6937.jpg,0.6498,YES
hptm694.jpg,0.5124,YES
hptm6940.jpg,0.6130,YES
hptm6941.jpg,0.6047,YES
hptm6942.jpg,0.5334,YES
hptm6943.jpg,0.5612,YES
hptm6945.jpg,0.5959,YES
hptm6944.jpg,0.4931,NO
hptm6946.jpg,0.5615,YES
hptm6948.jpg,0.5302,YES
hptm6949.jpg,0.6001,YES
hptm695.jpg,0.4357,NO
hptm6951.jpg,0.4763,NO
hptm6950.jpg,0.5263,YES
hptm6952.jpg,0.5286,YES
hptm6953.jpg,0.0630,NO
hptm6957.jpg,0.7168,YES
hptm6955.jpg,0.6312,YES
hptm6958.jpg,0.6975,YES
hptm6954.jpg,0.5810,YES
hptm6959.jpg,0.6935,YES
hptm696.jpg,0.5554,YES
hptm6960.jpg,0.5782,YES
hptm6962.jpg,0.7407,YES
hptm6963.jpg,0.6579,YES
hptm6964.jpg,0.6818,YES
hptm6961.jpg,0.6955,YES
hptm6966.jpg,0.6696,YES
hptm6965.jpg,0.5864,YES
hptm6967.jpg,0.6070,YES
hptm6968.jpg,0.6085,YES
hptm6969.jpg,0.6933,YES
hptm697.jpg,0.1533,NO
hptm6970.jpg,0.6526,YES
hptm6972.jpg,0.6315,YES
hptm6974.jpg,0.6688,YES
hptm6971.jpg,0.6796,YES
hptm6973.jpg,0.6132,YES
hptm6975.jpg,0.6772,YES
hptm6976.jpg,0.6382,YES
hptm6978.jpg,0.5859,YES
hptm6979.jpg,0.5950,YES
hptm698.jpg,0.5700,YES
hptm6980.jpg,0.6430,YES
hptm6981.jpg,0.6710,YES
hptm6982.jpg,0.6256,YES
hptm6983.jpg,0.6158,YES
hptm6984.jpg,0.6444,YES
hptm6985.jpg,0.6550,YES
hptm6986.jpg,0.6168,YES
hptm6987.jpg,0.6274,YES
hptm6988.jpg,0.4662,NO
hptm6990.jpg,0.4631,NO
hptm6989.jpg,0.5283,YES
hptm699.jpg,0.5516,YES
hptm6991.jpg,0.5804,YES
hptm6992.jpg,0.5822,YES
hptm6993.jpg,0.6660,YES
hptm6995.jpg,0.5339,YES
hptm6994.jpg,0.6084,YES
hptm6996.jpg,0.6388,YES
hptm6997.jpg,0.6205,YES
hptm6999.jpg,0.6815,YES
hptm700.jpg,0.4998,NO
hptm7001.jpg,0.6342,YES
hptm7003.jpg,0.2614,NO
hptm6998.jpg,0.6117,YES
hptm7002.jpg,0.4431,NO
hptm7004.jpg,0.7278,YES
hptm7006.jpg,0.4513,NO
hptm7005.jpg,0.5583,YES
hptm7007.jpg,0.4838,NO
hptm7010.jpg,0.4614,NO
hptm7008.jpg,0.4450,NO
hptm701.jpg,0.7099,YES
hptm7009.jpg,0.6480,YES
hptm7011.jpg,0.5760,YES
hptm7012.jpg,0.5994,YES
hptm7014.jpg,0.5859,YES
hptm7016.jpg,0.5561,YES
hptm7015.jpg,0.6670,YES
hptm7013.jpg,0.5929,YES
hptm7018.jpg,0.5360,YES
hptm7017.jpg,0.5702,YES
hptm7019.jpg,0.5310,YES
hptm702.jpg,0.5566,YES
hptm7020.jpg,0.5774,YES
hptm7021.jpg,0.5936,YES
hptm7022.jpg,0.5659,YES
hptm7024.jpg,0.5087,YES
hptm7023.jpg,0.5998,YES
hptm7026.jpg,0.4390,NO
hptm7025.jpg,0.6218,YES
hptm7028.jpg,0.5975,YES
hptm7029.jpg,0.5990,YES
hptm7030.jpg,0.5743,YES
hptm7031.jpg,0.5820,YES
hptm7032.jpg,0.4705,NO
hptm7033.jpg,0.5299,YES
hptm7034.jpg,0.3726,NO
hptm7036.jpg,0.5048,YES
hptm7037.jpg,0.5784,YES
hptm7038.jpg,0.4159,NO
hptm704.jpg,0.6064,YES
hptm7040.jpg,0.5677,YES
hptm7041.jpg,0.6540,YES
hptm7043.jpg,0.6233,YES
hptm7042.jpg,0.5405,YES
hptm7046.jpg,0.4370,NO
hptm7044.jpg,0.5807,YES
hptm7048.jpg,0.5788,YES
hptm7049.jpg,0.6516,YES
hptm705.jpg,0.6117,YES
hptm7050.jpg,0.3416,NO
hptm7051.jpg,0.2778,NO
hptm7054.jpg,0.3774,NO
hptm7055.jpg,0.4233,NO
hptm7057.jpg,0.5491,YES
hptm7059.jpg,0.5179,YES
hptm7058.jpg,0.6641,YES
hptm7056.jpg,0.6036,YES
hptm706.jpg,0.5158,YES
hptm7061.jpg,0.5267,YES
hptm7063.jpg,0.3632,NO
hptm7065.jpg,0.5768,YES
hptm7062.jpg,0.4637,NO
hptm7066.jpg,0.2026,NO
hptm7068.jpg,0.5308,YES
hptm707.jpg,0.6542,YES
hptm7069.jpg,0.6413,YES
hptm7070.jpg,0.3954,NO
hptm7071.jpg,0.6395,YES
hptm7073.jpg,0.5392,YES
hptm7075.jpg,0.1465,NO
hptm7076.jpg,0.2644,NO
hptm7074.jpg,0.3113,NO
hptm7077.jpg,0.2077,NO
hptm7078.jpg,0.1847,NO
hptm7079.jpg,0.2100,NO
hptm708.jpg,0.5954,YES
hptm7080.jpg,0.2128,NO
hptm7081.jpg,0.3027,NO
hptm7082.jpg,0.1671,NO
hptm7085.jpg,0.3847,NO
hptm7083.jpg,0.2540,NO
hptm7087.jpg,0.4913,NO
hptm7086.jpg,0.3780,NO
hptm7089.jpg,0.6127,YES
hptm709.jpg,0.2263,NO
hptm7091.jpg,0.5158,YES
hptm7092.jpg,0.5341,YES
hptm7093.jpg,0.6158,YES
hptm7094.jpg,0.6669,YES
hptm7095.jpg,0.5610,YES
hptm7096.jpg,0.6858,YES
hptm7097.jpg,0.6141,YES
hptm7099.jpg,0.5459,YES
hptm7098.jpg,0.5777,YES
hptm71.jpg,0.5703,YES
hptm710.jpg,0.3447,NO
hptm7101.jpg,0.6826,YES
hptm7100.jpg,0.6753,YES
hptm7103.jpg,0.5973,YES
hptm7102.jpg,0.6617,YES
hptm7104.jpg,0.5868,YES
hptm7105.jpg,0.6617,YES
hptm7106.jpg,0.6432,YES
hptm7107.jpg,0.1587,NO
hptm7108.jpg,0.3688,NO
hptm7109.jpg,0.5056,YES
hptm711.jpg,0.7320,YES
hptm7113.jpg,0.5490,YES
hptm7111.jpg,0.6142,YES
hptm7112.jpg,0.5269,YES
hptm7110.jpg,0.4583,NO
hptm7114.jpg,0.5536,YES
hptm7115.jpg,0.6327,YES
hptm712.jpg,0.5945,YES
hptm7117.jpg,0.4985,NO
hptm7119.jpg,0.4439,NO
hptm7120.jpg,0.6140,YES
hptm7116.jpg,0.5794,YES
hptm7122.jpg,0.2231,NO
hptm7121.jpg,0.3503,NO
hptm7123.jpg,0.5115,YES
hptm7124.jpg,0.4058,NO
hptm7125.jpg,0.4024,NO
hptm7127.jpg,0.5645,YES
hptm7126.jpg,0.6358,YES
hptm7129.jpg,0.5834,YES
hptm7128.jpg,0.6415,YES
hptm713.jpg,0.6398,YES
hptm7130.jpg,0.5720,YES
hptm7131.jpg,0.5755,YES
hptm7132.jpg,0.6239,YES
hptm7133.jpg,0.5654,YES
hptm7134.jpg,0.5675,YES
hptm7135.jpg,0.5903,YES
hptm7136.jpg,0.6456,YES
hptm714.jpg,0.6020,YES
hptm7139.jpg,0.5186,YES
hptm7142.jpg,0.5764,YES
hptm7143.jpg,0.5710,YES
hptm7144.jpg,0.6224,YES
hptm7140.jpg,0.5475,YES
hptm7145.jpg,0.1901,NO
hptm7147.jpg,0.5909,YES
hptm7146.jpg,0.5930,YES
hptm7149.jpg,0.5811,YES
hptm7148.jpg,0.5966,YES
hptm715.jpg,0.5822,YES
hptm7151.jpg,0.5710,YES
hptm7150.jpg,0.6199,YES
hptm7152.jpg,0.6126,YES
hptm7153.jpg,0.4766,NO
hptm7154.jpg,0.5697,YES
hptm7155.jpg,0.5633,YES
hptm7157.jpg,0.4304,NO
hptm7158.jpg,0.5456,YES
hptm7159.jpg,0.6251,YES
hptm716.jpg,0.6182,YES
hptm7156.jpg,0.4759,NO
hptm7160.jpg,0.0951,NO
hptm7166.jpg,0.4488,NO
hptm7167.jpg,0.1936,NO
hptm7164.jpg,0.4404,NO
hptm7165.jpg,0.5145,YES
hptm7168.jpg,0.2955,NO
hptm7169.jpg,0.2910,NO
hptm717.jpg,0.4367,NO
hptm7170.jpg,0.3736,NO
hptm7172.jpg,0.4678,NO
hptm7171.jpg,0.6190,YES
hptm7174.jpg,0.2919,NO
hptm7175.jpg,0.2214,NO
hptm7176.jpg,0.2491,NO
hptm7173.jpg,0.4170,NO
hptm7178.jpg,0.3613,NO
hptm7179.jpg,0.4362,NO
hptm7180.jpg,0.3629,NO
hptm7181.jpg,0.3745,NO
hptm7184.jpg,0.4442,NO
hptm7183.jpg,0.4761,NO
hptm7186.jpg,0.6124,YES
hptm7187.jpg,0.5409,YES
hptm7189.jpg,0.6350,YES
hptm7188.jpg,0.6336,YES
hptm719.jpg,0.3959,NO
hptm7193.jpg,0.6338,YES
hptm7190.jpg,0.5556,YES
hptm7191.jpg,0.6682,YES
hptm7194.jpg,0.5646,YES
hptm7196.jpg,0.5960,YES
hptm7195.jpg,0.6126,YES
hptm7197.jpg,0.5888,YES
hptm7199.jpg,0.5308,YES
hptm7200.jpg,0.4608,NO
hptm7202.jpg,0.3329,NO
hptm7203.jpg,0.3935,NO
hptm7204.jpg,0.6480,YES
hptm7205.jpg,0.3230,NO
hptm7206.jpg,0.5669,YES
hptm721.jpg,0.5756,YES
hptm7209.jpg,0.5073,YES
hptm7211.jpg,0.2018,NO
hptm7210.jpg,0.6052,YES
hptm7212.jpg,0.4032,NO
hptm7208.jpg,0.6160,YES
hptm7216.jpg,0.5676,YES
hptm7217.jpg,0.6268,YES
hptm7218.jpg,0.2206,NO
hptm722.jpg,0.6075,YES
hptm7220.jpg,0.5876,YES
hptm7221.jpg,0.6047,YES
hptm7222.jpg,0.5758,YES
hptm7223.jpg,0.5825,YES
hptm7224.jpg,0.6164,YES
hptm7228.jpg,0.5234,YES
hptm7227.jpg,0.5495,YES
hptm7229.jpg,0.5072,YES
hptm723.jpg,0.6307,YES
hptm7231.jpg,0.5375,YES
hptm7225.jpg,0.4948,NO
hptm7232.jpg,0.5607,YES
hptm7233.jpg,0.5592,YES
hptm7234.jpg,0.5977,YES
hptm7235.jpg,0.4794,NO
hptm7236.jpg,0.4909,NO
hptm7237.jpg,0.6310,YES
hptm7238.jpg,0.4568,NO
hptm7239.jpg,0.5074,YES
hptm7240.jpg,0.5220,YES
hptm724.jpg,0.6184,YES
hptm7242.jpg,0.4104,NO
hptm7241.jpg,0.4689,NO
hptm7243.jpg,0.4464,NO
hptm7244.jpg,0.3331,NO
hptm7245.jpg,0.6187,YES
hptm7247.jpg,0.6124,YES
hptm7246.jpg,0.6807,YES
hptm7248.jpg,0.3860,NO
hptm725.jpg,0.6036,YES
hptm7249.jpg,0.6022,YES
hptm7250.jpg,0.5919,YES
hptm7251.jpg,0.6121,YES
hptm7252.jpg,0.6240,YES
hptm7253.jpg,0.1643,NO
hptm7254.jpg,0.6754,YES
hptm7257.jpg,0.5913,YES
hptm7258.jpg,0.6570,YES
hptm7256.jpg,0.6649,YES
hptm7259.jpg,0.6558,YES
hptm7261.jpg,0.6141,YES
hptm7262.jpg,0.1733,NO
hptm7263.jpg,0.5876,YES
hptm7264.jpg,0.6376,YES
hptm7265.jpg,0.4574,NO
hptm7266.jpg,0.5470,YES
hptm7268.jpg,0.4820,NO
hptm7269.jpg,0.1574,NO
hptm7267.jpg,0.4286,NO
hptm727.jpg,0.5436,YES
hptm7270.jpg,0.5007,YES
hptm7272.jpg,0.5277,YES
hptm7273.jpg,0.6117,YES
hptm7274.jpg,0.1798,NO
hptm7271.jpg,0.1507,NO
hptm7276.jpg,0.2972,NO
hptm7277.jpg,0.5055,YES
hptm7278.jpg,0.5372,YES
hptm7279.jpg,0.5234,YES
hptm728.jpg,0.6361,YES
hptm7280.jpg,0.5825,YES
hptm7281.jpg,0.5282,YES
hptm7283.jpg,0.5761,YES
hptm7282.jpg,0.6084,YES
hptm7285.jpg,0.6088,YES
hptm7286.jpg,0.3613,NO
hptm7284.jpg,0.6000,YES
hptm7289.jpg,0.5885,YES
hptm729.jpg,0.6076,YES
hptm7288.jpg,0.6179,YES
hptm7290.jpg,0.5665,YES
hptm7293.jpg,0.5717,YES
hptm7291.jpg,0.5695,YES
hptm7294.jpg,0.5703,YES
hptm7295.jpg,0.5326,YES
hptm7297.jpg,0.5489,YES
hptm7298.jpg,0.3310,NO
hptm7299.jpg,0.6244,YES
hptm73.jpg,0.5004,YES
hptm730.jpg,0.6041,YES
hptm7301.jpg,0.5550,YES
hptm7300.jpg,0.5212,YES
hptm7303.jpg,0.5434,YES
hptm7304.jpg,0.6580,YES
hptm7305.jpg,0.1656,NO
hptm7306.jpg,0.5605,YES
hptm7302.jpg,0.1698,NO
hptm7307.jpg,0.4511,NO
hptm7309.jpg,0.4445,NO
hptm731.jpg,0.5148,YES
hptm7312.jpg,0.6147,YES
hptm7313.jpg,0.7132,YES
hptm7314.jpg,0.5937,YES
hptm7315.jpg,0.1490,NO
hptm7316.jpg,0.6283,YES
hptm7317.jpg,0.6830,YES
hptm7318.jpg,0.6929,YES
hptm732.jpg,0.1874,NO
hptm7321.jpg,0.6371,YES
hptm7319.jpg,0.6408,YES
hptm7320.jpg,0.6456,YES
hptm7322.jpg,0.6216,YES
hptm7324.jpg,0.6117,YES
hptm7325.jpg,0.6857,YES
hptm7323.jpg,0.6422,YES
hptm7326.jpg,0.6666,YES
hptm7327.jpg,0.6139,YES
hptm7329.jpg,0.5188,YES
hptm733.jpg,0.6378,YES
hptm7328.jpg,0.5647,YES
hptm7330.jpg,0.4245,NO
hptm7331.jpg,0.4266,NO
hptm7333.jpg,0.4175,NO
hptm7334.jpg,0.2353,NO
hptm7335.jpg,0.3435,NO
hptm7336.jpg,0.3477,NO
hptm7337.jpg,0.6505,YES
hptm7338.jpg,0.2777,NO
hptm7339.jpg,0.2851,NO
hptm734.jpg,0.6134,YES
hptm7341.jpg,0.1888,NO
hptm7340.jpg,0.4257,NO
hptm7342.jpg,0.5710,YES
hptm7344.jpg,0.6734,YES
hptm7343.jpg,0.6460,YES
hptm7347.jpg,0.4458,NO
hptm7349.jpg,0.4825,NO
hptm7346.jpg,0.4615,NO
hptm735.jpg,0.6432,YES
hptm7352.jpg,0.3995,NO
hptm7353.jpg,0.5811,YES
hptm7354.jpg,0.4844,NO
hptm7351.jpg,0.5237,YES
hptm7355.jpg,0.5141,YES
hptm7356.jpg,0.5432,YES
hptm7357.jpg,0.5088,YES
hptm7359.jpg,0.2679,NO
hptm7360.jpg,0.6439,YES
hptm7361.jpg,0.5023,YES
hptm7362.jpg,0.6748,YES
hptm7363.jpg,0.6054,YES
hptm7364.jpg,0.5048,YES
hptm7365.jpg,0.6058,YES
hptm7367.jpg,0.6068,YES
hptm7368.jpg,0.6745,YES
hptm7366.jpg,0.6826,YES
hptm737.jpg,0.4092,NO
hptm7369.jpg,0.6323,YES
hptm7371.jpg,0.5954,YES
hptm7370.jpg,0.6279,YES
hptm7372.jpg,0.4153,NO
hptm7373.jpg,0.6410,YES
hptm7374.jpg,0.6857,YES
hptm7376.jpg,0.5139,YES
hptm7375.jpg,0.5691,YES
hptm7377.jpg,0.6367,YES
hptm7378.jpg,0.5608,YES
hptm738.jpg,0.4261,NO
hptm7379.jpg,0.6699,YES
hptm7380.jpg,0.5196,YES
hptm7381.jpg,0.6370,YES
hptm7382.jpg,0.5976,YES
hptm7384.jpg,0.6987,YES
hptm7383.jpg,0.5639,YES
hptm7385.jpg,0.5935,YES
hptm7387.jpg,0.6482,YES
hptm7389.jpg,0.3113,NO
hptm7388.jpg,0.6765,YES
hptm739.jpg,0.6429,YES
hptm7390.jpg,0.6287,YES
hptm7391.jpg,0.5171,YES
hptm7393.jpg,0.4563,NO
hptm7392.jpg,0.1535,NO
hptm7395.jpg,0.7073,YES
hptm7396.jpg,0.4559,NO
hptm7399.jpg,0.5359,YES
hptm7398.jpg,0.6406,YES
hptm740.jpg,0.6225,YES
hptm7400.jpg,0.6019,YES
hptm7401.jpg,0.5674,YES
hptm7403.jpg,0.1510,NO
hptm7402.jpg,0.6257,YES
hptm7405.jpg,0.6136,YES
hptm7406.jpg,0.6224,YES
hptm7408.jpg,0.6787,YES
hptm7409.jpg,0.6274,YES
hptm7407.jpg,0.6397,YES
hptm741.jpg,0.6155,YES
hptm7410.jpg,0.6572,YES
hptm7412.jpg,0.6841,YES
hptm7411.jpg,0.6561,YES
hptm7413.jpg,0.6777,YES
hptm7414.jpg,0.6697,YES
hptm7415.jpg,0.3143,NO
hptm7416.jpg,0.6262,YES
hptm7417.jpg,0.6776,YES
hptm7419.jpg,0.5373,YES
hptm742.jpg,0.5945,YES
hptm7421.jpg,0.6695,YES
hptm7420.jpg,0.6385,YES
hptm7422.jpg,0.5114,YES
hptm7424.jpg,0.4315,NO
hptm7426.jpg,0.3027,NO
hptm7425.jpg,0.6398,YES
hptm7427.jpg,0.3801,NO
hptm7428.jpg,0.3215,NO
hptm7429.jpg,0.4024,NO
hptm7431.jpg,0.5080,YES
hptm7432.jpg,0.5421,YES
hptm7430.jpg,0.4664,NO
hptm7433.jpg,0.5590,YES
hptm7435.jpg,0.3458,NO
hptm7434.jpg,0.5551,YES
hptm7436.jpg,0.6199,YES
hptm7437.jpg,0.3647,NO
hptm7438.jpg,0.5550,YES
hptm7439.jpg,0.5929,YES
hptm744.jpg,0.6928,YES
hptm7440.jpg,0.5769,YES
hptm7441.jpg,0.6357,YES
hptm7443.jpg,0.5857,YES
hptm7444.jpg,0.5315,YES
hptm7442.jpg,0.6172,YES
hptm7446.jpg,0.5774,YES
hptm7445.jpg,0.5992,YES
hptm7449.jpg,0.5528,YES
hptm7447.jpg,0.5724,YES
hptm745.jpg,0.4831,NO
hptm7450.jpg,0.5854,YES
hptm7451.jpg,0.5794,YES
hptm7453.jpg,0.6096,YES
hptm7454.jpg,0.5427,YES
hptm7455.jpg,0.5798,YES
hptm7456.jpg,0.5939,YES
hptm7458.jpg,0.5494,YES
hptm7457.jpg,0.5722,YES
hptm7459.jpg,0.2292,NO
hptm746.jpg,0.5511,YES
hptm7461.jpg,0.5869,YES
hptm7460.jpg,0.5777,YES
hptm7462.jpg,0.5609,YES
hptm7463.jpg,0.6352,YES
hptm7464.jpg,0.5924,YES
hptm7466.jpg,0.5212,YES
hptm7467.jpg,0.6070,YES
hptm7465.jpg,0.5687,YES
hptm7468.jpg,0.5646,YES
hptm7469.jpg,0.4711,NO
hptm7470.jpg,0.2414,NO
hptm747.jpg,0.5099,YES
hptm7471.jpg,0.2477,NO
hptm7474.jpg,0.5855,YES
hptm7475.jpg,0.5872,YES
hptm7476.jpg,0.5731,YES
hptm7477.jpg,0.5874,YES
hptm7479.jpg,0.5656,YES
hptm748.jpg,0.6070,YES
hptm7478.jpg,0.6116,YES
hptm7482.jpg,0.2506,NO
hptm7480.jpg,0.5536,YES
hptm7483.jpg,0.4383,NO
hptm7485.jpg,0.3442,NO
hptm7484.jpg,0.4320,NO
hptm7486.jpg,0.4399,NO
hptm7487.jpg,0.5841,YES
hptm7489.jpg,0.6325,YES
hptm749.jpg,0.2733,NO
hptm7491.jpg,0.3935,NO
hptm7492.jpg,0.5934,YES
hptm7493.jpg,0.2939,NO
hptm7494.jpg,0.6131,YES
hptm7495.jpg,0.6008,YES
hptm7496.jpg,0.5673,YES
hptm7498.jpg,0.5785,YES
hptm75.jpg,0.4312,NO
hptm750.jpg,0.5968,YES
hptm7497.jpg,0.6276,YES
hptm7500.jpg,0.3600,NO
hptm7502.jpg,0.6238,YES
hptm7503.jpg,0.5987,YES
hptm7501.jpg,0.6486,YES
hptm7504.jpg,0.2289,NO
hptm7505.jpg,0.5493,YES
hptm7506.jpg,0.5785,YES
hptm7508.jpg,0.5452,YES
hptm7507.jpg,0.5519,YES
hptm7509.jpg,0.5240,YES
hptm751.jpg,0.5365,YES
hptm7511.jpg,0.6375,YES
hptm7510.jpg,0.6477,YES
hptm7512.jpg,0.5747,YES
hptm7513.jpg,0.5766,YES
hptm7514.jpg,0.6646,YES
hptm7515.jpg,0.3299,NO
hptm7517.jpg,0.6638,YES
hptm7516.jpg,0.6674,YES
hptm7519.jpg,0.4111,NO
hptm7520.jpg,0.2759,NO
hptm7521.jpg,0.2847,NO
hptm752.jpg,0.5668,YES
hptm7522.jpg,0.3273,NO
hptm7523.jpg,0.2840,NO
hptm7524.jpg,0.2869,NO
hptm7525.jpg,0.3256,NO
hptm7526.jpg,0.3024,NO
hptm7527.jpg,0.2964,NO
hptm7529.jpg,0.3164,NO
hptm7530.jpg,0.3481,NO
hptm753.jpg,0.5320,YES
hptm7533.jpg,0.4077,NO
hptm7532.jpg,0.5252,YES
hptm7531.jpg,0.3810,NO
hptm7534.jpg,0.5211,YES
hptm7535.jpg,0.5195,YES
hptm7536.jpg,0.5562,YES
hptm7537.jpg,0.2473,NO
hptm7538.jpg,0.5150,YES
hptm754.jpg,0.4816,NO
hptm7539.jpg,0.5375,YES
hptm7541.jpg,0.6046,YES
hptm7542.jpg,0.5627,YES
hptm7543.jpg,0.5094,YES
hptm7540.jpg,0.4993,NO
hptm7544.jpg,0.6004,YES
hptm7545.jpg,0.5919,YES
hptm7548.jpg,0.3052,NO
hptm7547.jpg,0.5773,YES
hptm7549.jpg,0.6225,YES
hptm7551.jpg,0.5792,YES
hptm7553.jpg,0.6213,YES
hptm7550.jpg,0.5846,YES
hptm7552.jpg,0.5776,YES
hptm7556.jpg,0.6278,YES
hptm7557.jpg,0.5580,YES
hptm7558.jpg,0.5935,YES
hptm7559.jpg,0.2012,NO
hptm7554.jpg,0.4896,NO
hptm756.jpg,0.5865,YES
hptm7560.jpg,0.5503,YES
hptm7561.jpg,0.5463,YES
hptm7562.jpg,0.5373,YES
hptm7563.jpg,0.3388,NO
hptm7564.jpg,0.5778,YES
hptm7565.jpg,0.1632,NO
hptm7568.jpg,0.5688,YES
hptm7569.jpg,0.5772,YES
hptm7567.jpg,0.5659,YES
hptm757.jpg,0.5661,YES
hptm7570.jpg,0.2777,NO
hptm7571.jpg,0.5015,YES
hptm7572.jpg,0.5982,YES
hptm7573.jpg,0.5889,YES
hptm7575.jpg,0.5068,YES
hptm7574.jpg,0.5708,YES
hptm7576.jpg,0.4708,NO
hptm7578.jpg,0.5042,YES
hptm7579.jpg,0.6031,YES
hptm7577.jpg,0.5215,YES
hptm7580.jpg,0.5876,YES
hptm7581.jpg,0.3795,NO
hptm7582.jpg,0.1930,NO
hptm7583.jpg,0.2247,NO
hptm7584.jpg,0.5264,YES
hptm7585.jpg,0.6020,YES
hptm7586.jpg,0.5514,YES
hptm7589.jpg,0.3995,NO
hptm759.jpg,0.5645,YES
hptm7587.jpg,0.4926,NO
hptm7590.jpg,0.5556,YES
hptm7591.jpg,0.5239,YES
hptm7593.jpg,0.5700,YES
hptm7594.jpg,0.3649,NO
hptm7595.jpg,0.4925,NO
hptm7596.jpg,0.4620,NO
hptm7597.jpg,0.5395,YES
hptm7599.jpg,0.6077,YES
hptm7598.jpg,0.6181,YES
hptm760.jpg,0.3868,NO
hptm7602.jpg,0.5655,YES
hptm7604.jpg,0.4529,NO
hptm7603.jpg,0.5942,YES
hptm7600.jpg,0.5522,YES
hptm7605.jpg,0.4937,NO
hptm7607.jpg,0.5797,YES
hptm7609.jpg,0.5939,YES
hptm7608.jpg,0.5844,YES
hptm761.jpg,0.6766,YES
hptm7611.jpg,0.4232,NO
hptm7612.jpg,0.5729,YES
hptm7614.jpg,0.6059,YES
hptm7613.jpg,0.6003,YES
hptm7615.jpg,0.4409,NO
hptm7616.jpg,0.5794,YES
hptm7617.jpg,0.5738,YES
hptm7618.jpg,0.5330,YES
hptm7619.jpg,0.5902,YES
hptm762.jpg,0.6073,YES
hptm7620.jpg,0.5924,YES
hptm7622.jpg,0.5805,YES
hptm7623.jpg,0.5583,YES
hptm7621.jpg,0.5588,YES
hptm7625.jpg,0.5574,YES
hptm7624.jpg,0.3682,NO
hptm7626.jpg,0.6029,YES
hptm7627.jpg,0.3832,NO
hptm7628.jpg,0.4985,NO
hptm7629.jpg,0.5371,YES
hptm763.jpg,0.4452,NO
hptm7631.jpg,0.5583,YES
hptm7632.jpg,0.5931,YES
hptm7634.jpg,0.6078,YES
hptm7636.jpg,0.1189,NO
hptm7633.jpg,0.6038,YES
hptm7637.jpg,0.5690,YES
hptm7638.jpg,0.3298,NO
hptm7639.jpg,0.5347,YES
hptm764.jpg,0.4582,NO
hptm7640.jpg,0.5493,YES
hptm7641.jpg,0.5900,YES
hptm7642.jpg,0.5596,YES
hptm7645.jpg,0.5842,YES
hptm7644.jpg,0.5507,YES
hptm7646.jpg,0.5921,YES
hptm7648.jpg,0.5798,YES
hptm765.jpg,0.3964,NO
hptm7651.jpg,0.5727,YES
hptm7652.jpg,0.5542,YES
hptm7649.jpg,0.5322,YES
hptm7653.jpg,0.5921,YES
hptm7655.jpg,0.2496,NO
hptm7656.jpg,0.4673,NO
hptm7654.jpg,0.6056,YES
hptm7657.jpg,0.4904,NO
hptm7658.jpg,0.4246,NO
hptm7659.jpg,0.1080,NO
hptm7660.jpg,0.6312,YES
hptm766.jpg,0.5024,YES
hptm7661.jpg,0.5253,YES
hptm7662.jpg,0.6544,YES
hptm7663.jpg,0.6622,YES
hptm7664.jpg,0.6483,YES
hptm7665.jpg,0.3207,NO
hptm7666.jpg,0.6117,YES
hptm7667.jpg,0.6487,YES
hptm7669.jpg,0.5617,YES
hptm7668.jpg,0.5785,YES
hptm767.jpg,0.5007,YES
hptm7671.jpg,0.4613,NO
hptm7673.jpg,0.6675,YES
hptm7674.jpg,0.5611,YES
hptm7675.jpg,0.5686,YES
hptm7677.jpg,0.5521,YES
hptm768.jpg,0.6317,YES
hptm7678.jpg,0.6071,YES
hptm7679.jpg,0.5875,YES
hptm7682.jpg,0.3265,NO
hptm7684.jpg,0.6022,YES
hptm7681.jpg,0.5832,YES
hptm7687.jpg,0.6911,YES
hptm7688.jpg,0.6370,YES
hptm7689.jpg,0.6456,YES
hptm769.jpg,0.2209,NO
hptm7693.jpg,0.1789,NO
hptm7691.jpg,0.6693,YES
hptm7690.jpg,0.6882,YES
hptm7695.jpg,0.6238,YES
hptm7696.jpg,0.6112,YES
hptm7694.jpg,0.4550,NO
hptm7697.jpg,0.6202,YES
hptm7699.jpg,0.6452,YES
hptm770.jpg,0.5343,YES
hptm7700.jpg,0.6413,YES
hptm7702.jpg,0.6598,YES
hptm7703.jpg,0.6705,YES
hptm7701.jpg,0.6395,YES
hptm7704.jpg,0.6744,YES
hptm7705.jpg,0.4908,NO
hptm7706.jpg,0.6593,YES
hptm7707.jpg,0.6464,YES
hptm7708.jpg,0.5843,YES
hptm7709.jpg,0.6551,YES
hptm771.jpg,0.6235,YES
hptm7712.jpg,0.6651,YES
hptm7714.jpg,0.6322,YES
hptm7715.jpg,0.6823,YES
hptm7713.jpg,0.6620,YES
hptm7716.jpg,0.3187,NO
hptm7717.jpg,0.6745,YES
hptm7718.jpg,0.6437,YES
hptm7719.jpg,0.6653,YES
hptm7720.jpg,0.6339,YES
hptm7721.jpg,0.1050,NO
hptm772.jpg,0.3680,NO
hptm7722.jpg,0.6321,YES
hptm7723.jpg,0.6263,YES
hptm7724.jpg,0.7089,YES
hptm7725.jpg,0.6216,YES
hptm7726.jpg,0.2247,NO
hptm7727.jpg,0.4139,NO
hptm7728.jpg,0.5974,YES
hptm7729.jpg,0.6218,YES
hptm7730.jpg,0.6516,YES
hptm7733.jpg,0.6150,YES
hptm7735.jpg,0.6441,YES
hptm7736.jpg,0.6481,YES
hptm7737.jpg,0.6831,YES
hptm7738.jpg,0.2705,NO
hptm7739.jpg,0.5977,YES
hptm7742.jpg,0.6044,YES
hptm7740.jpg,0.6035,YES
hptm7743.jpg,0.6899,YES
hptm7744.jpg,0.6269,YES
hptm7741.jpg,0.6732,YES
hptm7745.jpg,0.6225,YES
hptm7747.jpg,0.6894,YES
hptm7748.jpg,0.6094,YES
hptm7749.jpg,0.5907,YES
hptm7750.jpg,0.6750,YES
hptm7751.jpg,0.6891,YES
hptm775.jpg,0.5587,YES
hptm7752.jpg,0.6438,YES
hptm7753.jpg,0.6689,YES
hptm7754.jpg,0.5773,YES
hptm7755.jpg,0.6411,YES
hptm7757.jpg,0.6199,YES
hptm7758.jpg,0.6401,YES
hptm7759.jpg,0.6291,YES
hptm7761.jpg,0.6502,YES
hptm776.jpg,0.6145,YES
hptm7762.jpg,0.6568,YES
hptm7763.jpg,0.6382,YES
hptm7760.jpg,0.4792,NO
hptm7764.jpg,0.6610,YES
hptm7765.jpg,0.6414,YES
hptm7766.jpg,0.6774,YES
hptm7768.jpg,0.6482,YES
hptm777.jpg,0.4644,NO
hptm7770.jpg,0.6614,YES
hptm7769.jpg,0.6474,YES
hptm7771.jpg,0.2516,NO
hptm7772.jpg,0.6175,YES
hptm7773.jpg,0.6343,YES
hptm7774.jpg,0.6711,YES
hptm7775.jpg,0.6374,YES
hptm7776.jpg,0.6107,YES
hptm7777.jpg,0.6195,YES
hptm7778.jpg,0.6245,YES
hptm7779.jpg,0.6386,YES
hptm7782.jpg,0.3608,NO
hptm7787.jpg,0.3293,NO
hptm779.jpg,0.4972,NO
hptm7790.jpg,0.6077,YES
hptm7792.jpg,0.3837,NO
hptm7791.jpg,0.5919,YES
hptm7795.jpg,0.6504,YES
hptm7793.jpg,0.4121,NO
hptm7794.jpg,0.6021,YES
hptm7796.jpg,0.5323,YES
hptm7797.jpg,0.4787,NO
hptm7798.jpg,0.4779,NO
hptm780.jpg,0.6069,YES
hptm7800.jpg,0.6484,YES
hptm7801.jpg,0.6348,YES
hptm7804.jpg,0.1730,NO
hptm7805.jpg,0.4529,NO
hptm7802.jpg,0.6678,YES
hptm7803.jpg,0.6326,YES
hptm7806.jpg,0.6602,YES
hptm7807.jpg,0.2557,NO
hptm7809.jpg,0.6126,YES
hptm781.jpg,0.2541,NO
hptm7810.jpg,0.6282,YES
hptm7812.jpg,0.5639,YES
hptm7815.jpg,0.5554,YES
hptm7816.jpg,0.1308,NO
hptm7813.jpg,0.6366,YES
hptm7814.jpg,0.6143,YES
hptm7817.jpg,0.6270,YES
hptm7818.jpg,0.6089,YES
hptm7819.jpg,0.6100,YES
hptm782.jpg,0.2855,NO
hptm7820.jpg,0.6108,YES
hptm7821.jpg,0.2595,NO
hptm7822.jpg,0.6166,YES
hptm7823.jpg,0.5871,YES
hptm7826.jpg,0.0818,NO
hptm7824.jpg,0.6131,YES
hptm7827.jpg,0.4630,NO
hptm7828.jpg,0.6138,YES
hptm7829.jpg,0.6141,YES
hptm783.jpg,0.4014,NO
hptm7832.jpg,0.1472,NO
hptm7833.jpg,0.5578,YES
hptm7830.jpg,0.6494,YES
hptm7831.jpg,0.6280,YES
hptm7835.jpg,0.6246,YES
hptm7836.jpg,0.6183,YES
hptm7837.jpg,0.6213,YES
hptm7838.jpg,0.3464,NO
hptm7839.jpg,0.6400,YES
hptm784.jpg,0.4557,NO
hptm7842.jpg,0.6531,YES
hptm7843.jpg,0.6293,YES
hptm7840.jpg,0.5726,YES
hptm7841.jpg,0.6299,YES
hptm7844.jpg,0.2717,NO
hptm7845.jpg,0.6497,YES
hptm7847.jpg,0.6563,YES
hptm7846.jpg,0.5524,YES
hptm7849.jpg,0.2667,NO
hptm7848.jpg,0.5861,YES
hptm7851.jpg,0.2348,NO
hptm7852.jpg,0.6519,YES
hptm785.jpg,0.5541,YES
hptm7850.jpg,0.6182,YES
hptm7853.jpg,0.5771,YES
hptm7854.jpg,0.5903,YES
hptm7855.jpg,0.6111,YES
hptm7856.jpg,0.5797,YES
hptm7857.jpg,0.2841,NO
hptm7858.jpg,0.2005,NO
hptm7859.jpg,0.5914,YES
hptm786.jpg,0.4371,NO
hptm7861.jpg,0.5627,YES
hptm7862.jpg,0.6370,YES
hptm7863.jpg,0.6492,YES
hptm7864.jpg,0.6252,YES
hptm7865.jpg,0.6106,YES
hptm7866.jpg,0.6165,YES
hptm7867.jpg,0.5764,YES
hptm7868.jpg,0.6676,YES
hptm787.jpg,0.6336,YES
hptm7869.jpg,0.6221,YES
hptm7870.jpg,0.5840,YES
hptm7871.jpg,0.5383,YES
hptm7872.jpg,0.5740,YES
hptm7873.jpg,0.6003,YES
hptm7876.jpg,0.6918,YES
hptm7877.jpg,0.6709,YES
hptm7874.jpg,0.6345,YES
hptm7875.jpg,0.6577,YES
hptm7878.jpg,0.6042,YES
hptm7879.jpg,0.5778,YES
hptm788.jpg,0.3474,NO
hptm7881.jpg,0.5444,YES
hptm7883.jpg,0.4296,NO
hptm7882.jpg,0.4652,NO
hptm7886.jpg,0.5989,YES
hptm7888.jpg,0.4971,NO
hptm7887.jpg,0.5683,YES
hptm7884.jpg,0.6045,YES
hptm7885.jpg,0.6116,YES
hptm789.jpg,0.3661,NO
hptm7891.jpg,0.5048,YES
hptm7890.jpg,0.6063,YES
hptm7892.jpg,0.5016,YES
hptm7893.jpg,0.4441,NO
hptm7894.jpg,0.6153,YES
hptm7897.jpg,0.6233,YES
hptm7895.jpg,0.5906,YES
hptm7896.jpg,0.5761,YES
hptm7899.jpg,0.6200,YES
hptm7898.jpg,0.6142,YES
hptm790.jpg,0.6850,YES
hptm7900.jpg,0.5914,YES
hptm7901.jpg,0.5313,YES
hptm7902.jpg,0.6213,YES
hptm7903.jpg,0.5894,YES
hptm7904.jpg,0.4272,NO
hptm7905.jpg,0.5936,YES
hptm7906.jpg,0.5622,YES
hptm7908.jpg,0.5848,YES
hptm7907.jpg,0.5723,YES
hptm7909.jpg,0.6496,YES
hptm791.jpg,0.5479,YES
hptm7910.jpg,0.5467,YES
hptm7911.jpg,0.3466,NO
hptm7915.jpg,0.1896,NO
hptm7916.jpg,0.5545,YES
hptm7917.jpg,0.5351,YES
hptm7918.jpg,0.5628,YES
hptm7919.jpg,0.5679,YES
hptm792.jpg,0.5225,YES
hptm7921.jpg,0.4197,NO
hptm7923.jpg,0.6153,YES
hptm7922.jpg,0.6232,YES
hptm7924.jpg,0.6342,YES
hptm7926.jpg,0.6222,YES
hptm7927.jpg,0.5034,YES
hptm7928.jpg,0.6141,YES
hptm7929.jpg,0.5921,YES
hptm7930.jpg,0.5588,YES
hptm7933.jpg,0.4152,NO
hptm7934.jpg,0.6650,YES
hptm7932.jpg,0.5072,YES
hptm7935.jpg,0.6597,YES
hptm7936.jpg,0.6438,YES
hptm793.jpg,0.1526,NO
hptm7937.jpg,0.6835,YES
hptm7938.jpg,0.2236,NO
hptm7939.jpg,0.6747,YES
hptm7942.jpg,0.6741,YES
hptm7943.jpg,0.6145,YES
hptm794.jpg,0.3327,NO
hptm7941.jpg,0.6485,YES
hptm7944.jpg,0.6410,YES
hptm7945.jpg,0.5809,YES
hptm7946.jpg,0.6328,YES
hptm7947.jpg,0.5589,YES
hptm7949.jpg,0.1885,NO
hptm7950.jpg,0.5943,YES
hptm795.jpg,0.4573,NO
hptm7953.jpg,0.5828,YES
hptm7951.jpg,0.6247,YES
hptm7952.jpg,0.6477,YES
hptm7954.jpg,0.5894,YES
hptm7956.jpg,0.6131,YES
hptm7958.jpg,0.2695,NO
hptm7957.jpg,0.6183,YES
hptm796.jpg,0.5237,YES
hptm7960.jpg,0.2557,NO
hptm7963.jpg,0.6514,YES
hptm7964.jpg,0.6110,YES
hptm7965.jpg,0.6184,YES
hptm7966.jpg,0.6054,YES
hptm7968.jpg,0.2941,NO
hptm797.jpg,0.5189,YES
hptm7969.jpg,0.6208,YES
hptm7970.jpg,0.6013,YES
hptm7971.jpg,0.3571,NO
hptm7972.jpg,0.6169,YES
hptm7973.jpg,0.6351,YES
hptm7974.jpg,0.6489,YES
hptm7975.jpg,0.6265,YES
hptm7977.jpg,0.5719,YES
hptm7978.jpg,0.6471,YES
hptm7979.jpg,0.6252,YES
hptm7981.jpg,0.5173,YES
hptm7982.jpg,0.4615,NO
hptm798.jpg,0.6313,YES
hptm7980.jpg,0.6814,YES
hptm7984.jpg,0.6337,YES
hptm7985.jpg,0.6154,YES
hptm7983.jpg,0.5987,YES
hptm7986.jpg,0.5549,YES
hptm7987.jpg,0.5948,YES
hptm7988.jpg,0.6102,YES
hptm7991.jpg,0.5890,YES
hptm7992.jpg,0.6204,YES
hptm7990.jpg,0.6197,YES
hptm7989.jpg,0.6152,YES
hptm7993.jpg,0.3893,NO
hptm7994.jpg,0.6265,YES
hptm7995.jpg,0.6061,YES
hptm7996.jpg,0.6297,YES
hptm7997.jpg,0.6403,YES
hptm7998.jpg,0.6629,YES
hptm800.jpg,0.5872,YES
hptm7999.jpg,0.6629,YES
hptm80.jpg,0.6141,YES
hptm8000.jpg,0.6270,YES
hptm8001.jpg,0.6254,YES
hptm8002.jpg,0.5630,YES
hptm8004.jpg,0.5963,YES
hptm8005.jpg,0.6330,YES
hptm8006.jpg,0.5692,YES
hptm801.jpg,0.6282,YES
hptm8007.jpg,0.6452,YES
hptm8008.jpg,0.6214,YES
hptm8010.jpg,0.6721,YES
hptm8011.jpg,0.6348,YES
hptm8013.jpg,0.6510,YES
hptm8012.jpg,0.6323,YES
hptm8014.jpg,0.6492,YES
hptm8015.jpg,0.4644,NO
hptm8016.jpg,0.6091,YES
hptm8017.jpg,0.6838,YES
hptm8018.jpg,0.6439,YES
hptm8019.jpg,0.6639,YES
hptm802.jpg,0.5927,YES
hptm8020.jpg,0.7127,YES
hptm8021.jpg,0.6724,YES
hptm8022.jpg,0.6957,YES
hptm8025.jpg,0.5867,YES
hptm8023.jpg,0.7050,YES
hptm8024.jpg,0.6593,YES
hptm8026.jpg,0.2098,NO
hptm8027.jpg,0.5089,YES
hptm8029.jpg,0.6707,YES
hptm8028.jpg,0.6684,YES
hptm803.jpg,0.5028,YES
hptm8030.jpg,0.6277,YES
hptm8033.jpg,0.6401,YES
hptm8034.jpg,0.7073,YES
hptm8031.jpg,0.6352,YES
hptm8035.jpg,0.6687,YES
hptm8032.jpg,0.6677,YES
hptm8036.jpg,0.6330,YES
hptm8037.jpg,0.6059,YES
hptm8039.jpg,0.6049,YES
hptm804.jpg,0.5620,YES
hptm8040.jpg,0.6370,YES
hptm8043.jpg,0.6829,YES
hptm8045.jpg,0.6486,YES
hptm8042.jpg,0.6891,YES
hptm8044.jpg,0.6868,YES
hptm8046.jpg,0.6782,YES
hptm8048.jpg,0.7174,YES
hptm8049.jpg,0.6453,YES
hptm805.jpg,0.5909,YES
hptm8050.jpg,0.6509,YES
hptm8052.jpg,0.6678,YES
hptm8055.jpg,0.6022,YES
hptm8053.jpg,0.5510,YES
hptm8054.jpg,0.6484,YES
hptm8056.jpg,0.5890,YES
hptm8057.jpg,0.6461,YES
hptm8058.jpg,0.6262,YES
hptm8059.jpg,0.1018,NO
hptm806.jpg,0.2082,NO
hptm8060.jpg,0.6251,YES
hptm8061.jpg,0.6308,YES
hptm8062.jpg,0.5854,YES
hptm8064.jpg,0.6411,YES
hptm8065.jpg,0.6895,YES
hptm8066.jpg,0.5818,YES
hptm8067.jpg,0.6363,YES
hptm8068.jpg,0.5647,YES
hptm8069.jpg,0.6212,YES
hptm8071.jpg,0.5739,YES
hptm807.jpg,0.5278,YES
hptm8072.jpg,0.6226,YES
hptm8070.jpg,0.6622,YES
hptm8073.jpg,0.6576,YES
hptm8074.jpg,0.6322,YES
hptm8075.jpg,0.5775,YES
hptm8076.jpg,0.6415,YES
hptm8077.jpg,0.6417,YES
hptm808.jpg,0.5928,YES
hptm8081.jpg,0.6645,YES
hptm8082.jpg,0.6355,YES
hptm8078.jpg,0.6769,YES
hptm8080.jpg,0.6667,YES
hptm8084.jpg,0.6182,YES
hptm8085.jpg,0.6502,YES
hptm8086.jpg,0.4967,NO
hptm8087.jpg,0.6222,YES
hptm8088.jpg,0.6014,YES
hptm8089.jpg,0.6357,YES
hptm809.jpg,0.1675,NO
hptm8092.jpg,0.6551,YES
hptm8093.jpg,0.6584,YES
hptm8091.jpg,0.7019,YES
hptm8094.jpg,0.6589,YES
hptm8095.jpg,0.2566,NO
hptm8096.jpg,0.6364,YES
hptm8097.jpg,0.6326,YES
hptm810.jpg,0.5521,YES
hptm8099.jpg,0.5880,YES
hptm8098.jpg,0.5797,YES
hptm8100.jpg,0.6161,YES
hptm8102.jpg,0.2878,NO
hptm8101.jpg,0.6480,YES
hptm8103.jpg,0.6124,YES
hptm8104.jpg,0.5504,YES
hptm8105.jpg,0.6782,YES
hptm8106.jpg,0.6889,YES
hptm8107.jpg,0.6484,YES
hptm8108.jpg,0.6763,YES
hptm811.jpg,0.5372,YES
hptm8110.jpg,0.6995,YES
hptm8111.jpg,0.6247,YES
hptm8112.jpg,0.5808,YES
hptm8114.jpg,0.3310,NO
hptm8113.jpg,0.6640,YES
hptm8115.jpg,0.3432,NO
hptm8118.jpg,0.5283,YES
hptm8119.jpg,0.6988,YES
hptm812.jpg,0.5970,YES
hptm8117.jpg,0.5646,YES
hptm8120.jpg,0.5756,YES
hptm8121.jpg,0.6252,YES
hptm8122.jpg,0.5540,YES
hptm8124.jpg,0.6559,YES
hptm8125.jpg,0.6369,YES
hptm8127.jpg,0.1508,NO
hptm813.jpg,0.5485,YES
hptm8123.jpg,0.6562,YES
hptm8128.jpg,0.5674,YES
hptm8131.jpg,0.6068,YES
hptm8133.jpg,0.1201,NO
hptm8136.jpg,0.6504,YES
hptm8137.jpg,0.2636,NO
hptm8139.jpg,0.5712,YES
hptm814.jpg,0.5919,YES
hptm8140.jpg,0.5702,YES
hptm8143.jpg,0.4571,NO
hptm8141.jpg,0.5621,YES
hptm8142.jpg,0.6687,YES
hptm8144.jpg,0.5761,YES
hptm815.jpg,0.6915,YES
hptm8150.jpg,0.5270,YES
hptm8151.jpg,0.6311,YES
hptm8153.jpg,0.6350,YES
hptm8152.jpg,0.2189,NO
hptm8154.jpg,0.6673,YES
hptm8156.jpg,0.5585,YES
hptm8157.jpg,0.5683,YES
hptm8158.jpg,0.6550,YES
hptm8159.jpg,0.6040,YES
hptm816.jpg,0.6750,YES
hptm8161.jpg,0.6039,YES
hptm8162.jpg,0.6411,YES
hptm8164.jpg,0.5945,YES
hptm8163.jpg,0.6449,YES
hptm8165.jpg,0.5735,YES
hptm8166.jpg,0.6369,YES
hptm8167.jpg,0.5817,YES
hptm8168.jpg,0.6218,YES
hptm817.jpg,0.6751,YES
hptm8172.jpg,0.6729,YES
hptm8170.jpg,0.6509,YES
hptm8174.jpg,0.6089,YES
hptm8175.jpg,0.6232,YES
hptm8173.jpg,0.6701,YES
hptm8176.jpg,0.6238,YES
hptm8177.jpg,0.6411,YES
hptm8178.jpg,0.6503,YES
hptm8179.jpg,0.6202,YES
hptm8180.jpg,0.6691,YES
hptm8181.jpg,0.6357,YES
hptm818.jpg,0.6218,YES
hptm8183.jpg,0.6464,YES
hptm8186.jpg,0.5241,YES
hptm8182.jpg,0.6697,YES
hptm8187.jpg,0.5059,YES
hptm8188.jpg,0.5583,YES
hptm8189.jpg,0.4132,NO
hptm819.jpg,0.3912,NO
hptm8192.jpg,0.3060,NO
hptm8191.jpg,0.4655,NO
hptm8190.jpg,0.3756,NO
hptm8194.jpg,0.5741,YES
hptm8193.jpg,0.6788,YES
hptm8195.jpg,0.4913,NO
hptm8196.jpg,0.5128,YES
hptm8197.jpg,0.5934,YES
hptm8198.jpg,0.4954,NO
hptm8199.jpg,0.5377,YES
hptm820.jpg,0.6640,YES
hptm82.jpg,0.6101,YES
hptm8201.jpg,0.6153,YES
hptm8202.jpg,0.5615,YES
hptm8207.jpg,0.4817,NO
hptm8208.jpg,0.5853,YES
hptm8209.jpg,0.6383,YES
hptm821.jpg,0.5290,YES
hptm8210.jpg,0.5241,YES
hptm8211.jpg,0.5992,YES
hptm8213.jpg,0.5927,YES
hptm8215.jpg,0.6690,YES
hptm8216.jpg,0.6191,YES
hptm822.jpg,0.4940,NO
hptm8219.jpg,0.6226,YES
hptm8220.jpg,0.5962,YES
hptm8221.jpg,0.5013,YES
hptm8222.jpg,0.6064,YES
hptm8224.jpg,0.5470,YES
hptm8223.jpg,0.5024,YES
hptm8225.jpg,0.6406,YES
hptm8226.jpg,0.1462,NO
hptm8227.jpg,0.6237,YES
hptm8228.jpg,0.6083,YES
hptm8229.jpg,0.6176,YES
hptm8230.jpg,0.6580,YES
hptm823.jpg,0.6934,YES
hptm8233.jpg,0.6280,YES
hptm8235.jpg,0.6560,YES
hptm8232.jpg,0.6040,YES
hptm8231.jpg,0.6362,YES
hptm8236.jpg,0.5706,YES
hptm8237.jpg,0.5326,YES
hptm8238.jpg,0.6544,YES
hptm824.jpg,0.7026,YES
hptm8241.jpg,0.6282,YES
hptm8242.jpg,0.6727,YES
hptm8239.jpg,0.5710,YES
hptm8244.jpg,0.6137,YES
hptm8246.jpg,0.3169,NO
hptm8243.jpg,0.6273,YES
hptm8247.jpg,0.6171,YES
hptm8248.jpg,0.3178,NO
hptm8249.jpg,0.6105,YES
hptm825.jpg,0.5941,YES
hptm8250.jpg,0.1504,NO
hptm8253.jpg,0.6154,YES
hptm8251.jpg,0.5666,YES
hptm8252.jpg,0.6259,YES
hptm8254.jpg,0.5798,YES
hptm8255.jpg,0.5545,YES
hptm8256.jpg,0.6083,YES
hptm8257.jpg,0.5418,YES
hptm826.jpg,0.5417,YES
hptm8258.jpg,0.5608,YES
hptm8260.jpg,0.5445,YES
hptm8259.jpg,0.1343,NO
hptm8262.jpg,0.6412,YES
hptm8263.jpg,0.2647,NO
hptm8265.jpg,0.6101,YES
hptm8266.jpg,0.5884,YES
hptm8267.jpg,0.5530,YES
hptm8269.jpg,0.6154,YES
hptm8268.jpg,0.5659,YES
hptm8272.jpg,0.6499,YES
hptm8273.jpg,0.6346,YES
hptm827.jpg,0.5739,YES
hptm8274.jpg,0.3203,NO
hptm8275.jpg,0.6170,YES
hptm8277.jpg,0.4854,NO
hptm8278.jpg,0.5848,YES
hptm828.jpg,0.6646,YES
hptm8280.jpg,0.5875,YES
hptm8279.jpg,0.6200,YES
hptm8282.jpg,0.5830,YES
hptm8283.jpg,0.6546,YES
hptm8281.jpg,0.6346,YES
hptm8284.jpg,0.3293,NO
hptm8285.jpg,0.6127,YES
hptm8286.jpg,0.5805,YES
hptm8287.jpg,0.6131,YES
hptm829.jpg,0.6837,YES
hptm8291.jpg,0.5678,YES
hptm8289.jpg,0.4859,NO
hptm8292.jpg,0.5182,YES
hptm8293.jpg,0.5895,YES
hptm8294.jpg,0.5554,YES
hptm8296.jpg,0.5618,YES
hptm8295.jpg,0.6114,YES
hptm8298.jpg,0.2835,NO
hptm8297.jpg,0.5088,YES
hptm8299.jpg,0.5623,YES
hptm83.jpg,0.5689,YES
hptm830.jpg,0.6746,YES
hptm8300.jpg,0.4493,NO
hptm8301.jpg,0.5116,YES
hptm8302.jpg,0.5316,YES
hptm8303.jpg,0.5533,YES
hptm8304.jpg,0.6494,YES
hptm8306.jpg,0.4963,NO
hptm8308.jpg,0.5519,YES
hptm831.jpg,0.5326,YES
hptm8307.jpg,0.5097,YES
hptm8310.jpg,0.5420,YES
hptm8311.jpg,0.5649,YES
hptm8312.jpg,0.3392,NO
hptm8313.jpg,0.5813,YES
hptm8315.jpg,0.5378,YES
hptm8314.jpg,0.4542,NO
hptm8316.jpg,0.5621,YES
hptm8318.jpg,0.5056,YES
hptm8319.jpg,0.5320,YES
hptm8317.jpg,0.5641,YES
hptm832.jpg,0.5680,YES
hptm8320.jpg,0.4864,NO
hptm8321.jpg,0.5188,YES
hptm8323.jpg,0.5736,YES
hptm8322.jpg,0.4710,NO
hptm8324.jpg,0.4799,NO
hptm8325.jpg,0.5267,YES
hptm8327.jpg,0.5528,YES
hptm8326.jpg,0.5851,YES
hptm8328.jpg,0.6213,YES
hptm8329.jpg,0.6201,YES
hptm8330.jpg,0.1611,NO
hptm8332.jpg,0.2337,NO
hptm8333.jpg,0.6413,YES
hptm8331.jpg,0.6332,YES
hptm8334.jpg,0.5771,YES
hptm8335.jpg,0.6308,YES
hptm8336.jpg,0.5218,YES
hptm8337.jpg,0.5545,YES
hptm8339.jpg,0.5827,YES
hptm834.jpg,0.1938,NO
hptm8340.jpg,0.1490,NO
hptm8342.jpg,0.6183,YES
hptm8341.jpg,0.5804,YES
hptm8344.jpg,0.6185,YES
hptm8343.jpg,0.6090,YES
hptm8345.jpg,0.5829,YES
hptm8346.jpg,0.6704,YES
hptm8348.jpg,0.6281,YES
hptm8349.jpg,0.6715,YES
hptm835.jpg,0.6635,YES
hptm8350.jpg,0.4749,NO
hptm8351.jpg,0.6567,YES
hptm8353.jpg,0.6392,YES
hptm8352.jpg,0.6249,YES
hptm8354.jpg,0.6526,YES
hptm8355.jpg,0.6652,YES
hptm8356.jpg,0.6258,YES
hptm8357.jpg,0.6072,YES
hptm8359.jpg,0.2995,NO
hptm836.jpg,0.5704,YES
hptm8362.jpg,0.6150,YES
hptm8358.jpg,0.6681,YES
hptm8363.jpg,0.1628,NO
hptm8360.jpg,0.5845,YES
hptm8364.jpg,0.5641,YES
hptm8365.jpg,0.5609,YES
hptm8366.jpg,0.5467,YES
hptm8367.jpg,0.5453,YES
hptm8369.jpg,0.6088,YES
hptm8371.jpg,0.5926,YES
hptm8374.jpg,0.4730,NO
hptm8370.jpg,0.5850,YES
hptm8375.jpg,0.3375,NO
hptm8373.jpg,0.5023,YES
hptm8376.jpg,0.4782,NO
hptm8377.jpg,0.3186,NO
hptm8378.jpg,0.3422,NO
hptm8379.jpg,0.2439,NO
hptm838.jpg,0.7369,YES
hptm8381.jpg,0.2728,NO
hptm8380.jpg,0.2892,NO
hptm8383.jpg,0.3336,NO
hptm8386.jpg,0.6145,YES
hptm8387.jpg,0.5170,YES
hptm8388.jpg,0.6170,YES
hptm8385.jpg,0.5560,YES
hptm839.jpg,0.2423,NO
hptm8389.jpg,0.6177,YES
hptm8390.jpg,0.4863,NO
hptm8391.jpg,0.2155,NO
hptm8392.jpg,0.5654,YES
hptm8393.jpg,0.4768,NO
hptm8395.jpg,0.6249,YES
hptm8396.jpg,0.6390,YES
hptm8394.jpg,0.5054,YES
hptm8397.jpg,0.6360,YES
hptm8398.jpg,0.6928,YES
hptm840.jpg,0.6863,YES
hptm8399.jpg,0.5403,YES
hptm8400.jpg,0.6321,YES
hptm8401.jpg,0.6081,YES
hptm8402.jpg,0.5661,YES
hptm8403.jpg,0.5993,YES
hptm8405.jpg,0.5479,YES
hptm8407.jpg,0.6169,YES
hptm8409.jpg,0.5369,YES
hptm8406.jpg,0.5138,YES
hptm8408.jpg,0.4525,NO
hptm8411.jpg,0.2973,NO
hptm841.jpg,0.6898,YES
hptm8412.jpg,0.2661,NO
hptm8414.jpg,0.6008,YES
hptm8415.jpg,0.4239,NO
hptm8416.jpg,0.6603,YES
hptm8417.jpg,0.6105,YES
hptm8418.jpg,0.5761,YES
hptm8419.jpg,0.5743,YES
hptm8420.jpg,0.5810,YES
hptm842.jpg,0.4857,NO
hptm8421.jpg,0.4707,NO
hptm8422.jpg,0.5206,YES
hptm8423.jpg,0.5270,YES
hptm8426.jpg,0.4451,NO
hptm8427.jpg,0.5782,YES
hptm8428.jpg,0.4930,NO
hptm8424.jpg,0.5077,YES
hptm8425.jpg,0.4842,NO
hptm8429.jpg,0.6161,YES
hptm843.jpg,0.4953,NO
hptm8430.jpg,0.6124,YES
hptm8431.jpg,0.6183,YES
hptm8433.jpg,0.6249,YES
hptm8432.jpg,0.5692,YES
hptm8434.jpg,0.5708,YES
hptm8435.jpg,0.5763,YES
hptm8436.jpg,0.6368,YES
hptm8437.jpg,0.4265,NO
hptm8438.jpg,0.6197,YES
hptm8439.jpg,0.5272,YES
hptm844.jpg,0.1934,NO
hptm8441.jpg,0.4589,NO
hptm8442.jpg,0.5886,YES
hptm8444.jpg,0.4675,NO
hptm8443.jpg,0.4509,NO
hptm8445.jpg,0.6214,YES
hptm8446.jpg,0.6140,YES
hptm8449.jpg,0.6607,YES
hptm845.jpg,0.6067,YES
hptm8450.jpg,0.2672,NO
hptm8452.jpg,0.5781,YES
hptm8454.jpg,0.5747,YES
hptm8451.jpg,0.6048,YES
hptm8453.jpg,0.6182,YES
hptm8455.jpg,0.5277,YES
hptm8456.jpg,0.5625,YES
hptm8457.jpg,0.5502,YES
hptm8458.jpg,0.5333,YES
hptm8459.jpg,0.3845,NO
hptm8460.jpg,0.5311,YES
hptm8464.jpg,0.4996,NO
hptm8462.jpg,0.6041,YES
hptm8463.jpg,0.5205,YES
hptm8465.jpg,0.5333,YES
hptm8466.jpg,0.5174,YES
hptm8467.jpg,0.5762,YES
hptm8469.jpg,0.5294,YES
hptm8468.jpg,0.5530,YES
hptm847.jpg,0.6201,YES
hptm8473.jpg,0.6005,YES
hptm8471.jpg,0.4459,NO
hptm8476.jpg,0.5038,YES
hptm8474.jpg,0.4954,NO
hptm8472.jpg,0.5951,YES
hptm8478.jpg,0.5859,YES
hptm8477.jpg,0.5522,YES
hptm8479.jpg,0.4439,NO
hptm8482.jpg,0.4950,NO
hptm848.jpg,0.6762,YES
hptm8481.jpg,0.5547,YES
hptm8480.jpg,0.5665,YES
hptm8484.jpg,0.5503,YES
hptm8485.jpg,0.5389,YES
hptm8486.jpg,0.5671,YES
hptm8487.jpg,0.5594,YES
hptm8489.jpg,0.5697,YES
hptm8488.jpg,0.5698,YES
hptm849.jpg,0.6054,YES
hptm8490.jpg,0.4573,NO
hptm8491.jpg,0.6034,YES
hptm8492.jpg,0.6229,YES
hptm8494.jpg,0.6619,YES
hptm8495.jpg,0.6205,YES
hptm8497.jpg,0.6683,YES
hptm8499.jpg,0.6503,YES
hptm8498.jpg,0.6201,YES
hptm8502.jpg,0.6330,YES
hptm8501.jpg,0.6428,YES
hptm850.jpg,0.5770,YES
hptm8500.jpg,0.6303,YES
hptm8503.jpg,0.5787,YES
hptm8504.jpg,0.4492,NO
hptm8505.jpg,0.4740,NO
hptm8506.jpg,0.5474,YES
hptm8507.jpg,0.5617,YES
hptm8508.jpg,0.6010,YES
hptm8509.jpg,0.5464,YES
hptm851.jpg,0.6037,YES
hptm8511.jpg,0.5228,YES
hptm8512.jpg,0.5505,YES
hptm8513.jpg,0.5497,YES
hptm8510.jpg,0.6331,YES
hptm8514.jpg,0.6168,YES
hptm8515.jpg,0.5396,YES
hptm8519.jpg,0.6002,YES
hptm8516.jpg,0.6337,YES
hptm8518.jpg,0.5728,YES
hptm852.jpg,0.5705,YES
hptm8517.jpg,0.6127,YES
hptm8520.jpg,0.6491,YES
hptm8521.jpg,0.5791,YES
hptm8522.jpg,0.6244,YES
hptm8525.jpg,0.6108,YES
hptm8523.jpg,0.5936,YES
hptm8526.jpg,0.5318,YES
hptm8524.jpg,0.5810,YES
hptm8528.jpg,0.5726,YES
hptm8527.jpg,0.6051,YES
hptm8529.jpg,0.5285,YES
hptm853.jpg,0.3884,NO
hptm8531.jpg,0.5348,YES
hptm8532.jpg,0.4864,NO
hptm8530.jpg,0.5827,YES
hptm8533.jpg,0.5691,YES
hptm8535.jpg,0.5955,YES
hptm8536.jpg,0.5767,YES
hptm8534.jpg,0.5114,YES
hptm8537.jpg,0.5348,YES
hptm8539.jpg,0.4782,NO
hptm8541.jpg,0.5893,YES
hptm8540.jpg,0.4307,NO
hptm8543.jpg,0.4174,NO
hptm8542.jpg,0.3773,NO
hptm8544.jpg,0.5560,YES
hptm8545.jpg,0.3122,NO
hptm8546.jpg,0.6343,YES
hptm8547.jpg,0.4586,NO
hptm8548.jpg,0.4326,NO
hptm8549.jpg,0.5949,YES
hptm855.jpg,0.5442,YES
hptm8551.jpg,0.5205,YES
hptm8550.jpg,0.6220,YES
hptm8552.jpg,0.6468,YES
hptm8553.jpg,0.6129,YES
hptm8555.jpg,0.6520,YES
hptm8557.jpg,0.4953,NO
hptm8559.jpg,0.4796,NO
hptm8558.jpg,0.5105,YES
hptm8560.jpg,0.6148,YES
hptm8561.jpg,0.4756,NO
hptm8562.jpg,0.5405,YES
hptm8564.jpg,0.3169,NO
hptm8563.jpg,0.5801,YES
hptm8565.jpg,0.6539,YES
hptm8566.jpg,0.6133,YES
hptm8568.jpg,0.6315,YES
hptm8567.jpg,0.6043,YES
hptm857.jpg,0.6608,YES
hptm8570.jpg,0.3706,NO
hptm8569.jpg,0.6293,YES
hptm8572.jpg,0.2297,NO
hptm8571.jpg,0.5461,YES
hptm8574.jpg,0.5243,YES
hptm8575.jpg,0.6266,YES
hptm8577.jpg,0.5595,YES
hptm8578.jpg,0.5819,YES
hptm8576.jpg,0.6376,YES
hptm8579.jpg,0.6080,YES
hptm858.jpg,0.4095,NO
hptm8580.jpg,0.5381,YES
hptm8582.jpg,0.3922,NO
hptm8583.jpg,0.4628,NO
hptm8584.jpg,0.6273,YES
hptm8585.jpg,0.3486,NO
hptm8589.jpg,0.6198,YES
hptm8588.jpg,0.5979,YES
hptm8590.jpg,0.5374,YES
hptm859.jpg,0.4051,NO
hptm8592.jpg,0.5191,YES
hptm8594.jpg,0.6258,YES
hptm8595.jpg,0.6317,YES
hptm8593.jpg,0.6354,YES
hptm8597.jpg,0.6295,YES
hptm8596.jpg,0.6530,YES
hptm8598.jpg,0.2294,NO
hptm8599.jpg,0.5798,YES
hptm860.jpg,0.6423,YES
hptm86.jpg,0.5062,YES
hptm8600.jpg,0.5663,YES
hptm8601.jpg,0.6537,YES
hptm8602.jpg,0.2529,NO
hptm8603.jpg,0.5374,YES
hptm8604.jpg,0.6392,YES
hptm8605.jpg,0.5088,YES
hptm8606.jpg,0.5440,YES
hptm861.jpg,0.3165,NO
hptm8610.jpg,0.5673,YES
hptm8607.jpg,0.3428,NO
hptm8611.jpg,0.6665,YES
hptm8613.jpg,0.1738,NO
hptm8612.jpg,0.6524,YES
hptm8614.jpg,0.5978,YES
hptm8615.jpg,0.5683,YES
hptm8616.jpg,0.5817,YES
hptm8617.jpg,0.5513,YES
hptm8619.jpg,0.4289,NO
hptm8618.jpg,0.5533,YES
hptm862.jpg,0.4132,NO
hptm8622.jpg,0.5064,YES
hptm8621.jpg,0.1163,NO
hptm8623.jpg,0.4828,NO
hptm8625.jpg,0.5153,YES
hptm8626.jpg,0.5670,YES
hptm8624.jpg,0.5310,YES
hptm8627.jpg,0.6335,YES
hptm8628.jpg,0.5131,YES
hptm8629.jpg,0.3711,NO
hptm8631.jpg,0.2705,NO
hptm863.jpg,0.3529,NO
hptm8632.jpg,0.2514,NO
hptm8634.jpg,0.3916,NO
hptm8633.jpg,0.1271,NO
hptm8637.jpg,0.4407,NO
hptm8635.jpg,0.4858,NO
hptm8638.jpg,0.5838,YES
hptm8641.jpg,0.5143,YES
hptm8639.jpg,0.6045,YES
hptm8643.jpg,0.4911,NO
hptm8640.jpg,0.5117,YES
hptm8642.jpg,0.5883,YES
hptm8644.jpg,0.5062,YES
hptm8646.jpg,0.5725,YES
hptm8645.jpg,0.5644,YES
hptm8647.jpg,0.5435,YES
hptm8648.jpg,0.6028,YES
hptm8649.jpg,0.5311,YES
hptm8650.jpg,0.5248,YES
hptm865.jpg,0.4444,NO
hptm8651.jpg,0.5838,YES
hptm8652.jpg,0.6318,YES
hptm8653.jpg,0.6168,YES
hptm8654.jpg,0.5405,YES
hptm8655.jpg,0.5000,YES
hptm8656.jpg,0.4803,NO
hptm8657.jpg,0.5813,YES
hptm8658.jpg,0.3168,NO
hptm8660.jpg,0.5619,YES
hptm866.jpg,0.4811,NO
hptm8662.jpg,0.6155,YES
hptm8663.jpg,0.5621,YES
hptm8664.jpg,0.5058,YES
hptm8665.jpg,0.4868,NO
hptm8661.jpg,0.5213,YES
hptm8669.jpg,0.3932,NO
hptm8668.jpg,0.3112,NO
hptm8667.jpg,0.4281,NO
hptm867.jpg,0.5292,YES
hptm8671.jpg,0.3721,NO
hptm8672.jpg,0.3934,NO
hptm8674.jpg,0.2805,NO
hptm8675.jpg,0.5966,YES
hptm8677.jpg,0.5799,YES
hptm8676.jpg,0.6403,YES
hptm8678.jpg,0.6185,YES
hptm8679.jpg,0.4655,NO
hptm8680.jpg,0.3378,NO
hptm868.jpg,0.6380,YES
hptm8682.jpg,0.5254,YES
hptm8685.jpg,0.5714,YES
hptm8684.jpg,0.5875,YES
hptm8686.jpg,0.5941,YES
hptm8688.jpg,0.6067,YES
hptm8687.jpg,0.2025,NO
hptm8689.jpg,0.6097,YES
hptm869.jpg,0.5586,YES
hptm8690.jpg,0.4868,NO
hptm8691.jpg,0.2537,NO
hptm8692.jpg,0.3656,NO
hptm8693.jpg,0.5380,YES
hptm8695.jpg,0.3553,NO
hptm8698.jpg,0.4480,NO
hptm8699.jpg,0.5528,YES
hptm87.jpg,0.4955,NO
hptm8697.jpg,0.3433,NO
hptm870.jpg,0.5468,YES
hptm8701.jpg,0.4853,NO
hptm8702.jpg,0.5850,YES
hptm8700.jpg,0.2530,NO
hptm8703.jpg,0.5603,YES
hptm8704.jpg,0.5907,YES
hptm8705.jpg,0.5041,YES
hptm8708.jpg,0.6172,YES
hptm8709.jpg,0.6215,YES
hptm871.jpg,0.5907,YES
hptm8710.jpg,0.6041,YES
hptm8712.jpg,0.5563,YES
hptm8713.jpg,0.5520,YES
hptm8714.jpg,0.5618,YES
hptm8711.jpg,0.5497,YES
hptm8718.jpg,0.5894,YES
hptm8717.jpg,0.5582,YES
hptm8719.jpg,0.5513,YES
hptm872.jpg,0.5416,YES
hptm8720.jpg,0.1243,NO
hptm8721.jpg,0.4900,NO
hptm8722.jpg,0.5912,YES
hptm8725.jpg,0.6048,YES
hptm8724.jpg,0.4842,NO
hptm8727.jpg,0.6088,YES
hptm8726.jpg,0.6049,YES
hptm8728.jpg,0.6058,YES
hptm8729.jpg,0.4272,NO
hptm873.jpg,0.4861,NO
hptm8730.jpg,0.6445,YES
hptm8731.jpg,0.5939,YES
hptm8732.jpg,0.5921,YES
hptm8733.jpg,0.6045,YES
hptm8736.jpg,0.4803,NO
hptm8737.jpg,0.6015,YES
hptm8735.jpg,0.5702,YES
hptm8739.jpg,0.5614,YES
hptm8738.jpg,0.6448,YES
hptm874.jpg,0.5227,YES
hptm8741.jpg,0.4799,NO
hptm8742.jpg,0.5644,YES
hptm8740.jpg,0.2656,NO
hptm8743.jpg,0.6116,YES
hptm8745.jpg,0.5805,YES
hptm8747.jpg,0.5816,YES
hptm8744.jpg,0.4182,NO
hptm8748.jpg,0.5733,YES
hptm8749.jpg,0.6285,YES
hptm8750.jpg,0.6027,YES
hptm8752.jpg,0.5036,YES
hptm8753.jpg,0.6180,YES
hptm8754.jpg,0.6053,YES
hptm8751.jpg,0.5852,YES
hptm8756.jpg,0.6079,YES
hptm8755.jpg,0.6885,YES
hptm8757.jpg,0.6788,YES
hptm8759.jpg,0.6207,YES
hptm8760.jpg,0.5925,YES
hptm8761.jpg,0.6691,YES
hptm8762.jpg,0.6312,YES
hptm8763.jpg,0.6728,YES
hptm8764.jpg,0.6018,YES
hptm8765.jpg,0.6274,YES
hptm8766.jpg,0.6762,YES
hptm8767.jpg,0.6649,YES
hptm8768.jpg,0.6839,YES
hptm8769.jpg,0.6754,YES
hptm8770.jpg,0.6813,YES
hptm8772.jpg,0.2935,NO
hptm8771.jpg,0.6010,YES
hptm8774.jpg,0.6107,YES
hptm8775.jpg,0.5975,YES
hptm8776.jpg,0.6486,YES
hptm8777.jpg,0.6503,YES
hptm8778.jpg,0.6551,YES
hptm8773.jpg,0.7087,YES
hptm8779.jpg,0.6532,YES
hptm878.jpg,0.6078,YES
hptm8781.jpg,0.6670,YES
hptm8780.jpg,0.6871,YES
hptm8784.jpg,0.6677,YES
hptm8783.jpg,0.6294,YES
hptm8785.jpg,0.6274,YES
hptm8786.jpg,0.5541,YES
hptm8787.jpg,0.6773,YES
hptm8789.jpg,0.6797,YES
hptm879.jpg,0.6162,YES
hptm8788.jpg,0.6692,YES
hptm8790.jpg,0.6740,YES
hptm8791.jpg,0.6630,YES
hptm8793.jpg,0.5644,YES
hptm8795.jpg,0.6744,YES
hptm8794.jpg,0.1210,NO
hptm8796.jpg,0.6615,YES
hptm8797.jpg,0.6727,YES
hptm8799.jpg,0.6756,YES
hptm8800.jpg,0.6550,YES
hptm8798.jpg,0.6595,YES
hptm8801.jpg,0.1398,NO
hptm8802.jpg,0.6871,YES
hptm8803.jpg,0.6637,YES
hptm8804.jpg,0.5032,YES
hptm8805.jpg,0.5720,YES
hptm8806.jpg,0.6110,YES
hptm8807.jpg,0.6721,YES
hptm8809.jpg,0.6507,YES
hptm8808.jpg,0.6611,YES
hptm8811.jpg,0.5662,YES
hptm8813.jpg,0.5088,YES
hptm8812.jpg,0.6767,YES
hptm8814.jpg,0.6468,YES
hptm8817.jpg,0.7449,YES
hptm8816.jpg,0.5696,YES
hptm8818.jpg,0.8267,YES
hptm882.jpg,0.6270,YES
hptm8819.jpg,0.3664,NO
hptm8820.jpg,0.6303,YES
hptm8822.jpg,0.6785,YES
hptm8824.jpg,0.2392,NO
hptm8821.jpg,0.5816,YES
hptm8823.jpg,0.6603,YES
hptm8825.jpg,0.6713,YES
hptm8826.jpg,0.6796,YES
hptm8827.jpg,0.5990,YES
hptm8828.jpg,0.6360,YES
hptm8829.jpg,0.6539,YES
hptm883.jpg,0.5253,YES
hptm8831.jpg,0.6638,YES
hptm8832.jpg,0.6543,YES
hptm8830.jpg,0.6957,YES
hptm8834.jpg,0.6474,YES
hptm8835.jpg,0.4381,NO
hptm8836.jpg,0.3953,NO
hptm8837.jpg,0.5044,YES
hptm8839.jpg,0.4373,NO
hptm884.jpg,0.5087,YES
hptm8840.jpg,0.6214,YES
hptm8842.jpg,0.5287,YES
hptm8841.jpg,0.4081,NO
hptm8847.jpg,0.6816,YES
hptm8848.jpg,0.5970,YES
hptm8845.jpg,0.6242,YES
hptm8849.jpg,0.6068,YES
hptm885.jpg,0.3375,NO
hptm8850.jpg,0.6332,YES
hptm8851.jpg,0.6291,YES
hptm8852.jpg,0.6622,YES
hptm8853.jpg,0.6753,YES
hptm8855.jpg,0.6086,YES
hptm8857.jpg,0.6638,YES
hptm8858.jpg,0.6792,YES
hptm8856.jpg,0.6468,YES
hptm8859.jpg,0.6654,YES
hptm8862.jpg,0.6706,YES
hptm8863.jpg,0.6683,YES
hptm8864.jpg,0.7179,YES
hptm8866.jpg,0.7216,YES
hptm8867.jpg,0.1534,NO
hptm8868.jpg,0.6904,YES
hptm8869.jpg,0.0951,NO
hptm887.jpg,0.5963,YES
hptm8870.jpg,0.6550,YES
hptm8873.jpg,0.6937,YES
hptm8874.jpg,0.6806,YES
hptm8871.jpg,0.5094,YES
hptm8875.jpg,0.6977,YES
hptm8876.jpg,0.6580,YES
hptm8878.jpg,0.5418,YES
hptm8877.jpg,0.6707,YES
hptm8879.jpg,0.5423,YES
hptm888.jpg,0.6011,YES
hptm8880.jpg,0.6772,YES
hptm8883.jpg,0.4859,NO
hptm8884.jpg,0.5045,YES
hptm8881.jpg,0.6789,YES
hptm8885.jpg,0.6869,YES
hptm8886.jpg,0.5920,YES
hptm8887.jpg,0.6672,YES
hptm8888.jpg,0.6732,YES
hptm8890.jpg,0.6289,YES
hptm8895.jpg,0.6443,YES
hptm8893.jpg,0.6401,YES
hptm8898.jpg,0.6451,YES
hptm8897.jpg,0.7092,YES
hptm8900.jpg,0.6805,YES
hptm890.jpg,0.5944,YES
hptm8901.jpg,0.6422,YES
hptm8903.jpg,0.7128,YES
hptm8904.jpg,0.5770,YES
hptm8902.jpg,0.6965,YES
hptm8905.jpg,0.7143,YES
hptm8907.jpg,0.7291,YES
hptm8908.jpg,0.6679,YES
hptm891.jpg,0.6666,YES
hptm8909.jpg,0.6968,YES
hptm8912.jpg,0.6874,YES
hptm8911.jpg,0.6836,YES
hptm8913.jpg,0.5250,YES
hptm8910.jpg,0.7039,YES
hptm8915.jpg,0.5530,YES
hptm8914.jpg,0.6218,YES
hptm8916.jpg,0.5769,YES
hptm8918.jpg,0.6273,YES
hptm8917.jpg,0.6754,YES
hptm892.jpg,0.6381,YES
hptm8920.jpg,0.6458,YES
hptm8921.jpg,0.6661,YES
hptm8923.jpg,0.6733,YES
hptm8925.jpg,0.6366,YES
hptm8924.jpg,0.6312,YES
hptm8926.jpg,0.6426,YES
hptm8928.jpg,0.6785,YES
hptm8929.jpg,0.6595,YES
hptm893.jpg,0.0838,NO
hptm8927.jpg,0.4155,NO
hptm8930.jpg,0.6766,YES
hptm8931.jpg,0.6259,YES
hptm8932.jpg,0.6233,YES
hptm8934.jpg,0.5167,YES
hptm8935.jpg,0.5778,YES
hptm8936.jpg,0.6569,YES
hptm8937.jpg,0.6705,YES
hptm8938.jpg,0.2039,NO
hptm8939.jpg,0.6383,YES
hptm894.jpg,0.4499,NO
hptm8942.jpg,0.6918,YES
hptm8943.jpg,0.6529,YES
hptm8941.jpg,0.6502,YES
hptm8944.jpg,0.6985,YES
hptm8945.jpg,0.6781,YES
hptm8947.jpg,0.6532,YES
hptm8946.jpg,0.6702,YES
hptm8948.jpg,0.6949,YES
hptm8949.jpg,0.4543,NO
hptm895.jpg,0.6558,YES
hptm8951.jpg,0.6447,YES
hptm8952.jpg,0.6776,YES
hptm8950.jpg,0.6989,YES
hptm8953.jpg,0.4566,NO
hptm8955.jpg,0.6035,YES
hptm8954.jpg,0.6438,YES
hptm8956.jpg,0.5491,YES
hptm8957.jpg,0.6806,YES
hptm8958.jpg,0.5977,YES
hptm8959.jpg,0.6266,YES
hptm896.jpg,0.4518,NO
hptm8960.jpg,0.3515,NO
hptm8963.jpg,0.5965,YES
hptm8961.jpg,0.6371,YES
hptm8964.jpg,0.4590,NO
hptm8962.jpg,0.6386,YES
hptm8965.jpg,0.5566,YES
hptm8966.jpg,0.6013,YES
hptm8968.jpg,0.6102,YES
hptm8967.jpg,0.5771,YES
hptm897.jpg,0.2072,NO
hptm8975.jpg,0.7083,YES
hptm8976.jpg,0.6450,YES
hptm8978.jpg,0.6290,YES
hptm8977.jpg,0.3800,NO
hptm898.jpg,0.6105,YES
hptm8979.jpg,0.5599,YES
hptm8980.jpg,0.6026,YES
hptm8981.jpg,0.6214,YES
hptm8982.jpg,0.5107,YES
hptm8983.jpg,0.5765,YES
hptm8985.jpg,0.5405,YES
hptm8984.jpg,0.6768,YES
hptm8986.jpg,0.5622,YES
hptm8987.jpg,0.6388,YES
hptm8989.jpg,0.6443,YES
hptm899.jpg,0.5377,YES
hptm8990.jpg,0.6653,YES
hptm8988.jpg,0.6464,YES
hptm8993.jpg,0.4450,NO
hptm8992.jpg,0.5698,YES
hptm8994.jpg,0.4912,NO
hptm8991.jpg,0.6561,YES
hptm8996.jpg,0.6451,YES
hptm8995.jpg,0.6701,YES
hptm8998.jpg,0.5916,YES
hptm8997.jpg,0.6647,YES
hptm90.jpg,0.6820,YES
hptm8999.jpg,0.6333,YES
hptm900.jpg,0.5007,YES
hptm9001.jpg,0.6904,YES
hptm9003.jpg,0.7045,YES
hptm9002.jpg,0.6868,YES
hptm9005.jpg,0.6828,YES
hptm9007.jpg,0.7159,YES
hptm9004.jpg,0.4075,NO
hptm901.jpg,0.4885,NO
hptm9009.jpg,0.6503,YES
hptm9011.jpg,0.5694,YES
hptm9012.jpg,0.5070,YES
hptm9010.jpg,0.6759,YES
hptm9014.jpg,0.5181,YES
hptm9015.jpg,0.6322,YES
hptm9016.jpg,0.5829,YES
hptm9017.jpg,0.5004,YES
hptm9018.jpg,0.6603,YES
hptm9019.jpg,0.6195,YES
hptm9020.jpg,0.5836,YES
hptm9023.jpg,0.6401,YES
hptm9024.jpg,0.6481,YES
hptm9021.jpg,0.5711,YES
hptm9027.jpg,0.5505,YES
hptm9028.jpg,0.6578,YES
hptm9025.jpg,0.5207,YES
hptm903.jpg,0.5616,YES
hptm9030.jpg,0.6751,YES
hptm9031.jpg,0.5995,YES
hptm9032.jpg,0.6317,YES
hptm9034.jpg,0.6147,YES
hptm9033.jpg,0.5641,YES
hptm9035.jpg,0.5893,YES
hptm9037.jpg,0.5300,YES
hptm9038.jpg,0.3594,NO
hptm9036.jpg,0.5763,YES
hptm9039.jpg,0.5702,YES
hptm904.jpg,0.6677,YES
hptm9040.jpg,0.5108,YES
hptm9042.jpg,0.4093,NO
hptm9041.jpg,0.6239,YES
hptm9043.jpg,0.6139,YES
hptm9044.jpg,0.5642,YES
hptm9046.jpg,0.6297,YES
hptm9047.jpg,0.6515,YES
hptm9048.jpg,0.5675,YES
hptm9049.jpg,0.3435,NO
hptm9050.jpg,0.6148,YES
hptm9052.jpg,0.6405,YES
hptm9053.jpg,0.6267,YES
hptm9051.jpg,0.6372,YES
hptm9054.jpg,0.4582,NO
hptm9055.jpg,0.7314,YES
hptm9056.jpg,0.3046,NO
hptm9060.jpg,0.5667,YES
hptm9059.jpg,0.5854,YES
hptm9061.jpg,0.5925,YES
hptm9062.jpg,0.4682,NO
hptm9064.jpg,0.3858,NO
hptm9066.jpg,0.5855,YES
hptm9067.jpg,0.5848,YES
hptm9065.jpg,0.2795,NO
hptm9068.jpg,0.5638,YES
hptm9069.jpg,0.5858,YES
hptm9070.jpg,0.6077,YES
hptm9071.jpg,0.6624,YES
hptm9074.jpg,0.3592,NO
hptm9076.jpg,0.5303,YES
hptm9073.jpg,0.5711,YES
hptm9078.jpg,0.5457,YES
hptm908.jpg,0.5944,YES
hptm9079.jpg,0.5929,YES
hptm9080.jpg,0.6088,YES
hptm9077.jpg,0.6357,YES
hptm9081.jpg,0.5476,YES
hptm9084.jpg,0.5509,YES
hptm9086.jpg,0.5599,YES
hptm909.jpg,0.6196,YES
hptm9089.jpg,0.5713,YES
hptm9090.jpg,0.6081,YES
hptm9085.jpg,0.6006,YES
hptm9093.jpg,0.6116,YES
hptm9092.jpg,0.6345,YES
hptm9091.jpg,0.6311,YES
hptm9094.jpg,0.6352,YES
hptm9095.jpg,0.6250,YES
hptm9096.jpg,0.6009,YES
hptm9098.jpg,0.5634,YES
hptm9100.jpg,0.6713,YES
hptm9099.jpg,0.6618,YES
hptm9102.jpg,0.4744,NO
hptm9103.jpg,0.5037,YES
hptm910.jpg,0.7016,YES
hptm9104.jpg,0.5128,YES
hptm9105.jpg,0.4406,NO
hptm9101.jpg,0.6719,YES
hptm9106.jpg,0.4191,NO
hptm9109.jpg,0.3264,NO
hptm911.jpg,0.6396,YES
hptm9110.jpg,0.3373,NO
hptm9111.jpg,0.2615,NO
hptm9113.jpg,0.2887,NO
hptm9107.jpg,0.3201,NO
hptm9114.jpg,0.3492,NO
hptm9115.jpg,0.3558,NO
hptm9116.jpg,0.3248,NO
hptm9117.jpg,0.4604,NO
hptm9118.jpg,0.3692,NO
hptm912.jpg,0.3667,NO
hptm9120.jpg,0.1915,NO
hptm9121.jpg,0.2192,NO
hptm9124.jpg,0.5295,YES
hptm9125.jpg,0.5173,YES
hptm9127.jpg,0.5803,YES
hptm9129.jpg,0.3683,NO
hptm9122.jpg,0.2710,NO
hptm9126.jpg,0.6221,YES
hptm9128.jpg,0.5668,YES
hptm9130.jpg,0.4928,NO
hptm9132.jpg,0.6142,YES
hptm9133.jpg,0.6829,YES
hptm9134.jpg,0.6210,YES
hptm913.jpg,0.6251,YES
hptm9136.jpg,0.6241,YES
hptm9137.jpg,0.5618,YES
hptm9135.jpg,0.6006,YES
hptm9138.jpg,0.5700,YES
hptm9139.jpg,0.5630,YES
hptm914.jpg,0.6622,YES
hptm9140.jpg,0.5906,YES
hptm9142.jpg,0.5341,YES
hptm9143.jpg,0.5933,YES
hptm9141.jpg,0.4131,NO
hptm9145.jpg,0.5822,YES
hptm9146.jpg,0.5579,YES
hptm9147.jpg,0.1482,NO
hptm9144.jpg,0.4633,NO
hptm9149.jpg,0.5823,YES
hptm915.jpg,0.6171,YES
hptm9150.jpg,0.5858,YES
hptm9152.jpg,0.4107,NO
hptm9153.jpg,0.2325,NO
hptm9151.jpg,0.2794,NO
hptm9154.jpg,0.5025,YES
hptm9156.jpg,0.4024,NO
hptm9157.jpg,0.3739,NO
hptm9158.jpg,0.3581,NO
hptm9155.jpg,0.5230,YES
hptm9159.jpg,0.3168,NO
hptm916.jpg,0.5141,YES
hptm9162.jpg,0.3718,NO
hptm9163.jpg,0.3531,NO
hptm9161.jpg,0.3640,NO
hptm9164.jpg,0.5023,YES
hptm9160.jpg,0.3907,NO
hptm9166.jpg,0.5896,YES
hptm9167.jpg,0.5886,YES
hptm9165.jpg,0.5212,YES
hptm9168.jpg,0.4306,NO
hptm9169.jpg,0.5209,YES
hptm917.jpg,0.6345,YES
hptm9170.jpg,0.5403,YES
hptm9172.jpg,0.4462,NO
hptm9173.jpg,0.5402,YES
hptm9171.jpg,0.6283,YES
hptm9175.jpg,0.5047,YES
hptm9176.jpg,0.5455,YES
hptm9177.jpg,0.5488,YES
hptm9178.jpg,0.5455,YES
hptm9174.jpg,0.3540,NO
hptm918.jpg,0.5316,YES
hptm9180.jpg,0.5178,YES
hptm9182.jpg,0.3240,NO
hptm9183.jpg,0.2399,NO
hptm9184.jpg,0.2821,NO
hptm9181.jpg,0.4625,NO
hptm9188.jpg,0.3503,NO
hptm9189.jpg,0.3011,NO
hptm9186.jpg,0.2412,NO
hptm9187.jpg,0.2514,NO
hptm919.jpg,0.4881,NO
hptm9190.jpg,0.3414,NO
hptm9191.jpg,0.3324,NO
hptm9193.jpg,0.4419,NO
hptm9194.jpg,0.5560,YES
hptm9192.jpg,0.3329,NO
hptm9195.jpg,0.6030,YES
hptm9197.jpg,0.3146,NO
hptm9198.jpg,0.2611,NO
hptm9199.jpg,0.1098,NO
hptm9196.jpg,0.3389,NO
hptm92.jpg,0.2279,NO
hptm920.jpg,0.4703,NO
hptm9201.jpg,0.6271,YES
hptm9203.jpg,0.3930,NO
hptm9205.jpg,0.3911,NO
hptm9204.jpg,0.1355,NO
hptm9200.jpg,0.5745,YES
hptm9207.jpg,0.3655,NO
hptm9208.jpg,0.5703,YES
hptm9206.jpg,0.5258,YES
hptm9209.jpg,0.6540,YES
hptm9211.jpg,0.5391,YES
hptm9213.jpg,0.4465,NO
hptm9212.jpg,0.3006,NO
hptm9215.jpg,0.5841,YES
hptm9216.jpg,0.6172,YES
hptm9214.jpg,0.4450,NO
hptm9219.jpg,0.6136,YES
hptm9221.jpg,0.6378,YES
hptm9222.jpg,0.6167,YES
hptm9223.jpg,0.6153,YES
hptm9218.jpg,0.5065,YES
hptm9224.jpg,0.5328,YES
hptm9225.jpg,0.3688,NO
hptm9227.jpg,0.3435,NO
hptm9228.jpg,0.2858,NO
hptm9229.jpg,0.1471,NO
hptm9226.jpg,0.5112,YES
hptm9230.jpg,0.5012,YES
hptm9234.jpg,0.4456,NO
hptm9235.jpg,0.3470,NO
hptm9233.jpg,0.5495,YES
hptm9236.jpg,0.4294,NO
hptm9237.jpg,0.4051,NO
hptm9238.jpg,0.3971,NO
hptm924.jpg,0.3519,NO
hptm9240.jpg,0.3525,NO
hptm9239.jpg,0.4954,NO
hptm9241.jpg,0.4510,NO
hptm9243.jpg,0.3224,NO
hptm9244.jpg,0.5850,YES
hptm9246.jpg,0.4576,NO
hptm9242.jpg,0.5653,YES
hptm9247.jpg,0.4519,NO
hptm9248.jpg,0.2371,NO
hptm9250.jpg,0.2555,NO
hptm9252.jpg,0.6358,YES
hptm9254.jpg,0.4626,NO
hptm9249.jpg,0.4591,NO
hptm9255.jpg,0.3174,NO
hptm9257.jpg,0.2878,NO
hptm9258.jpg,0.3028,NO
hptm9259.jpg,0.6247,YES
hptm9256.jpg,0.3567,NO
hptm926.jpg,0.5605,YES
hptm9260.jpg,0.6127,YES
hptm9264.jpg,0.6001,YES
hptm9265.jpg,0.6420,YES
hptm9262.jpg,0.6283,YES
hptm9266.jpg,0.6222,YES
hptm9267.jpg,0.5821,YES
hptm9270.jpg,0.5107,YES
hptm9271.jpg,0.6324,YES
hptm9272.jpg,0.3676,NO
hptm9273.jpg,0.6218,YES
hptm9269.jpg,0.4704,NO
hptm9276.jpg,0.1728,NO
hptm9275.jpg,0.5874,YES
hptm9277.jpg,0.6225,YES
hptm9274.jpg,0.6489,YES
hptm9278.jpg,0.5615,YES
hptm9279.jpg,0.3768,NO
hptm9280.jpg,0.3751,NO
hptm9282.jpg,0.3466,NO
hptm9283.jpg,0.4693,NO
hptm9284.jpg,0.3590,NO
hptm9286.jpg,0.4008,NO
hptm9281.jpg,0.3627,NO
hptm9287.jpg,0.4235,NO
hptm9288.jpg,0.2697,NO
hptm9285.jpg,0.6156,YES
hptm9290.jpg,0.3908,NO
hptm9291.jpg,0.4814,NO
hptm9292.jpg,0.5502,YES
hptm9295.jpg,0.4721,NO
hptm9297.jpg,0.5086,YES
hptm9298.jpg,0.2764,NO
hptm9296.jpg,0.2449,NO
hptm9302.jpg,0.6421,YES
hptm9303.jpg,0.6050,YES
hptm9299.jpg,0.3737,NO
hptm9304.jpg,0.6089,YES
hptm9305.jpg,0.3096,NO
hptm9306.jpg,0.2344,NO
hptm9307.jpg,0.6102,YES
hptm9309.jpg,0.3301,NO
hptm931.jpg,0.6733,YES
hptm9311.jpg,0.2666,NO
hptm9308.jpg,0.2699,NO
hptm9312.jpg,0.4879,NO
hptm9313.jpg,0.2439,NO
hptm9314.jpg,0.2991,NO
hptm9310.jpg,0.2670,NO
hptm9315.jpg,0.4226,NO
hptm9316.jpg,0.3374,NO
hptm9317.jpg,0.2225,NO
hptm9319.jpg,0.3256,NO
hptm932.jpg,0.1488,NO
hptm9318.jpg,0.6403,YES
hptm9322.jpg,0.2402,NO
hptm9323.jpg,0.2543,NO
hptm9320.jpg,0.2850,NO
hptm9321.jpg,0.2731,NO
hptm9324.jpg,0.2434,NO
hptm9327.jpg,0.4211,NO
hptm9328.jpg,0.4725,NO
hptm933.jpg,0.5541,YES
hptm9330.jpg,0.5475,YES
hptm9331.jpg,0.5000,NO
hptm9333.jpg,0.5260,YES
hptm9329.jpg,0.1482,NO
hptm9334.jpg,0.5529,YES
hptm9335.jpg,0.4473,NO
hptm9332.jpg,0.5598,YES
hptm9336.jpg,0.6005,YES
hptm9338.jpg,0.5432,YES
hptm9339.jpg,0.5655,YES
hptm934.jpg,0.4270,NO
hptm9341.jpg,0.6122,YES
hptm9342.jpg,0.6251,YES
hptm9340.jpg,0.6319,YES
hptm9344.jpg,0.5630,YES
hptm9345.jpg,0.5219,YES
hptm9346.jpg,0.5059,YES
hptm9343.jpg,0.5286,YES
hptm9347.jpg,0.5692,YES
hptm9348.jpg,0.5714,YES
hptm9349.jpg,0.6502,YES
hptm936.jpg,0.4114,NO
hptm937.jpg,0.2295,NO
hptm938.jpg,0.4150,NO
hptm935.jpg,0.5830,YES
hptm940.jpg,0.5909,YES
hptm941.jpg,0.5564,YES
hptm939.jpg,0.4368,NO
hptm942.jpg,0.5094,YES
hptm943.jpg,0.4301,NO
hptm944.jpg,0.4987,NO
hptm946.jpg,0.5893,YES
hptm948.jpg,0.4360,NO
hptm949.jpg,0.4381,NO
hptm947.jpg,0.4446,NO
hptm950.jpg,0.7301,YES
hptm951.jpg,0.5967,YES
hptm95.jpg,0.6328,YES
hptm952.jpg,0.5889,YES
hptm953.jpg,0.6149,YES
hptm954.jpg,0.6427,YES
hptm955.jpg,0.5908,YES
hptm957.jpg,0.5412,YES
hptm964.jpg,0.5507,YES
hptm956.jpg,0.3652,NO
hptm966.jpg,0.5477,YES
hptm968.jpg,0.5926,YES
hptm965.jpg,0.5143,YES
hptm969.jpg,0.6219,YES
hptm97.jpg,0.4605,NO
hptm970.jpg,0.5925,YES
hptm971.jpg,0.4792,NO
hptm973.jpg,0.3354,NO
hptm974.jpg,0.3592,NO
hptm976.jpg,0.4403,NO
hptm972.jpg,0.6573,YES
hptm977.jpg,0.4384,NO
hptm978.jpg,0.3946,NO
hptm975.jpg,0.1276,NO
hptm979.jpg,0.5757,YES
hptm981.jpg,0.4203,NO
hptm980.jpg,0.4197,NO
hptm982.jpg,0.2983,NO
hptm984.jpg,0.3257,NO
hptm985.jpg,0.3550,NO
hptm983.jpg,0.4490,NO
hptm987.jpg,0.5793,YES
hptm989.jpg,0.6623,YES
hptm988.jpg,0.3571,NO
hptm986.jpg,0.2969,NO
hptm991.jpg,0.3618,NO
hptm990.jpg,0.5209,YES
hptm992.jpg,0.5339,YES
sz196.jpg,0.3715,NO
hptm995.jpg,0.4187,NO
sz192.jpg,0.3147,NO
sz193.jpg,0.3218,NO
hptm997.jpg,0.4714,NO
hptm998.jpg,0.4308,NO
sz201.jpg,0.6873,YES
hptm994.jpg,0.4232,NO
sz202.jpg,0.5453,YES
sz210.jpg,0.2169,NO
sz212.jpg,0.5648,YES
sz211.jpg,0.4489,NO
sz197.jpg,0.3931,NO
hptm999.jpg,0.4331,NO
sz204.jpg,0.4289,NO
sz220.jpg,0.3931,NO
sz199.jpg,0.3858,NO
sz221.jpg,0.4736,NO
sz240.jpg,0.1612,NO
sz225.jpg,0.5997,YES
sz241.jpg,0.4028,NO
sz209.jpg,0.5994,YES
sz249.jpg,0.3260,NO
sz222.jpg,0.6277,YES
sz252.jpg,0.2242,NO
sz253.jpg,0.1469,NO
sz258.jpg,0.3165,NO
sz226.jpg,0.2973,NO
sz261.jpg,0.4265,NO
sz235.jpg,0.4128,NO
sz265.jpg,0.5642,YES
sz242.jpg,0.3297,NO
sz250.jpg,0.6501,YES
sz233.jpg,0.4946,NO
sz234.jpg,0.2656,NO
sz262.jpg,0.2734,NO
sz263.jpg,0.4882,NO
sz283.jpg,0.3527,NO
sz276.jpg,0.3545,NO
sz285.jpg,0.4358,NO
sz277.jpg,0.4075,NO
sz286.jpg,0.4583,NO
sz284.jpg,0.4922,NO
sz315.jpg,0.5693,YES
yf03.jpg,0.5714,YES
yf04.jpg,0.5506,YES
yf05.jpg,0.6086,YES
yf07.jpg,0.1593,NO
yf08.jpg,0.5476,YES
yf01.jpg,0.4559,NO
yf06.jpg,0.6072,YES
yf09.jpg,0.5458,YES
yf10.jpg,0.5908,YES
yf1001.jpg,0.5042,YES
yf1002.jpg,0.4920,NO
yf1003.jpg,0.4040,NO
yf1004.jpg,0.4461,NO
yf1009.jpg,0.4072,NO
yf1005.jpg,0.4255,NO
yf101.jpg,0.4263,NO
yf1007.jpg,0.1387,NO
yf1010.jpg,0.5253,YES
yf1011.jpg,0.3710,NO
yf1012.jpg,0.5269,YES
yf1013.jpg,0.6246,YES
yf1014.jpg,0.5914,YES
yf1016.jpg,0.6288,YES
yf1018.jpg,0.4953,NO
yf1019.jpg,0.5663,YES
yf1020.jpg,0.5708,YES
yf1015.jpg,0.4582,NO
yf1021.jpg,0.5606,YES
yf1017.jpg,0.4453,NO
yf11.jpg,0.4050,NO
yf112.jpg,0.4435,NO
yf113.jpg,0.4538,NO
yf12.jpg,0.4781,NO
yf124.jpg,0.4804,NO
yf134.jpg,0.4508,NO
yf133.jpg,0.5145,YES
yf136.jpg,0.3629,NO
yf135.jpg,0.4230,NO
yf137.jpg,0.4324,NO
yf15.jpg,0.5625,YES
yf152.jpg,0.3982,NO
yf154.jpg,0.4718,NO
yf153.jpg,0.3751,NO
yf158.jpg,0.4510,NO
yf159.jpg,0.3991,NO
yf155.jpg,0.4336,NO
yf16.jpg,0.5668,YES
yf138.jpg,0.3143,NO
yf139.jpg,0.4437,NO
yf165.jpg,0.4715,NO
yf166.jpg,0.4464,NO
yf163.jpg,0.3407,NO
yf167.jpg,0.4374,NO
yf169.jpg,0.5001,YES
yf170.jpg,0.4845,NO
yf17.jpg,0.5726,YES
yf171.jpg,0.5304,YES
yf172.jpg,0.4508,NO
yf156.jpg,0.4151,NO
yf18.jpg,0.4885,NO
yf181.jpg,0.3792,NO
yf187.jpg,0.5428,YES
yf182.jpg,0.4794,NO
yf19.jpg,0.5017,YES
yf180.jpg,0.4534,NO
yf193.jpg,0.3643,NO
yf20.jpg,0.5691,YES
yf209.jpg,0.3940,NO
yf21.jpg,0.5640,YES
yf210.jpg,0.4661,NO
yf195.jpg,0.4385,NO
yf215.jpg,0.4533,NO
yf211.jpg,0.4731,NO
yf216.jpg,0.4728,NO
yf217.jpg,0.4519,NO
yf226.jpg,0.4184,NO
yf22.jpg,0.6108,YES
yf229.jpg,0.4809,NO
yf194.jpg,0.4407,NO
yf227.jpg,0.4985,NO
yf230.jpg,0.3921,NO
yf23.jpg,0.5717,YES
yf231.jpg,0.4458,NO
yf232.jpg,0.4626,NO
yf233.jpg,0.5044,YES
yf234.jpg,0.4927,NO
yf236.jpg,0.4935,NO
yf238.jpg,0.5579,YES
yf244.jpg,0.4795,NO
yf247.jpg,0.4545,NO
yf245.jpg,0.5256,YES
yf237.jpg,0.4543,NO
yf249.jpg,0.4318,NO
yf25.jpg,0.3131,NO
yf251.jpg,0.4600,NO
yf252.jpg,0.4968,NO
yf258.jpg,0.3480,NO
yf256.jpg,0.3124,NO
yf261.jpg,0.4280,NO
yf262.jpg,0.4755,NO
yf26.jpg,0.5914,YES
yf263.jpg,0.3781,NO
yf265.jpg,0.4732,NO
yf266.jpg,0.3849,NO
yf264.jpg,0.2881,NO
yf267.jpg,0.4385,NO
yf269.jpg,0.2745,NO
yf270.jpg,0.3884,NO
yf271.jpg,0.4232,NO
yf272.jpg,0.4443,NO
yf27.jpg,0.6205,YES
yf273.jpg,0.4192,NO
yf239.jpg,0.4050,NO
yf274.jpg,0.4003,NO
yf275.jpg,0.2518,NO
yf279.jpg,0.4434,NO
yf28.jpg,0.5187,YES
yf282.jpg,0.4804,NO
yf284.jpg,0.4000,NO
yf286.jpg,0.1819,NO
yf283.jpg,0.5420,YES
yf285.jpg,0.3329,NO
yf287.jpg,0.4554,NO
yf289.jpg,0.2907,NO
yf29.jpg,0.5401,YES
yf296.jpg,0.4359,NO
yf297.jpg,0.4697,NO
yf298.jpg,0.4599,NO
yf302.jpg,0.5167,YES
yf299.jpg,0.4335,NO
yf30.jpg,0.3375,NO
yf304.jpg,0.4069,NO
yf305.jpg,0.4754,NO
yf308.jpg,0.3442,NO
yf309.jpg,0.4136,NO
yf31.jpg,0.5672,YES
yf310.jpg,0.4984,NO
yf322.jpg,0.5888,YES
yf324.jpg,0.5399,YES
yf325.jpg,0.2049,NO
yf311.jpg,0.6135,YES
yf326.jpg,0.6262,YES
yf327.jpg,0.5416,YES
yf32.jpg,0.4375,NO
yf328.jpg,0.3777,NO
yf33.jpg,0.3683,NO
yf329.jpg,0.0566,NO
yf330.jpg,0.2492,NO
yf332.jpg,0.2740,NO
yf333.jpg,0.3417,NO
yf331.jpg,0.4306,NO
yf337.jpg,0.4717,NO
yf336.jpg,0.5480,YES
yf338.jpg,0.4336,NO
yf339.jpg,0.4812,NO
yf34.jpg,0.5620,YES
yf341.jpg,0.5747,YES
yf340.jpg,0.5203,YES
yf350.jpg,0.4294,NO
yf359.jpg,0.6020,YES
yf349.jpg,0.5014,YES
yf36.jpg,0.6072,YES
yf37.jpg,0.6051,YES
yf357.jpg,0.3969,NO
yf372.jpg,0.6223,YES
yf371.jpg,0.4135,NO
yf373.jpg,0.3952,NO
yf374.jpg,0.3288,NO
yf379.jpg,0.4359,NO
yf383.jpg,0.5106,YES
yf384.jpg,0.5308,YES
yf376.jpg,0.3929,NO
yf375.jpg,0.4103,NO
yf38.jpg,0.1891,NO
yf385.jpg,0.3482,NO
yf387.jpg,0.5304,YES
yf390.jpg,0.4182,NO
yf39.jpg,0.6148,YES
yf392.jpg,0.4639,NO
yf393.jpg,0.4604,NO
yf394.jpg,0.4192,NO
yf397.jpg,0.3718,NO
yf395.jpg,0.4453,NO
yf396.jpg,0.4286,NO
yf399.jpg,0.4918,NO
yf398.jpg,0.3460,NO
yf40.jpg,0.5535,YES
yf400.jpg,0.4642,NO
yf403.jpg,0.5550,YES
yf406.jpg,0.5160,YES
yf402.jpg,0.4393,NO
yf407.jpg,0.4823,NO
yf408.jpg,0.3777,NO
yf409.jpg,0.5010,YES
yf405.jpg,0.2971,NO
yf404.jpg,0.5981,YES
yf412.jpg,0.3782,NO
yf413.jpg,0.3141,NO
yf42.jpg,0.4509,NO
yf421.jpg,0.1603,NO
yf422.jpg,0.0981,NO
yf414.jpg,0.1938,NO
yf420.jpg,0.2021,NO
yf423.jpg,0.3570,NO
yf428.jpg,0.1779,NO
yf429.jpg,0.2018,NO
yf43.jpg,0.5991,YES
yf430.jpg,0.2050,NO
yf431.jpg,0.5248,YES
yf433.jpg,0.5376,YES
yf435.jpg,0.3906,NO
yf432.jpg,0.5987,YES
yf436.jpg,0.4684,NO
yf434.jpg,0.3601,NO
yf438.jpg,0.5600,YES
yf437.jpg,0.5534,YES
yf439.jpg,0.4777,NO
yf44.jpg,0.6150,YES
yf441.jpg,0.5882,YES
yf443.jpg,0.4258,NO
yf447.jpg,0.5541,YES
yf449.jpg,0.4850,NO
yf450.jpg,0.5085,YES
yf442.jpg,0.6902,YES
yf446.jpg,0.3892,NO
yf453.jpg,0.4013,NO
yf455.jpg,0.5942,YES
yf456.jpg,0.3837,NO
yf459.jpg,0.3792,NO
yf458.jpg,0.3425,NO
yf468.jpg,0.4555,NO
yf469.jpg,0.4065,NO
yf470.jpg,0.3621,NO
yf471.jpg,0.3355,NO
yf47.jpg,0.5317,YES
yf472.jpg,0.3151,NO
yf474.jpg,0.4021,NO
yf475.jpg,0.3423,NO
yf476.jpg,0.3797,NO
yf478.jpg,0.3446,NO
yf479.jpg,0.4127,NO
yf477.jpg,0.3850,NO
yf480.jpg,0.4003,NO
yf482.jpg,0.4061,NO
yf483.jpg,0.6402,YES
yf484.jpg,0.6178,YES
yf48.jpg,0.5529,YES
yf485.jpg,0.6555,YES
yf49.jpg,0.5350,YES
yf492.jpg,0.5317,YES
yf497.jpg,0.5068,YES
yf50.jpg,0.2475,NO
yf493.jpg,0.4833,NO
yf491.jpg,0.5962,YES
yf502.jpg,0.4538,NO
yf500.jpg,0.4134,NO
yf503.jpg,0.4507,NO
yf506.jpg,0.4983,NO
yf507.jpg,0.5264,YES
yf509.jpg,0.4626,NO
yf508.jpg,0.4272,NO
yf510.jpg,0.2418,NO
yf513.jpg,0.4186,NO
yf51.jpg,0.5909,YES
yf511.jpg,0.4325,NO
yf514.jpg,0.4191,NO
yf515.jpg,0.2092,NO
yf517.jpg,0.4793,NO
yf516.jpg,0.4144,NO
yf518.jpg,0.4561,NO
yf521.jpg,0.4899,NO
yf525.jpg,0.4579,NO
yf522.jpg,0.5059,YES
yf527.jpg,0.5307,YES
yf526.jpg,0.5174,YES
yf528.jpg,0.5078,YES
yf524.jpg,0.4954,NO
yf529.jpg,0.4178,NO
yf537.jpg,0.6237,YES
yf538.jpg,0.5425,YES
yf540.jpg,0.6466,YES
yf543.jpg,0.6180,YES
yf539.jpg,0.6458,YES
yf546.jpg,0.6298,YES
yf547.jpg,0.5754,YES
yf542.jpg,0.5847,YES
yf544.jpg,0.6154,YES
yf548.jpg,0.5307,YES
yf55.jpg,0.4915,NO
yf549.jpg,0.5539,YES
yf551.jpg,0.5951,YES
yf552.jpg,0.4914,NO
yf553.jpg,0.4153,NO
yf550.jpg,0.3383,NO
yf559.jpg,0.4159,NO
yf555.jpg,0.4433,NO
yf56.jpg,0.5228,YES
yf560.jpg,0.4570,NO
yf561.jpg,0.4377,NO
yf562.jpg,0.4123,NO
yf563.jpg,0.4336,NO
yf570.jpg,0.5712,YES
yf573.jpg,0.4474,NO
yf57.jpg,0.2813,NO
yf574.jpg,0.2308,NO
yf571.jpg,0.4108,NO
yf575.jpg,0.4299,NO
yf576.jpg,0.4729,NO
yf577.jpg,0.4447,NO
yf579.jpg,0.4778,NO
yf581.jpg,0.4197,NO
yf58.jpg,0.4224,NO
yf589.jpg,0.4410,NO
yf59.jpg,0.3687,NO
yf582.jpg,0.3651,NO
yf591.jpg,0.4201,NO
yf572.jpg,0.4562,NO
yf593.jpg,0.4288,NO
yf595.jpg,0.3952,NO
yf598.jpg,0.4329,NO
yf599.jpg,0.3222,NO
yf600.jpg,0.3088,NO
yf597.jpg,0.4809,NO
yf602.jpg,0.2109,NO
yf60.jpg,0.5461,YES
yf603.jpg,0.3886,NO
yf604.jpg,0.5000,NO
yf605.jpg,0.3548,NO
yf61.jpg,0.5088,YES
yf613.jpg,0.4045,NO
yf62.jpg,0.5266,YES
yf625.jpg,0.3113,NO
yf614.jpg,0.4119,NO
yf628.jpg,0.3775,NO
yf629.jpg,0.4891,NO
yf624.jpg,0.4463,NO
yf63.jpg,0.5294,YES
yf632.jpg,0.5161,YES
yf633.jpg,0.4197,NO
yf646.jpg,0.3870,NO
yf635.jpg,0.6550,YES
yf647.jpg,0.3531,NO
yf64.jpg,0.3623,NO
yf65.jpg,0.6349,YES
yf654.jpg,0.1816,NO
yf648.jpg,0.4075,NO
yf66.jpg,0.4755,NO
yf666.jpg,0.4945,NO
yf67.jpg,0.4259,NO
yf672.jpg,0.5322,YES
yf676.jpg,0.5700,YES
yf679.jpg,0.5969,YES
yf682.jpg,0.5869,YES
yf673.jpg,0.2035,NO
yf683.jpg,0.6531,YES
yf68.jpg,0.5149,YES
yf684.jpg,0.7184,YES
yf685.jpg,0.5126,YES
yf69.jpg,0.5616,YES
yf698.jpg,0.4935,NO
yf700.jpg,0.3128,NO
yf704.jpg,0.3694,NO
yf714.jpg,0.4559,NO
yf715.jpg,0.4737,NO
yf702.jpg,0.4386,NO
yf71.jpg,0.4916,NO
yf717.jpg,0.4412,NO
yf716.jpg,0.3037,NO
yf718.jpg,0.5102,YES
yf72.jpg,0.2400,NO
yf726.jpg,0.5381,YES
yf727.jpg,0.5288,YES
yf733.jpg,0.3887,NO
yf735.jpg,0.4717,NO
yf73.jpg,0.4057,NO
yf74.jpg,0.2436,NO
yf732.jpg,0.5551,YES
yf747.jpg,0.4032,NO
yf744.jpg,0.4741,NO
yf748.jpg,0.3811,NO
yf749.jpg,0.3629,NO
yf75.jpg,0.4165,NO
yf752.jpg,0.3656,NO
yf754.jpg,0.4433,NO
yf751.jpg,0.4179,NO
yf758.jpg,0.4717,NO
yf759.jpg,0.3748,NO
yf753.jpg,0.3782,NO
yf769.jpg,0.5493,YES
yf770.jpg,0.5261,YES
yf771.jpg,0.4423,NO
yf772.jpg,0.4611,NO
yf780.jpg,0.1941,NO
yf781.jpg,0.3893,NO
yf788.jpg,0.4080,NO
yf773.jpg,0.3706,NO
yf790.jpg,0.5929,YES
yf787.jpg,0.4450,NO
yf791.jpg,0.2769,NO
yf792.jpg,0.5495,YES
yf794.jpg,0.5197,YES
yf793.jpg,0.4833,NO
yf795.jpg,0.4973,NO
yf797.jpg,0.4591,NO
yf80.jpg,0.3906,NO
yf796.jpg,0.4778,NO
yf802.jpg,0.4891,NO
yf804.jpg,0.5605,YES
yf803.jpg,0.4937,NO
yf798.jpg,0.4781,NO
yf806.jpg,0.4467,NO
yf807.jpg,0.4381,NO
yf808.jpg,0.4725,NO
yf81.jpg,0.4865,NO
yf810.jpg,0.4074,NO
yf811.jpg,0.4461,NO
yf809.jpg,0.4503,NO
yf813.jpg,0.5006,YES
yf812.jpg,0.3801,NO
yf815.jpg,0.4420,NO
yf816.jpg,0.4473,NO
yf817.jpg,0.4334,NO
yf818.jpg,0.5195,YES
yf819.jpg,0.5618,YES
yf820.jpg,0.5710,YES
yf824.jpg,0.4267,NO
yf82.jpg,0.4692,NO
yf822.jpg,0.4722,NO
yf825.jpg,0.4578,NO
yf827.jpg,0.4874,NO
yf826.jpg,0.4906,NO
yf828.jpg,0.5504,YES
yf829.jpg,0.5228,YES
yf83.jpg,0.4428,NO
yf833.jpg,0.4660,NO
yf834.jpg,0.4270,NO
yf830.jpg,0.5371,YES
yf836.jpg,0.5738,YES
yf832.jpg,0.5355,YES
yf835.jpg,0.4731,NO
yf837.jpg,0.5513,YES
yf838.jpg,0.5733,YES
yf84.jpg,0.4847,NO
yf839.jpg,0.5839,YES
yf841.jpg,0.5965,YES
yf844.jpg,0.5552,YES
yf840.jpg,0.5606,YES
yf845.jpg,0.3492,NO
yf842.jpg,0.5545,YES
yf846.jpg,0.5624,YES
yf847.jpg,0.4433,NO
yf85.jpg,0.4364,NO
yf851.jpg,0.4800,NO
yf852.jpg,0.3948,NO
yf854.jpg,0.4606,NO
yf857.jpg,0.4591,NO
yf853.jpg,0.4791,NO
yf858.jpg,0.4953,NO
yf859.jpg,0.2827,NO
yf855.jpg,0.4744,NO
yf86.jpg,0.5760,YES
yf860.jpg,0.4529,NO
yf861.jpg,0.4082,NO
yf863.jpg,0.5390,YES
yf867.jpg,0.3709,NO
yf866.jpg,0.4795,NO
yf870.jpg,0.3887,NO
yf871.jpg,0.3986,NO
yf865.jpg,0.4470,NO
yf876.jpg,0.4230,NO
yf868.jpg,0.4830,NO
yf877.jpg,0.3973,NO
yf879.jpg,0.5169,YES
yf878.jpg,0.2862,NO
yf880.jpg,0.5193,YES
yf881.jpg,0.3709,NO
yf883.jpg,0.5167,YES
yf882.jpg,0.4172,NO
yf885.jpg,0.4191,NO
yf886.jpg,0.4178,NO
yf887.jpg,0.2854,NO
yf888.jpg,0.4442,NO
yf89.jpg,0.4694,NO
yf884.jpg,0.5756,YES
yf890.jpg,0.3836,NO
yf892.jpg,0.3976,NO
yf894.jpg,0.3832,NO
yf893.jpg,0.1685,NO
yf891.jpg,0.4065,NO
yf896.jpg,0.5312,YES
yf897.jpg,0.5211,YES
yf899.jpg,0.4670,NO
yf898.jpg,0.5451,YES
yf90.jpg,0.4429,NO
yf902.jpg,0.4891,NO
yf903.jpg,0.5029,YES
yf905.jpg,0.5274,YES
yf906.jpg,0.4971,NO
yf904.jpg,0.5134,YES
yf907.jpg,0.3712,NO
yf911.jpg,0.3188,NO
yf913.jpg,0.3970,NO
yf914.jpg,0.3979,NO
yf91.jpg,0.1401,NO
yf915.jpg,0.1676,NO
yf916.jpg,0.4010,NO
yf919.jpg,0.4613,NO
yf917.jpg,0.4453,NO
yf92.jpg,0.3318,NO
yf920.jpg,0.4195,NO
yf921.jpg,0.4920,NO
yf924.jpg,0.5320,YES
yf925.jpg,0.5397,YES
yf922.jpg,0.4629,NO
yf926.jpg,0.4879,NO
yf928.jpg,0.5486,YES
yf930.jpg,0.4019,NO
yf931.jpg,0.4905,NO
yf932.jpg,0.5514,YES
yf927.jpg,0.5491,YES
yf934.jpg,0.5065,YES
yf936.jpg,0.3755,NO
yf935.jpg,0.3708,NO
yf938.jpg,0.2315,NO
yf937.jpg,0.5575,YES
yf939.jpg,0.5979,YES
yf941.jpg,0.5590,YES
yf946.jpg,0.5210,YES
yf947.jpg,0.6022,YES
yf942.jpg,0.4752,NO
yf951.jpg,0.5426,YES
yf952.jpg,0.5040,YES
yf953.jpg,0.5585,YES
yf955.jpg,0.3896,NO
yf948.jpg,0.4272,NO
yf957.jpg,0.4433,NO
yf954.jpg,0.3307,NO
yf959.jpg,0.4119,NO
yf961.jpg,0.5581,YES
yf958.jpg,0.4615,NO
yf960.jpg,0.4412,NO
yf962.jpg,0.4975,NO
yf964.jpg,0.3564,NO
yf965.jpg,0.4635,NO
yf963.jpg,0.4572,NO
yf968.jpg,0.5478,YES
yf966.jpg,0.4967,NO
yf970.jpg,0.3844,NO
yf971.jpg,0.4623,NO
yf972.jpg,0.3817,NO
yf973.jpg,0.2651,NO
yf969.jpg,0.5041,YES
yf975.jpg,0.4577,NO
yf974.jpg,0.4293,NO
yf979.jpg,0.3872,NO
yf977.jpg,0.4561,NO
yf976.jpg,0.4697,NO
yf980.jpg,0.3559,NO
yf981.jpg,0.5481,YES
yf983.jpg,0.6004,YES
yf982.jpg,0.6119,YES
yf985.jpg,0.5614,YES
yf987.jpg,0.4616,NO
yf988.jpg,0.4506,NO
yf984.jpg,0.4812,NO
yf991.jpg,0.5081,YES
yf990.jpg,0.6224,YES
zl265.jpg,0.4611,NO
zl264.jpg,0.5747,YES
zl263.jpg,0.6108,YES
zl266.jpg,0.4166,NO
zl268.jpg,0.3301,NO
zl271.jpg,0.3998,NO
zl269.jpg,0.6018,YES
zl274.jpg,0.6078,YES
yf995.jpg,0.3329,NO
zl279.jpg,0.4193,NO
zl270.jpg,0.2204,NO
zl273.jpg,0.5123,YES
zl285.jpg,0.5034,YES
zl284.jpg,0.5946,YES
yf999.jpg,0.5305,YES
yf998.jpg,0.4595,NO
zl278.jpg,0.6271,YES
yf996.jpg,0.4415,NO
zl290.jpg,0.3520,NO
zl292.jpg,0.6686,YES
zl283.jpg,0.4709,NO
zl282.jpg,0.5820,YES
zl297.jpg,0.1663,NO
zl300.jpg,0.4570,NO
zl302.jpg,0.5378,YES
zl291.jpg,0.6456,YES
zl306.jpg,0.3052,NO
zl309.jpg,0.6822,YES
zl289.jpg,0.7755,YES
zl299.jpg,0.3222,NO
zl307.jpg,0.3200,NO
zl296.jpg,0.6941,YES
zl316.jpg,0.4879,NO
zl295.jpg,0.4996,NO
zl308.jpg,0.5437,YES
zl314.jpg,0.4225,NO
zl317.jpg,0.1552,NO
zl318.jpg,0.4345,NO
zl323.jpg,0.5325,YES
zl305.jpg,0.3953,NO
zl319.jpg,0.5846,YES
zl315.jpg,0.3569,NO
zl322.jpg,0.4464,NO
