filename,ssim,in_range
hd1004.jpg,0.7806,YES
hd1000.jpg,0.8402,YES
hd1003.jpg,0.7854,YES
hd1001.jpg,0.7552,YES
hd1005.jpg,0.4550,NO
hd1010.jpg,0.8236,YES
hd1007.jpg,0.8044,YES
hd1006.jpg,0.8229,YES
hd1013.jpg,0.4497,NO
hd1011.jpg,0.8256,YES
hd1014.jpg,0.4455,NO
hd1012.jpg,0.4711,NO
hd1015.jpg,0.8338,YES
hd1017.jpg,0.4097,NO
hd1016.jpg,0.8173,YES
hd1018.jpg,0.5498,NO
hd1019.jpg,0.7986,YES
hd1023.jpg,0.8334,YES
hd1022.jpg,0.8590,YES
hd1020.jpg,0.8011,YES
hd1029.jpg,0.4602,NO
hd1026.jpg,0.4138,NO
hd1027.jpg,0.8144,YES
hd1030.jpg,0.5753,NO
hd1031.jpg,0.3674,NO
hd1032.jpg,0.5224,NO
hd1033.jpg,0.8336,YES
hd1036.jpg,0.6259,YES
hd1035.jpg,0.5919,NO
hd1037.jpg,0.5801,NO
hd1038.jpg,0.5702,NO
hd104.jpg,0.5352,NO
hd1041.jpg,0.5322,NO
hd1040.jpg,0.5803,NO
hd1042.jpg,0.5435,NO
hd1043.jpg,0.5745,NO
hd1044.jpg,0.5837,NO
hd1045.jpg,0.5333,NO
hd1046.jpg,0.5577,NO
hd1047.jpg,0.5396,NO
hd1053.jpg,0.5119,NO
hd1052.jpg,0.4507,NO
hd1051.jpg,0.5352,NO
hd1054.jpg,0.5335,NO
hd1055.jpg,0.4529,NO
hd1056.jpg,0.5727,NO
hd1050.jpg,0.5238,NO
hd1057.jpg,0.5234,NO
hd1059.jpg,0.4627,NO
hd106.jpg,0.5229,NO
hd1060.jpg,0.5050,NO
hd1061.jpg,0.4522,NO
hd1062.jpg,0.4901,NO
hd1064.jpg,0.8028,YES
hd1063.jpg,0.6921,YES
hd1066.jpg,0.7647,YES
hd1067.jpg,0.6382,YES
hd1069.jpg,0.8196,YES
hd1070.jpg,0.8375,YES
hd1071.jpg,0.8437,YES
hd1073.jpg,0.7788,YES
hd1077.jpg,0.8414,YES
hd1078.jpg,0.8156,YES
hd1079.jpg,0.8399,YES
hd1080.jpg,0.4769,NO
hd1081.jpg,0.8347,YES
hd1082.jpg,0.8468,YES
hd1083.jpg,0.8576,YES
hd1084.jpg,0.8550,YES
hd1085.jpg,0.8480,YES
hd1086.jpg,0.8533,YES
hd1088.jpg,0.8315,YES
hd1089.jpg,0.4771,NO
hd1091.jpg,0.4532,NO
hd1092.jpg,0.6577,YES
hd1093.jpg,0.7081,YES
hd1095.jpg,0.6868,YES
hd1096.jpg,0.6944,YES
hd1097.jpg,0.6978,YES
hd1098.jpg,0.4315,NO
hd1099.jpg,0.8252,YES
hd1103.jpg,0.5080,NO
hd1104.jpg,0.4466,NO
hd1105.jpg,0.4924,NO
hd1100.jpg,0.7666,YES
hd1107.jpg,0.4440,NO
hd1106.jpg,0.7723,YES
hd1108.jpg,0.5984,NO
hd1109.jpg,0.8280,YES
hd1110.jpg,0.4002,NO
hd111.jpg,0.4516,NO
hd1111.jpg,0.7372,YES
hd1114.jpg,0.8474,YES
hd1112.jpg,0.8045,YES
hd1113.jpg,0.8435,YES
hd1115.jpg,0.8353,YES
hd1117.jpg,0.4584,NO
hd1116.jpg,0.8504,YES
hd1121.jpg,0.4101,NO
hd1118.jpg,0.8248,YES
hd1119.jpg,0.6837,YES
hd112.jpg,0.8421,YES
hd1120.jpg,0.8415,YES
hd1122.jpg,0.8736,YES
hd1123.jpg,0.4539,NO
hd1124.jpg,0.8346,YES
hd1128.jpg,0.8387,YES
hd1125.jpg,0.8679,YES
hd1126.jpg,0.8562,YES
hd1127.jpg,0.8392,YES
hd1129.jpg,0.8321,YES
hd113.jpg,0.7980,YES
hd1130.jpg,0.8382,YES
hd1132.jpg,0.4611,NO
hd1131.jpg,0.8466,YES
hd1133.jpg,0.8225,YES
hd1135.jpg,0.6100,YES
hd1134.jpg,0.7737,YES
hd1136.jpg,0.8611,YES
hd1137.jpg,0.8440,YES
hd1138.jpg,0.8598,YES
hd1139.jpg,0.8365,YES
hd114.jpg,0.8676,YES
hd1140.jpg,0.8530,YES
hd1142.jpg,0.8486,YES
hd1141.jpg,0.8591,YES
hd1143.jpg,0.8455,YES
hd1144.jpg,0.8350,YES
hd1146.jpg,0.4630,NO
hd1145.jpg,0.5900,NO
hd1147.jpg,0.7754,YES
hd1148.jpg,0.8243,YES
hd1152.jpg,0.8148,YES
hd1150.jpg,0.4715,NO
hd1149.jpg,0.8397,YES
hd1153.jpg,0.6182,YES
hd1154.jpg,0.6366,YES
hd1155.jpg,0.7657,YES
hd1156.jpg,0.6268,YES
hd1157.jpg,0.5195,NO
hd1160.jpg,0.4650,NO
hd1158.jpg,0.8392,YES
hd1159.jpg,0.4928,NO
hd1161.jpg,0.6082,YES
hd1164.jpg,0.8107,YES
hd1162.jpg,0.5882,NO
hd1163.jpg,0.6226,YES
hd1166.jpg,0.7279,YES
hd1165.jpg,0.7117,YES
hd1168.jpg,0.8328,YES
hd1169.jpg,0.8435,YES
hd1170.jpg,0.8225,YES
hd1171.jpg,0.6283,YES
hd1173.jpg,0.8238,YES
hd1172.jpg,0.8441,YES
hd1176.jpg,0.5932,NO
hd1174.jpg,0.6042,YES
hd1177.jpg,0.8008,YES
hd1178.jpg,0.5970,NO
hd1179.jpg,0.8197,YES
hd118.jpg,0.4595,NO
hd1180.jpg,0.8539,YES
hd1181.jpg,0.8416,YES
hd1182.jpg,0.7068,YES
hd1183.jpg,0.6849,YES
hd1185.jpg,0.7516,YES
hd1186.jpg,0.5802,NO
hd1188.jpg,0.8111,YES
hd1190.jpg,0.4761,NO
hd119.jpg,0.5360,NO
hd1201.jpg,0.7900,YES
hd1199.jpg,0.5471,NO
hd1202.jpg,0.5998,NO
hd1204.jpg,0.4823,NO
hd1203.jpg,0.5251,NO
hd1206.jpg,0.4539,NO
hd1210.jpg,0.8261,YES
hd1209.jpg,0.8382,YES
hd1211.jpg,0.6271,YES
hd1212.jpg,0.5908,NO
hd1213.jpg,0.8046,YES
hd1214.jpg,0.3910,NO
hd1215.jpg,0.5955,NO
hd1216.jpg,0.3776,NO
hd1219.jpg,0.5291,NO
hd1218.jpg,0.4343,NO
hd122.jpg,0.8645,YES
hd1221.jpg,0.4695,NO
hd1223.jpg,0.4081,NO
hd1220.jpg,0.4924,NO
hd1224.jpg,0.4022,NO
hd1225.jpg,0.8549,YES
hd1226.jpg,0.4980,NO
hd1228.jpg,0.5957,NO
hd1229.jpg,0.3816,NO
hd1230.jpg,0.7964,YES
hd1231.jpg,0.8200,YES
hd1233.jpg,0.8234,YES
hd1232.jpg,0.8666,YES
hd1234.jpg,0.8280,YES
hd1236.jpg,0.8638,YES
hd1237.jpg,0.8430,YES
hd1238.jpg,0.4751,NO
hd1239.jpg,0.5634,NO
hd1242.jpg,0.5357,NO
hd1241.jpg,0.8811,YES
hd1240.jpg,0.8172,YES
hd1243.jpg,0.8454,YES
hd1245.jpg,0.8191,YES
hd1244.jpg,0.8558,YES
hd1246.jpg,0.8739,YES
hd1249.jpg,0.4856,NO
hd1250.jpg,0.7685,YES
hd1248.jpg,0.8141,YES
hd1247.jpg,0.8300,YES
hd1251.jpg,0.8150,YES
hd1252.jpg,0.7611,YES
hd1253.jpg,0.3904,NO
hd1254.jpg,0.5935,NO
hd1255.jpg,0.5176,NO
hd1256.jpg,0.8510,YES
hd1258.jpg,0.7291,YES
hd1257.jpg,0.5471,NO
hd1259.jpg,0.7129,YES
hd126.jpg,0.4973,NO
hd1260.jpg,0.7368,YES
hd1262.jpg,0.8429,YES
hd1261.jpg,0.5505,NO
hd1264.jpg,0.5301,NO
hd1263.jpg,0.5329,NO
hd1265.jpg,0.4689,NO
hd1266.jpg,0.5374,NO
hd1267.jpg,0.7687,YES
hd1268.jpg,0.5774,NO
hd1269.jpg,0.7352,YES
hd1270.jpg,0.5043,NO
hd1271.jpg,0.4340,NO
hd1272.jpg,0.5023,NO
hd1273.jpg,0.5154,NO
hd1274.jpg,0.7870,YES
hd1275.jpg,0.5905,NO
hd1276.jpg,0.5142,NO
hd1277.jpg,0.4684,NO
hd128.jpg,0.5128,NO
hd1279.jpg,0.6032,YES
hd1278.jpg,0.8494,YES
hd1280.jpg,0.5944,NO
hd1281.jpg,0.6003,YES
hd1282.jpg,0.7864,YES
hd1283.jpg,0.5789,NO
hd1284.jpg,0.5326,NO
hd1285.jpg,0.6084,YES
hd1287.jpg,0.5813,NO
hd1288.jpg,0.5260,NO
hd1290.jpg,0.5979,NO
hd1289.jpg,0.8518,YES
hd1291.jpg,0.4809,NO
hd1292.jpg,0.5791,NO
hd1293.jpg,0.4740,NO
hd1294.jpg,0.4504,NO
hd1295.jpg,0.8013,YES
hd1296.jpg,0.4593,NO
hd1298.jpg,0.8060,YES
hd1297.jpg,0.5000,NO
hd1299.jpg,0.4230,NO
hd13.jpg,0.8466,YES
hd1300.jpg,0.8208,YES
hd1301.jpg,0.8231,YES
hd1302.jpg,0.4295,NO
hd1303.jpg,0.5026,NO
hd1305.jpg,0.4279,NO
hd1304.jpg,0.6311,YES
hd1307.jpg,0.3941,NO
hd1309.jpg,0.5761,NO
hd131.jpg,0.6002,YES
hd1310.jpg,0.8161,YES
hd1311.jpg,0.8412,YES
hd1313.jpg,0.5406,NO
hd1314.jpg,0.6144,YES
hd1315.jpg,0.8393,YES
hd1317.jpg,0.7942,YES
hd1319.jpg,0.4079,NO
hd1318.jpg,0.8247,YES
hd1320.jpg,0.7945,YES
hd1323.jpg,0.8339,YES
hd1322.jpg,0.4502,NO
hd1324.jpg,0.7814,YES
hd1326.jpg,0.8281,YES
hd1327.jpg,0.8105,YES
hd1330.jpg,0.8423,YES
hd1329.jpg,0.8135,YES
hd1331.jpg,0.8242,YES
hd1332.jpg,0.8417,YES
hd1334.jpg,0.3921,NO
hd1333.jpg,0.8456,YES
hd1336.jpg,0.7828,YES
hd1337.jpg,0.8352,YES
hd1338.jpg,0.8497,YES
hd1339.jpg,0.8167,YES
hd1340.jpg,0.8137,YES
hd1341.jpg,0.8272,YES
hd1342.jpg,0.8215,YES
hd1343.jpg,0.8174,YES
hd1344.jpg,0.8365,YES
hd1345.jpg,0.8516,YES
hd1348.jpg,0.8613,YES
hd1349.jpg,0.8089,YES
hd1350.jpg,0.8213,YES
hd1351.jpg,0.8268,YES
hd1352.jpg,0.8162,YES
hd1353.jpg,0.8154,YES
hd1354.jpg,0.5710,NO
hd1355.jpg,0.4966,NO
hd1356.jpg,0.8291,YES
hd1357.jpg,0.5967,NO
hd1358.jpg,0.4885,NO
hd1360.jpg,0.8596,YES
hd1359.jpg,0.1986,NO
hd1361.jpg,0.5249,NO
hd1362.jpg,0.6387,YES
hd1363.jpg,0.6645,YES
hd1364.jpg,0.6016,YES
hd1365.jpg,0.7089,YES
hd1367.jpg,0.8393,YES
hd1368.jpg,0.5704,NO
hd1369.jpg,0.5020,NO
hd137.jpg,0.8468,YES
hd1370.jpg,0.8265,YES
hd1372.jpg,0.8382,YES
hd1371.jpg,0.5635,NO
hd1373.jpg,0.4866,NO
hd1374.jpg,0.4266,NO
hd1375.jpg,0.5706,NO
hd1377.jpg,0.5337,NO
hd1378.jpg,0.8275,YES
hd1379.jpg,0.4762,NO
hd1380.jpg,0.5039,NO
hd1381.jpg,0.6176,YES
hd1382.jpg,0.5193,NO
hd1383.jpg,0.5022,NO
hd1384.jpg,0.5180,NO
hd1385.jpg,0.6375,YES
hd1386.jpg,0.8515,YES
hd1387.jpg,0.6351,YES
hd1388.jpg,0.4923,NO
hd1389.jpg,0.8485,YES
hd1390.jpg,0.5065,NO
hd1391.jpg,0.5495,NO
hd1392.jpg,0.5354,NO
hd1394.jpg,0.5391,NO
hd1393.jpg,0.5760,NO
hd1396.jpg,0.8690,YES
hd1395.jpg,0.8190,YES
hd1397.jpg,0.5040,NO
hd1398.jpg,0.5654,NO
hd1399.jpg,0.5291,NO
hd14.jpg,0.8502,YES
hd1400.jpg,0.8400,YES
hd1401.jpg,0.5197,NO
hd1402.jpg,0.8555,YES
hd1404.jpg,0.5482,NO
hd1403.jpg,0.6499,YES
hd1406.jpg,0.4862,NO
hd1407.jpg,0.5313,NO
hd1409.jpg,0.4759,NO
hd1410.jpg,0.4932,NO
hd1411.jpg,0.7005,YES
hd1412.jpg,0.5198,NO
hd1413.jpg,0.4802,NO
hd1414.jpg,0.4989,NO
hd1415.jpg,0.5110,NO
hd1417.jpg,0.8052,YES
hd1418.jpg,0.8298,YES
hd1419.jpg,0.4817,NO
hd142.jpg,0.4350,NO
hd1420.jpg,0.7409,YES
hd1421.jpg,0.4892,NO
hd1422.jpg,0.8383,YES
hd1423.jpg,0.4244,NO
hd1424.jpg,0.5321,NO
hd1426.jpg,0.5499,NO
hd1427.jpg,0.5021,NO
hd1429.jpg,0.4664,NO
hd1428.jpg,0.5567,NO
hd143.jpg,0.7935,YES
hd1430.jpg,0.5311,NO
hd1432.jpg,0.8174,YES
hd1431.jpg,0.6497,YES
hd1433.jpg,0.5710,NO
hd1434.jpg,0.5158,NO
hd1436.jpg,0.4372,NO
hd1437.jpg,0.8501,YES
hd1438.jpg,0.5090,NO
hd1439.jpg,0.5191,NO
hd1440.jpg,0.5211,NO
hd1441.jpg,0.4975,NO
hd1442.jpg,0.7212,YES
hd1445.jpg,0.8515,YES
hd1443.jpg,0.8040,YES
hd1446.jpg,0.5098,NO
hd1448.jpg,0.8405,YES
hd1447.jpg,0.5030,NO
hd1450.jpg,0.4350,NO
hd1449.jpg,0.4447,NO
hd1451.jpg,0.7369,YES
hd1452.jpg,0.4258,NO
hd1453.jpg,0.3235,NO
hd1454.jpg,0.2820,NO
hd1455.jpg,0.8164,YES
hd1456.jpg,0.8331,YES
hd1457.jpg,0.2770,NO
hd1458.jpg,0.7353,YES
hd1459.jpg,0.8385,YES
hd1460.jpg,0.4279,NO
hd1461.jpg,0.6753,YES
hd1462.jpg,0.6845,YES
hd1463.jpg,0.6737,YES
hd1464.jpg,0.7704,YES
hd1465.jpg,0.2874,NO
hd1467.jpg,0.5598,NO
hd1468.jpg,0.6698,YES
hd1466.jpg,0.6708,YES
hd1469.jpg,0.7380,YES
hd1470.jpg,0.5124,NO
hd1471.jpg,0.6230,YES
hd1473.jpg,0.0080,NO
hd1474.jpg,0.8062,YES
hd1475.jpg,0.5846,NO
hd1477.jpg,0.3867,NO
hd1476.jpg,0.5143,NO
hd1478.jpg,0.6545,YES
hd1480.jpg,0.5695,NO
hd1481.jpg,0.6573,YES
hd1482.jpg,0.3643,NO
hd1483.jpg,0.6462,YES
hd1484.jpg,0.5777,NO
hd1485.jpg,0.5279,NO
hd1486.jpg,0.5473,NO
hd1487.jpg,0.3796,NO
hd1488.jpg,0.3754,NO
hd1489.jpg,0.4798,NO
hd1490.jpg,0.4642,NO
hd1491.jpg,0.8080,YES
hd1492.jpg,0.6398,YES
hd1494.jpg,0.4933,NO
hd1493.jpg,0.2412,NO
hd1496.jpg,0.6253,YES
hd1497.jpg,0.8238,YES
hd1498.jpg,0.8506,YES
hd1499.jpg,0.8429,YES
hd1500.jpg,0.8432,YES
hd1501.jpg,0.8489,YES
hd1503.jpg,0.4859,NO
hd1502.jpg,0.8477,YES
hd1504.jpg,0.8412,YES
hd1505.jpg,0.8275,YES
hd1506.jpg,0.4975,NO
hd1507.jpg,0.8139,YES
hd1508.jpg,0.8492,YES
hd1509.jpg,0.5164,NO
hd1510.jpg,0.8583,YES
hd1511.jpg,0.5134,NO
hd1512.jpg,0.7814,YES
hd1514.jpg,0.7677,YES
hd1517.jpg,0.7469,YES
hd1518.jpg,0.5005,NO
hd1519.jpg,0.8289,YES
hd1520.jpg,0.5786,NO
hd1521.jpg,0.6739,YES
hd1523.jpg,0.7807,YES
hd1524.jpg,0.7916,YES
hd1526.jpg,0.8591,YES
hd1527.jpg,0.7574,YES
hd1528.jpg,0.7948,YES
hd1529.jpg,0.4595,NO
hd153.jpg,0.8325,YES
hd1531.jpg,0.8332,YES
hd1530.jpg,0.6415,YES
hd1532.jpg,0.6685,YES
hd1533.jpg,0.8101,YES
hd1534.jpg,0.8329,YES
hd1535.jpg,0.8387,YES
hd1536.jpg,0.8508,YES
hd1537.jpg,0.8323,YES
hd1538.jpg,0.8308,YES
hd1539.jpg,0.7978,YES
hd154.jpg,0.8405,YES
hd1540.jpg,0.8309,YES
hd1541.jpg,0.5429,NO
hd1542.jpg,0.4805,NO
hd1543.jpg,0.8288,YES
hd1544.jpg,0.8301,YES
hd1546.jpg,0.8266,YES
hd1545.jpg,0.8289,YES
hd1547.jpg,0.8289,YES
hd1548.jpg,0.8546,YES
hd1549.jpg,0.8512,YES
hd155.jpg,0.2787,NO
hd1550.jpg,0.8089,YES
hd1551.jpg,0.4883,NO
hd1552.jpg,0.7965,YES
hd1553.jpg,0.7835,YES
hd1555.jpg,0.8258,YES
hd1554.jpg,0.8346,YES
hd1556.jpg,0.5112,NO
hd1558.jpg,0.8458,YES
hd1559.jpg,0.8348,YES
hd156.jpg,0.8157,YES
hd1560.jpg,0.8072,YES
hd1561.jpg,0.8247,YES
hd1562.jpg,0.8315,YES
hd1563.jpg,0.8205,YES
hd1564.jpg,0.8487,YES
hd1565.jpg,0.8264,YES
hd1566.jpg,0.8265,YES
hd1568.jpg,0.5714,NO
hd1567.jpg,0.6235,YES
hd1569.jpg,0.4496,NO
hd1571.jpg,0.5922,NO
hd1570.jpg,0.5967,NO
hd1572.jpg,0.7305,YES
hd1573.jpg,0.8567,YES
hd1574.jpg,0.5745,NO
hd1575.jpg,0.6135,YES
hd1577.jpg,0.8247,YES
hd1576.jpg,0.8037,YES
hd1578.jpg,0.8064,YES
hd158.jpg,0.4952,NO
hd1580.jpg,0.8497,YES
hd1581.jpg,0.8479,YES
hd1582.jpg,0.7903,YES
hd1583.jpg,0.5405,NO
hd1585.jpg,0.8470,YES
hd1584.jpg,0.8328,YES
hd1586.jpg,0.8300,YES
hd1587.jpg,0.8171,YES
hd1588.jpg,0.8623,YES
hd1589.jpg,0.7657,YES
hd1590.jpg,0.6306,YES
hd1591.jpg,0.8189,YES
hd1595.jpg,0.5352,NO
hd1592.jpg,0.6001,YES
hd1593.jpg,0.8599,YES
hd1594.jpg,0.8207,YES
hd1596.jpg,0.8133,YES
hd1598.jpg,0.7237,YES
hd1597.jpg,0.5548,NO
hd1599.jpg,0.7688,YES
hd1600.jpg,0.5938,NO
hd1602.jpg,0.7979,YES
hd1601.jpg,0.8019,YES
hd1603.jpg,0.8106,YES
hd1604.jpg,0.8274,YES
hd1605.jpg,0.8140,YES
hd1606.jpg,0.8253,YES
hd1607.jpg,0.8438,YES
hd1608.jpg,0.8334,YES
hd1610.jpg,0.6628,YES
hd1609.jpg,0.8529,YES
hd1611.jpg,0.7886,YES
hd1612.jpg,0.8426,YES
hd1614.jpg,0.8387,YES
hd1615.jpg,0.8383,YES
hd1616.jpg,0.8615,YES
hd1618.jpg,0.8032,YES
hd1619.jpg,0.8060,YES
hd1620.jpg,0.8020,YES
hd1621.jpg,0.8111,YES
hd1622.jpg,0.8069,YES
hd1623.jpg,0.6614,YES
hd1624.jpg,0.8170,YES
hd1625.jpg,0.7785,YES
hd1627.jpg,0.8257,YES
hd1628.jpg,0.8303,YES
hd1632.jpg,0.8312,YES
hd1633.jpg,0.7447,YES
hd1634.jpg,0.5698,NO
hd1635.jpg,0.3266,NO
hd1636.jpg,0.4553,NO
hd1637.jpg,0.8446,YES
hd1638.jpg,0.6662,YES
hd1641.jpg,0.8253,YES
hd1639.jpg,0.6412,YES
hd1640.jpg,0.7828,YES
hd1642.jpg,0.6172,YES
hd1643.jpg,0.2873,NO
hd1644.jpg,0.6595,YES
hd1646.jpg,0.6818,YES
hd1647.jpg,0.6382,YES
hd1649.jpg,0.2992,NO
hd1650.jpg,0.4615,NO
hd1651.jpg,0.6741,YES
hd1652.jpg,0.6553,YES
hd1653.jpg,0.4426,NO
hd1654.jpg,0.4102,NO
hd1655.jpg,0.7935,YES
hd1657.jpg,0.5763,NO
hd1656.jpg,0.6086,YES
hd1659.jpg,0.8278,YES
hd1660.jpg,0.6768,YES
hd1661.jpg,0.5563,NO
hd1662.jpg,0.4413,NO
hd1663.jpg,0.8323,YES
hd1664.jpg,0.5651,NO
hd1665.jpg,0.8446,YES
hd1666.jpg,0.4891,NO
hd1667.jpg,0.6387,YES
hd1668.jpg,0.6253,YES
hd1669.jpg,0.7932,YES
hd1670.jpg,0.8424,YES
hd1671.jpg,0.5632,NO
hd1672.jpg,0.4922,NO
hd1673.jpg,0.5915,NO
hd1674.jpg,0.6137,YES
hd1675.jpg,0.6545,YES
hd1676.jpg,0.4274,NO
hd1677.jpg,0.8245,YES
hd1678.jpg,0.6554,YES
hd1679.jpg,0.6724,YES
hd1681.jpg,0.4364,NO
hd1680.jpg,0.7023,YES
hd1682.jpg,0.7052,YES
hd1683.jpg,0.5894,NO
hd1684.jpg,0.7647,YES
hd1685.jpg,0.6520,YES
hd1686.jpg,0.6208,YES
hd1689.jpg,0.8338,YES
hd1687.jpg,0.6725,YES
hd1688.jpg,0.6833,YES
hd1691.jpg,0.7176,YES
hd1692.jpg,0.8190,YES
hd1694.jpg,0.6931,YES
hd1695.jpg,0.6240,YES
hd1693.jpg,0.3896,NO
hd1696.jpg,0.6874,YES
hd1699.jpg,0.7194,YES
hd1698.jpg,0.6503,YES
hd170.jpg,0.8534,YES
hd1701.jpg,0.8188,YES
hd1700.jpg,0.6933,YES
hd1703.jpg,0.8645,YES
hd1704.jpg,0.8206,YES
hd1706.jpg,0.7835,YES
hd1707.jpg,0.7808,YES
hd1708.jpg,0.7367,YES
hd1709.jpg,0.7091,YES
hd171.jpg,0.7907,YES
hd1711.jpg,0.6779,YES
hd1712.jpg,0.7118,YES
hd1713.jpg,0.5497,NO
hd1714.jpg,0.8177,YES
hd1715.jpg,0.7960,YES
hd1716.jpg,0.7392,YES
hd1717.jpg,0.7070,YES
hd1718.jpg,0.3883,NO
hd1719.jpg,0.7148,YES
hd1721.jpg,0.3362,NO
hd1720.jpg,0.5330,NO
hd1722.jpg,0.4974,NO
hd1723.jpg,0.3093,NO
hd1724.jpg,0.6442,YES
hd1725.jpg,0.6372,YES
hd1726.jpg,0.8268,YES
hd1727.jpg,0.8688,YES
hd1728.jpg,0.6637,YES
hd1729.jpg,0.4958,NO
hd1730.jpg,0.7598,YES
hd1731.jpg,0.4797,NO
hd1732.jpg,0.7058,YES
hd1733.jpg,0.5850,NO
hd1734.jpg,0.6634,YES
hd1735.jpg,0.5805,NO
hd1736.jpg,0.3073,NO
hd1737.jpg,0.8428,YES
hd1738.jpg,0.3042,NO
hd1739.jpg,0.8737,YES
hd1740.jpg,0.6751,YES
hd1741.jpg,0.6754,YES
hd1743.jpg,0.4454,NO
hd1742.jpg,0.2740,NO
hd1744.jpg,0.4854,NO
hd1746.jpg,0.4468,NO
hd1745.jpg,0.3003,NO
hd1747.jpg,0.7080,YES
hd1748.jpg,0.8126,YES
hd1749.jpg,0.6674,YES
hd1750.jpg,0.6526,YES
hd1751.jpg,0.8528,YES
hd1752.jpg,0.8146,YES
hd1753.jpg,0.8051,YES
hd1755.jpg,0.8208,YES
hd1756.jpg,0.7977,YES
hd176.jpg,0.5957,NO
hd1757.jpg,0.4828,NO
hd1761.jpg,0.8030,YES
hd1760.jpg,0.5373,NO
hd1762.jpg,0.7867,YES
hd1763.jpg,0.8330,YES
hd1764.jpg,0.8229,YES
hd1765.jpg,0.8228,YES
hd1766.jpg,0.8256,YES
hd1767.jpg,0.3761,NO
hd1768.jpg,0.8173,YES
hd1769.jpg,0.4889,NO
hd1770.jpg,0.6080,YES
hd1771.jpg,0.7858,YES
hd1772.jpg,0.7933,YES
hd1773.jpg,0.7866,YES
hd1774.jpg,0.7763,YES
hd1775.jpg,0.7759,YES
hd1776.jpg,0.7866,YES
hd1777.jpg,0.8293,YES
hd1778.jpg,0.8103,YES
hd1779.jpg,0.7936,YES
hd1780.jpg,0.3488,NO
hd1781.jpg,0.7905,YES
hd1782.jpg,0.8018,YES
hd1783.jpg,0.7942,YES
hd1784.jpg,0.8050,YES
hd1786.jpg,0.8221,YES
hd1787.jpg,0.7368,YES
hd1788.jpg,0.7977,YES
hd1790.jpg,0.7944,YES
hd1793.jpg,0.7565,YES
hd1794.jpg,0.5423,NO
hd1797.jpg,0.7746,YES
hd1798.jpg,0.7700,YES
hd1795.jpg,0.1863,NO
hd1799.jpg,0.7872,YES
hd180.jpg,0.6369,YES
hd1800.jpg,0.7881,YES
hd1801.jpg,0.8220,YES
hd1802.jpg,0.5820,NO
hd1804.jpg,0.4817,NO
hd1803.jpg,0.5879,NO
hd1805.jpg,0.8150,YES
hd1806.jpg,0.5445,NO
hd1807.jpg,0.4081,NO
hd1809.jpg,0.4397,NO
hd1808.jpg,0.7366,YES
hd181.jpg,0.8239,YES
hd1810.jpg,0.5174,NO
hd1811.jpg,0.3563,NO
hd1812.jpg,0.5164,NO
hd1813.jpg,0.5221,NO
hd1814.jpg,0.8552,YES
hd1815.jpg,0.8025,YES
hd1816.jpg,0.6649,YES
hd182.jpg,0.8316,YES
hd1817.jpg,0.6698,YES
hd1819.jpg,0.5480,NO
hd1818.jpg,0.8331,YES
hd1820.jpg,0.7895,YES
hd1821.jpg,0.8319,YES
hd1822.jpg,0.7668,YES
hd1823.jpg,0.7342,YES
hd1826.jpg,0.4493,NO
hd1824.jpg,0.7531,YES
hd1825.jpg,0.8251,YES
hd1828.jpg,0.7538,YES
hd1829.jpg,0.8112,YES
hd1830.jpg,0.6617,YES
hd1831.jpg,0.5450,NO
hd1832.jpg,0.7300,YES
hd1833.jpg,0.1517,NO
hd1834.jpg,0.8049,YES
hd1835.jpg,0.8598,YES
hd1836.jpg,0.6670,YES
hd1838.jpg,0.5580,NO
hd1839.jpg,0.5432,NO
hd1840.jpg,0.5938,NO
hd1841.jpg,0.6464,YES
hd1843.jpg,0.6228,YES
hd1844.jpg,0.5593,NO
hd1845.jpg,0.6535,YES
hd1846.jpg,0.5436,NO
hd1847.jpg,0.5457,NO
hd1848.jpg,0.8411,YES
hd1849.jpg,0.5777,NO
hd1850.jpg,0.5174,NO
hd1851.jpg,0.6025,YES
hd1852.jpg,0.3186,NO
hd1853.jpg,0.5345,NO
hd1854.jpg,0.5282,NO
hd1855.jpg,0.7586,YES
hd1857.jpg,0.8408,YES
hd1858.jpg,0.5797,NO
hd1860.jpg,0.6312,YES
hd1861.jpg,0.8272,YES
hd1862.jpg,0.4751,NO
hd1863.jpg,0.4419,NO
hd1864.jpg,0.5612,NO
hd1865.jpg,0.5279,NO
hd1866.jpg,0.5573,NO
hd1867.jpg,0.8418,YES
hd1869.jpg,0.5925,NO
hd1872.jpg,0.4831,NO
hd1870.jpg,0.7997,YES
hd1873.jpg,0.6113,YES
hd1874.jpg,0.7313,YES
hd1875.jpg,0.6657,YES
hd1877.jpg,0.6460,YES
hd1878.jpg,0.6793,YES
hd1879.jpg,0.7136,YES
hd1881.jpg,0.7758,YES
hd1880.jpg,0.7943,YES
hd1882.jpg,0.7450,YES
hd1883.jpg,0.7256,YES
hd1884.jpg,0.7643,YES
hd1885.jpg,0.7495,YES
hd1886.jpg,0.3303,NO
hd1888.jpg,0.8347,YES
hd1887.jpg,0.8485,YES
hd1889.jpg,0.7815,YES
hd1890.jpg,0.5823,NO
hd1891.jpg,0.6812,YES
hd1892.jpg,0.5324,NO
hd1894.jpg,0.6674,YES
hd1893.jpg,0.7950,YES
hd1896.jpg,0.4164,NO
hd1895.jpg,0.7968,YES
hd1897.jpg,0.5571,NO
hd1899.jpg,0.6388,YES
hd19.jpg,0.8284,YES
hd1900.jpg,0.5095,NO
hd1901.jpg,0.4128,NO
hd1903.jpg,0.8102,YES
hd1904.jpg,0.3914,NO
hd1905.jpg,0.7730,YES
hd1906.jpg,0.3939,NO
hd1907.jpg,0.8232,YES
hd1908.jpg,0.5107,NO
hd1909.jpg,0.5180,NO
hd1910.jpg,0.5626,NO
hd1911.jpg,0.5832,NO
hd1912.jpg,0.6727,YES
hd1913.jpg,0.5436,NO
hd1916.jpg,0.8138,YES
hd1919.jpg,0.5218,NO
hd1917.jpg,0.6152,YES
hd192.jpg,0.2664,NO
hd1920.jpg,0.6158,YES
hd1921.jpg,0.5982,NO
hd1922.jpg,0.6117,YES
hd1923.jpg,0.4560,NO
hd1925.jpg,0.7483,YES
hd1924.jpg,0.0869,NO
hd1926.jpg,0.5706,NO
hd1928.jpg,0.6129,YES
hd193.jpg,0.7254,YES
hd1929.jpg,0.4543,NO
hd1931.jpg,0.4099,NO
hd1930.jpg,0.4157,NO
hd1932.jpg,0.4020,NO
hd1933.jpg,0.4381,NO
hd1934.jpg,0.4657,NO
hd1935.jpg,0.4654,NO
hd1936.jpg,0.4089,NO
hd1937.jpg,0.4983,NO
hd1938.jpg,0.4122,NO
hd194.jpg,0.6238,YES
hd1939.jpg,0.8315,YES
hd1940.jpg,0.5044,NO
hd1941.jpg,0.4643,NO
hd1942.jpg,0.5669,NO
hd1943.jpg,0.5627,NO
hd1944.jpg,0.4555,NO
hd1945.jpg,0.4345,NO
hd1946.jpg,0.5915,NO
hd1947.jpg,0.4123,NO
hd1948.jpg,0.7208,YES
hd1949.jpg,0.4258,NO
hd1950.jpg,0.3894,NO
hd1951.jpg,0.5321,NO
hd1952.jpg,0.7249,YES
hd1953.jpg,0.5351,NO
hd1954.jpg,0.5781,NO
hd1955.jpg,0.4861,NO
hd1956.jpg,0.5473,NO
hd1957.jpg,0.5040,NO
hd1958.jpg,0.4359,NO
hd1959.jpg,0.7620,YES
hd1961.jpg,0.4826,NO
hd1965.jpg,0.4575,NO
hd1963.jpg,0.4412,NO
hd1964.jpg,0.7606,YES
hd1966.jpg,0.8150,YES
hd1967.jpg,0.4349,NO
hd1968.jpg,0.4393,NO
hd1969.jpg,0.4787,NO
hd1970.jpg,0.7896,YES
hd1971.jpg,0.5133,NO
hd1972.jpg,0.7638,YES
hd1973.jpg,0.5698,NO
hd1975.jpg,0.5856,NO
hd1976.jpg,0.3731,NO
hd1978.jpg,0.4545,NO
hd198.jpg,0.6932,YES
hd1979.jpg,0.8199,YES
hd1981.jpg,0.4228,NO
hd1982.jpg,0.4459,NO
hd1983.jpg,0.8112,YES
hd1984.jpg,0.4845,NO
hd1986.jpg,0.6276,YES
hd1987.jpg,0.4903,NO
hd1988.jpg,0.4970,NO
hd1989.jpg,0.4901,NO
hd199.jpg,0.8379,YES
hd1990.jpg,0.5006,NO
hd1991.jpg,0.4433,NO
hd1992.jpg,0.8228,YES
hd1993.jpg,0.8354,YES
hd1994.jpg,0.4570,NO
hd1995.jpg,0.4888,NO
hd1996.jpg,0.4377,NO
hd1997.jpg,0.4962,NO
hd1998.jpg,0.4369,NO
hd1999.jpg,0.4575,NO
hd2000.jpg,0.7806,YES
hd2001.jpg,0.5169,NO
hd2002.jpg,0.4963,NO
hd2003.jpg,0.7987,YES
hd2004.jpg,0.4771,NO
hd2005.jpg,0.4618,NO
hd2006.jpg,0.8253,YES
hd2007.jpg,0.4772,NO
hd2009.jpg,0.4587,NO
hd201.jpg,0.8339,YES
hd2010.jpg,0.4543,NO
hd2012.jpg,0.5142,NO
hd2011.jpg,0.4601,NO
hd2013.jpg,0.4090,NO
hd2015.jpg,0.5076,NO
hd2016.jpg,0.4367,NO
hd2017.jpg,0.3870,NO
hd2018.jpg,0.4627,NO
hd2019.jpg,0.8310,YES
hd202.jpg,0.5687,NO
hd2020.jpg,0.3861,NO
hd2021.jpg,0.4727,NO
hd2022.jpg,0.5326,NO
hd2023.jpg,0.5447,NO
hd2024.jpg,0.4283,NO
hd2025.jpg,0.8212,YES
hd2026.jpg,0.4883,NO
hd2027.jpg,0.4766,NO
hd2029.jpg,0.6262,YES
hd2030.jpg,0.5409,NO
hd2031.jpg,0.5476,NO
hd2032.jpg,0.8316,YES
hd2034.jpg,0.7043,YES
hd2035.jpg,0.7979,YES
hd2036.jpg,0.8276,YES
hd2037.jpg,0.8181,YES
hd2038.jpg,0.5535,NO
hd2039.jpg,0.6495,YES
hd204.jpg,0.4975,NO
hd2040.jpg,0.5506,NO
hd2041.jpg,0.5205,NO
hd2043.jpg,0.5779,NO
hd2042.jpg,0.5481,NO
hd2044.jpg,0.4608,NO
hd2045.jpg,0.5292,NO
hd2046.jpg,0.8208,YES
hd2047.jpg,0.6505,YES
hd205.jpg,0.5197,NO
hd2049.jpg,0.4482,NO
hd2050.jpg,0.5308,NO
hd2052.jpg,0.5966,NO
hd2053.jpg,0.5230,NO
hd2054.jpg,0.8201,YES
hd2055.jpg,0.4671,NO
hd2056.jpg,0.4666,NO
hd2057.jpg,0.8032,YES
hd2058.jpg,0.3654,NO
hd2059.jpg,0.8506,YES
hd206.jpg,0.8389,YES
hd2060.jpg,0.5786,NO
hd2061.jpg,0.5471,NO
hd2062.jpg,0.6045,YES
hd2063.jpg,0.4799,NO
hd2064.jpg,0.5821,NO
hd2065.jpg,0.5515,NO
hd2067.jpg,0.4997,NO
hd2068.jpg,0.8360,YES
hd2069.jpg,0.4449,NO
hd2070.jpg,0.4450,NO
hd2071.jpg,0.8389,YES
hd2072.jpg,0.4614,NO
hd2073.jpg,0.4352,NO
hd2074.jpg,0.4054,NO
hd2076.jpg,0.4172,NO
hd2077.jpg,0.5341,NO
hd2078.jpg,0.4845,NO
hd2079.jpg,0.5628,NO
hd2080.jpg,0.6166,YES
hd2081.jpg,0.8373,YES
hd2082.jpg,0.6995,YES
hd2083.jpg,0.8468,YES
hd2086.jpg,0.3196,NO
hd2084.jpg,0.6977,YES
hd2087.jpg,0.5152,NO
hd2088.jpg,0.3964,NO
hd2089.jpg,0.4749,NO
hd2090.jpg,0.4387,NO
hd2091.jpg,0.4334,NO
hd2092.jpg,0.8266,YES
hd2096.jpg,0.4671,NO
hd2094.jpg,0.4656,NO
hd2095.jpg,0.5054,NO
hd2097.jpg,0.4934,NO
hd2098.jpg,0.6760,YES
hd2099.jpg,0.4864,NO
hd210.jpg,0.5791,NO
hd21.jpg,0.7608,YES
hd2101.jpg,0.4548,NO
hd2100.jpg,0.4826,NO
hd2102.jpg,0.4680,NO
hd2103.jpg,0.8165,YES
hd2104.jpg,0.4530,NO
hd2105.jpg,0.4841,NO
hd2106.jpg,0.5638,NO
hd2108.jpg,0.5804,NO
hd211.jpg,0.3605,NO
hd2109.jpg,0.5594,NO
hd2110.jpg,0.2469,NO
hd2111.jpg,0.8203,YES
hd2112.jpg,0.6473,YES
hd2114.jpg,0.7873,YES
hd2115.jpg,0.5388,NO
hd2116.jpg,0.5170,NO
hd2117.jpg,0.4426,NO
hd2118.jpg,0.4434,NO
hd2119.jpg,0.4000,NO
hd2120.jpg,0.3997,NO
hd2121.jpg,0.8293,YES
hd2122.jpg,0.5008,NO
hd2123.jpg,0.3870,NO
hd2124.jpg,0.4771,NO
hd2125.jpg,0.5486,NO
hd2128.jpg,0.4349,NO
hd2126.jpg,0.8294,YES
hd2129.jpg,0.4565,NO
hd2130.jpg,0.5221,NO
hd2131.jpg,0.4909,NO
hd2132.jpg,0.4335,NO
hd2133.jpg,0.4100,NO
hd2134.jpg,0.5010,NO
hd2136.jpg,0.8272,YES
hd2137.jpg,0.7310,YES
hd214.jpg,0.5755,NO
hd2138.jpg,0.5212,NO
hd2142.jpg,0.4659,NO
hd2143.jpg,0.4342,NO
hd2144.jpg,0.4386,NO
hd2145.jpg,0.4782,NO
hd2146.jpg,0.3451,NO
hd2147.jpg,0.8370,YES
hd2148.jpg,0.7990,YES
hd2149.jpg,0.4723,NO
hd215.jpg,0.8231,YES
hd2150.jpg,0.8532,YES
hd2151.jpg,0.4961,NO
hd2153.jpg,0.5034,NO
hd2155.jpg,0.8589,YES
hd2156.jpg,0.5862,NO
hd2157.jpg,0.4035,NO
hd2158.jpg,0.4049,NO
hd2159.jpg,0.8270,YES
hd2160.jpg,0.4575,NO
hd2161.jpg,0.7815,YES
hd2162.jpg,0.5292,NO
hd2163.jpg,0.8438,YES
hd2164.jpg,0.4178,NO
hd2165.jpg,0.4692,NO
hd2166.jpg,0.8601,YES
hd217.jpg,0.8539,YES
hd2167.jpg,0.8544,YES
hd2168.jpg,0.8436,YES
hd2170.jpg,0.7448,YES
hd2171.jpg,0.8552,YES
hd2172.jpg,0.4032,NO
hd2173.jpg,0.3939,NO
hd2174.jpg,0.8447,YES
hd2175.jpg,0.5270,NO
hd2176.jpg,0.8547,YES
hd2177.jpg,0.4054,NO
hd2178.jpg,0.3859,NO
hd218.jpg,0.5924,NO
hd2179.jpg,0.8420,YES
hd2180.jpg,0.8587,YES
hd2181.jpg,0.8100,YES
hd2182.jpg,0.8541,YES
hd2183.jpg,0.8336,YES
hd2185.jpg,0.4852,NO
hd2187.jpg,0.4980,NO
hd2188.jpg,0.5016,NO
hd2189.jpg,0.8364,YES
hd2190.jpg,0.4380,NO
hd219.jpg,0.8142,YES
hd2191.jpg,0.8610,YES
hd2193.jpg,0.5017,NO
hd2192.jpg,0.8313,YES
hd2194.jpg,0.4486,NO
hd2195.jpg,0.4950,NO
hd2196.jpg,0.6336,YES
hd2197.jpg,0.5194,NO
hd2198.jpg,0.5168,NO
hd220.jpg,0.5884,NO
hd2199.jpg,0.4721,NO
hd2200.jpg,0.8435,YES
hd2201.jpg,0.4985,NO
hd2202.jpg,0.8564,YES
hd2204.jpg,0.4773,NO
hd2205.jpg,0.4954,NO
hd2206.jpg,0.7771,YES
hd2208.jpg,0.5255,NO
hd2207.jpg,0.4854,NO
hd2209.jpg,0.5123,NO
hd2210.jpg,0.4946,NO
hd2211.jpg,0.5634,NO
hd2212.jpg,0.5728,NO
hd2213.jpg,0.5094,NO
hd2215.jpg,0.5549,NO
hd2217.jpg,0.8332,YES
hd2216.jpg,0.5334,NO
hd2218.jpg,0.4935,NO
hd2219.jpg,0.4553,NO
hd2220.jpg,0.6890,YES
hd222.jpg,0.4682,NO
hd2221.jpg,0.8200,YES
hd2223.jpg,0.5141,NO
hd2224.jpg,0.4908,NO
hd2225.jpg,0.8126,YES
hd2226.jpg,0.5224,NO
hd2227.jpg,0.4454,NO
hd2228.jpg,0.5242,NO
hd2229.jpg,0.8076,YES
hd2230.jpg,0.4656,NO
hd2231.jpg,0.4854,NO
hd2232.jpg,0.4756,NO
hd2233.jpg,0.8462,YES
hd2235.jpg,0.8502,YES
hd2236.jpg,0.8029,YES
hd2237.jpg,0.4646,NO
hd2238.jpg,0.4779,NO
hd2239.jpg,0.5020,NO
hd2240.jpg,0.5212,NO
hd2241.jpg,0.4836,NO
hd2242.jpg,0.8217,YES
hd2244.jpg,0.5217,NO
hd2245.jpg,0.4720,NO
hd2246.jpg,0.4681,NO
hd2247.jpg,0.7828,YES
hd2248.jpg,0.5006,NO
hd2249.jpg,0.8404,YES
hd2252.jpg,0.4322,NO
hd2251.jpg,0.4634,NO
hd2253.jpg,0.4411,NO
hd2254.jpg,0.5061,NO
hd2255.jpg,0.7934,YES
hd2256.jpg,0.4615,NO
hd2259.jpg,0.5356,NO
hd2258.jpg,0.8383,YES
hd2261.jpg,0.4873,NO
hd2260.jpg,0.4630,NO
hd2262.jpg,0.5250,NO
hd2263.jpg,0.5056,NO
hd2265.jpg,0.8555,YES
hd2266.jpg,0.8695,YES
hd2267.jpg,0.8369,YES
hd2268.jpg,0.4720,NO
hd2269.jpg,0.6644,YES
hd2270.jpg,0.8025,YES
hd2271.jpg,0.8468,YES
hd2272.jpg,0.4466,NO
hd2273.jpg,0.4454,NO
hd2274.jpg,0.4542,NO
hd2275.jpg,0.4731,NO
hd2276.jpg,0.4581,NO
hd2277.jpg,0.4922,NO
hd2278.jpg,0.4881,NO
hd2281.jpg,0.4295,NO
hd2279.jpg,0.8605,YES
hd2282.jpg,0.4050,NO
hd2283.jpg,0.4940,NO
hd2284.jpg,0.8309,YES
hd2285.jpg,0.8670,YES
hd2286.jpg,0.4428,NO
hd2287.jpg,0.4244,NO
hd2288.jpg,0.4679,NO
hd2289.jpg,0.4123,NO
hd229.jpg,0.4481,NO
hd2291.jpg,0.4904,NO
hd2292.jpg,0.4930,NO
hd2293.jpg,0.4639,NO
hd2294.jpg,0.6176,YES
hd2295.jpg,0.8261,YES
hd2296.jpg,0.4369,NO
hd2297.jpg,0.8147,YES
hd2298.jpg,0.4746,NO
hd2299.jpg,0.4814,NO
hd23.jpg,0.7860,YES
hd2301.jpg,0.5422,NO
hd2302.jpg,0.4486,NO
hd2303.jpg,0.4917,NO
hd2304.jpg,0.5169,NO
hd2305.jpg,0.5101,NO
hd2306.jpg,0.4789,NO
hd2307.jpg,0.4518,NO
hd2308.jpg,0.5497,NO
hd2309.jpg,0.8301,YES
hd2310.jpg,0.7881,YES
hd2311.jpg,0.5319,NO
hd2312.jpg,0.5067,NO
hd2313.jpg,0.5497,NO
hd2314.jpg,0.4660,NO
hd2315.jpg,0.4860,NO
hd2317.jpg,0.4630,NO
hd2318.jpg,0.6151,YES
hd2319.jpg,0.4651,NO
hd232.jpg,0.8233,YES
hd2320.jpg,0.4484,NO
hd2322.jpg,0.4451,NO
hd2321.jpg,0.4748,NO
hd2324.jpg,0.8464,YES
hd2325.jpg,0.8171,YES
hd2326.jpg,0.4484,NO
hd2327.jpg,0.4282,NO
hd2328.jpg,0.4623,NO
hd2329.jpg,0.4807,NO
hd2331.jpg,0.4367,NO
hd2330.jpg,0.5757,NO
hd2332.jpg,0.8338,YES
hd2333.jpg,0.4728,NO
hd2334.jpg,0.4785,NO
hd2335.jpg,0.4331,NO
hd2336.jpg,0.8276,YES
hd2339.jpg,0.4912,NO
hd2338.jpg,0.4791,NO
hd2337.jpg,0.8495,YES
hd234.jpg,0.8225,YES
hd2340.jpg,0.7145,YES
hd2341.jpg,0.5294,NO
hd2342.jpg,0.6506,YES
hd2343.jpg,0.4816,NO
hd2344.jpg,0.4809,NO
hd2345.jpg,0.4620,NO
hd2346.jpg,0.4586,NO
hd2347.jpg,0.8363,YES
hd2348.jpg,0.5229,NO
hd235.jpg,0.8552,YES
hd2349.jpg,0.5784,NO
hd2350.jpg,0.8550,YES
hd2352.jpg,0.4433,NO
hd2354.jpg,0.1011,NO
hd2355.jpg,0.8233,YES
hd2353.jpg,0.4710,NO
hd2356.jpg,0.5044,NO
hd2357.jpg,0.4925,NO
hd2358.jpg,0.8478,YES
hd236.jpg,0.6255,YES
hd2359.jpg,0.8267,YES
hd2360.jpg,0.8575,YES
hd2361.jpg,0.8439,YES
hd2362.jpg,0.8414,YES
hd2363.jpg,0.8157,YES
hd2365.jpg,0.5462,NO
hd2364.jpg,0.7847,YES
hd2366.jpg,0.6913,YES
hd2367.jpg,0.8415,YES
hd2368.jpg,0.8348,YES
hd237.jpg,0.7090,YES
hd24.jpg,0.8616,YES
hd241.jpg,0.5373,NO
hd242.jpg,0.8196,YES
hd245.jpg,0.4542,NO
hd249.jpg,0.8550,YES
hd246.jpg,0.8412,YES
hd251.jpg,0.8575,YES
hd25.jpg,0.4752,NO
hd254.jpg,0.7639,YES
hd253.jpg,0.5371,NO
hd255.jpg,0.7612,YES
hd256.jpg,0.8301,YES
hd260.jpg,0.8159,YES
hd261.jpg,0.8319,YES
hd262.jpg,0.8006,YES
hd267.jpg,0.8147,YES
hd268.jpg,0.8561,YES
hd275.jpg,0.8621,YES
hd276.jpg,0.8321,YES
hd281.jpg,0.8199,YES
hd283.jpg,0.8149,YES
hd277.jpg,0.6778,YES
hd291.jpg,0.7845,YES
hd299.jpg,0.8421,YES
hd300.jpg,0.8082,YES
hd304.jpg,0.8323,YES
hd302.jpg,0.6404,YES
hd312.jpg,0.8135,YES
hd305.jpg,0.6198,YES
hd311.jpg,0.4173,NO
hd323.jpg,0.8300,YES
hd32.jpg,0.8558,YES
hd330.jpg,0.8206,YES
hd333.jpg,0.7255,YES
hd334.jpg,0.7185,YES
hd335.jpg,0.8176,YES
hd339.jpg,0.7708,YES
hd340.jpg,0.8258,YES
hd344.jpg,0.8460,YES
hd345.jpg,0.7911,YES
hd346.jpg,0.7907,YES
hd347.jpg,0.4107,NO
hd348.jpg,0.8335,YES
hd35.jpg,0.8378,YES
hd351.jpg,0.3640,NO
hd352.jpg,0.6243,YES
hd353.jpg,0.8405,YES
hd355.jpg,0.8029,YES
hd361.jpg,0.5697,NO
hd363.jpg,0.7396,YES
hd367.jpg,0.8371,YES
hd377.jpg,0.5804,NO
hd375.jpg,0.8402,YES
hd376.jpg,0.8185,YES
hd387.jpg,0.7036,YES
hd378.jpg,0.5301,NO
hd393.jpg,0.3138,NO
hd397.jpg,0.8152,YES
hd40.jpg,0.4499,NO
hd403.jpg,0.6399,YES
hd406.jpg,0.8094,YES
hd41.jpg,0.8338,YES
hd410.jpg,0.8243,YES
hd411.jpg,0.8037,YES
hd412.jpg,0.4730,NO
hd413.jpg,0.8064,YES
hd414.jpg,0.4403,NO
hd415.jpg,0.4869,NO
hd421.jpg,0.8196,YES
hd416.jpg,0.0192,NO
hd422.jpg,0.8366,YES
hd424.jpg,0.6089,YES
hd425.jpg,0.8441,YES
hd426.jpg,0.8206,YES
hd430.jpg,0.0466,NO
hd434.jpg,0.4234,NO
hd435.jpg,0.8516,YES
hd436.jpg,0.5132,NO
hd437.jpg,0.8493,YES
hd441.jpg,0.8574,YES
hd443.jpg,0.8644,YES
hd445.jpg,0.4895,NO
hd446.jpg,0.8793,YES
hd448.jpg,0.7041,YES
hd450.jpg,0.8335,YES
hd458.jpg,0.8609,YES
hd456.jpg,0.8107,YES
hd46.jpg,0.3181,NO
hd461.jpg,0.6752,YES
hd460.jpg,0.7789,YES
hd463.jpg,0.8421,YES
hd467.jpg,0.8074,YES
hd468.jpg,0.7928,YES
hd474.jpg,0.8441,YES
hd473.jpg,0.6515,YES
hd477.jpg,0.8402,YES
hd476.jpg,0.5871,NO
hd479.jpg,0.8286,YES
hd478.jpg,0.8123,YES
hd485.jpg,0.6359,YES
hd486.jpg,0.8438,YES
hd488.jpg,0.8448,YES
hd490.jpg,0.8316,YES
hd489.jpg,0.8053,YES
hd491.jpg,0.5708,NO
hd492.jpg,0.8279,YES
hd495.jpg,0.8319,YES
hd499.jpg,0.8310,YES
hd497.jpg,0.5119,NO
hd500.jpg,0.4149,NO
hd501.jpg,0.8335,YES
hd503.jpg,0.7413,YES
hd502.jpg,0.8030,YES
hd507.jpg,0.8300,YES
hd505.jpg,0.5101,NO
hd511.jpg,0.7603,YES
hd509.jpg,0.6044,YES
hd515.jpg,0.8597,YES
hd519.jpg,0.5550,NO
hd524.jpg,0.8261,YES
hd521.jpg,0.4206,NO
hd522.jpg,0.4629,NO
hd525.jpg,0.7266,YES
hd527.jpg,0.7719,YES
hd529.jpg,0.8275,YES
hd528.jpg,0.8293,YES
hd537.jpg,0.7218,YES
hd538.jpg,0.6919,YES
hd534.jpg,0.1178,NO
hd535.jpg,0.5358,NO
hd533.jpg,0.7995,YES
hd539.jpg,0.8169,YES
hd540.jpg,0.8481,YES
hd541.jpg,0.8340,YES
hd542.jpg,0.7748,YES
hd545.jpg,0.8102,YES
hd544.jpg,0.7929,YES
hd546.jpg,0.4258,NO
hd548.jpg,0.4971,NO
hd550.jpg,0.8101,YES
hd549.jpg,0.4654,NO
hd553.jpg,0.8073,YES
hd557.jpg,0.8371,YES
hd554.jpg,0.8181,YES
hd558.jpg,0.7427,YES
hd561.jpg,0.8118,YES
hd563.jpg,0.4109,NO
hd568.jpg,0.8170,YES
hd569.jpg,0.7265,YES
hd572.jpg,0.5123,NO
hd573.jpg,0.8211,YES
hd575.jpg,0.5295,NO
hd583.jpg,0.8630,YES
hd580.jpg,0.7497,YES
hd584.jpg,0.6634,YES
hd585.jpg,0.7969,YES
hd593.jpg,0.4816,NO
hd597.jpg,0.6356,YES
hd598.jpg,0.8194,YES
hd602.jpg,0.8515,YES
hd601.jpg,0.7277,YES
hd605.jpg,0.8470,YES
hd606.jpg,0.8001,YES
hd607.jpg,0.5550,NO
hd608.jpg,0.8377,YES
hd609.jpg,0.8442,YES
hd610.jpg,0.8369,YES
hd614.jpg,0.8255,YES
hd612.jpg,0.7230,YES
hd613.jpg,0.7966,YES
hd615.jpg,0.8086,YES
hd616.jpg,0.7524,YES
hd617.jpg,0.5606,NO
hd618.jpg,0.5505,NO
hd619.jpg,0.6179,YES
hd621.jpg,0.5323,NO
hd622.jpg,0.6503,YES
hd623.jpg,0.6855,YES
hd624.jpg,0.6101,YES
hd626.jpg,0.8136,YES
hd625.jpg,0.8142,YES
hd627.jpg,0.8243,YES
hd628.jpg,0.8242,YES
hd629.jpg,0.8545,YES
hd630.jpg,0.8135,YES
hd631.jpg,0.7867,YES
hd632.jpg,0.3378,NO
hd633.jpg,0.8228,YES
hd634.jpg,0.5018,NO
hd635.jpg,0.8201,YES
hd636.jpg,0.8532,YES
hd639.jpg,0.8549,YES
hd637.jpg,0.4940,NO
hd640.jpg,0.8546,YES
hd641.jpg,0.8353,YES
hd642.jpg,0.8335,YES
hd643.jpg,0.8316,YES
hd644.jpg,0.8048,YES
hd645.jpg,0.6063,YES
hd647.jpg,0.5640,NO
hd646.jpg,0.8464,YES
hd648.jpg,0.8342,YES
hd649.jpg,0.8512,YES
hd650.jpg,0.6729,YES
hd65.jpg,0.5299,NO
hd651.jpg,0.5171,NO
hd652.jpg,0.8231,YES
hd653.jpg,0.8350,YES
hd654.jpg,0.8539,YES
hd655.jpg,0.4464,NO
hd656.jpg,0.8244,YES
hd658.jpg,0.7642,YES
hd659.jpg,0.8215,YES
hd660.jpg,0.6176,YES
hd661.jpg,0.5323,NO
hd662.jpg,0.4274,NO
hd664.jpg,0.4832,NO
hd665.jpg,0.5059,NO
hd666.jpg,0.4765,NO
hd667.jpg,0.5992,NO
hd668.jpg,0.5511,NO
hd67.jpg,0.4029,NO
hd669.jpg,0.5759,NO
hd670.jpg,0.5487,NO
hd671.jpg,0.5181,NO
hd672.jpg,0.5358,NO
hd673.jpg,0.4923,NO
hd674.jpg,0.8288,YES
hd675.jpg,0.4915,NO
hd676.jpg,0.5466,NO
hd677.jpg,0.8628,YES
hd678.jpg,0.8143,YES
hd679.jpg,0.5188,NO
hd68.jpg,0.8558,YES
hd680.jpg,0.6484,YES
hd681.jpg,0.4432,NO
hd682.jpg,0.5149,NO
hd683.jpg,0.5126,NO
hd684.jpg,0.4738,NO
hd685.jpg,0.5031,NO
hd687.jpg,0.6961,YES
hd686.jpg,0.6471,YES
hd688.jpg,0.5887,NO
hd689.jpg,0.8243,YES
hd690.jpg,0.5489,NO
hd691.jpg,0.6010,YES
hd692.jpg,0.8266,YES
hd695.jpg,0.7956,YES
hd696.jpg,0.4966,NO
hd694.jpg,0.5423,NO
hd699.jpg,0.4638,NO
hd697.jpg,0.5123,NO
hd698.jpg,0.4591,NO
hd700.jpg,0.8275,YES
hd701.jpg,0.4359,NO
hd702.jpg,0.5007,NO
hd703.jpg,0.5123,NO
hd705.jpg,0.5149,NO
hd708.jpg,0.4599,NO
hd706.jpg,0.4200,NO
hd710.jpg,0.8193,YES
hd711.jpg,0.8073,YES
hd712.jpg,0.0137,NO
hd713.jpg,0.4658,NO
hd714.jpg,0.4743,NO
hd715.jpg,0.4163,NO
hd716.jpg,0.5369,NO
hd717.jpg,0.5025,NO
hd718.jpg,0.5604,NO
hd719.jpg,0.5705,NO
hd72.jpg,0.4504,NO
hd720.jpg,0.5214,NO
hd721.jpg,0.6989,YES
hd724.jpg,0.7428,YES
hd722.jpg,0.8276,YES
hd723.jpg,0.6724,YES
hd725.jpg,0.5257,NO
hd726.jpg,0.4986,NO
hd727.jpg,0.5102,NO
hd728.jpg,0.8079,YES
hd729.jpg,0.4642,NO
hd730.jpg,0.4503,NO
hd73.jpg,0.8236,YES
hd731.jpg,0.6720,YES
hd732.jpg,0.4433,NO
hd733.jpg,0.8166,YES
hd734.jpg,0.4167,NO
hd735.jpg,0.4476,NO
hd736.jpg,0.3365,NO
hd737.jpg,0.7586,YES
hd739.jpg,0.4611,NO
hd740.jpg,0.4371,NO
hd742.jpg,0.4018,NO
hd744.jpg,0.8109,YES
hd743.jpg,0.7810,YES
hd745.jpg,0.5808,NO
hd746.jpg,0.3706,NO
hd747.jpg,0.4096,NO
hd750.jpg,0.4687,NO
hd749.jpg,0.4192,NO
hd751.jpg,0.5440,NO
hd753.jpg,0.4522,NO
hd754.jpg,0.5607,NO
hd755.jpg,0.6988,YES
hd756.jpg,0.5287,NO
hd757.jpg,0.4024,NO
hd758.jpg,0.8693,YES
hd759.jpg,0.3989,NO
hd763.jpg,0.4194,NO
hd764.jpg,0.4636,NO
hd766.jpg,0.8323,YES
hd771.jpg,0.8111,YES
hd767.jpg,0.4088,NO
hd769.jpg,0.4079,NO
hd768.jpg,0.3729,NO
hd772.jpg,0.6722,YES
hd770.jpg,0.4400,NO
hd773.jpg,0.4254,NO
hd774.jpg,0.4390,NO
hd775.jpg,0.4794,NO
hd778.jpg,0.4930,NO
hd779.jpg,0.4959,NO
hd777.jpg,0.8441,YES
hd780.jpg,0.6608,YES
hd781.jpg,0.5073,NO
hd782.jpg,0.4774,NO
hd783.jpg,0.4806,NO
hd784.jpg,0.5186,NO
hd786.jpg,0.4383,NO
hd787.jpg,0.5278,NO
hd790.jpg,0.4633,NO
hd788.jpg,0.7664,YES
hd789.jpg,0.6262,YES
hd791.jpg,0.5605,NO
hd792.jpg,0.4324,NO
hd793.jpg,0.6351,YES
hd795.jpg,0.6668,YES
hd797.jpg,0.5894,NO
hd796.jpg,0.8675,YES
hd798.jpg,0.8219,YES
hd799.jpg,0.7953,YES
hd800.jpg,0.8407,YES
hd801.jpg,0.8626,YES
hd803.jpg,0.8317,YES
hd804.jpg,0.7691,YES
hd807.jpg,0.4843,NO
hd806.jpg,0.7308,YES
hd808.jpg,0.6295,YES
hd809.jpg,0.8143,YES
hd810.jpg,0.4115,NO
hd811.jpg,0.4520,NO
hd812.jpg,0.4036,NO
hd815.jpg,0.4808,NO
hd813.jpg,0.8180,YES
hd816.jpg,0.5655,NO
hd817.jpg,0.6544,YES
hd818.jpg,0.6588,YES
hd819.jpg,0.6420,YES
hd820.jpg,0.7937,YES
hd821.jpg,0.7330,YES
hd823.jpg,0.5428,NO
hd824.jpg,0.5933,NO
hd822.jpg,0.7933,YES
hd825.jpg,0.2245,NO
hd826.jpg,0.8137,YES
hd827.jpg,0.5434,NO
hd828.jpg,0.6631,YES
hd829.jpg,0.6686,YES
hd830.jpg,0.5425,NO
hd831.jpg,0.5668,NO
hd83.jpg,0.8366,YES
hd832.jpg,0.3070,NO
hd834.jpg,0.8382,YES
hd833.jpg,0.8133,YES
hd836.jpg,0.8058,YES
hd837.jpg,0.7842,YES
hd838.jpg,0.6946,YES
hd839.jpg,0.6618,YES
hd84.jpg,0.8146,YES
hd843.jpg,0.8092,YES
hd840.jpg,0.8442,YES
hd844.jpg,0.8121,YES
hd848.jpg,0.5588,NO
hd851.jpg,0.8387,YES
hd852.jpg,0.7753,YES
hd853.jpg,0.5417,NO
hd854.jpg,0.5052,NO
hd858.jpg,0.4670,NO
hd856.jpg,0.4990,NO
hd855.jpg,0.8477,YES
hd857.jpg,0.5390,NO
hd860.jpg,0.6110,YES
hd862.jpg,0.6149,YES
hd863.jpg,0.5700,NO
hd864.jpg,0.8323,YES
hd865.jpg,0.3678,NO
hd866.jpg,0.8325,YES
hd867.jpg,0.5619,NO
hd868.jpg,0.5161,NO
hd869.jpg,0.5842,NO
hd870.jpg,0.4521,NO
hd87.jpg,0.8481,YES
hd871.jpg,0.5125,NO
hd877.jpg,0.8478,YES
hd872.jpg,0.3080,NO
hd874.jpg,0.6188,YES
hd878.jpg,0.8282,YES
hd879.jpg,0.8298,YES
hd88.jpg,0.4330,NO
hd882.jpg,0.7929,YES
hd881.jpg,0.8147,YES
hd884.jpg,0.7864,YES
hd886.jpg,0.5848,NO
hd888.jpg,0.8218,YES
hd890.jpg,0.8333,YES
hd891.jpg,0.8287,YES
hd894.jpg,0.8149,YES
hd892.jpg,0.8572,YES
hd895.jpg,0.8623,YES
hd897.jpg,0.5458,NO
hd899.jpg,0.8639,YES
hd90.jpg,0.8245,YES
hd900.jpg,0.8363,YES
hd901.jpg,0.8607,YES
hd903.jpg,0.6318,YES
hd904.jpg,0.8558,YES
hd905.jpg,0.8378,YES
hd907.jpg,0.8388,YES
hd911.jpg,0.8538,YES
hd913.jpg,0.7939,YES
hd910.jpg,0.7895,YES
hd914.jpg,0.7888,YES
hd915.jpg,0.7990,YES
hd917.jpg,0.5417,NO
hd919.jpg,0.8127,YES
hd918.jpg,0.8289,YES
hd920.jpg,0.8118,YES
hd922.jpg,0.5042,NO
hd924.jpg,0.8509,YES
hd926.jpg,0.8252,YES
hd928.jpg,0.8347,YES
hd931.jpg,0.5961,NO
hd932.jpg,0.8179,YES
hd933.jpg,0.8403,YES
hd934.jpg,0.5953,NO
hd935.jpg,0.5130,NO
hd936.jpg,0.8280,YES
hd937.jpg,0.7889,YES
hd938.jpg,0.8289,YES
hd94.jpg,0.4038,NO
hd941.jpg,0.5735,NO
hd942.jpg,0.5518,NO
hd943.jpg,0.8221,YES
hd945.jpg,0.5256,NO
hd944.jpg,0.8563,YES
hd946.jpg,0.8081,YES
hd949.jpg,0.5141,NO
hd955.jpg,0.4354,NO
hd950.jpg,0.5567,NO
hd956.jpg,0.8509,YES
hd957.jpg,0.5306,NO
hd958.jpg,0.5230,NO
hd959.jpg,0.8283,YES
hd960.jpg,0.5577,NO
hd963.jpg,0.5571,NO
hd966.jpg,0.4263,NO
hd964.jpg,0.4530,NO
hd965.jpg,0.4927,NO
hd967.jpg,0.4513,NO
hd969.jpg,0.3812,NO
hd970.jpg,0.6166,YES
hd971.jpg,0.6161,YES
hd972.jpg,0.4482,NO
hd973.jpg,0.6142,YES
hd974.jpg,0.6373,YES
hd975.jpg,0.6514,YES
hd976.jpg,0.4323,NO
hd978.jpg,0.5226,NO
hd977.jpg,0.8500,YES
hd980.jpg,0.4036,NO
hd979.jpg,0.3948,NO
hd981.jpg,0.3861,NO
hd982.jpg,0.4916,NO
hd983.jpg,0.4426,NO
hd984.jpg,0.4221,NO
hd985.jpg,0.4347,NO
hd986.jpg,0.3922,NO
hd987.jpg,0.4360,NO
hd988.jpg,0.8136,YES
hd989.jpg,0.3893,NO
hd992.jpg,0.8557,YES
hd993.jpg,0.4768,NO
hd994.jpg,0.4369,NO
hd995.jpg,0.5146,NO
hd999.jpg,0.7901,YES
hd998.jpg,0.8402,YES
hook1.jpg,0.4693,NO
hook10.jpg,0.4091,NO
hook100.jpg,0.4139,NO
hook1000.jpg,0.5510,NO
hook1002.jpg,0.6351,YES
hook1001.jpg,0.7143,YES
hook1003.jpg,0.4480,NO
hook1004.jpg,0.6151,YES
hook1006.jpg,0.6506,YES
hook1007.jpg,0.5621,NO
hook1008.jpg,0.5379,NO
hook1009.jpg,0.4159,NO
hook101.jpg,0.4581,NO
hook1010.jpg,0.4643,NO
hook1011.jpg,0.5043,NO
hook1013.jpg,0.5163,NO
hook1015.jpg,0.3854,NO
hook1018.jpg,0.6575,YES
hook1019.jpg,0.3917,NO
hook102.jpg,0.4153,NO
hook1020.jpg,0.3762,NO
hook1021.jpg,0.3374,NO
hook1022.jpg,0.3415,NO
hook1023.jpg,0.3819,NO
hook1025.jpg,0.3936,NO
hook1024.jpg,0.3014,NO
hook1026.jpg,0.3596,NO
hook1028.jpg,0.3714,NO
hook1029.jpg,0.5230,NO
hook103.jpg,0.4735,NO
hook1030.jpg,0.3188,NO
hook1031.jpg,0.3538,NO
hook1032.jpg,0.3491,NO
hook1034.jpg,0.3848,NO
hook1035.jpg,0.3235,NO
hook1036.jpg,0.3077,NO
hook1037.jpg,0.3308,NO
hook1038.jpg,0.3977,NO
hook1039.jpg,0.3418,NO
hook104.jpg,0.4311,NO
hook1040.jpg,0.4960,NO
hook1041.jpg,0.4021,NO
hook1042.jpg,0.3562,NO
hook1043.jpg,0.3768,NO
hook1044.jpg,0.3980,NO
hook1045.jpg,0.4049,NO
hook1046.jpg,0.4859,NO
hook1047.jpg,0.4705,NO
hook1048.jpg,0.5556,NO
hook1049.jpg,0.5492,NO
hook105.jpg,0.4844,NO
hook1050.jpg,0.4367,NO
hook1052.jpg,0.4456,NO
hook1051.jpg,0.6342,YES
hook1053.jpg,0.4004,NO
hook1054.jpg,0.4847,NO
hook1055.jpg,0.3340,NO
hook1056.jpg,0.2848,NO
hook1057.jpg,0.5108,NO
hook1058.jpg,0.5228,NO
hook1059.jpg,0.5070,NO
hook106.jpg,0.4349,NO
hook1060.jpg,0.5123,NO
hook1061.jpg,0.5601,NO
hook1062.jpg,0.6307,YES
hook1063.jpg,0.5293,NO
hook1064.jpg,0.5916,NO
hook1065.jpg,0.6047,YES
hook1066.jpg,0.5586,NO
hook1067.jpg,0.5685,NO
hook1068.jpg,0.5854,NO
hook1069.jpg,0.6721,YES
hook107.jpg,0.3990,NO
hook1071.jpg,0.6285,YES
hook1072.jpg,0.6044,YES
hook1073.jpg,0.3123,NO
hook1074.jpg,0.5810,NO
hook1075.jpg,0.5567,NO
hook1076.jpg,0.5602,NO
hook1077.jpg,0.4358,NO
hook1078.jpg,0.4895,NO
hook1079.jpg,0.5217,NO
hook108.jpg,0.4856,NO
hook1080.jpg,0.5236,NO
hook1081.jpg,0.4535,NO
hook1082.jpg,0.4917,NO
hook1083.jpg,0.4812,NO
hook1084.jpg,0.6275,YES
hook1085.jpg,0.5440,NO
hook1087.jpg,0.5987,NO
hook1088.jpg,0.5983,NO
hook109.jpg,0.4531,NO
hook1090.jpg,0.6006,YES
hook1091.jpg,0.5627,NO
hook1092.jpg,0.6214,YES
hook1093.jpg,0.5733,NO
hook1094.jpg,0.6163,YES
hook1095.jpg,0.5816,NO
hook1096.jpg,0.6539,YES
hook1097.jpg,0.6068,YES
hook11.jpg,0.3595,NO
hook1098.jpg,0.5772,NO
hook110.jpg,0.4438,NO
hook1100.jpg,0.5718,NO
hook1101.jpg,0.5522,NO
hook1102.jpg,0.4729,NO
hook1103.jpg,0.5940,NO
hook1104.jpg,0.5505,NO
hook1105.jpg,0.5139,NO
hook1106.jpg,0.5002,NO
hook1107.jpg,0.4840,NO
hook1108.jpg,0.4700,NO
hook1109.jpg,0.4736,NO
hook111.jpg,0.4364,NO
hook1110.jpg,0.5041,NO
hook1111.jpg,0.4663,NO
hook1112.jpg,0.5902,NO
hook1113.jpg,0.5431,NO
hook1114.jpg,0.5018,NO
hook1115.jpg,0.5019,NO
hook1117.jpg,0.4642,NO
hook1118.jpg,0.6491,YES
hook1119.jpg,0.5103,NO
hook112.jpg,0.5269,NO
hook1120.jpg,0.4865,NO
hook1121.jpg,0.3938,NO
hook1122.jpg,0.3817,NO
hook1124.jpg,0.4566,NO
hook1123.jpg,0.4085,NO
hook1125.jpg,0.4638,NO
hook1126.jpg,0.4646,NO
hook1127.jpg,0.3964,NO
hook1128.jpg,0.4631,NO
hook1129.jpg,0.5961,NO
hook113.jpg,0.5041,NO
hook1132.jpg,0.4633,NO
hook1133.jpg,0.4577,NO
hook1134.jpg,0.4501,NO
hook1135.jpg,0.4359,NO
hook1137.jpg,0.5179,NO
hook1138.jpg,0.5055,NO
hook114.jpg,0.5357,NO
hook1139.jpg,0.3996,NO
hook1140.jpg,0.5292,NO
hook1141.jpg,0.3811,NO
hook1142.jpg,0.4175,NO
hook1143.jpg,0.4497,NO
hook1144.jpg,0.4095,NO
hook1145.jpg,0.4579,NO
hook1147.jpg,0.4996,NO
hook1148.jpg,0.4819,NO
hook1149.jpg,0.5234,NO
hook1150.jpg,0.4491,NO
hook115.jpg,0.4963,NO
hook1151.jpg,0.5907,NO
hook1152.jpg,0.4883,NO
hook1153.jpg,0.5216,NO
hook1156.jpg,0.5857,NO
hook1157.jpg,0.5227,NO
hook1158.jpg,0.5674,NO
hook1159.jpg,0.6329,YES
hook116.jpg,0.5598,NO
hook1160.jpg,0.6368,YES
hook1161.jpg,0.4916,NO
hook1162.jpg,0.6388,YES
hook1163.jpg,0.4991,NO
hook1164.jpg,0.6055,YES
hook1165.jpg,0.4816,NO
hook1166.jpg,0.4490,NO
hook1168.jpg,0.4836,NO
hook1167.jpg,0.4203,NO
hook117.jpg,0.4793,NO
hook1170.jpg,0.4964,NO
hook1171.jpg,0.4693,NO
hook1172.jpg,0.5275,NO
hook1173.jpg,0.5578,NO
hook1174.jpg,0.5775,NO
hook1175.jpg,0.4904,NO
hook1176.jpg,0.6214,YES
hook1177.jpg,0.5321,NO
hook1178.jpg,0.5145,NO
hook1179.jpg,0.5060,NO
hook118.jpg,0.3629,NO
hook1182.jpg,0.4957,NO
hook1183.jpg,0.5258,NO
hook1184.jpg,0.4426,NO
hook1180.jpg,0.5203,NO
hook1185.jpg,0.6212,YES
hook1186.jpg,0.5301,NO
hook1187.jpg,0.5467,NO
hook1188.jpg,0.5943,NO
hook1189.jpg,0.5747,NO
hook119.jpg,0.5424,NO
hook1190.jpg,0.5473,NO
hook1191.jpg,0.5860,NO
hook1192.jpg,0.5984,NO
hook1194.jpg,0.4849,NO
hook1193.jpg,0.4514,NO
hook1195.jpg,0.5957,NO
hook1197.jpg,0.5468,NO
hook1198.jpg,0.6458,YES
hook1199.jpg,0.6287,YES
hook12.jpg,0.3490,NO
hook120.jpg,0.5398,NO
hook1200.jpg,0.6372,YES
hook1201.jpg,0.6009,YES
hook1202.jpg,0.6193,YES
hook1203.jpg,0.6105,YES
hook1204.jpg,0.4293,NO
hook1205.jpg,0.5556,NO
hook1207.jpg,0.6228,YES
hook1208.jpg,0.5787,NO
hook1209.jpg,0.5817,NO
hook121.jpg,0.4906,NO
hook1210.jpg,0.3670,NO
hook1211.jpg,0.5873,NO
hook1212.jpg,0.5998,NO
hook1214.jpg,0.2309,NO
hook1217.jpg,0.5013,NO
hook1218.jpg,0.6303,YES
hook1219.jpg,0.5869,NO
hook1220.jpg,0.5119,NO
hook1221.jpg,0.5238,NO
hook1222.jpg,0.5115,NO
hook1223.jpg,0.5413,NO
hook1224.jpg,0.5571,NO
hook1225.jpg,0.4891,NO
hook1226.jpg,0.5086,NO
hook1228.jpg,0.4834,NO
hook1229.jpg,0.5871,NO
hook123.jpg,0.5656,NO
hook1230.jpg,0.4397,NO
hook1231.jpg,0.3894,NO
hook1232.jpg,0.3548,NO
hook1233.jpg,0.3997,NO
hook1235.jpg,0.3150,NO
hook1234.jpg,0.3559,NO
hook1236.jpg,0.3605,NO
hook1237.jpg,0.3157,NO
hook1238.jpg,0.3241,NO
hook1239.jpg,0.3575,NO
hook1240.jpg,0.5630,NO
hook1241.jpg,0.3747,NO
hook1242.jpg,0.3238,NO
hook1243.jpg,0.3133,NO
hook1244.jpg,0.3365,NO
hook1245.jpg,0.4388,NO
hook1246.jpg,0.3317,NO
hook1247.jpg,0.3133,NO
hook1248.jpg,0.3460,NO
hook1249.jpg,0.4392,NO
hook125.jpg,0.5450,NO
hook1250.jpg,0.4174,NO
hook1251.jpg,0.5578,NO
hook1252.jpg,0.3417,NO
hook1253.jpg,0.3414,NO
hook1254.jpg,0.3548,NO
hook1255.jpg,0.3626,NO
hook1256.jpg,0.3521,NO
hook1257.jpg,0.3867,NO
hook1258.jpg,0.4054,NO
hook1259.jpg,0.4201,NO
hook126.jpg,0.6767,YES
hook1260.jpg,0.4382,NO
hook1261.jpg,0.3861,NO
hook1262.jpg,0.6134,YES
hook1263.jpg,0.4181,NO
hook1264.jpg,0.3856,NO
hook1265.jpg,0.3922,NO
hook1266.jpg,0.4670,NO
hook1267.jpg,0.4548,NO
hook1268.jpg,0.6458,YES
hook1269.jpg,0.6052,YES
hook127.jpg,0.5560,NO
hook1270.jpg,0.6050,YES
hook1272.jpg,0.6892,YES
hook1273.jpg,0.5191,NO
hook1274.jpg,0.5325,NO
hook1275.jpg,0.5428,NO
hook1277.jpg,0.5774,NO
hook1278.jpg,0.4936,NO
hook1279.jpg,0.5700,NO
hook128.jpg,0.5368,NO
hook1280.jpg,0.5149,NO
hook1281.jpg,0.4676,NO
hook1282.jpg,0.4723,NO
hook1283.jpg,0.5187,NO
hook1286.jpg,0.4558,NO
hook1288.jpg,0.4752,NO
hook1289.jpg,0.6029,YES
hook129.jpg,0.3284,NO
hook1290.jpg,0.4800,NO
hook1291.jpg,0.4501,NO
hook1292.jpg,0.3870,NO
hook1293.jpg,0.4585,NO
hook1294.jpg,0.4637,NO
hook1295.jpg,0.4037,NO
hook1296.jpg,0.5509,NO
hook1297.jpg,0.5065,NO
hook1298.jpg,0.4600,NO
hook1299.jpg,0.4810,NO
hook13.jpg,0.3625,NO
hook130.jpg,0.5737,NO
hook1301.jpg,0.3988,NO
hook1302.jpg,0.4133,NO
hook1303.jpg,0.4300,NO
hook1304.jpg,0.3358,NO
hook1305.jpg,0.4482,NO
hook1306.jpg,0.3693,NO
hook1308.jpg,0.4270,NO
hook1309.jpg,0.4257,NO
hook131.jpg,0.5767,NO
hook1310.jpg,0.3593,NO
hook1311.jpg,0.3567,NO
hook1312.jpg,0.3906,NO
hook1313.jpg,0.4776,NO
hook1314.jpg,0.3792,NO
hook1315.jpg,0.4637,NO
hook1316.jpg,0.4340,NO
hook1317.jpg,0.3197,NO
hook1318.jpg,0.5798,NO
hook1319.jpg,0.3958,NO
hook1320.jpg,0.3816,NO
hook1321.jpg,0.3859,NO
hook1322.jpg,0.4322,NO
hook1323.jpg,0.3257,NO
hook1324.jpg,0.4386,NO
hook1325.jpg,0.4094,NO
hook1326.jpg,0.3714,NO
hook1327.jpg,0.4270,NO
hook1329.jpg,0.6366,YES
hook133.jpg,0.5557,NO
hook1330.jpg,0.3668,NO
hook1331.jpg,0.3901,NO
hook1332.jpg,0.3669,NO
hook1333.jpg,0.4421,NO
hook1334.jpg,0.4002,NO
hook1335.jpg,0.4617,NO
hook1336.jpg,0.3690,NO
hook1337.jpg,0.4073,NO
hook1339.jpg,0.3525,NO
hook134.jpg,0.5637,NO
hook1340.jpg,0.5350,NO
hook1341.jpg,0.3577,NO
hook1342.jpg,0.3351,NO
hook1344.jpg,0.3580,NO
hook1343.jpg,0.3404,NO
hook1345.jpg,0.3520,NO
hook1346.jpg,0.3635,NO
hook1347.jpg,0.3961,NO
hook1348.jpg,0.4224,NO
hook1349.jpg,0.4482,NO
hook135.jpg,0.5253,NO
hook1350.jpg,0.3771,NO
hook1352.jpg,0.4149,NO
hook1353.jpg,0.4310,NO
hook1356.jpg,0.4310,NO
hook1357.jpg,0.3952,NO
hook1358.jpg,0.4025,NO
hook1359.jpg,0.4388,NO
hook136.jpg,0.5844,NO
hook1360.jpg,0.4158,NO
hook1361.jpg,0.5262,NO
hook1362.jpg,0.5382,NO
hook1363.jpg,0.4628,NO
hook1364.jpg,0.3980,NO
hook1365.jpg,0.5138,NO
hook1366.jpg,0.5624,NO
hook1367.jpg,0.4314,NO
hook1369.jpg,0.4636,NO
hook137.jpg,0.5020,NO
hook1370.jpg,0.4631,NO
hook1371.jpg,0.4273,NO
hook1372.jpg,0.4358,NO
hook1373.jpg,0.5204,NO
hook1374.jpg,0.4160,NO
hook1377.jpg,0.3769,NO
hook1378.jpg,0.3774,NO
hook1379.jpg,0.3512,NO
hook138.jpg,0.5089,NO
hook1380.jpg,0.4358,NO
hook1381.jpg,0.4387,NO
hook1382.jpg,0.3599,NO
hook1383.jpg,0.4220,NO
hook1384.jpg,0.5502,NO
hook1385.jpg,0.4138,NO
hook1386.jpg,0.3706,NO
hook1387.jpg,0.4312,NO
hook1388.jpg,0.3738,NO
hook1389.jpg,0.4066,NO
hook139.jpg,0.5424,NO
hook1390.jpg,0.4426,NO
hook1391.jpg,0.3840,NO
hook1392.jpg,0.3764,NO
hook1393.jpg,0.4155,NO
hook1394.jpg,0.4505,NO
hook1395.jpg,0.6057,YES
hook1396.jpg,0.3935,NO
hook1398.jpg,0.3995,NO
hook1397.jpg,0.4283,NO
hook1399.jpg,0.3427,NO
hook140.jpg,0.3986,NO
hook1400.jpg,0.3751,NO
hook1403.jpg,0.4437,NO
hook1404.jpg,0.4273,NO
hook1406.jpg,0.3608,NO
hook1409.jpg,0.3556,NO
hook1407.jpg,0.5794,NO
hook141.jpg,0.5219,NO
hook1411.jpg,0.3777,NO
hook1412.jpg,0.4271,NO
hook1414.jpg,0.4183,NO
hook1415.jpg,0.3644,NO
hook1416.jpg,0.3846,NO
hook1417.jpg,0.3974,NO
hook1418.jpg,0.4916,NO
hook1419.jpg,0.3436,NO
hook142.jpg,0.6361,YES
hook1420.jpg,0.3490,NO
hook1422.jpg,0.3748,NO
hook1424.jpg,0.3922,NO
hook1425.jpg,0.3631,NO
hook1427.jpg,0.3196,NO
hook1426.jpg,0.3287,NO
hook1428.jpg,0.3725,NO
hook1429.jpg,0.5384,NO
hook1430.jpg,0.3924,NO
hook1431.jpg,0.3603,NO
hook1432.jpg,0.4021,NO
hook1433.jpg,0.3311,NO
hook1435.jpg,0.4258,NO
hook1436.jpg,0.3977,NO
hook1438.jpg,0.3607,NO
hook1439.jpg,0.3157,NO
hook144.jpg,0.4841,NO
hook1440.jpg,0.5265,NO
hook1441.jpg,0.3099,NO
hook1442.jpg,0.3284,NO
hook1443.jpg,0.4652,NO
hook1444.jpg,0.3967,NO
hook1445.jpg,0.4391,NO
hook1446.jpg,0.3508,NO
hook1448.jpg,0.3075,NO
hook1449.jpg,0.3283,NO
hook145.jpg,0.4996,NO
hook1450.jpg,0.4002,NO
hook1451.jpg,0.5665,NO
hook1452.jpg,0.3776,NO
hook1454.jpg,0.3371,NO
hook1455.jpg,0.2907,NO
hook1456.jpg,0.3340,NO
hook1457.jpg,0.3821,NO
hook1458.jpg,0.4212,NO
hook1459.jpg,0.3912,NO
hook146.jpg,0.4534,NO
hook1460.jpg,0.4234,NO
hook1461.jpg,0.4523,NO
hook1462.jpg,0.5463,NO
hook1463.jpg,0.4409,NO
hook1464.jpg,0.4382,NO
hook1465.jpg,0.3892,NO
hook1466.jpg,0.3999,NO
hook1468.jpg,0.4048,NO
hook1469.jpg,0.3947,NO
hook1471.jpg,0.3821,NO
hook1470.jpg,0.3980,NO
hook1473.jpg,0.6231,YES
hook1472.jpg,0.4129,NO
hook1474.jpg,0.4159,NO
hook1475.jpg,0.3919,NO
hook1477.jpg,0.3986,NO
hook1478.jpg,0.3634,NO
hook1479.jpg,0.3960,NO
hook148.jpg,0.5297,NO
hook1481.jpg,0.3675,NO
hook1480.jpg,0.3696,NO
hook1482.jpg,0.3610,NO
hook1483.jpg,0.3620,NO
hook1487.jpg,0.3919,NO
hook1484.jpg,0.5730,NO
hook1486.jpg,0.3126,NO
hook1488.jpg,0.3116,NO
hook1489.jpg,0.3236,NO
hook1490.jpg,0.3013,NO
hook1491.jpg,0.2819,NO
hook1492.jpg,0.3147,NO
hook1493.jpg,0.3759,NO
hook1494.jpg,0.3059,NO
hook1497.jpg,0.3277,NO
hook1496.jpg,0.3327,NO
hook1498.jpg,0.3700,NO
hook1499.jpg,0.3042,NO
hook15.jpg,0.4592,NO
hook150.jpg,0.5021,NO
hook1500.jpg,0.3203,NO
hook1501.jpg,0.3226,NO
hook1502.jpg,0.3348,NO
hook1503.jpg,0.3786,NO
hook1504.jpg,0.3543,NO
hook1506.jpg,0.4940,NO
hook1507.jpg,0.2748,NO
hook1508.jpg,0.3715,NO
hook1509.jpg,0.3389,NO
hook151.jpg,0.3294,NO
hook1510.jpg,0.3077,NO
hook1511.jpg,0.3182,NO
hook1512.jpg,0.3034,NO
hook1515.jpg,0.3099,NO
hook1516.jpg,0.2872,NO
hook1517.jpg,0.3287,NO
hook1518.jpg,0.5125,NO
hook1519.jpg,0.2839,NO
hook152.jpg,0.5292,NO
hook1520.jpg,0.2753,NO
hook1522.jpg,0.2960,NO
hook1523.jpg,0.2838,NO
hook1524.jpg,0.2649,NO
hook1526.jpg,0.3363,NO
hook1525.jpg,0.3211,NO
hook1527.jpg,0.2714,NO
hook1528.jpg,0.3661,NO
hook1529.jpg,0.4458,NO
hook153.jpg,0.5089,NO
hook1530.jpg,0.2864,NO
hook1531.jpg,0.3422,NO
hook1532.jpg,0.3229,NO
hook1533.jpg,0.3064,NO
hook1534.jpg,0.3083,NO
hook1535.jpg,0.3070,NO
hook1536.jpg,0.3197,NO
hook1538.jpg,0.2732,NO
hook1539.jpg,0.3339,NO
hook154.jpg,0.4173,NO
hook1540.jpg,0.4353,NO
hook1541.jpg,0.2877,NO
hook1543.jpg,0.2733,NO
hook1542.jpg,0.3309,NO
hook1544.jpg,0.3045,NO
hook1545.jpg,0.2925,NO
hook1546.jpg,0.3068,NO
hook1548.jpg,0.3316,NO
hook1549.jpg,0.3320,NO
hook155.jpg,0.4082,NO
hook1551.jpg,0.4236,NO
hook1552.jpg,0.3762,NO
hook1553.jpg,0.3968,NO
hook1555.jpg,0.3939,NO
hook1556.jpg,0.3815,NO
hook1557.jpg,0.4083,NO
hook1558.jpg,0.4603,NO
hook1559.jpg,0.4266,NO
hook1560.jpg,0.4663,NO
hook156.jpg,0.5023,NO
hook1562.jpg,0.4867,NO
hook1561.jpg,0.5410,NO
hook1563.jpg,0.5177,NO
hook1564.jpg,0.5310,NO
hook1566.jpg,0.4617,NO
hook1565.jpg,0.4430,NO
hook1568.jpg,0.5109,NO
hook1567.jpg,0.5516,NO
hook1569.jpg,0.4730,NO
hook157.jpg,0.4927,NO
hook1570.jpg,0.4721,NO
hook1571.jpg,0.4521,NO
hook1573.jpg,0.5273,NO
hook1572.jpg,0.4557,NO
hook1574.jpg,0.4628,NO
hook1575.jpg,0.4679,NO
hook1576.jpg,0.4898,NO
hook1577.jpg,0.4109,NO
hook1578.jpg,0.4707,NO
hook158.jpg,0.4554,NO
hook1580.jpg,0.4729,NO
hook1582.jpg,0.4571,NO
hook1583.jpg,0.4780,NO
hook1584.jpg,0.4681,NO
hook1585.jpg,0.4008,NO
hook1586.jpg,0.4047,NO
hook1587.jpg,0.4517,NO
hook1588.jpg,0.4620,NO
hook1589.jpg,0.4276,NO
hook159.jpg,0.4929,NO
hook1590.jpg,0.4150,NO
hook1591.jpg,0.4533,NO
hook1592.jpg,0.4784,NO
hook1593.jpg,0.4196,NO
hook1594.jpg,0.5046,NO
hook1595.jpg,0.4804,NO
hook1596.jpg,0.3314,NO
hook1597.jpg,0.3056,NO
hook1599.jpg,0.3422,NO
hook1598.jpg,0.3092,NO
hook160.jpg,0.4530,NO
hook16.jpg,0.4434,NO
hook1600.jpg,0.3572,NO
hook1601.jpg,0.3228,NO
hook1602.jpg,0.3341,NO
hook1603.jpg,0.4740,NO
hook1604.jpg,0.4570,NO
hook1605.jpg,0.4432,NO
hook1607.jpg,0.4358,NO
hook1606.jpg,0.4816,NO
hook1608.jpg,0.4839,NO
hook1609.jpg,0.4668,NO
hook161.jpg,0.4718,NO
hook1611.jpg,0.4881,NO
hook1612.jpg,0.3939,NO
hook1615.jpg,0.4562,NO
hook1616.jpg,0.5088,NO
hook1617.jpg,0.5462,NO
hook1618.jpg,0.5274,NO
hook1619.jpg,0.5805,NO
hook162.jpg,0.3894,NO
hook1620.jpg,0.5719,NO
hook1621.jpg,0.4109,NO
hook1622.jpg,0.5695,NO
hook1623.jpg,0.5372,NO
hook1624.jpg,0.5475,NO
hook1625.jpg,0.5140,NO
hook1626.jpg,0.5306,NO
hook1627.jpg,0.6165,YES
hook1628.jpg,0.3227,NO
hook1629.jpg,0.4681,NO
hook1630.jpg,0.5863,NO
hook1631.jpg,0.5768,NO
hook1632.jpg,0.5150,NO
hook1633.jpg,0.5048,NO
hook1634.jpg,0.5324,NO
hook1635.jpg,0.4866,NO
hook1636.jpg,0.4571,NO
hook1637.jpg,0.5378,NO
hook1638.jpg,0.5482,NO
hook1639.jpg,0.4714,NO
hook164.jpg,0.5433,NO
hook1640.jpg,0.3596,NO
hook1641.jpg,0.5310,NO
hook1642.jpg,0.5041,NO
hook1643.jpg,0.4403,NO
hook1644.jpg,0.4833,NO
hook1645.jpg,0.5407,NO
hook1646.jpg,0.4571,NO
hook1647.jpg,0.5441,NO
hook1648.jpg,0.4555,NO
hook1649.jpg,0.4760,NO
hook165.jpg,0.4637,NO
hook1650.jpg,0.4628,NO
hook1651.jpg,0.4340,NO
hook1652.jpg,0.4872,NO
hook1653.jpg,0.5556,NO
hook1654.jpg,0.4625,NO
hook1656.jpg,0.4515,NO
hook1657.jpg,0.4680,NO
hook1658.jpg,0.5365,NO
hook1659.jpg,0.4899,NO
hook166.jpg,0.3601,NO
hook1660.jpg,0.4443,NO
hook1664.jpg,0.4567,NO
hook1662.jpg,0.3797,NO
hook1665.jpg,0.4633,NO
hook1666.jpg,0.4224,NO
hook1667.jpg,0.5257,NO
hook1668.jpg,0.4789,NO
hook1669.jpg,0.4343,NO
hook167.jpg,0.4118,NO
hook1670.jpg,0.4587,NO
hook1671.jpg,0.4711,NO
hook1672.jpg,0.4544,NO
hook1673.jpg,0.4118,NO
hook1674.jpg,0.4661,NO
hook1675.jpg,0.3994,NO
hook1676.jpg,0.4550,NO
hook1677.jpg,0.5093,NO
hook1678.jpg,0.4560,NO
hook1679.jpg,0.3810,NO
hook168.jpg,0.3991,NO
hook1680.jpg,0.3842,NO
hook1681.jpg,0.4567,NO
hook1682.jpg,0.4109,NO
hook1683.jpg,0.3851,NO
hook1684.jpg,0.4657,NO
hook1685.jpg,0.3932,NO
hook1686.jpg,0.4085,NO
hook1687.jpg,0.3911,NO
hook1689.jpg,0.3850,NO
hook169.jpg,0.3745,NO
hook1690.jpg,0.4209,NO
hook1691.jpg,0.3549,NO
hook1692.jpg,0.4636,NO
hook1693.jpg,0.4403,NO
hook1694.jpg,0.4530,NO
hook1695.jpg,0.4987,NO
hook1697.jpg,0.4744,NO
hook1696.jpg,0.4892,NO
hook1698.jpg,0.4511,NO
hook1699.jpg,0.4786,NO
hook17.jpg,0.4352,NO
hook170.jpg,0.4293,NO
hook1700.jpg,0.4376,NO
hook1701.jpg,0.3796,NO
hook1702.jpg,0.3901,NO
hook1703.jpg,0.4552,NO
hook1704.jpg,0.4371,NO
hook1705.jpg,0.4275,NO
hook1706.jpg,0.5100,NO
hook1707.jpg,0.4350,NO
hook1708.jpg,0.3550,NO
hook1709.jpg,0.3427,NO
hook171.jpg,0.3096,NO
hook1710.jpg,0.3603,NO
hook1711.jpg,0.3861,NO
hook1712.jpg,0.3804,NO
hook1713.jpg,0.3995,NO
hook1714.jpg,0.4665,NO
hook1715.jpg,0.4736,NO
hook1717.jpg,0.4446,NO
hook1718.jpg,0.4782,NO
hook1719.jpg,0.5215,NO
hook172.jpg,0.4398,NO
hook1720.jpg,0.5104,NO
hook1721.jpg,0.4338,NO
hook1722.jpg,0.4051,NO
hook1723.jpg,0.4920,NO
hook1724.jpg,0.3954,NO
hook1725.jpg,0.4230,NO
hook1726.jpg,0.4101,NO
hook1727.jpg,0.4558,NO
hook1729.jpg,0.4056,NO
hook1728.jpg,0.5079,NO
hook1730.jpg,0.4705,NO
hook173.jpg,0.3505,NO
hook1731.jpg,0.3929,NO
hook1732.jpg,0.4490,NO
hook1733.jpg,0.3729,NO
hook1734.jpg,0.4436,NO
hook1735.jpg,0.4667,NO
hook1736.jpg,0.5002,NO
hook1737.jpg,0.4652,NO
hook1739.jpg,0.3054,NO
hook1738.jpg,0.4375,NO
hook1740.jpg,0.4844,NO
hook1741.jpg,0.5152,NO
hook1743.jpg,0.5797,NO
hook1744.jpg,0.4537,NO
hook1745.jpg,0.4367,NO
hook1746.jpg,0.4466,NO
hook1747.jpg,0.4050,NO
hook1748.jpg,0.4591,NO
hook1749.jpg,0.4610,NO
hook175.jpg,0.3388,NO
hook1750.jpg,0.4615,NO
hook1751.jpg,0.4370,NO
hook1752.jpg,0.5104,NO
hook1753.jpg,0.4959,NO
hook1754.jpg,0.4778,NO
hook1755.jpg,0.5804,NO
hook1756.jpg,0.6505,YES
hook1757.jpg,0.4933,NO
hook176.jpg,0.3846,NO
hook1760.jpg,0.6473,YES
hook1761.jpg,0.5413,NO
hook1759.jpg,0.5687,NO
hook1762.jpg,0.4603,NO
hook1763.jpg,0.6284,YES
hook1765.jpg,0.6450,YES
hook1766.jpg,0.7121,YES
hook1767.jpg,0.3073,NO
hook1768.jpg,0.5918,NO
hook1769.jpg,0.5863,NO
hook177.jpg,0.3567,NO
hook1770.jpg,0.5696,NO
hook1771.jpg,0.6096,YES
hook1772.jpg,0.6343,YES
hook1774.jpg,0.4744,NO
hook1775.jpg,0.5640,NO
hook1776.jpg,0.5679,NO
hook1777.jpg,0.4429,NO
hook1778.jpg,0.5384,NO
hook1779.jpg,0.4612,NO
hook178.jpg,0.3399,NO
hook1780.jpg,0.4741,NO
hook1781.jpg,0.4456,NO
hook1782.jpg,0.5025,NO
hook1783.jpg,0.5140,NO
hook1784.jpg,0.4750,NO
hook1785.jpg,0.4913,NO
hook1786.jpg,0.4837,NO
hook1787.jpg,0.4585,NO
hook1789.jpg,0.5895,NO
hook1788.jpg,0.4410,NO
hook1790.jpg,0.5503,NO
hook1791.jpg,0.4633,NO
hook1793.jpg,0.3863,NO
hook1792.jpg,0.4417,NO
hook1794.jpg,0.4016,NO
hook1795.jpg,0.4268,NO
hook1796.jpg,0.4152,NO
hook1797.jpg,0.3645,NO
hook1798.jpg,0.4114,NO
hook1799.jpg,0.3590,NO
hook18.jpg,0.4766,NO
hook180.jpg,0.3081,NO
hook1800.jpg,0.3547,NO
hook1801.jpg,0.3562,NO
hook1802.jpg,0.2874,NO
hook1803.jpg,0.3085,NO
hook1804.jpg,0.3043,NO
hook1806.jpg,0.4298,NO
hook1805.jpg,0.3046,NO
hook1807.jpg,0.3809,NO
hook1808.jpg,0.3766,NO
hook181.jpg,0.4228,NO
hook1810.jpg,0.4048,NO
hook1812.jpg,0.4482,NO
hook1813.jpg,0.3713,NO
hook1814.jpg,0.4337,NO
hook1816.jpg,0.3318,NO
hook1815.jpg,0.5811,NO
hook1817.jpg,0.4732,NO
hook1818.jpg,0.3563,NO
hook1819.jpg,0.3972,NO
hook182.jpg,0.4677,NO
hook1820.jpg,0.4119,NO
hook1821.jpg,0.4439,NO
hook1822.jpg,0.4259,NO
hook1823.jpg,0.3772,NO
hook1824.jpg,0.3496,NO
hook1825.jpg,0.3821,NO
hook1827.jpg,0.5225,NO
hook1826.jpg,0.5221,NO
hook1828.jpg,0.4864,NO
hook1829.jpg,0.4268,NO
hook183.jpg,0.3420,NO
hook1831.jpg,0.3773,NO
hook1830.jpg,0.3958,NO
hook1832.jpg,0.3623,NO
hook1833.jpg,0.4244,NO
hook1834.jpg,0.3779,NO
hook1835.jpg,0.4371,NO
hook1836.jpg,0.3824,NO
hook1837.jpg,0.4656,NO
hook1838.jpg,0.5402,NO
hook1839.jpg,0.5069,NO
hook184.jpg,0.4161,NO
hook1841.jpg,0.4461,NO
hook1842.jpg,0.4147,NO
hook1843.jpg,0.3860,NO
hook1844.jpg,0.4042,NO
hook1846.jpg,0.4142,NO
hook1847.jpg,0.4115,NO
hook1848.jpg,0.3305,NO
hook1849.jpg,0.4232,NO
hook185.jpg,0.3532,NO
hook1850.jpg,0.4271,NO
hook1851.jpg,0.3323,NO
hook1852.jpg,0.5101,NO
hook1853.jpg,0.4276,NO
hook1854.jpg,0.3788,NO
hook1855.jpg,0.4173,NO
hook1856.jpg,0.3893,NO
hook1857.jpg,0.4251,NO
hook1858.jpg,0.3946,NO
hook1859.jpg,0.3763,NO
hook186.jpg,0.3696,NO
hook1862.jpg,0.3991,NO
hook1860.jpg,0.4012,NO
hook1863.jpg,0.4196,NO
hook1864.jpg,0.3573,NO
hook1865.jpg,0.3661,NO
hook1868.jpg,0.3659,NO
hook1866.jpg,0.3397,NO
hook1869.jpg,0.3536,NO
hook187.jpg,0.3811,NO
hook1871.jpg,0.3374,NO
hook1870.jpg,0.3701,NO
hook1872.jpg,0.3237,NO
hook1873.jpg,0.3469,NO
hook1874.jpg,0.3989,NO
hook1875.jpg,0.3568,NO
hook1876.jpg,0.3638,NO
hook1877.jpg,0.3883,NO
hook1878.jpg,0.3033,NO
hook1879.jpg,0.3044,NO
hook188.jpg,0.2861,NO
hook1880.jpg,0.3152,NO
hook1881.jpg,0.2509,NO
hook1882.jpg,0.2770,NO
hook1883.jpg,0.2476,NO
hook1885.jpg,0.4048,NO
hook1884.jpg,0.2505,NO
hook1886.jpg,0.2663,NO
hook1888.jpg,0.2467,NO
hook1889.jpg,0.2806,NO
hook189.jpg,0.2883,NO
hook1890.jpg,0.2192,NO
hook1894.jpg,0.2334,NO
hook1892.jpg,0.2134,NO
hook1893.jpg,0.2246,NO
hook1895.jpg,0.2144,NO
hook1898.jpg,0.2610,NO
hook19.jpg,0.4188,NO
hook190.jpg,0.3110,NO
hook1901.jpg,0.2488,NO
hook1902.jpg,0.2792,NO
hook1903.jpg,0.2612,NO
hook1904.jpg,0.2813,NO
hook1905.jpg,0.2771,NO
hook1906.jpg,0.2481,NO
hook1907.jpg,0.4789,NO
hook1908.jpg,0.2607,NO
hook1909.jpg,0.3038,NO
hook1910.jpg,0.3085,NO
hook191.jpg,0.3358,NO
hook1912.jpg,0.2825,NO
hook1913.jpg,0.2800,NO
hook1914.jpg,0.2574,NO
hook1915.jpg,0.2623,NO
hook1916.jpg,0.2492,NO
hook1917.jpg,0.2399,NO
hook1919.jpg,0.2704,NO
hook1918.jpg,0.4407,NO
hook192.jpg,0.2972,NO
hook1920.jpg,0.2767,NO
hook1921.jpg,0.2558,NO
hook1922.jpg,0.2583,NO
hook1923.jpg,0.4273,NO
hook1924.jpg,0.3524,NO
hook1925.jpg,0.3675,NO
hook1926.jpg,0.3427,NO
hook1927.jpg,0.3335,NO
hook1928.jpg,0.3902,NO
hook1929.jpg,0.4579,NO
hook1930.jpg,0.3415,NO
hook1931.jpg,0.3478,NO
hook1932.jpg,0.3669,NO
hook1933.jpg,0.3656,NO
hook1935.jpg,0.3285,NO
hook1934.jpg,0.3423,NO
hook1936.jpg,0.3178,NO
hook1937.jpg,0.2621,NO
hook1938.jpg,0.3043,NO
hook1939.jpg,0.2924,NO
hook194.jpg,0.3544,NO
hook1940.jpg,0.5151,NO
hook1941.jpg,0.2807,NO
hook1943.jpg,0.2542,NO
hook1944.jpg,0.2559,NO
hook1945.jpg,0.2489,NO
hook1946.jpg,0.2637,NO
hook1947.jpg,0.2710,NO
hook1948.jpg,0.2484,NO
hook1949.jpg,0.2625,NO
hook195.jpg,0.2897,NO
hook1950.jpg,0.2550,NO
hook1951.jpg,0.4172,NO
hook1952.jpg,0.2569,NO
hook1953.jpg,0.2566,NO
hook1954.jpg,0.2358,NO
hook1955.jpg,0.2713,NO
hook1956.jpg,0.2578,NO
hook1959.jpg,0.2344,NO
hook1958.jpg,0.2569,NO
hook1960.jpg,0.2578,NO
hook1961.jpg,0.2437,NO
hook1962.jpg,0.3429,NO
hook1963.jpg,0.4468,NO
hook1964.jpg,0.2669,NO
hook1965.jpg,0.2359,NO
hook1967.jpg,0.2397,NO
hook1966.jpg,0.2249,NO
hook1969.jpg,0.2538,NO
hook197.jpg,0.3394,NO
hook1970.jpg,0.2370,NO
hook1971.jpg,0.2223,NO
hook1972.jpg,0.2417,NO
hook1973.jpg,0.2343,NO
hook1974.jpg,0.4627,NO
hook1975.jpg,0.2384,NO
hook1976.jpg,0.2522,NO
hook1977.jpg,0.2312,NO
hook1979.jpg,0.2488,NO
hook198.jpg,0.2971,NO
hook1983.jpg,0.2414,NO
hook1981.jpg,0.2457,NO
hook1984.jpg,0.2275,NO
hook1985.jpg,0.3749,NO
hook1986.jpg,0.2356,NO
hook1987.jpg,0.2521,NO
hook1988.jpg,0.2378,NO
hook1989.jpg,0.2485,NO
hook199.jpg,0.3171,NO
hook1990.jpg,0.2405,NO
hook1991.jpg,0.2812,NO
hook1992.jpg,0.3881,NO
hook1993.jpg,0.3482,NO
hook1994.jpg,0.3398,NO
hook1995.jpg,0.3732,NO
hook1996.jpg,0.3866,NO
hook1997.jpg,0.3451,NO
hook1999.jpg,0.2427,NO
hook2.jpg,0.4674,NO
hook20.jpg,0.4354,NO
hook200.jpg,0.3526,NO
hook2000.jpg,0.2444,NO
hook2001.jpg,0.3149,NO
hook2002.jpg,0.3358,NO
hook2003.jpg,0.3390,NO
hook2004.jpg,0.3665,NO
hook2005.jpg,0.3364,NO
hook2006.jpg,0.3660,NO
hook2007.jpg,0.4000,NO
hook2008.jpg,0.3510,NO
hook2009.jpg,0.3825,NO
hook201.jpg,0.4781,NO
hook2011.jpg,0.3669,NO
hook2012.jpg,0.3898,NO
hook2013.jpg,0.4386,NO
hook2014.jpg,0.4967,NO
hook2015.jpg,0.4350,NO
hook2016.jpg,0.4775,NO
hook2017.jpg,0.4614,NO
hook2018.jpg,0.4704,NO
hook2019.jpg,0.4143,NO
hook202.jpg,0.5429,NO
hook2020.jpg,0.3296,NO
hook2021.jpg,0.3225,NO
hook2022.jpg,0.3162,NO
hook2023.jpg,0.3892,NO
hook2024.jpg,0.2999,NO
hook2025.jpg,0.3108,NO
hook2026.jpg,0.3570,NO
hook2027.jpg,0.3447,NO
hook2028.jpg,0.4523,NO
hook203.jpg,0.3515,NO
hook2030.jpg,0.3511,NO
hook2031.jpg,0.7449,YES
hook2032.jpg,0.3691,NO
hook2033.jpg,0.3541,NO
hook2034.jpg,0.2924,NO
hook2035.jpg,0.3406,NO
hook2036.jpg,0.2767,NO
hook2037.jpg,0.3270,NO
hook2038.jpg,0.3453,NO
hook2039.jpg,0.4402,NO
hook204.jpg,0.4101,NO
hook2040.jpg,0.3797,NO
hook2042.jpg,0.3264,NO
hook2041.jpg,0.5136,NO
hook2043.jpg,0.3554,NO
hook2044.jpg,0.3601,NO
hook2045.jpg,0.3046,NO
hook2046.jpg,0.3651,NO
hook2047.jpg,0.4075,NO
hook2048.jpg,0.3887,NO
hook2049.jpg,0.3802,NO
hook205.jpg,0.5511,NO
hook2050.jpg,0.4053,NO
hook2051.jpg,0.4131,NO
hook2052.jpg,0.3808,NO
hook2053.jpg,0.4080,NO
hook2054.jpg,0.3867,NO
hook2055.jpg,0.4016,NO
hook2056.jpg,0.4705,NO
hook2057.jpg,0.4961,NO
hook2058.jpg,0.4502,NO
hook2059.jpg,0.4320,NO
hook206.jpg,0.5326,NO
hook2060.jpg,0.3845,NO
hook2061.jpg,0.3666,NO
hook2062.jpg,0.4204,NO
hook2064.jpg,0.3052,NO
hook2063.jpg,0.3707,NO
hook2066.jpg,0.2761,NO
hook2067.jpg,0.2348,NO
hook2068.jpg,0.2172,NO
hook2069.jpg,0.2443,NO
hook207.jpg,0.3653,NO
hook2070.jpg,0.2439,NO
hook2071.jpg,0.2606,NO
hook2072.jpg,0.2334,NO
hook2073.jpg,0.3589,NO
hook2075.jpg,0.2828,NO
hook2076.jpg,0.3004,NO
hook2077.jpg,0.2475,NO
hook2078.jpg,0.2659,NO
hook2079.jpg,0.3197,NO
hook2080.jpg,0.3375,NO
hook208.jpg,0.4990,NO
hook2081.jpg,0.2701,NO
hook2082.jpg,0.2532,NO
hook2083.jpg,0.2577,NO
hook2084.jpg,0.2808,NO
hook2085.jpg,0.3701,NO
hook2086.jpg,0.2468,NO
hook2087.jpg,0.2899,NO
hook2088.jpg,0.2782,NO
hook209.jpg,0.5357,NO
hook2090.jpg,0.3894,NO
hook2092.jpg,0.2836,NO
hook2093.jpg,0.2799,NO
hook2094.jpg,0.3308,NO
hook2095.jpg,0.2535,NO
hook2096.jpg,0.3959,NO
hook2097.jpg,0.3154,NO
hook2098.jpg,0.3102,NO
hook2099.jpg,0.2865,NO
hook21.jpg,0.4405,NO
hook210.jpg,0.6639,YES
hook2100.jpg,0.2989,NO
hook2102.jpg,0.2620,NO
hook2104.jpg,0.2351,NO
hook2103.jpg,0.2686,NO
hook2105.jpg,0.2932,NO
hook2106.jpg,0.2484,NO
hook2107.jpg,0.4717,NO
hook2108.jpg,0.2621,NO
hook2109.jpg,0.2446,NO
hook211.jpg,0.5238,NO
hook2110.jpg,0.1935,NO
hook2111.jpg,0.2328,NO
hook2112.jpg,0.2049,NO
hook2113.jpg,0.2653,NO
hook2114.jpg,0.2281,NO
hook2115.jpg,0.2255,NO
hook2116.jpg,0.1957,NO
hook2117.jpg,0.2437,NO
hook2118.jpg,0.5073,NO
hook2119.jpg,0.2300,NO
hook212.jpg,0.4934,NO
hook2120.jpg,0.2463,NO
hook2122.jpg,0.2704,NO
hook2121.jpg,0.2138,NO
hook2123.jpg,0.2214,NO
hook2124.jpg,0.2412,NO
hook2125.jpg,0.2302,NO
hook2127.jpg,0.2554,NO
hook2126.jpg,0.2570,NO
hook2128.jpg,0.2115,NO
hook2129.jpg,0.4221,NO
hook213.jpg,0.4654,NO
hook2130.jpg,0.2291,NO
hook2131.jpg,0.2609,NO
hook2132.jpg,0.2184,NO
hook2133.jpg,0.2554,NO
hook2134.jpg,0.2166,NO
hook2135.jpg,0.2811,NO
hook2137.jpg,0.1894,NO
hook2136.jpg,0.2759,NO
hook2138.jpg,0.2264,NO
hook2139.jpg,0.2343,NO
hook214.jpg,0.4192,NO
hook2140.jpg,0.4390,NO
hook2141.jpg,0.2734,NO
hook2142.jpg,0.1996,NO
hook2143.jpg,0.2083,NO
hook2144.jpg,0.2312,NO
hook2145.jpg,0.1895,NO
hook2146.jpg,0.2440,NO
hook2147.jpg,0.2126,NO
hook2148.jpg,0.2059,NO
hook2149.jpg,0.2578,NO
hook2150.jpg,0.2079,NO
hook2151.jpg,0.3846,NO
hook2152.jpg,0.2385,NO
hook2153.jpg,0.2425,NO
hook2154.jpg,0.2272,NO
hook2155.jpg,0.2231,NO
hook2156.jpg,0.2041,NO
hook2157.jpg,0.2685,NO
hook2158.jpg,0.2220,NO
hook2160.jpg,0.2160,NO
hook2161.jpg,0.2162,NO
hook2162.jpg,0.4760,NO
hook2163.jpg,0.2019,NO
hook2164.jpg,0.2055,NO
hook2165.jpg,0.2183,NO
hook2166.jpg,0.2014,NO
hook2167.jpg,0.2415,NO
hook2169.jpg,0.2061,NO
hook217.jpg,0.4112,NO
hook2168.jpg,0.2413,NO
hook2170.jpg,0.2027,NO
hook2171.jpg,0.2626,NO
hook2173.jpg,0.5268,NO
hook2172.jpg,0.2410,NO
hook2174.jpg,0.2030,NO
hook2177.jpg,0.1896,NO
hook2175.jpg,0.1885,NO
hook2178.jpg,0.1923,NO
hook2179.jpg,0.2105,NO
hook218.jpg,0.3502,NO
hook2181.jpg,0.2064,NO
hook2180.jpg,0.2315,NO
hook2182.jpg,0.2136,NO
hook2183.jpg,0.2325,NO
hook2184.jpg,0.3972,NO
hook2185.jpg,0.5555,NO
hook2187.jpg,0.2133,NO
hook2188.jpg,0.2302,NO
hook219.jpg,0.4425,NO
hook2190.jpg,0.2099,NO
hook2191.jpg,0.2248,NO
hook2192.jpg,0.1967,NO
hook2193.jpg,0.1986,NO
hook2194.jpg,0.2384,NO
hook2196.jpg,0.5716,NO
hook2197.jpg,0.2633,NO
hook2198.jpg,0.2355,NO
hook22.jpg,0.4612,NO
hook220.jpg,0.4902,NO
hook2200.jpg,0.2475,NO
hook2201.jpg,0.2434,NO
hook2202.jpg,0.2980,NO
hook2203.jpg,0.2872,NO
hook2204.jpg,0.2832,NO
hook2205.jpg,0.2737,NO
hook2206.jpg,0.2763,NO
hook2207.jpg,0.5807,NO
hook2208.jpg,0.2927,NO
hook2209.jpg,0.2669,NO
hook2210.jpg,0.2448,NO
hook2211.jpg,0.2627,NO
hook2212.jpg,0.2691,NO
hook2213.jpg,0.2206,NO
hook2214.jpg,0.2048,NO
hook2216.jpg,0.2572,NO
hook2217.jpg,0.2638,NO
hook2218.jpg,0.5669,NO
hook2219.jpg,0.2881,NO
hook222.jpg,0.4650,NO
hook2220.jpg,0.3302,NO
hook2222.jpg,0.3216,NO
hook2221.jpg,0.2557,NO
hook2223.jpg,0.3213,NO
hook2224.jpg,0.3253,NO
hook2225.jpg,0.2872,NO
hook2226.jpg,0.3534,NO
hook2227.jpg,0.2510,NO
hook2228.jpg,0.2644,NO
hook2229.jpg,0.5905,NO
hook223.jpg,0.5298,NO
hook2230.jpg,0.2714,NO
hook2231.jpg,0.2356,NO
hook2232.jpg,0.2889,NO
hook2233.jpg,0.2945,NO
hook2234.jpg,0.3272,NO
hook2235.jpg,0.3448,NO
hook2236.jpg,0.3306,NO
hook2237.jpg,0.2674,NO
hook2238.jpg,0.2939,NO
hook2239.jpg,0.2631,NO
hook224.jpg,0.5904,NO
hook2240.jpg,0.6452,YES
hook2241.jpg,0.2484,NO
hook2242.jpg,0.3355,NO
hook2243.jpg,0.2428,NO
hook2244.jpg,0.2696,NO
hook2245.jpg,0.3282,NO
hook2246.jpg,0.2497,NO
hook2247.jpg,0.3017,NO
hook2248.jpg,0.3151,NO
hook2249.jpg,0.2761,NO
hook225.jpg,0.5407,NO
hook2250.jpg,0.2519,NO
hook2251.jpg,0.5869,NO
hook2252.jpg,0.2905,NO
hook2253.jpg,0.3129,NO
hook2254.jpg,0.2859,NO
hook2255.jpg,0.3548,NO
hook2256.jpg,0.2875,NO
hook2257.jpg,0.3565,NO
hook2258.jpg,0.3362,NO
hook2259.jpg,0.3798,NO
hook226.jpg,0.5889,NO
hook2260.jpg,0.3514,NO
hook2261.jpg,0.3551,NO
hook2262.jpg,0.5254,NO
hook2263.jpg,0.3837,NO
hook2264.jpg,0.3857,NO
hook2265.jpg,0.3644,NO
hook2266.jpg,0.4107,NO
hook2267.jpg,0.3684,NO
hook2268.jpg,0.4487,NO
hook227.jpg,0.6237,YES
hook2270.jpg,0.3497,NO
hook2271.jpg,0.3731,NO
hook2272.jpg,0.2814,NO
hook2273.jpg,0.5451,NO
hook2274.jpg,0.3778,NO
hook2276.jpg,0.2818,NO
hook2277.jpg,0.5437,NO
hook2278.jpg,0.2352,NO
hook2279.jpg,0.2608,NO
hook228.jpg,0.4974,NO
hook2280.jpg,0.2200,NO
hook2282.jpg,0.2115,NO
hook2283.jpg,0.2543,NO
hook2284.jpg,0.5726,NO
hook2285.jpg,0.3043,NO
hook2286.jpg,0.2387,NO
hook2287.jpg,0.2537,NO
hook2288.jpg,0.2595,NO
hook2289.jpg,0.2926,NO
hook229.jpg,0.3586,NO
hook2290.jpg,0.2252,NO
hook2291.jpg,0.2456,NO
hook2292.jpg,0.2384,NO
hook2293.jpg,0.2828,NO
hook2295.jpg,0.4101,NO
hook2294.jpg,0.2774,NO
hook2296.jpg,0.5007,NO
hook2297.jpg,0.2424,NO
hook2298.jpg,0.2427,NO
hook2299.jpg,0.2542,NO
hook23.jpg,0.5551,NO
hook230.jpg,0.5021,NO
hook2300.jpg,0.4001,NO
hook2301.jpg,0.2702,NO
hook2302.jpg,0.2758,NO
hook2304.jpg,0.3185,NO
hook2303.jpg,0.2708,NO
hook2305.jpg,0.2790,NO
hook2306.jpg,0.2791,NO
hook2307.jpg,0.4989,NO
hook2308.jpg,0.2812,NO
hook2309.jpg,0.2263,NO
hook231.jpg,0.4918,NO
hook2310.jpg,0.2155,NO
hook2311.jpg,0.2426,NO
hook2313.jpg,0.2176,NO
hook2314.jpg,0.3369,NO
hook2315.jpg,0.2778,NO
hook2316.jpg,0.2757,NO
hook2317.jpg,0.2767,NO
hook2318.jpg,0.5054,NO
hook2319.jpg,0.2983,NO
hook232.jpg,0.5341,NO
hook2320.jpg,0.2488,NO
hook2321.jpg,0.2459,NO
hook2322.jpg,0.2605,NO
hook2323.jpg,0.2617,NO
hook2324.jpg,0.2621,NO
hook2325.jpg,0.2281,NO
hook2326.jpg,0.2076,NO
hook2327.jpg,0.2237,NO
hook2328.jpg,0.2156,NO
hook2329.jpg,0.3105,NO
hook233.jpg,0.3909,NO
hook2333.jpg,0.2213,NO
hook2334.jpg,0.2500,NO
hook2335.jpg,0.2607,NO
hook2336.jpg,0.2288,NO
hook2337.jpg,0.2349,NO
hook2338.jpg,0.2390,NO
hook2339.jpg,0.2375,NO
hook2340.jpg,0.4963,NO
hook234.jpg,0.3849,NO
hook2341.jpg,0.2276,NO
hook2342.jpg,0.2577,NO
hook2343.jpg,0.2696,NO
hook2344.jpg,0.2613,NO
hook2345.jpg,0.2326,NO
hook2346.jpg,0.2396,NO
hook2347.jpg,0.1937,NO
hook2348.jpg,0.2269,NO
hook2349.jpg,0.2235,NO
hook235.jpg,0.3180,NO
hook2351.jpg,0.4571,NO
hook2352.jpg,0.1977,NO
hook2353.jpg,0.2409,NO
hook2354.jpg,0.2662,NO
hook2355.jpg,0.2416,NO
hook2357.jpg,0.2330,NO
hook2358.jpg,0.2682,NO
hook2359.jpg,0.3042,NO
hook2360.jpg,0.2177,NO
hook2362.jpg,0.4440,NO
hook2363.jpg,0.3010,NO
hook2364.jpg,0.2780,NO
hook2365.jpg,0.2552,NO
hook2366.jpg,0.2704,NO
hook2367.jpg,0.2602,NO
hook2368.jpg,0.2897,NO
hook237.jpg,0.3057,NO
hook2370.jpg,0.2521,NO
hook2372.jpg,0.3751,NO
hook2371.jpg,0.4400,NO
hook2373.jpg,0.4552,NO
hook2374.jpg,0.4620,NO
hook2375.jpg,0.3528,NO
hook2376.jpg,0.4140,NO
hook2377.jpg,0.3568,NO
hook2378.jpg,0.3826,NO
hook238.jpg,0.3313,NO
hook2380.jpg,0.3797,NO
hook2381.jpg,0.3876,NO
hook2382.jpg,0.4063,NO
hook2383.jpg,0.3678,NO
hook2384.jpg,0.4954,NO
hook2385.jpg,0.4173,NO
hook2386.jpg,0.4436,NO
hook2387.jpg,0.3786,NO
hook2388.jpg,0.4468,NO
hook2389.jpg,0.4035,NO
hook239.jpg,0.3512,NO
hook2390.jpg,0.4210,NO
hook2391.jpg,0.4515,NO
hook2392.jpg,0.4264,NO
hook2393.jpg,0.3310,NO
hook2394.jpg,0.3037,NO
hook2395.jpg,0.4260,NO
hook2396.jpg,0.3786,NO
hook2397.jpg,0.3606,NO
hook24.jpg,0.5447,NO
hook240.jpg,0.2836,NO
hook2400.jpg,0.2808,NO
hook2401.jpg,0.3423,NO
hook2402.jpg,0.2804,NO
hook2403.jpg,0.3149,NO
hook2405.jpg,0.3951,NO
hook2406.jpg,0.3945,NO
hook2407.jpg,0.4332,NO
hook2408.jpg,0.3975,NO
hook2409.jpg,0.4274,NO
hook2410.jpg,0.3812,NO
hook241.jpg,0.3574,NO
hook2411.jpg,0.4214,NO
hook2413.jpg,0.3553,NO
hook2415.jpg,0.3763,NO
hook2417.jpg,0.3935,NO
hook2418.jpg,0.4555,NO
hook2419.jpg,0.3224,NO
hook242.jpg,0.5915,NO
hook2420.jpg,0.3531,NO
hook2421.jpg,0.4152,NO
hook2422.jpg,0.5787,NO
hook2423.jpg,0.3849,NO
hook2424.jpg,0.4096,NO
hook2425.jpg,0.3985,NO
hook2426.jpg,0.3415,NO
hook2427.jpg,0.2757,NO
hook2429.jpg,0.5096,NO
hook2428.jpg,0.4727,NO
hook243.jpg,0.7550,YES
hook2430.jpg,0.3169,NO
hook2432.jpg,0.5174,NO
hook2433.jpg,0.3929,NO
hook2434.jpg,0.3045,NO
hook2435.jpg,0.3141,NO
hook2436.jpg,0.2610,NO
hook2438.jpg,0.2639,NO
hook2439.jpg,0.2314,NO
hook244.jpg,0.6674,YES
hook2440.jpg,0.4604,NO
hook2441.jpg,0.3000,NO
hook2442.jpg,0.2640,NO
hook2443.jpg,0.2863,NO
hook2444.jpg,0.2661,NO
hook2445.jpg,0.2152,NO
hook2446.jpg,0.2518,NO
hook2447.jpg,0.2642,NO
hook2448.jpg,0.2778,NO
hook2449.jpg,0.2187,NO
hook245.jpg,0.6919,YES
hook2450.jpg,0.2745,NO
hook2451.jpg,0.4839,NO
hook2452.jpg,0.2506,NO
hook2453.jpg,0.2400,NO
hook2454.jpg,0.2470,NO
hook2455.jpg,0.2799,NO
hook2456.jpg,0.2645,NO
hook2457.jpg,0.2941,NO
hook2458.jpg,0.2629,NO
hook246.jpg,0.7749,YES
hook2460.jpg,0.2506,NO
hook2461.jpg,0.2595,NO
hook2462.jpg,0.4811,NO
hook2463.jpg,0.2747,NO
hook2464.jpg,0.2336,NO
hook2465.jpg,0.2619,NO
hook2466.jpg,0.2488,NO
hook2468.jpg,0.2215,NO
hook247.jpg,0.6400,YES
hook2470.jpg,0.2809,NO
hook2471.jpg,0.2218,NO
hook2473.jpg,0.4378,NO
hook2472.jpg,0.2389,NO
hook2474.jpg,0.2776,NO
hook2475.jpg,0.2258,NO
hook2477.jpg,0.2185,NO
hook2476.jpg,0.2479,NO
hook2478.jpg,0.2507,NO
hook2479.jpg,0.2643,NO
hook248.jpg,0.6504,YES
hook2480.jpg,0.2233,NO
hook2481.jpg,0.2781,NO
hook2482.jpg,0.2584,NO
hook2483.jpg,0.2104,NO
hook2485.jpg,0.2118,NO
hook2486.jpg,0.2226,NO
hook2487.jpg,0.2854,NO
hook2489.jpg,0.2400,NO
hook249.jpg,0.4328,NO
hook2490.jpg,0.2520,NO
hook2491.jpg,0.2338,NO
hook2492.jpg,0.2584,NO
hook2493.jpg,0.2243,NO
hook2495.jpg,0.5315,NO
hook2496.jpg,0.2639,NO
hook2498.jpg,0.2738,NO
hook2499.jpg,0.2482,NO
hook25.jpg,0.5974,NO
hook250.jpg,0.6140,YES
hook2501.jpg,0.2295,NO
hook2500.jpg,0.2527,NO
hook2503.jpg,0.2715,NO
hook2504.jpg,0.2544,NO
hook2505.jpg,0.2462,NO
hook2506.jpg,0.5453,NO
hook2507.jpg,0.2526,NO
hook2508.jpg,0.2639,NO
hook2509.jpg,0.3037,NO
hook251.jpg,0.3371,NO
hook2510.jpg,0.2720,NO
hook2512.jpg,0.2457,NO
hook2513.jpg,0.2825,NO
hook2514.jpg,0.2562,NO
hook2515.jpg,0.2882,NO
hook2516.jpg,0.2262,NO
hook2517.jpg,0.4222,NO
hook2518.jpg,0.4985,NO
hook2519.jpg,0.2714,NO
hook252.jpg,0.6042,YES
hook2520.jpg,0.2581,NO
hook2521.jpg,0.2642,NO
hook2522.jpg,0.2748,NO
hook2523.jpg,0.2585,NO
hook2524.jpg,0.2536,NO
hook2525.jpg,0.2815,NO
hook2526.jpg,0.2730,NO
hook2527.jpg,0.2642,NO
hook2528.jpg,0.2469,NO
hook2529.jpg,0.4673,NO
hook253.jpg,0.3731,NO
hook2530.jpg,0.2339,NO
hook2531.jpg,0.2556,NO
hook2532.jpg,0.2370,NO
hook2534.jpg,0.2229,NO
hook2535.jpg,0.2681,NO
hook2536.jpg,0.2210,NO
hook2537.jpg,0.2572,NO
hook2538.jpg,0.2307,NO
hook2539.jpg,0.2804,NO
hook254.jpg,0.5535,NO
hook2540.jpg,0.4510,NO
hook2541.jpg,0.2686,NO
hook2542.jpg,0.2704,NO
hook2543.jpg,0.2781,NO
hook2545.jpg,0.2377,NO
hook2546.jpg,0.2767,NO
hook2547.jpg,0.2083,NO
hook2549.jpg,0.2345,NO
hook255.jpg,0.4694,NO
hook2550.jpg,0.2196,NO
hook2551.jpg,0.5318,NO
hook2552.jpg,0.2185,NO
hook2553.jpg,0.2376,NO
hook2554.jpg,0.2965,NO
hook2555.jpg,0.2537,NO
hook2556.jpg,0.2605,NO
hook2557.jpg,0.2742,NO
hook2558.jpg,0.2406,NO
hook2559.jpg,0.2311,NO
hook256.jpg,0.6734,YES
hook2560.jpg,0.2827,NO
hook2562.jpg,0.4609,NO
hook2563.jpg,0.2606,NO
hook2564.jpg,0.2883,NO
hook2568.jpg,0.2438,NO
hook2569.jpg,0.2181,NO
hook257.jpg,0.5413,NO
hook2570.jpg,0.2651,NO
hook2571.jpg,0.2942,NO
hook2572.jpg,0.2578,NO
hook2573.jpg,0.5567,NO
hook2574.jpg,0.2582,NO
hook2575.jpg,0.2582,NO
hook2576.jpg,0.2439,NO
hook2577.jpg,0.2717,NO
hook2578.jpg,0.2145,NO
hook2579.jpg,0.2534,NO
hook2580.jpg,0.2480,NO
hook2581.jpg,0.2215,NO
hook2582.jpg,0.2466,NO
hook2583.jpg,0.2404,NO
hook2584.jpg,0.4650,NO
hook2585.jpg,0.2476,NO
hook2587.jpg,0.2588,NO
hook2588.jpg,0.2366,NO
hook259.jpg,0.4807,NO
hook2591.jpg,0.3010,NO
hook2592.jpg,0.4619,NO
hook2593.jpg,0.3516,NO
hook2594.jpg,0.4776,NO
hook2595.jpg,0.5523,NO
hook2596.jpg,0.3849,NO
hook2597.jpg,0.3010,NO
hook2598.jpg,0.3538,NO
hook2599.jpg,0.3402,NO
hook26.jpg,0.5421,NO
hook260.jpg,0.5055,NO
hook2601.jpg,0.4449,NO
hook2600.jpg,0.4436,NO
hook2602.jpg,0.3750,NO
hook2603.jpg,0.3958,NO
hook2604.jpg,0.3888,NO
hook2605.jpg,0.3705,NO
hook2607.jpg,0.3438,NO
hook2608.jpg,0.3883,NO
hook2609.jpg,0.4016,NO
hook261.jpg,0.5781,NO
hook2610.jpg,0.3003,NO
hook2606.jpg,0.5192,NO
hook2611.jpg,0.3802,NO
hook2612.jpg,0.4538,NO
hook2614.jpg,0.4638,NO
hook2615.jpg,0.4424,NO
hook2616.jpg,0.4437,NO
hook2617.jpg,0.4709,NO
hook2618.jpg,0.3307,NO
hook2619.jpg,0.3113,NO
hook262.jpg,0.3092,NO
hook2620.jpg,0.2990,NO
hook2621.jpg,0.3113,NO
hook2622.jpg,0.3517,NO
hook2623.jpg,0.3671,NO
hook2624.jpg,0.3849,NO
hook2625.jpg,0.3742,NO
hook2626.jpg,0.3215,NO
hook2627.jpg,0.3569,NO
hook2628.jpg,0.6218,YES
hook2629.jpg,0.4987,NO
hook263.jpg,0.5297,NO
hook2630.jpg,0.3213,NO
hook2631.jpg,0.4290,NO
hook2633.jpg,0.4310,NO
hook2634.jpg,0.4802,NO
hook2636.jpg,0.4246,NO
hook2637.jpg,0.3735,NO
hook2638.jpg,0.3707,NO
hook2639.jpg,0.3965,NO
hook264.jpg,0.3274,NO
hook2640.jpg,0.5615,NO
hook2641.jpg,0.3119,NO
hook2642.jpg,0.3922,NO
hook2643.jpg,0.4022,NO
hook2644.jpg,0.3814,NO
hook2645.jpg,0.3626,NO
hook2647.jpg,0.3712,NO
hook2646.jpg,0.3676,NO
hook2648.jpg,0.4254,NO
hook2649.jpg,0.4859,NO
hook265.jpg,0.5667,NO
hook2650.jpg,0.3916,NO
hook2651.jpg,0.5960,NO
hook2652.jpg,0.4946,NO
hook2653.jpg,0.4141,NO
hook2654.jpg,0.3854,NO
hook2656.jpg,0.4092,NO
hook2657.jpg,0.4498,NO
hook2658.jpg,0.5089,NO
hook2659.jpg,0.4520,NO
hook2660.jpg,0.4346,NO
hook2661.jpg,0.4241,NO
hook2662.jpg,0.4912,NO
hook2663.jpg,0.5718,NO
hook2665.jpg,0.2769,NO
hook2666.jpg,0.2954,NO
hook2667.jpg,0.2994,NO
hook2669.jpg,0.2947,NO
hook267.jpg,0.5410,NO
hook2670.jpg,0.3166,NO
hook2671.jpg,0.3074,NO
hook2673.jpg,0.4406,NO
hook2674.jpg,0.4114,NO
hook2675.jpg,0.3332,NO
hook2676.jpg,0.3058,NO
hook2677.jpg,0.3204,NO
hook2678.jpg,0.3330,NO
hook2679.jpg,0.3114,NO
hook268.jpg,0.2211,NO
hook2681.jpg,0.3049,NO
hook2680.jpg,0.3137,NO
hook2682.jpg,0.3053,NO
hook2683.jpg,0.3504,NO
hook2684.jpg,0.4506,NO
hook2685.jpg,0.2929,NO
hook2686.jpg,0.2910,NO
hook2688.jpg,0.3322,NO
hook2687.jpg,0.3061,NO
hook2689.jpg,0.2916,NO
hook269.jpg,0.3400,NO
hook2690.jpg,0.2713,NO
hook2692.jpg,0.2973,NO
hook2691.jpg,0.3536,NO
hook2693.jpg,0.2996,NO
hook2694.jpg,0.3040,NO
hook2695.jpg,0.5284,NO
hook2696.jpg,0.2996,NO
hook2697.jpg,0.2955,NO
hook2698.jpg,0.2961,NO
hook2699.jpg,0.3434,NO
hook270.jpg,0.4808,NO
hook2700.jpg,0.2780,NO
hook2701.jpg,0.2645,NO
hook2704.jpg,0.3134,NO
hook2705.jpg,0.2686,NO
hook2702.jpg,0.3007,NO
hook2706.jpg,0.6501,YES
hook2707.jpg,0.3187,NO
hook2709.jpg,0.2962,NO
hook271.jpg,0.5771,NO
hook2710.jpg,0.3542,NO
hook2711.jpg,0.2890,NO
hook2713.jpg,0.2897,NO
hook2714.jpg,0.3054,NO
hook2715.jpg,0.2914,NO
hook2716.jpg,0.3226,NO
hook2717.jpg,0.4016,NO
hook2718.jpg,0.3203,NO
hook2719.jpg,0.3177,NO
hook272.jpg,0.4093,NO
hook2720.jpg,0.3060,NO
hook2721.jpg,0.3055,NO
hook2722.jpg,0.2888,NO
hook2723.jpg,0.3603,NO
hook2724.jpg,0.3251,NO
hook2725.jpg,0.2971,NO
hook2726.jpg,0.3558,NO
hook2727.jpg,0.3129,NO
hook2728.jpg,0.4021,NO
hook2729.jpg,0.2653,NO
hook273.jpg,0.3241,NO
hook2730.jpg,0.2523,NO
hook2733.jpg,0.3091,NO
hook2734.jpg,0.2834,NO
hook2735.jpg,0.2499,NO
hook2736.jpg,0.2793,NO
hook2737.jpg,0.2803,NO
hook2738.jpg,0.3597,NO
hook2739.jpg,0.7412,YES
hook2740.jpg,0.4040,NO
hook2741.jpg,0.3194,NO
hook2743.jpg,0.3214,NO
hook2742.jpg,0.3325,NO
hook2745.jpg,0.2953,NO
hook2744.jpg,0.3041,NO
hook2746.jpg,0.3739,NO
hook2747.jpg,0.3272,NO
hook2748.jpg,0.3056,NO
hook2749.jpg,0.3021,NO
hook2750.jpg,0.3067,NO
hook275.jpg,0.3886,NO
hook2751.jpg,0.4113,NO
hook2753.jpg,0.3191,NO
hook2752.jpg,0.3030,NO
hook2754.jpg,0.3176,NO
hook2756.jpg,0.2992,NO
hook2757.jpg,0.3142,NO
hook2759.jpg,0.2970,NO
hook2758.jpg,0.2912,NO
hook2760.jpg,0.3035,NO
hook276.jpg,0.2794,NO
hook2761.jpg,0.2978,NO
hook2762.jpg,0.5336,NO
hook2764.jpg,0.2662,NO
hook2765.jpg,0.3077,NO
hook2766.jpg,0.3027,NO
hook2767.jpg,0.2656,NO
hook2769.jpg,0.2728,NO
hook2770.jpg,0.2818,NO
hook277.jpg,0.2873,NO
hook2771.jpg,0.2970,NO
hook2773.jpg,0.4769,NO
hook2774.jpg,0.3158,NO
hook2776.jpg,0.3178,NO
hook2775.jpg,0.2924,NO
hook2777.jpg,0.2982,NO
hook278.jpg,0.2679,NO
hook2778.jpg,0.3028,NO
hook2780.jpg,0.3030,NO
hook2781.jpg,0.2954,NO
hook2782.jpg,0.2871,NO
hook2783.jpg,0.3066,NO
hook2784.jpg,0.4770,NO
hook2785.jpg,0.5432,NO
hook2787.jpg,0.3072,NO
hook2788.jpg,0.3395,NO
hook2789.jpg,0.2666,NO
hook279.jpg,0.2626,NO
hook2790.jpg,0.2735,NO
hook2791.jpg,0.3437,NO
hook2792.jpg,0.2834,NO
hook2793.jpg,0.3465,NO
hook2794.jpg,0.3248,NO
hook2795.jpg,0.4639,NO
hook2796.jpg,0.3261,NO
hook2797.jpg,0.3027,NO
hook2798.jpg,0.3252,NO
hook2799.jpg,0.3455,NO
hook28.jpg,0.5460,NO
hook280.jpg,0.2467,NO
hook2800.jpg,0.2850,NO
hook2802.jpg,0.3247,NO
hook2803.jpg,0.2704,NO
hook2804.jpg,0.3472,NO
hook2807.jpg,0.2984,NO
hook2808.jpg,0.2815,NO
hook2809.jpg,0.2781,NO
hook281.jpg,0.2110,NO
hook2810.jpg,0.2893,NO
hook2811.jpg,0.2910,NO
hook2814.jpg,0.2689,NO
hook2816.jpg,0.2886,NO
hook2815.jpg,0.2526,NO
hook2817.jpg,0.3599,NO
hook2818.jpg,0.3127,NO
hook2819.jpg,0.3049,NO
hook282.jpg,0.2083,NO
hook2820.jpg,0.4933,NO
hook2821.jpg,0.3490,NO
hook2825.jpg,0.4845,NO
hook2823.jpg,0.3360,NO
hook2826.jpg,0.3507,NO
hook2827.jpg,0.4251,NO
hook2828.jpg,0.4287,NO
hook283.jpg,0.1899,NO
hook2830.jpg,0.3744,NO
hook2829.jpg,0.3802,NO
hook2831.jpg,0.3712,NO
hook2832.jpg,0.4061,NO
hook2833.jpg,0.4209,NO
hook2834.jpg,0.4036,NO
hook2835.jpg,0.3796,NO
hook2836.jpg,0.3771,NO
hook2837.jpg,0.4022,NO
hook2838.jpg,0.2886,NO
hook284.jpg,0.3466,NO
hook2840.jpg,0.4484,NO
hook2841.jpg,0.4678,NO
hook2842.jpg,0.3669,NO
hook2843.jpg,0.2727,NO
hook2844.jpg,0.3143,NO
hook2845.jpg,0.3638,NO
hook2846.jpg,0.2832,NO
hook2847.jpg,0.3819,NO
hook2849.jpg,0.3828,NO
hook285.jpg,0.1960,NO
hook2851.jpg,0.4987,NO
hook2852.jpg,0.3870,NO
hook2853.jpg,0.3625,NO
hook2854.jpg,0.4054,NO
hook2855.jpg,0.4115,NO
hook2856.jpg,0.4742,NO
hook2858.jpg,0.4416,NO
hook2859.jpg,0.4596,NO
hook286.jpg,0.1864,NO
hook2860.jpg,0.4338,NO
hook2861.jpg,0.4379,NO
hook2862.jpg,0.4474,NO
hook2863.jpg,0.4723,NO
hook2864.jpg,0.4975,NO
hook2865.jpg,0.5349,NO
hook2866.jpg,0.5034,NO
hook2867.jpg,0.4743,NO
hook2868.jpg,0.5176,NO
hook2869.jpg,0.5069,NO
hook287.jpg,0.2472,NO
hook2870.jpg,0.5124,NO
hook2871.jpg,0.4843,NO
hook2872.jpg,0.5233,NO
hook2873.jpg,0.6847,YES
hook2874.jpg,0.4907,NO
hook2875.jpg,0.5108,NO
hook2876.jpg,0.4886,NO
hook2877.jpg,0.4448,NO
hook2878.jpg,0.5002,NO
hook2879.jpg,0.4738,NO
hook288.jpg,0.2404,NO
hook2882.jpg,0.4559,NO
hook2880.jpg,0.4121,NO
hook2883.jpg,0.4192,NO
hook2884.jpg,0.5791,NO
hook2885.jpg,0.4161,NO
hook2886.jpg,0.4857,NO
hook2887.jpg,0.4154,NO
hook2888.jpg,0.4366,NO
hook2889.jpg,0.4910,NO
hook289.jpg,0.1959,NO
hook2890.jpg,0.4062,NO
hook2891.jpg,0.4056,NO
hook2892.jpg,0.3703,NO
hook2893.jpg,0.4102,NO
hook2894.jpg,0.3921,NO
hook2895.jpg,0.6140,YES
hook2896.jpg,0.3823,NO
hook2897.jpg,0.4034,NO
hook2898.jpg,0.3826,NO
hook2899.jpg,0.3855,NO
hook29.jpg,0.4239,NO
hook290.jpg,0.2402,NO
hook2900.jpg,0.4462,NO
hook2901.jpg,0.4019,NO
hook2902.jpg,0.3782,NO
hook2903.jpg,0.3670,NO
hook2904.jpg,0.3437,NO
hook2905.jpg,0.4111,NO
hook2907.jpg,0.3672,NO
hook2908.jpg,0.3966,NO
hook2909.jpg,0.4630,NO
hook291.jpg,0.2773,NO
hook2910.jpg,0.4517,NO
hook2912.jpg,0.5227,NO
hook2913.jpg,0.5182,NO
hook2914.jpg,0.5725,NO
hook2915.jpg,0.4909,NO
hook2916.jpg,0.5482,NO
hook2917.jpg,0.4597,NO
hook2918.jpg,0.5290,NO
hook2919.jpg,0.4816,NO
hook292.jpg,0.1747,NO
hook2920.jpg,0.5412,NO
hook2921.jpg,0.5502,NO
hook2922.jpg,0.5279,NO
hook2923.jpg,0.4944,NO
hook2924.jpg,0.4777,NO
hook2925.jpg,0.4607,NO
hook2926.jpg,0.6067,YES
hook2927.jpg,0.5083,NO
hook2928.jpg,0.6242,YES
hook2929.jpg,0.5577,NO
hook293.jpg,0.1911,NO
hook2930.jpg,0.5835,NO
hook2931.jpg,0.6501,YES
hook2933.jpg,0.5349,NO
hook2934.jpg,0.5628,NO
hook2935.jpg,0.6086,YES
hook2936.jpg,0.6360,YES
hook2937.jpg,0.5556,NO
hook2938.jpg,0.2488,NO
hook2939.jpg,0.5435,NO
hook294.jpg,0.1690,NO
hook2941.jpg,0.6175,YES
hook2940.jpg,0.5814,NO
hook2942.jpg,0.3525,NO
hook2943.jpg,0.6180,YES
hook2944.jpg,0.5446,NO
hook2945.jpg,0.6004,YES
hook2946.jpg,0.5170,NO
hook2947.jpg,0.6068,YES
hook2948.jpg,0.5084,NO
hook2949.jpg,0.6479,YES
hook295.jpg,0.4451,NO
hook2950.jpg,0.5853,NO
hook2951.jpg,0.5406,NO
hook2952.jpg,0.5535,NO
hook2953.jpg,0.5550,NO
hook2954.jpg,0.4850,NO
hook2955.jpg,0.5474,NO
hook2956.jpg,0.5411,NO
hook2957.jpg,0.6038,YES
hook2958.jpg,0.4604,NO
hook296.jpg,0.2588,NO
hook2960.jpg,0.5480,NO
hook2961.jpg,0.5315,NO
hook2963.jpg,0.3991,NO
hook2964.jpg,0.5832,NO
hook2965.jpg,0.5462,NO
hook2966.jpg,0.4950,NO
hook2967.jpg,0.5848,NO
hook2968.jpg,0.7917,YES
hook2969.jpg,0.6743,YES
hook2970.jpg,0.5524,NO
hook2971.jpg,0.4778,NO
hook2972.jpg,0.4909,NO
hook2973.jpg,0.5006,NO
hook2974.jpg,0.3769,NO
hook2975.jpg,0.5192,NO
hook2976.jpg,0.5193,NO
hook2977.jpg,0.4008,NO
hook2978.jpg,0.4277,NO
hook2979.jpg,0.4814,NO
hook2980.jpg,0.4085,NO
hook298.jpg,0.1706,NO
hook2981.jpg,0.4079,NO
hook2982.jpg,0.4561,NO
hook2985.jpg,0.4557,NO
hook2986.jpg,0.3934,NO
hook2988.jpg,0.4046,NO
hook2987.jpg,0.5228,NO
hook299.jpg,0.2131,NO
hook2989.jpg,0.4048,NO
hook2991.jpg,0.4545,NO
hook2992.jpg,0.6027,YES
hook2993.jpg,0.4852,NO
hook2994.jpg,0.6045,YES
hook2995.jpg,0.4884,NO
hook2996.jpg,0.4771,NO
hook2998.jpg,0.4612,NO
hook2997.jpg,0.4608,NO
hook2999.jpg,0.4472,NO
hook3.jpg,0.5215,NO
hook30.jpg,0.6070,YES
hook300.jpg,0.2007,NO
hook3000.jpg,0.4407,NO
hook3001.jpg,0.4582,NO
hook3002.jpg,0.4089,NO
hook3003.jpg,0.3970,NO
hook3004.jpg,0.4047,NO
hook3005.jpg,0.3657,NO
hook3007.jpg,0.5002,NO
hook3008.jpg,0.5493,NO
hook3009.jpg,0.4096,NO
hook301.jpg,0.1982,NO
hook3011.jpg,0.5423,NO
hook3012.jpg,0.5585,NO
hook3013.jpg,0.3478,NO
hook3014.jpg,0.3348,NO
hook3016.jpg,0.3532,NO
hook3017.jpg,0.3778,NO
hook3018.jpg,0.4580,NO
hook3019.jpg,0.3099,NO
hook302.jpg,0.1983,NO
hook3020.jpg,0.4972,NO
hook3021.jpg,0.3130,NO
hook3023.jpg,0.3062,NO
hook3022.jpg,0.3342,NO
hook3025.jpg,0.3296,NO
hook3024.jpg,0.2992,NO
hook3026.jpg,0.3396,NO
hook3027.jpg,0.3561,NO
hook3028.jpg,0.3172,NO
hook3029.jpg,0.4857,NO
hook303.jpg,0.1808,NO
hook3030.jpg,0.3154,NO
hook3031.jpg,0.3282,NO
hook3032.jpg,0.5473,NO
hook3033.jpg,0.3214,NO
hook3034.jpg,0.3357,NO
hook3035.jpg,0.2933,NO
hook3036.jpg,0.3172,NO
hook3037.jpg,0.3081,NO
hook3038.jpg,0.3515,NO
hook304.jpg,0.1930,NO
hook3040.jpg,0.4353,NO
hook3041.jpg,0.3146,NO
hook3042.jpg,0.3153,NO
hook3043.jpg,0.2744,NO
hook3044.jpg,0.5539,NO
hook3046.jpg,0.3383,NO
hook3045.jpg,0.4786,NO
hook3047.jpg,0.3399,NO
hook3048.jpg,0.3687,NO
hook305.jpg,0.2491,NO
hook3050.jpg,0.3290,NO
hook3051.jpg,0.4534,NO
hook3052.jpg,0.3040,NO
hook3053.jpg,0.3417,NO
hook3054.jpg,0.3180,NO
hook3055.jpg,0.3409,NO
hook3056.jpg,0.3322,NO
hook3057.jpg,0.5671,NO
hook3058.jpg,0.2958,NO
hook3059.jpg,0.2997,NO
hook306.jpg,0.2017,NO
hook3060.jpg,0.5662,NO
hook3061.jpg,0.5088,NO
hook3062.jpg,0.4582,NO
hook3063.jpg,0.5437,NO
hook3064.jpg,0.5622,NO
hook3065.jpg,0.5969,NO
hook3066.jpg,0.6099,YES
hook3067.jpg,0.5058,NO
hook3068.jpg,0.4756,NO
hook3069.jpg,0.4868,NO
hook307.jpg,0.2765,NO
hook3070.jpg,0.4501,NO
hook3071.jpg,0.4920,NO
hook3072.jpg,0.5637,NO
hook308.jpg,0.1774,NO
hook309.jpg,0.2001,NO
hook31.jpg,0.4775,NO
hook310.jpg,0.2244,NO
hook311.jpg,0.1817,NO
hook312.jpg,0.2115,NO
hook314.jpg,0.1771,NO
hook313.jpg,0.2406,NO
hook315.jpg,0.1863,NO
hook316.jpg,0.1889,NO
hook317.jpg,0.2088,NO
hook318.jpg,0.2814,NO
hook319.jpg,0.1861,NO
hook320.jpg,0.2769,NO
hook321.jpg,0.6890,YES
hook322.jpg,0.4470,NO
hook324.jpg,0.3353,NO
hook325.jpg,0.4094,NO
hook326.jpg,0.3500,NO
hook327.jpg,0.2722,NO
hook328.jpg,0.2677,NO
hook330.jpg,0.1879,NO
hook331.jpg,0.3033,NO
hook332.jpg,0.1612,NO
hook333.jpg,0.1994,NO
hook334.jpg,0.2127,NO
hook336.jpg,0.2216,NO
hook337.jpg,0.2269,NO
hook338.jpg,0.2295,NO
hook339.jpg,0.1743,NO
hook340.jpg,0.3720,NO
hook341.jpg,0.1694,NO
hook342.jpg,0.1939,NO
hook343.jpg,0.3334,NO
hook344.jpg,0.7916,YES
hook345.jpg,0.7337,YES
hook346.jpg,0.7718,YES
hook347.jpg,0.4262,NO
hook348.jpg,0.4055,NO
hook349.jpg,0.5111,NO
hook35.jpg,0.6005,YES
hook350.jpg,0.4506,NO
hook351.jpg,0.3451,NO
hook352.jpg,0.3897,NO
hook355.jpg,0.4175,NO
hook356.jpg,0.3562,NO
hook358.jpg,0.3112,NO
hook359.jpg,0.3151,NO
hook36.jpg,0.5435,NO
hook360.jpg,0.4463,NO
hook361.jpg,0.5367,NO
hook362.jpg,0.3958,NO
hook363.jpg,0.6713,YES
hook364.jpg,0.6619,YES
hook365.jpg,0.6180,YES
hook366.jpg,0.5164,NO
hook367.jpg,0.5910,NO
hook368.jpg,0.5322,NO
hook369.jpg,0.5246,NO
hook37.jpg,0.5052,NO
hook370.jpg,0.5730,NO
hook372.jpg,0.4555,NO
hook373.jpg,0.3687,NO
hook374.jpg,0.4487,NO
hook375.jpg,0.4323,NO
hook376.jpg,0.4239,NO
hook377.jpg,0.4116,NO
hook378.jpg,0.3866,NO
hook379.jpg,0.3568,NO
hook38.jpg,0.4845,NO
hook380.jpg,0.3420,NO
hook381.jpg,0.3613,NO
hook382.jpg,0.4816,NO
hook383.jpg,0.3763,NO
hook384.jpg,0.4704,NO
hook387.jpg,0.3907,NO
hook385.jpg,0.4355,NO
hook388.jpg,0.4481,NO
hook389.jpg,0.3193,NO
hook390.jpg,0.3586,NO
hook39.jpg,0.4376,NO
hook391.jpg,0.3702,NO
hook392.jpg,0.4595,NO
hook393.jpg,0.4508,NO
hook395.jpg,0.5023,NO
hook396.jpg,0.3787,NO
hook397.jpg,0.4623,NO
hook399.jpg,0.4237,NO
hook4.jpg,0.4681,NO
hook400.jpg,0.4639,NO
hook401.jpg,0.4433,NO
hook402.jpg,0.4572,NO
hook403.jpg,0.4848,NO
hook404.jpg,0.5577,NO
hook405.jpg,0.4866,NO
hook406.jpg,0.3909,NO
hook407.jpg,0.4508,NO
hook408.jpg,0.5134,NO
hook409.jpg,0.3770,NO
hook41.jpg,0.4757,NO
hook410.jpg,0.4857,NO
hook411.jpg,0.6838,YES
hook413.jpg,0.4935,NO
hook415.jpg,0.3358,NO
hook414.jpg,0.4124,NO
hook416.jpg,0.3935,NO
hook417.jpg,0.3901,NO
hook418.jpg,0.4568,NO
hook419.jpg,0.3819,NO
hook42.jpg,0.4965,NO
hook420.jpg,0.3912,NO
hook421.jpg,0.3279,NO
hook422.jpg,0.3648,NO
hook423.jpg,0.3524,NO
hook424.jpg,0.4026,NO
hook425.jpg,0.4541,NO
hook427.jpg,0.3862,NO
hook428.jpg,0.3974,NO
hook429.jpg,0.4774,NO
hook43.jpg,0.3885,NO
hook430.jpg,0.3795,NO
hook431.jpg,0.4473,NO
hook433.jpg,0.5003,NO
hook432.jpg,0.4289,NO
hook434.jpg,0.3681,NO
hook435.jpg,0.5092,NO
hook436.jpg,0.4609,NO
hook437.jpg,0.4426,NO
hook438.jpg,0.4862,NO
hook439.jpg,0.4777,NO
hook44.jpg,0.4195,NO
hook440.jpg,0.4926,NO
hook441.jpg,0.3600,NO
hook442.jpg,0.4518,NO
hook443.jpg,0.3521,NO
hook444.jpg,0.3743,NO
hook445.jpg,0.5946,NO
hook446.jpg,0.5884,NO
hook447.jpg,0.5097,NO
hook448.jpg,0.5536,NO
hook449.jpg,0.5209,NO
hook45.jpg,0.3970,NO
hook450.jpg,0.4373,NO
hook451.jpg,0.5274,NO
hook452.jpg,0.5990,NO
hook453.jpg,0.5091,NO
hook454.jpg,0.4812,NO
hook456.jpg,0.5461,NO
hook455.jpg,0.3934,NO
hook457.jpg,0.5620,NO
hook458.jpg,0.5089,NO
hook459.jpg,0.5204,NO
hook46.jpg,0.3878,NO
hook460.jpg,0.5244,NO
hook461.jpg,0.5103,NO
hook463.jpg,0.5316,NO
hook465.jpg,0.5094,NO
hook466.jpg,0.5562,NO
hook467.jpg,0.5669,NO
hook468.jpg,0.5709,NO
hook469.jpg,0.5624,NO
hook47.jpg,0.4349,NO
hook470.jpg,0.6200,YES
hook471.jpg,0.5710,NO
hook472.jpg,0.3244,NO
hook475.jpg,0.5172,NO
hook473.jpg,0.5389,NO
hook476.jpg,0.4716,NO
hook477.jpg,0.5333,NO
hook478.jpg,0.4886,NO
hook479.jpg,0.4828,NO
hook48.jpg,0.3813,NO
hook480.jpg,0.5069,NO
hook481.jpg,0.5086,NO
hook482.jpg,0.5199,NO
hook483.jpg,0.6351,YES
hook484.jpg,0.4696,NO
hook485.jpg,0.5626,NO
hook487.jpg,0.6020,YES
hook488.jpg,0.5071,NO
hook489.jpg,0.4821,NO
hook49.jpg,0.4379,NO
hook490.jpg,0.5175,NO
hook491.jpg,0.4649,NO
hook492.jpg,0.5207,NO
hook493.jpg,0.5738,NO
hook494.jpg,0.5091,NO
hook495.jpg,0.4257,NO
hook497.jpg,0.5860,NO
hook498.jpg,0.6261,YES
hook499.jpg,0.5268,NO
hook5.jpg,0.4505,NO
hook50.jpg,0.4614,NO
hook500.jpg,0.5479,NO
hook501.jpg,0.6820,YES
hook503.jpg,0.5856,NO
hook502.jpg,0.5028,NO
hook504.jpg,0.5449,NO
hook505.jpg,0.4927,NO
hook506.jpg,0.3849,NO
hook508.jpg,0.5095,NO
hook509.jpg,0.4563,NO
hook51.jpg,0.5216,NO
hook510.jpg,0.4543,NO
hook511.jpg,0.4656,NO
hook512.jpg,0.4703,NO
hook513.jpg,0.4624,NO
hook514.jpg,0.6112,YES
hook515.jpg,0.6054,YES
hook516.jpg,0.4568,NO
hook517.jpg,0.3720,NO
hook518.jpg,0.4359,NO
hook519.jpg,0.5476,NO
hook52.jpg,0.5026,NO
hook520.jpg,0.5162,NO
hook521.jpg,0.4109,NO
hook522.jpg,0.3695,NO
hook523.jpg,0.3869,NO
hook524.jpg,0.4133,NO
hook525.jpg,0.3746,NO
hook526.jpg,0.3729,NO
hook527.jpg,0.3772,NO
hook528.jpg,0.3805,NO
hook529.jpg,0.3233,NO
hook53.jpg,0.4027,NO
hook530.jpg,0.3612,NO
hook531.jpg,0.4028,NO
hook532.jpg,0.3576,NO
hook533.jpg,0.3331,NO
hook534.jpg,0.3925,NO
hook535.jpg,0.3405,NO
hook536.jpg,0.3511,NO
hook537.jpg,0.3385,NO
hook538.jpg,0.3186,NO
hook539.jpg,0.2492,NO
hook54.jpg,0.4667,NO
hook540.jpg,0.4056,NO
hook541.jpg,0.2961,NO
hook542.jpg,0.2998,NO
hook543.jpg,0.3229,NO
hook544.jpg,0.2868,NO
hook545.jpg,0.2713,NO
hook546.jpg,0.3056,NO
hook547.jpg,0.2636,NO
hook548.jpg,0.2956,NO
hook549.jpg,0.3284,NO
hook550.jpg,0.3225,NO
hook551.jpg,0.4221,NO
hook552.jpg,0.4323,NO
hook553.jpg,0.3826,NO
hook554.jpg,0.3701,NO
hook555.jpg,0.4167,NO
hook556.jpg,0.3088,NO
hook557.jpg,0.6017,YES
hook558.jpg,0.3529,NO
hook559.jpg,0.4014,NO
hook56.jpg,0.4480,NO
hook560.jpg,0.3352,NO
hook562.jpg,0.4802,NO
hook561.jpg,0.3819,NO
hook563.jpg,0.3178,NO
hook564.jpg,0.3224,NO
hook565.jpg,0.2691,NO
hook566.jpg,0.4583,NO
hook567.jpg,0.2699,NO
hook568.jpg,0.2497,NO
hook57.jpg,0.3928,NO
hook570.jpg,0.2988,NO
hook571.jpg,0.2325,NO
hook572.jpg,0.2315,NO
hook576.jpg,0.2044,NO
hook575.jpg,0.2557,NO
hook577.jpg,0.2201,NO
hook578.jpg,0.2745,NO
hook58.jpg,0.3961,NO
hook579.jpg,0.2410,NO
hook580.jpg,0.1876,NO
hook582.jpg,0.2538,NO
hook583.jpg,0.2092,NO
hook584.jpg,0.5720,NO
hook585.jpg,0.2072,NO
hook586.jpg,0.2378,NO
hook587.jpg,0.2333,NO
hook588.jpg,0.2163,NO
hook589.jpg,0.1626,NO
hook59.jpg,0.4213,NO
hook590.jpg,0.2402,NO
hook591.jpg,0.2277,NO
hook592.jpg,0.2960,NO
hook593.jpg,0.2473,NO
hook594.jpg,0.2605,NO
hook595.jpg,0.6099,YES
hook596.jpg,0.2452,NO
hook597.jpg,0.2473,NO
hook598.jpg,0.2131,NO
hook599.jpg,0.1815,NO
hook60.jpg,0.4408,NO
hook601.jpg,0.2438,NO
hook602.jpg,0.2625,NO
hook603.jpg,0.2653,NO
hook604.jpg,0.2474,NO
hook605.jpg,0.2597,NO
hook606.jpg,0.5358,NO
hook607.jpg,0.3090,NO
hook608.jpg,0.2823,NO
hook609.jpg,0.2356,NO
hook61.jpg,0.4359,NO
hook610.jpg,0.2303,NO
hook611.jpg,0.2462,NO
hook612.jpg,0.2296,NO
hook613.jpg,0.2533,NO
hook614.jpg,0.2987,NO
hook615.jpg,0.2885,NO
hook616.jpg,0.2652,NO
hook617.jpg,0.6021,YES
hook618.jpg,0.2951,NO
hook619.jpg,0.2884,NO
hook620.jpg,0.2894,NO
hook621.jpg,0.2655,NO
hook622.jpg,0.2723,NO
hook623.jpg,0.3112,NO
hook625.jpg,0.2780,NO
hook624.jpg,0.2927,NO
hook626.jpg,0.2540,NO
hook627.jpg,0.5512,NO
hook628.jpg,0.3484,NO
hook629.jpg,0.6054,YES
hook63.jpg,0.3918,NO
hook630.jpg,0.2836,NO
hook633.jpg,0.3531,NO
hook632.jpg,0.6019,YES
hook631.jpg,0.2633,NO
hook635.jpg,0.4213,NO
hook636.jpg,0.5185,NO
hook637.jpg,0.3627,NO
hook638.jpg,0.3315,NO
hook639.jpg,0.4214,NO
hook64.jpg,0.4160,NO
hook642.jpg,0.5032,NO
hook640.jpg,0.6362,YES
hook643.jpg,0.5737,NO
hook644.jpg,0.5351,NO
hook645.jpg,0.6168,YES
hook646.jpg,0.4839,NO
hook647.jpg,0.5240,NO
hook648.jpg,0.4782,NO
hook649.jpg,0.5350,NO
hook65.jpg,0.4560,NO
hook651.jpg,0.6403,YES
hook650.jpg,0.4789,NO
hook652.jpg,0.5108,NO
hook654.jpg,0.4880,NO
hook655.jpg,0.4988,NO
hook659.jpg,0.5250,NO
hook657.jpg,0.4812,NO
hook66.jpg,0.4483,NO
hook660.jpg,0.4959,NO
hook661.jpg,0.4305,NO
hook662.jpg,0.5836,NO
hook663.jpg,0.5378,NO
hook664.jpg,0.5436,NO
hook666.jpg,0.4719,NO
hook665.jpg,0.5354,NO
hook667.jpg,0.5468,NO
hook668.jpg,0.5229,NO
hook669.jpg,0.4943,NO
hook67.jpg,0.4772,NO
hook670.jpg,0.4159,NO
hook671.jpg,0.4329,NO
hook672.jpg,0.4318,NO
hook673.jpg,0.6075,YES
hook674.jpg,0.4218,NO
hook676.jpg,0.4366,NO
hook675.jpg,0.4291,NO
hook677.jpg,0.3882,NO
hook678.jpg,0.4344,NO
hook679.jpg,0.3722,NO
hook680.jpg,0.3708,NO
hook68.jpg,0.4580,NO
hook682.jpg,0.3798,NO
hook685.jpg,0.3517,NO
hook684.jpg,0.6179,YES
hook686.jpg,0.4018,NO
hook687.jpg,0.3399,NO
hook688.jpg,0.3369,NO
hook689.jpg,0.3396,NO
hook69.jpg,0.4218,NO
hook690.jpg,0.3752,NO
hook691.jpg,0.3540,NO
hook692.jpg,0.4348,NO
hook693.jpg,0.4261,NO
hook694.jpg,0.4360,NO
hook695.jpg,0.6520,YES
hook697.jpg,0.4404,NO
hook698.jpg,0.5258,NO
hook699.jpg,0.4628,NO
hook7.jpg,0.7393,YES
hook70.jpg,0.4263,NO
hook700.jpg,0.4903,NO
hook701.jpg,0.4707,NO
hook703.jpg,0.5574,NO
hook704.jpg,0.4993,NO
hook705.jpg,0.5057,NO
hook706.jpg,0.5917,NO
hook707.jpg,0.5130,NO
hook708.jpg,0.5137,NO
hook709.jpg,0.6630,YES
hook710.jpg,0.5573,NO
hook715.jpg,0.5550,NO
hook716.jpg,0.6285,YES
hook717.jpg,0.5907,NO
hook711.jpg,0.5382,NO
hook719.jpg,0.5462,NO
hook72.jpg,0.4693,NO
hook721.jpg,0.3904,NO
hook720.jpg,0.5042,NO
hook723.jpg,0.2959,NO
hook722.jpg,0.2788,NO
hook724.jpg,0.2903,NO
hook725.jpg,0.2934,NO
hook726.jpg,0.3056,NO
hook727.jpg,0.5395,NO
hook729.jpg,0.3558,NO
hook728.jpg,0.6541,YES
hook730.jpg,0.4598,NO
hook732.jpg,0.2992,NO
hook731.jpg,0.2953,NO
hook734.jpg,0.6344,YES
hook735.jpg,0.2833,NO
hook736.jpg,0.2497,NO
hook737.jpg,0.2906,NO
hook738.jpg,0.2316,NO
hook74.jpg,0.3230,NO
hook741.jpg,0.5968,NO
hook742.jpg,0.2220,NO
hook743.jpg,0.2353,NO
hook744.jpg,0.2401,NO
hook745.jpg,0.2788,NO
hook746.jpg,0.3126,NO
hook748.jpg,0.2743,NO
hook749.jpg,0.3293,NO
hook75.jpg,0.3918,NO
hook750.jpg,0.2966,NO
hook751.jpg,0.2988,NO
hook753.jpg,0.3157,NO
hook754.jpg,0.3070,NO
hook755.jpg,0.2496,NO
hook756.jpg,0.3182,NO
hook757.jpg,0.2898,NO
hook758.jpg,0.2768,NO
hook759.jpg,0.2458,NO
hook76.jpg,0.4426,NO
hook760.jpg,0.3839,NO
hook761.jpg,0.3510,NO
hook762.jpg,0.3148,NO
hook763.jpg,0.5652,NO
hook764.jpg,0.3628,NO
hook765.jpg,0.2835,NO
hook766.jpg,0.3368,NO
hook767.jpg,0.3887,NO
hook768.jpg,0.3903,NO
hook769.jpg,0.4754,NO
hook77.jpg,0.4118,NO
hook770.jpg,0.4001,NO
hook771.jpg,0.4467,NO
hook772.jpg,0.4428,NO
hook773.jpg,0.5654,NO
hook774.jpg,0.5619,NO
hook775.jpg,0.3340,NO
hook777.jpg,0.4041,NO
hook778.jpg,0.3680,NO
hook779.jpg,0.3521,NO
hook780.jpg,0.3662,NO
hook782.jpg,0.3842,NO
hook781.jpg,0.3942,NO
hook783.jpg,0.5981,NO
hook784.jpg,0.6906,YES
hook786.jpg,0.5830,NO
hook787.jpg,0.4718,NO
hook788.jpg,0.4284,NO
hook789.jpg,0.4069,NO
hook79.jpg,0.3716,NO
hook791.jpg,0.3533,NO
hook790.jpg,0.4320,NO
hook792.jpg,0.3909,NO
hook793.jpg,0.3932,NO
hook794.jpg,0.4117,NO
hook795.jpg,0.4812,NO
hook797.jpg,0.4339,NO
hook798.jpg,0.3646,NO
hook799.jpg,0.3596,NO
hook8.jpg,0.4893,NO
hook80.jpg,0.4020,NO
hook800.jpg,0.3878,NO
hook801.jpg,0.4261,NO
hook803.jpg,0.4277,NO
hook802.jpg,0.3570,NO
hook804.jpg,0.4245,NO
hook805.jpg,0.5219,NO
hook806.jpg,0.4072,NO
hook808.jpg,0.4315,NO
hook809.jpg,0.4274,NO
hook81.jpg,0.3815,NO
hook810.jpg,0.3719,NO
hook811.jpg,0.3657,NO
hook812.jpg,0.3533,NO
hook814.jpg,0.3768,NO
hook815.jpg,0.3766,NO
hook816.jpg,0.4089,NO
hook817.jpg,0.4110,NO
hook818.jpg,0.5490,NO
hook819.jpg,0.4204,NO
hook82.jpg,0.3906,NO
hook820.jpg,0.3579,NO
hook821.jpg,0.3882,NO
hook822.jpg,0.5616,NO
hook823.jpg,0.4382,NO
hook825.jpg,0.5000,NO
hook826.jpg,0.4839,NO
hook828.jpg,0.4158,NO
hook827.jpg,0.4107,NO
hook829.jpg,0.5299,NO
hook83.jpg,0.4134,NO
hook832.jpg,0.5285,NO
hook830.jpg,0.6078,YES
hook833.jpg,0.5639,NO
hook834.jpg,0.4543,NO
hook835.jpg,0.4048,NO
hook836.jpg,0.4198,NO
hook837.jpg,0.4941,NO
hook838.jpg,0.4387,NO
hook84.jpg,0.3683,NO
hook840.jpg,0.6133,YES
hook841.jpg,0.4353,NO
hook842.jpg,0.4802,NO
hook843.jpg,0.6182,YES
hook844.jpg,0.4472,NO
hook845.jpg,0.3582,NO
hook846.jpg,0.5253,NO
hook847.jpg,0.4335,NO
hook848.jpg,0.3722,NO
hook849.jpg,0.3417,NO
hook85.jpg,0.3703,NO
hook850.jpg,0.3473,NO
hook852.jpg,0.6324,YES
hook855.jpg,0.4269,NO
hook853.jpg,0.3642,NO
hook856.jpg,0.3281,NO
hook857.jpg,0.3602,NO
hook859.jpg,0.3736,NO
hook86.jpg,0.3652,NO
hook860.jpg,0.3667,NO
hook861.jpg,0.4856,NO
hook862.jpg,0.4050,NO
hook863.jpg,0.6224,YES
hook864.jpg,0.3589,NO
hook865.jpg,0.4167,NO
hook866.jpg,0.3717,NO
hook867.jpg,0.4773,NO
hook868.jpg,0.3530,NO
hook869.jpg,0.3482,NO
hook87.jpg,0.3810,NO
hook870.jpg,0.3764,NO
hook871.jpg,0.3774,NO
hook872.jpg,0.3862,NO
hook873.jpg,0.3501,NO
hook874.jpg,0.5478,NO
hook875.jpg,0.3696,NO
hook876.jpg,0.3906,NO
hook877.jpg,0.3645,NO
hook878.jpg,0.4115,NO
hook879.jpg,0.3949,NO
hook88.jpg,0.3933,NO
hook880.jpg,0.3662,NO
hook881.jpg,0.3797,NO
hook883.jpg,0.3695,NO
hook884.jpg,0.3475,NO
hook885.jpg,0.4772,NO
hook887.jpg,0.3444,NO
hook888.jpg,0.3159,NO
hook889.jpg,0.3646,NO
hook89.jpg,0.4188,NO
hook890.jpg,0.3428,NO
hook892.jpg,0.3866,NO
hook893.jpg,0.3968,NO
hook895.jpg,0.3277,NO
hook896.jpg,0.4944,NO
hook897.jpg,0.3652,NO
hook898.jpg,0.3592,NO
hook899.jpg,0.2970,NO
hook9.jpg,0.4996,NO
hook90.jpg,0.4596,NO
hook900.jpg,0.3557,NO
hook901.jpg,0.3506,NO
hook902.jpg,0.3616,NO
hook903.jpg,0.3459,NO
hook904.jpg,0.3388,NO
hook905.jpg,0.3629,NO
hook907.jpg,0.5957,NO
hook906.jpg,0.3329,NO
hook908.jpg,0.3359,NO
hook909.jpg,0.3486,NO
hook910.jpg,0.3134,NO
hook911.jpg,0.3072,NO
hook912.jpg,0.3537,NO
hook913.jpg,0.3110,NO
hook914.jpg,0.3466,NO
hook915.jpg,0.3227,NO
hook916.jpg,0.3378,NO
hook917.jpg,0.3762,NO
hook918.jpg,0.5292,NO
hook919.jpg,0.3295,NO
hook92.jpg,0.4090,NO
hook920.jpg,0.3082,NO
hook923.jpg,0.3511,NO
hook924.jpg,0.5094,NO
hook925.jpg,0.3575,NO
hook927.jpg,0.3960,NO
hook926.jpg,0.3588,NO
hook928.jpg,0.3022,NO
hook929.jpg,0.6105,YES
hook93.jpg,0.4525,NO
hook930.jpg,0.4066,NO
hook931.jpg,0.3512,NO
hook933.jpg,0.3974,NO
hook934.jpg,0.4795,NO
hook935.jpg,0.4397,NO
hook936.jpg,0.4492,NO
hook937.jpg,0.4900,NO
hook938.jpg,0.6706,YES
hook939.jpg,0.5485,NO
hook940.jpg,0.5663,NO
hook94.jpg,0.4017,NO
hook941.jpg,0.5629,NO
hook942.jpg,0.5436,NO
hook943.jpg,0.5469,NO
hook944.jpg,0.5540,NO
hook945.jpg,0.5151,NO
hook946.jpg,0.5293,NO
hook947.jpg,0.5150,NO
hook948.jpg,0.4615,NO
hook949.jpg,0.4487,NO
hook95.jpg,0.4205,NO
hook950.jpg,0.4189,NO
hook951.jpg,0.6272,YES
hook952.jpg,0.3753,NO
hook953.jpg,0.3835,NO
hook954.jpg,0.4317,NO
hook956.jpg,0.3843,NO
hook955.jpg,0.3761,NO
hook957.jpg,0.3701,NO
hook958.jpg,0.3694,NO
hook959.jpg,0.4517,NO
hook96.jpg,0.3655,NO
hook960.jpg,0.3687,NO
hook961.jpg,0.4541,NO
hook962.jpg,0.3419,NO
hook963.jpg,0.5441,NO
hook964.jpg,0.3806,NO
hook965.jpg,0.4079,NO
hook966.jpg,0.5512,NO
hook967.jpg,0.4082,NO
hook968.jpg,0.3809,NO
hook969.jpg,0.3989,NO
hook97.jpg,0.4657,NO
hook970.jpg,0.3722,NO
hook971.jpg,0.3531,NO
hook972.jpg,0.3825,NO
hook974.jpg,0.5221,NO
hook975.jpg,0.3676,NO
hook976.jpg,0.3893,NO
hook977.jpg,0.3847,NO
hook978.jpg,0.4125,NO
hook979.jpg,0.4435,NO
hook98.jpg,0.4216,NO
hook980.jpg,0.4898,NO
hook981.jpg,0.4296,NO
hook982.jpg,0.4616,NO
hook984.jpg,0.3359,NO
hook985.jpg,0.5694,NO
hook986.jpg,0.3133,NO
hook987.jpg,0.3950,NO
hook988.jpg,0.5420,NO
hook990.jpg,0.7242,YES
hook991.jpg,0.7748,YES
hook992.jpg,0.6220,YES
hook993.jpg,0.7146,YES
hook994.jpg,0.6440,YES
hook995.jpg,0.6140,YES
hook996.jpg,0.5173,NO
hook997.jpg,0.5818,NO
hook998.jpg,0.6180,YES
hook999.jpg,0.6809,YES
hpdr10.jpg,0.5442,NO
hpdr100.jpg,0.3318,NO
hpdr1001.jpg,0.7877,YES
hpdr1002.jpg,0.8041,YES
hpdr1003.jpg,0.8308,YES
hpdr1004.jpg,0.8520,YES
hpdr1005.jpg,0.6379,YES
hpdr1006.jpg,0.6153,YES
hpdr1007.jpg,0.8393,YES
hpdr1008.jpg,0.7791,YES
hpdr101.jpg,0.6738,YES
hpdr1009.jpg,0.8313,YES
hpdr1010.jpg,0.8443,YES
hpdr1013.jpg,0.8355,YES
hpdr1014.jpg,0.8140,YES
hpdr1017.jpg,0.7149,YES
hpdr1018.jpg,0.3863,NO
hpdr102.jpg,0.5088,NO
hpdr1024.jpg,0.8004,YES
hpdr1026.jpg,0.3592,NO
hpdr1037.jpg,0.6137,YES
hpdr1038.jpg,0.0803,NO
hpdr1039.jpg,0.4471,NO
hpdr104.jpg,0.5556,NO
hpdr1041.jpg,0.6793,YES
hpdr1045.jpg,0.4884,NO
hpdr1046.jpg,0.6990,YES
hpdr1047.jpg,0.4904,NO
hpdr1048.jpg,0.5339,NO
hpdr1050.jpg,0.6372,YES
hpdr1049.jpg,0.8120,YES
hpdr1051.jpg,0.8463,YES
hpdr1052.jpg,0.8366,YES
hpdr1053.jpg,0.8233,YES
hpdr1054.jpg,0.7647,YES
hpdr1055.jpg,0.7909,YES
hpdr1057.jpg,0.3362,NO
hpdr1056.jpg,0.7529,YES
hpdr1058.jpg,0.6611,YES
hpdr1059.jpg,0.8071,YES
hpdr106.jpg,0.0322,NO
hpdr1062.jpg,0.6332,YES
hpdr1064.jpg,0.8372,YES
hpdr1065.jpg,0.8230,YES
hpdr1066.jpg,0.3149,NO
hpdr1067.jpg,0.5093,NO
hpdr1068.jpg,0.2808,NO
hpdr1069.jpg,0.3017,NO
hpdr107.jpg,0.4873,NO
hpdr1070.jpg,0.0166,NO
hpdr1071.jpg,0.5709,NO
hpdr1072.jpg,0.4290,NO
hpdr1073.jpg,0.5505,NO
hpdr1075.jpg,0.6003,YES
hpdr1074.jpg,0.2662,NO
hpdr1076.jpg,0.4121,NO
hpdr1077.jpg,0.4491,NO
hpdr1078.jpg,0.3406,NO
hpdr1079.jpg,0.2922,NO
hpdr108.jpg,0.4030,NO
hpdr1080.jpg,0.5927,NO
hpdr1081.jpg,0.5543,NO
hpdr1082.jpg,0.1295,NO
hpdr1083.jpg,0.4007,NO
hpdr1084.jpg,0.8113,YES
hpdr1085.jpg,0.6640,YES
hpdr1086.jpg,0.7961,YES
hpdr1087.jpg,0.6985,YES
hpdr1088.jpg,0.3707,NO
hpdr1089.jpg,0.4981,NO
hpdr109.jpg,0.6242,YES
hpdr1090.jpg,0.6818,YES
hpdr1091.jpg,0.7462,YES
hpdr1092.jpg,0.5321,NO
hpdr1093.jpg,0.7305,YES
hpdr1094.jpg,0.4754,NO
hpdr1095.jpg,0.5067,NO
hpdr1096.jpg,0.4960,NO
hpdr1097.jpg,0.5440,NO
hpdr1098.jpg,0.7407,YES
hpdr1099.jpg,0.5183,NO
hpdr110.jpg,0.4424,NO
hpdr1102.jpg,0.4553,NO
hpdr1101.jpg,0.6741,YES
hpdr1103.jpg,0.4380,NO
hpdr1104.jpg,0.5073,NO
hpdr1105.jpg,0.3855,NO
hpdr1106.jpg,0.5343,NO
hpdr1107.jpg,0.5265,NO
hpdr1108.jpg,0.5409,NO
hpdr1109.jpg,0.5225,NO
hpdr111.jpg,0.1506,NO
hpdr1110.jpg,0.6107,YES
hpdr1111.jpg,0.7907,YES
hpdr1112.jpg,0.5014,NO
hpdr1113.jpg,-0.0039,NO
hpdr1115.jpg,0.8399,YES
hpdr1114.jpg,0.5226,NO
hpdr1116.jpg,0.5438,NO
hpdr1117.jpg,0.8209,YES
hpdr1118.jpg,0.8053,YES
hpdr1119.jpg,0.8283,YES
hpdr112.jpg,0.3775,NO
hpdr1120.jpg,0.5368,NO
hpdr1121.jpg,0.8061,YES
hpdr1122.jpg,0.7960,YES
hpdr1123.jpg,0.5508,NO
hpdr1126.jpg,0.4067,NO
hpdr1127.jpg,0.7777,YES
hpdr1128.jpg,0.8146,YES
hpdr1129.jpg,0.8491,YES
hpdr113.jpg,0.8315,YES
hpdr1130.jpg,0.8138,YES
hpdr1131.jpg,0.8018,YES
hpdr1133.jpg,0.7881,YES
hpdr1135.jpg,0.7950,YES
hpdr1136.jpg,0.0703,NO
hpdr1138.jpg,0.8262,YES
hpdr1140.jpg,0.7655,YES
hpdr1141.jpg,0.7525,YES
hpdr1142.jpg,0.7756,YES
hpdr1143.jpg,0.8180,YES
hpdr1144.jpg,0.8362,YES
hpdr1145.jpg,0.8404,YES
hpdr1146.jpg,0.8194,YES
hpdr1147.jpg,0.5250,NO
hpdr1149.jpg,0.8330,YES
hpdr115.jpg,0.3454,NO
hpdr1150.jpg,0.3682,NO
hpdr1151.jpg,0.8720,YES
hpdr1152.jpg,0.8212,YES
hpdr1153.jpg,0.8341,YES
hpdr1156.jpg,0.5477,NO
hpdr1154.jpg,0.8572,YES
hpdr1157.jpg,0.5986,NO
hpdr1158.jpg,0.3158,NO
hpdr1159.jpg,0.7015,YES
hpdr116.jpg,0.4383,NO
hpdr1160.jpg,0.2829,NO
hpdr1162.jpg,0.5318,NO
hpdr1164.jpg,0.7757,YES
hpdr1163.jpg,0.8374,YES
hpdr1165.jpg,0.4796,NO
hpdr1166.jpg,0.7586,YES
hpdr1167.jpg,0.6442,YES
hpdr1169.jpg,0.3761,NO
hpdr117.jpg,0.3543,NO
hpdr1170.jpg,0.6927,YES
hpdr1171.jpg,0.5564,NO
hpdr1172.jpg,0.7936,YES
hpdr1174.jpg,0.5316,NO
hpdr1175.jpg,0.4019,NO
hpdr1176.jpg,0.7674,YES
hpdr1177.jpg,0.4236,NO
hpdr1178.jpg,0.7872,YES
hpdr118.jpg,0.4582,NO
hpdr1182.jpg,0.7556,YES
hpdr1180.jpg,0.4960,NO
hpdr1183.jpg,0.7946,YES
hpdr1184.jpg,0.3377,NO
hpdr1186.jpg,0.3447,NO
hpdr1187.jpg,0.5611,NO
hpdr1188.jpg,0.5461,NO
hpdr1189.jpg,0.8018,YES
hpdr1190.jpg,0.7660,YES
hpdr119.jpg,0.4195,NO
hpdr1191.jpg,0.4672,NO
hpdr1192.jpg,0.5155,NO
hpdr1193.jpg,0.4927,NO
hpdr1194.jpg,0.4039,NO
hpdr1195.jpg,0.8065,YES
hpdr1196.jpg,0.8111,YES
hpdr1198.jpg,0.7287,YES
hpdr1197.jpg,0.4124,NO
hpdr1199.jpg,0.7602,YES
hpdr12.jpg,0.6448,YES
hpdr120.jpg,0.7655,YES
hpdr1202.jpg,0.6769,YES
hpdr1203.jpg,0.5120,NO
hpdr1200.jpg,0.5032,NO
hpdr1204.jpg,0.8142,YES
hpdr1206.jpg,0.4351,NO
hpdr1207.jpg,0.4692,NO
hpdr1208.jpg,0.2602,NO
hpdr1209.jpg,0.0249,NO
hpdr121.jpg,0.7544,YES
hpdr1210.jpg,0.5189,NO
hpdr1211.jpg,0.5336,NO
hpdr1212.jpg,0.6477,YES
hpdr1213.jpg,0.7826,YES
hpdr1214.jpg,0.5444,NO
hpdr1215.jpg,0.6252,YES
hpdr1216.jpg,0.3806,NO
hpdr1217.jpg,0.6684,YES
hpdr1218.jpg,0.6456,YES
hpdr1219.jpg,0.7376,YES
hpdr122.jpg,0.5235,NO
hpdr1220.jpg,0.5036,NO
hpdr1221.jpg,0.4442,NO
hpdr1222.jpg,0.3644,NO
hpdr1223.jpg,0.7564,YES
hpdr1224.jpg,0.7518,YES
hpdr1225.jpg,0.4043,NO
hpdr1227.jpg,0.7826,YES
hpdr1228.jpg,0.7521,YES
hpdr1229.jpg,0.7590,YES
hpdr123.jpg,0.8026,YES
hpdr1230.jpg,0.5125,NO
hpdr1231.jpg,0.6715,YES
hpdr1234.jpg,0.3781,NO
hpdr1232.jpg,0.6855,YES
hpdr1235.jpg,0.5336,NO
hpdr1236.jpg,0.6054,YES
hpdr1239.jpg,0.5399,NO
hpdr124.jpg,0.8294,YES
hpdr1240.jpg,0.7625,YES
hpdr1241.jpg,0.7507,YES
hpdr1242.jpg,0.7798,YES
hpdr1243.jpg,0.7658,YES
hpdr1244.jpg,0.7003,YES
hpdr1245.jpg,0.4472,NO
hpdr1246.jpg,0.5821,NO
hpdr1247.jpg,0.8364,YES
hpdr1248.jpg,0.5404,NO
hpdr1249.jpg,0.5042,NO
hpdr1250.jpg,0.6178,YES
hpdr125.jpg,0.5396,NO
hpdr1251.jpg,0.5617,NO
hpdr1252.jpg,0.4793,NO
hpdr1253.jpg,0.2864,NO
hpdr1255.jpg,0.6499,YES
hpdr1256.jpg,0.6776,YES
hpdr1257.jpg,0.3086,NO
hpdr1259.jpg,0.3675,NO
hpdr1258.jpg,0.8233,YES
hpdr126.jpg,0.8354,YES
hpdr1260.jpg,0.6807,YES
hpdr1261.jpg,0.3756,NO
hpdr1263.jpg,0.7377,YES
hpdr1264.jpg,0.7761,YES
hpdr1265.jpg,0.7517,YES
hpdr1267.jpg,0.8438,YES
hpdr1266.jpg,0.8193,YES
hpdr1269.jpg,0.8874,YES
hpdr1268.jpg,0.8478,YES
hpdr127.jpg,0.5925,NO
hpdr1270.jpg,0.8300,YES
hpdr1271.jpg,0.8292,YES
hpdr1272.jpg,0.8499,YES
hpdr1274.jpg,0.8410,YES
hpdr1273.jpg,0.5683,NO
hpdr1275.jpg,0.8162,YES
hpdr1276.jpg,0.8382,YES
hpdr1277.jpg,0.8069,YES
hpdr1278.jpg,0.8279,YES
hpdr1279.jpg,0.8269,YES
hpdr128.jpg,0.5425,NO
hpdr1281.jpg,0.7977,YES
hpdr1282.jpg,0.7764,YES
hpdr1283.jpg,0.7552,YES
hpdr1284.jpg,0.7996,YES
hpdr1285.jpg,0.5660,NO
hpdr1286.jpg,0.7960,YES
hpdr1287.jpg,0.7516,YES
hpdr1288.jpg,0.7729,YES
hpdr1289.jpg,0.7989,YES
hpdr129.jpg,0.4211,NO
hpdr1292.jpg,0.8060,YES
hpdr1293.jpg,0.7979,YES
hpdr1294.jpg,0.7496,YES
hpdr1295.jpg,0.6076,YES
hpdr1296.jpg,0.7716,YES
hpdr1297.jpg,0.7051,YES
hpdr1298.jpg,0.8000,YES
hpdr1299.jpg,0.8064,YES
hpdr13.jpg,0.3538,NO
hpdr130.jpg,0.8352,YES
hpdr1300.jpg,0.8143,YES
hpdr1301.jpg,0.8113,YES
hpdr1303.jpg,0.8055,YES
hpdr1304.jpg,0.8017,YES
hpdr1305.jpg,0.6643,YES
hpdr1306.jpg,0.7429,YES
hpdr1307.jpg,0.7185,YES
hpdr1309.jpg,0.5534,NO
hpdr131.jpg,0.8248,YES
hpdr1310.jpg,0.8205,YES
hpdr1311.jpg,0.8428,YES
hpdr1312.jpg,0.7161,YES
hpdr1314.jpg,0.8001,YES
hpdr1315.jpg,0.8075,YES
hpdr1316.jpg,0.7730,YES
hpdr1317.jpg,0.8256,YES
hpdr1318.jpg,0.8157,YES
hpdr1319.jpg,0.8116,YES
hpdr132.jpg,0.8241,YES
hpdr1320.jpg,0.8096,YES
hpdr1321.jpg,0.5748,NO
hpdr1322.jpg,0.8014,YES
hpdr1323.jpg,0.8220,YES
hpdr1325.jpg,0.8427,YES
hpdr1326.jpg,0.7928,YES
hpdr133.jpg,0.8321,YES
hpdr1330.jpg,0.8248,YES
hpdr1331.jpg,0.8408,YES
hpdr1332.jpg,0.8298,YES
hpdr1333.jpg,0.5728,NO
hpdr1334.jpg,0.8105,YES
hpdr1335.jpg,0.6294,YES
hpdr1337.jpg,0.6610,YES
hpdr1338.jpg,0.6960,YES
hpdr1339.jpg,0.5489,NO
hpdr1340.jpg,0.5074,NO
hpdr1341.jpg,0.6006,YES
hpdr1342.jpg,0.6686,YES
hpdr1343.jpg,0.7213,YES
hpdr1344.jpg,0.7762,YES
hpdr1345.jpg,0.5733,NO
hpdr1346.jpg,0.5396,NO
hpdr1348.jpg,0.6639,YES
hpdr1349.jpg,0.7246,YES
hpdr135.jpg,0.8108,YES
hpdr1350.jpg,0.7466,YES
hpdr1351.jpg,0.4154,NO
hpdr1354.jpg,0.7400,YES
hpdr1355.jpg,0.7192,YES
hpdr1356.jpg,0.6100,YES
hpdr1357.jpg,0.6567,YES
hpdr1359.jpg,0.8619,YES
hpdr136.jpg,0.3587,NO
hpdr1360.jpg,0.8395,YES
hpdr1361.jpg,0.8415,YES
hpdr1362.jpg,0.8473,YES
hpdr1363.jpg,0.8178,YES
hpdr1364.jpg,0.8021,YES
hpdr1365.jpg,0.7551,YES
hpdr1366.jpg,0.7990,YES
hpdr1367.jpg,0.7669,YES
hpdr1369.jpg,0.7184,YES
hpdr1368.jpg,0.7765,YES
hpdr137.jpg,0.7947,YES
hpdr1370.jpg,0.8105,YES
hpdr1371.jpg,0.3590,NO
hpdr1372.jpg,0.6648,YES
hpdr1373.jpg,0.4310,NO
hpdr1374.jpg,0.5849,NO
hpdr1376.jpg,0.5509,NO
hpdr1377.jpg,0.5069,NO
hpdr1379.jpg,0.7035,YES
hpdr1378.jpg,0.5213,NO
hpdr138.jpg,0.8158,YES
hpdr1380.jpg,0.7639,YES
hpdr1381.jpg,0.7215,YES
hpdr1382.jpg,0.7710,YES
hpdr1383.jpg,0.6504,YES
hpdr1384.jpg,0.7760,YES
hpdr1385.jpg,0.7876,YES
hpdr1386.jpg,0.7767,YES
hpdr1387.jpg,0.6235,YES
hpdr1388.jpg,0.5778,NO
hpdr1389.jpg,0.3970,NO
hpdr139.jpg,0.7782,YES
hpdr1390.jpg,0.2404,NO
hpdr1391.jpg,0.7445,YES
hpdr1392.jpg,0.4755,NO
hpdr1393.jpg,0.6499,YES
hpdr1394.jpg,0.7519,YES
hpdr1395.jpg,0.7349,YES
hpdr1396.jpg,0.6448,YES
hpdr1397.jpg,0.8402,YES
hpdr1398.jpg,0.8061,YES
hpdr1399.jpg,0.4839,NO
hpdr140.jpg,0.8100,YES
hpdr1400.jpg,0.8214,YES
hpdr1401.jpg,0.8416,YES
hpdr1402.jpg,0.8246,YES
hpdr1403.jpg,0.8024,YES
hpdr1404.jpg,0.7635,YES
hpdr1405.jpg,0.7713,YES
hpdr1406.jpg,0.7834,YES
hpdr1407.jpg,0.4172,NO
hpdr1408.jpg,0.7596,YES
hpdr1409.jpg,0.6934,YES
hpdr141.jpg,0.5663,NO
hpdr1410.jpg,0.4983,NO
hpdr1411.jpg,0.6859,YES
hpdr1413.jpg,0.4032,NO
hpdr1416.jpg,0.6708,YES
hpdr1418.jpg,0.4643,NO
hpdr1419.jpg,0.3679,NO
hpdr142.jpg,0.8244,YES
hpdr1420.jpg,0.4908,NO
hpdr1421.jpg,0.6766,YES
hpdr1422.jpg,0.7927,YES
hpdr1425.jpg,0.5072,NO
hpdr1426.jpg,0.6183,YES
hpdr1427.jpg,0.3364,NO
hpdr1428.jpg,0.7656,YES
hpdr1429.jpg,0.7019,YES
hpdr143.jpg,0.5517,NO
hpdr1430.jpg,0.8223,YES
hpdr1431.jpg,0.7644,YES
hpdr1432.jpg,0.4468,NO
hpdr1433.jpg,0.7217,YES
hpdr1434.jpg,0.6902,YES
hpdr1435.jpg,0.7859,YES
hpdr1436.jpg,0.7854,YES
hpdr1437.jpg,0.8214,YES
hpdr1438.jpg,0.8378,YES
hpdr144.jpg,0.5380,NO
hpdr1440.jpg,0.8199,YES
hpdr1441.jpg,0.7604,YES
hpdr1442.jpg,0.7536,YES
hpdr1444.jpg,0.4865,NO
hpdr1446.jpg,0.7915,YES
hpdr1447.jpg,0.6960,YES
hpdr1448.jpg,0.5473,NO
hpdr1449.jpg,0.6682,YES
hpdr145.jpg,0.5415,NO
hpdr1450.jpg,0.7563,YES
hpdr1451.jpg,0.6367,YES
hpdr1452.jpg,0.7712,YES
hpdr1453.jpg,0.7321,YES
hpdr1454.jpg,0.7834,YES
hpdr1455.jpg,0.6356,YES
hpdr1456.jpg,0.7940,YES
hpdr1457.jpg,0.7880,YES
hpdr1458.jpg,0.2962,NO
hpdr1459.jpg,0.8092,YES
hpdr146.jpg,0.7732,YES
hpdr1460.jpg,0.8050,YES
hpdr1461.jpg,0.7547,YES
hpdr1462.jpg,0.5330,NO
hpdr1463.jpg,0.8241,YES
hpdr1464.jpg,0.6680,YES
hpdr1466.jpg,0.4757,NO
hpdr1467.jpg,0.5186,NO
hpdr1468.jpg,0.5334,NO
hpdr1469.jpg,0.5355,NO
hpdr1470.jpg,0.7822,YES
hpdr1473.jpg,0.8427,YES
hpdr1474.jpg,0.8580,YES
hpdr1475.jpg,0.8289,YES
hpdr1476.jpg,0.8216,YES
hpdr1477.jpg,0.6706,YES
hpdr1478.jpg,0.8596,YES
hpdr1479.jpg,0.8169,YES
hpdr148.jpg,0.7778,YES
hpdr1480.jpg,0.8249,YES
hpdr1481.jpg,0.7268,YES
hpdr1482.jpg,0.8507,YES
hpdr1483.jpg,0.8257,YES
hpdr1484.jpg,0.5623,NO
hpdr1485.jpg,0.2426,NO
hpdr1486.jpg,0.6638,YES
hpdr1488.jpg,0.6605,YES
hpdr1489.jpg,0.1933,NO
hpdr149.jpg,0.8478,YES
hpdr1491.jpg,0.5417,NO
hpdr1492.jpg,0.4666,NO
hpdr1493.jpg,0.3169,NO
hpdr1495.jpg,0.7872,YES
hpdr1496.jpg,0.7944,YES
hpdr1497.jpg,0.7584,YES
hpdr1498.jpg,0.4292,NO
hpdr1499.jpg,0.3946,NO
hpdr15.jpg,0.1473,NO
hpdr150.jpg,0.8469,YES
hpdr1500.jpg,0.6019,YES
hpdr1502.jpg,0.8059,YES
hpdr1504.jpg,0.3203,NO
hpdr1505.jpg,0.5162,NO
hpdr1506.jpg,0.4493,NO
hpdr1507.jpg,0.4294,NO
hpdr1508.jpg,0.7392,YES
hpdr1510.jpg,0.5652,NO
hpdr1511.jpg,0.3586,NO
hpdr1512.jpg,0.6610,YES
hpdr1513.jpg,0.6126,YES
hpdr1514.jpg,0.5201,NO
hpdr1515.jpg,0.3487,NO
hpdr1516.jpg,0.3625,NO
hpdr1517.jpg,0.4965,NO
hpdr1519.jpg,0.6195,YES
hpdr152.jpg,0.8041,YES
hpdr1520.jpg,0.4580,NO
hpdr1523.jpg,0.5628,NO
hpdr1524.jpg,0.8253,YES
hpdr1525.jpg,0.8104,YES
hpdr1527.jpg,0.7552,YES
hpdr1528.jpg,0.4906,NO
hpdr1529.jpg,0.3879,NO
hpdr153.jpg,0.4376,NO
hpdr1530.jpg,0.4960,NO
hpdr1531.jpg,0.7649,YES
hpdr1532.jpg,0.6866,YES
hpdr1533.jpg,0.5258,NO
hpdr1534.jpg,0.5477,NO
hpdr1535.jpg,0.8130,YES
hpdr1536.jpg,0.7632,YES
hpdr1537.jpg,0.3782,NO
hpdr1538.jpg,0.4068,NO
hpdr1539.jpg,0.4054,NO
hpdr154.jpg,0.6628,YES
hpdr1540.jpg,0.5245,NO
hpdr1541.jpg,0.5119,NO
hpdr1542.jpg,0.3854,NO
hpdr1543.jpg,0.6131,YES
hpdr1545.jpg,0.3919,NO
hpdr1546.jpg,0.3019,NO
hpdr1547.jpg,0.4953,NO
hpdr1548.jpg,0.6060,YES
hpdr1549.jpg,0.4158,NO
hpdr155.jpg,0.6381,YES
hpdr1550.jpg,0.6832,YES
hpdr1551.jpg,0.6942,YES
hpdr1552.jpg,0.5560,NO
hpdr1553.jpg,0.3079,NO
hpdr1554.jpg,0.7277,YES
hpdr1555.jpg,0.3573,NO
hpdr1556.jpg,0.3620,NO
hpdr1557.jpg,0.5913,NO
hpdr1558.jpg,0.7245,YES
hpdr1559.jpg,0.6940,YES
hpdr156.jpg,0.7943,YES
hpdr1561.jpg,0.4869,NO
hpdr1562.jpg,0.4701,NO
hpdr1563.jpg,0.4271,NO
hpdr1564.jpg,0.6540,YES
hpdr1565.jpg,0.8412,YES
hpdr1568.jpg,0.5134,NO
hpdr1569.jpg,0.3482,NO
hpdr1570.jpg,0.7351,YES
hpdr157.jpg,0.8498,YES
hpdr1571.jpg,0.6938,YES
hpdr1572.jpg,0.3230,NO
hpdr1573.jpg,0.4831,NO
hpdr1574.jpg,0.6715,YES
hpdr1575.jpg,0.6905,YES
hpdr1576.jpg,0.5126,NO
hpdr1577.jpg,0.4987,NO
hpdr1578.jpg,0.7098,YES
hpdr1579.jpg,0.6033,YES
hpdr158.jpg,0.6473,YES
hpdr1581.jpg,0.8369,YES
hpdr1582.jpg,0.8157,YES
hpdr1583.jpg,0.8003,YES
hpdr1584.jpg,0.8125,YES
hpdr1585.jpg,0.8401,YES
hpdr1586.jpg,0.8213,YES
hpdr1587.jpg,0.6612,YES
hpdr1588.jpg,0.8363,YES
hpdr1589.jpg,0.7097,YES
hpdr159.jpg,0.8254,YES
hpdr1590.jpg,0.8127,YES
hpdr1591.jpg,0.7119,YES
hpdr1593.jpg,0.7825,YES
hpdr1594.jpg,0.4850,NO
hpdr1595.jpg,0.5694,NO
hpdr1596.jpg,0.8766,YES
hpdr1597.jpg,0.8365,YES
hpdr1598.jpg,0.8559,YES
hpdr1599.jpg,0.3434,NO
hpdr16.jpg,0.3313,NO
hpdr1601.jpg,0.5480,NO
hpdr160.jpg,0.8381,YES
hpdr1602.jpg,0.2824,NO
hpdr1603.jpg,0.6073,YES
hpdr1606.jpg,0.5537,NO
hpdr1607.jpg,0.5862,NO
hpdr1608.jpg,0.6911,YES
hpdr1609.jpg,0.6555,YES
hpdr1610.jpg,0.2813,NO
hpdr161.jpg,0.8430,YES
hpdr1612.jpg,0.6292,YES
hpdr1613.jpg,0.8027,YES
hpdr1614.jpg,0.7912,YES
hpdr1615.jpg,0.8138,YES
hpdr1616.jpg,0.6440,YES
hpdr1617.jpg,0.3684,NO
hpdr162.jpg,0.8253,YES
hpdr1620.jpg,0.6696,YES
hpdr1621.jpg,0.5216,NO
hpdr1622.jpg,0.6990,YES
hpdr1623.jpg,0.8174,YES
hpdr1624.jpg,0.8894,YES
hpdr1625.jpg,0.7164,YES
hpdr1627.jpg,0.7190,YES
hpdr1629.jpg,0.6543,YES
hpdr1628.jpg,0.3231,NO
hpdr1632.jpg,0.8657,YES
hpdr1630.jpg,0.8100,YES
hpdr163.jpg,0.8429,YES
hpdr1633.jpg,0.4994,NO
hpdr1634.jpg,0.4410,NO
hpdr1635.jpg,0.5882,NO
hpdr1636.jpg,0.3355,NO
hpdr1637.jpg,0.4650,NO
hpdr1639.jpg,0.3922,NO
hpdr164.jpg,0.8331,YES
hpdr1638.jpg,0.6688,YES
hpdr1640.jpg,0.6698,YES
hpdr1643.jpg,0.5160,NO
hpdr1644.jpg,0.5099,NO
hpdr1645.jpg,0.5215,NO
hpdr1646.jpg,0.8056,YES
hpdr1647.jpg,0.8127,YES
hpdr1649.jpg,0.8551,YES
hpdr165.jpg,0.3881,NO
hpdr1650.jpg,0.8349,YES
hpdr1651.jpg,0.8300,YES
hpdr1652.jpg,0.8052,YES
hpdr1653.jpg,0.4540,NO
hpdr1654.jpg,0.4285,NO
hpdr1656.jpg,0.2554,NO
hpdr1655.jpg,0.6880,YES
hpdr1659.jpg,0.4389,NO
hpdr1658.jpg,0.6770,YES
hpdr166.jpg,0.2245,NO
hpdr1661.jpg,0.6807,YES
hpdr1662.jpg,0.6936,YES
hpdr1663.jpg,0.6532,YES
hpdr1666.jpg,0.8480,YES
hpdr1664.jpg,0.4347,NO
hpdr1667.jpg,0.6670,YES
hpdr1669.jpg,0.8168,YES
hpdr167.jpg,0.3721,NO
hpdr1670.jpg,0.6253,YES
hpdr1671.jpg,0.5856,NO
hpdr1672.jpg,0.8407,YES
hpdr1673.jpg,0.8238,YES
hpdr1674.jpg,0.4452,NO
hpdr1675.jpg,0.4313,NO
hpdr1676.jpg,0.8512,YES
hpdr1677.jpg,0.3874,NO
hpdr168.jpg,0.6449,YES
hpdr1682.jpg,0.6884,YES
hpdr1683.jpg,0.6442,YES
hpdr1684.jpg,0.6841,YES
hpdr1685.jpg,0.6866,YES
hpdr169.jpg,0.2602,NO
hpdr1691.jpg,0.2836,NO
hpdr1693.jpg,0.5867,NO
hpdr1694.jpg,0.7665,YES
hpdr1695.jpg,0.2888,NO
hpdr1696.jpg,0.3075,NO
hpdr170.jpg,0.4235,NO
hpdr17.jpg,0.7197,YES
hpdr171.jpg,0.2939,NO
hpdr1715.jpg,0.7280,YES
hpdr1727.jpg,0.8152,YES
hpdr173.jpg,0.1958,NO
hpdr1749.jpg,0.8054,YES
hpdr174.jpg,0.3564,NO
hpdr1750.jpg,0.7825,YES
hpdr175.jpg,0.4813,NO
hpdr1751.jpg,0.5217,NO
hpdr1752.jpg,0.6016,YES
hpdr1753.jpg,0.8164,YES
hpdr1755.jpg,0.5432,NO
hpdr1756.jpg,0.5104,NO
hpdr1757.jpg,0.5833,NO
hpdr1759.jpg,0.4951,NO
hpdr1758.jpg,0.5293,NO
hpdr176.jpg,0.5187,NO
hpdr1760.jpg,0.5049,NO
hpdr1761.jpg,0.6762,YES
hpdr1763.jpg,0.7421,YES
hpdr1764.jpg,0.4686,NO
hpdr1762.jpg,0.7728,YES
hpdr1766.jpg,0.8573,YES
hpdr1765.jpg,0.6123,YES
hpdr1767.jpg,0.4690,NO
hpdr1768.jpg,0.4198,NO
hpdr1769.jpg,0.3874,NO
hpdr177.jpg,0.3837,NO
hpdr1770.jpg,0.4404,NO
hpdr1771.jpg,0.5250,NO
hpdr1774.jpg,0.4318,NO
hpdr1772.jpg,0.4191,NO
hpdr1773.jpg,0.5194,NO
hpdr1775.jpg,0.2950,NO
hpdr1777.jpg,0.3683,NO
hpdr1778.jpg,0.5875,NO
hpdr1779.jpg,0.5879,NO
hpdr178.jpg,0.7152,YES
hpdr1780.jpg,0.4406,NO
hpdr1781.jpg,0.1058,NO
hpdr1782.jpg,0.0433,NO
hpdr1783.jpg,0.5146,NO
hpdr1784.jpg,0.4751,NO
hpdr1785.jpg,0.1372,NO
hpdr1786.jpg,0.8228,YES
hpdr1788.jpg,0.5178,NO
hpdr179.jpg,0.5260,NO
hpdr1789.jpg,0.7470,YES
hpdr1791.jpg,0.8563,YES
hpdr1792.jpg,0.8056,YES
hpdr1793.jpg,0.8431,YES
hpdr1794.jpg,0.8303,YES
hpdr1795.jpg,0.6676,YES
hpdr1797.jpg,0.8277,YES
hpdr1799.jpg,0.5792,NO
hpdr1798.jpg,0.7990,YES
hpdr18.jpg,0.4343,NO
hpdr180.jpg,0.6821,YES
hpdr1800.jpg,0.7772,YES
hpdr1801.jpg,0.8341,YES
hpdr1802.jpg,0.8366,YES
hpdr1803.jpg,0.5691,NO
hpdr1804.jpg,0.7858,YES
hpdr1805.jpg,0.7921,YES
hpdr1806.jpg,0.8246,YES
hpdr1807.jpg,0.8351,YES
hpdr1808.jpg,0.8250,YES
hpdr181.jpg,0.5390,NO
hpdr1809.jpg,0.8183,YES
hpdr1810.jpg,0.5412,NO
hpdr1811.jpg,0.5611,NO
hpdr1812.jpg,0.4960,NO
hpdr1813.jpg,0.5241,NO
hpdr1814.jpg,0.7131,YES
hpdr1815.jpg,0.6217,YES
hpdr1817.jpg,0.8154,YES
hpdr1816.jpg,0.7636,YES
hpdr1818.jpg,0.8411,YES
hpdr182.jpg,0.6796,YES
hpdr1820.jpg,0.7048,YES
hpdr1821.jpg,0.6411,YES
hpdr1822.jpg,0.6287,YES
hpdr1823.jpg,0.8255,YES
hpdr1824.jpg,0.8427,YES
hpdr1825.jpg,0.8614,YES
hpdr183.jpg,0.7250,YES
hpdr1827.jpg,0.6473,YES
hpdr1828.jpg,0.8661,YES
hpdr1829.jpg,0.8450,YES
hpdr1830.jpg,0.8520,YES
hpdr1831.jpg,0.8634,YES
hpdr1836.jpg,0.6883,YES
hpdr1832.jpg,0.6306,YES
hpdr1834.jpg,0.4836,NO
hpdr1835.jpg,0.5466,NO
hpdr1833.jpg,0.8112,YES
hpdr1837.jpg,0.5521,NO
hpdr1838.jpg,0.4892,NO
hpdr1839.jpg,0.3880,NO
hpdr184.jpg,0.6763,YES
hpdr1841.jpg,0.5702,NO
hpdr1840.jpg,0.6086,YES
hpdr1842.jpg,0.5109,NO
hpdr1844.jpg,0.5233,NO
hpdr1843.jpg,0.6736,YES
hpdr1845.jpg,0.7146,YES
hpdr1846.jpg,0.6813,YES
hpdr1849.jpg,0.5118,NO
hpdr185.jpg,0.7442,YES
hpdr1847.jpg,0.5126,NO
hpdr1850.jpg,0.5205,NO
hpdr1852.jpg,0.6591,YES
hpdr1851.jpg,0.5001,NO
hpdr1853.jpg,0.7527,YES
hpdr1854.jpg,0.6133,YES
hpdr1856.jpg,0.6450,YES
hpdr1858.jpg,0.3284,NO
hpdr1859.jpg,0.7461,YES
hpdr1857.jpg,0.7589,YES
hpdr186.jpg,0.6693,YES
hpdr1860.jpg,0.7749,YES
hpdr1862.jpg,0.3902,NO
hpdr1863.jpg,0.7328,YES
hpdr1866.jpg,0.7092,YES
hpdr1867.jpg,0.7591,YES
hpdr1865.jpg,0.5548,NO
hpdr1864.jpg,0.5280,NO
hpdr1868.jpg,0.7516,YES
hpdr187.jpg,0.4822,NO
hpdr1869.jpg,0.7425,YES
hpdr1870.jpg,0.7797,YES
hpdr1871.jpg,0.7867,YES
hpdr1872.jpg,0.7225,YES
hpdr1873.jpg,0.7174,YES
hpdr1875.jpg,0.7659,YES
hpdr1874.jpg,0.7218,YES
hpdr1878.jpg,0.7607,YES
hpdr1877.jpg,0.4712,NO
hpdr1879.jpg,0.7786,YES
hpdr188.jpg,0.6451,YES
hpdr1880.jpg,0.7683,YES
hpdr1884.jpg,0.7568,YES
hpdr1886.jpg,0.3851,NO
hpdr1883.jpg,0.7555,YES
hpdr1887.jpg,0.4899,NO
hpdr1889.jpg,0.5665,NO
hpdr1890.jpg,0.7054,YES
hpdr189.jpg,0.6702,YES
hpdr1891.jpg,0.7635,YES
hpdr1892.jpg,0.7455,YES
hpdr1893.jpg,0.5926,NO
hpdr1894.jpg,0.6642,YES
hpdr1895.jpg,0.7880,YES
hpdr1896.jpg,0.7230,YES
hpdr1897.jpg,0.7654,YES
hpdr1899.jpg,0.5931,NO
hpdr1898.jpg,0.8537,YES
hpdr190.jpg,0.7553,YES
hpdr1900.jpg,0.7467,YES
hpdr19.jpg,0.7320,YES
hpdr1901.jpg,0.7751,YES
hpdr1903.jpg,0.8042,YES
hpdr1904.jpg,0.7661,YES
hpdr1905.jpg,0.7334,YES
hpdr1906.jpg,0.7679,YES
hpdr1907.jpg,0.7177,YES
hpdr1908.jpg,0.7426,YES
hpdr1909.jpg,0.7843,YES
hpdr191.jpg,0.6756,YES
hpdr1910.jpg,0.5207,NO
hpdr1911.jpg,0.7783,YES
hpdr1913.jpg,0.7982,YES
hpdr1915.jpg,0.7805,YES
hpdr1916.jpg,0.7974,YES
hpdr1917.jpg,0.7900,YES
hpdr1914.jpg,0.6140,YES
hpdr1918.jpg,0.7976,YES
hpdr1919.jpg,0.7796,YES
hpdr192.jpg,0.7224,YES
hpdr1920.jpg,0.7956,YES
hpdr1922.jpg,0.7840,YES
hpdr1923.jpg,0.7545,YES
hpdr1924.jpg,0.7795,YES
hpdr1925.jpg,0.7588,YES
hpdr1927.jpg,0.7966,YES
hpdr1926.jpg,0.4434,NO
hpdr1928.jpg,0.7409,YES
hpdr1929.jpg,0.7796,YES
hpdr193.jpg,0.7817,YES
hpdr1930.jpg,0.7831,YES
hpdr1931.jpg,0.7677,YES
hpdr1932.jpg,0.4663,NO
hpdr1934.jpg,0.7893,YES
hpdr1935.jpg,0.7878,YES
hpdr1936.jpg,0.8025,YES
hpdr1937.jpg,0.7870,YES
hpdr1939.jpg,0.7902,YES
hpdr194.jpg,0.7561,YES
hpdr1940.jpg,0.7797,YES
hpdr1938.jpg,0.7650,YES
hpdr1941.jpg,0.7968,YES
hpdr1942.jpg,0.8150,YES
hpdr1943.jpg,0.5785,NO
hpdr1944.jpg,0.7934,YES
hpdr1945.jpg,0.7734,YES
hpdr1947.jpg,0.8079,YES
hpdr1948.jpg,0.7912,YES
hpdr1949.jpg,0.7802,YES
hpdr195.jpg,0.7569,YES
hpdr1950.jpg,0.7300,YES
hpdr1951.jpg,0.7723,YES
hpdr1952.jpg,0.7878,YES
hpdr1953.jpg,0.8015,YES
hpdr1955.jpg,0.8015,YES
hpdr1954.jpg,0.5509,NO
hpdr1956.jpg,0.7941,YES
hpdr1957.jpg,0.7881,YES
hpdr1958.jpg,0.7879,YES
hpdr1959.jpg,0.7879,YES
hpdr196.jpg,0.7610,YES
hpdr1961.jpg,0.6697,YES
hpdr1963.jpg,0.7288,YES
hpdr1964.jpg,0.7883,YES
hpdr1962.jpg,0.7294,YES
hpdr1965.jpg,0.7918,YES
hpdr1966.jpg,0.5536,NO
hpdr1968.jpg,0.8020,YES
hpdr1967.jpg,0.7665,YES
hpdr1969.jpg,0.5955,NO
hpdr197.jpg,0.6437,YES
hpdr1970.jpg,0.7526,YES
hpdr1971.jpg,0.7625,YES
hpdr1972.jpg,0.7743,YES
hpdr1973.jpg,0.7605,YES
hpdr1975.jpg,0.7520,YES
hpdr1977.jpg,0.6714,YES
hpdr1976.jpg,0.7378,YES
hpdr1978.jpg,0.7706,YES
hpdr1979.jpg,0.7984,YES
hpdr198.jpg,0.7141,YES
hpdr1980.jpg,0.7889,YES
hpdr1981.jpg,0.7673,YES
hpdr1982.jpg,0.7992,YES
hpdr1984.jpg,0.7168,YES
hpdr1985.jpg,0.6002,YES
hpdr1986.jpg,0.4589,NO
hpdr1987.jpg,0.7652,YES
hpdr1988.jpg,0.6076,YES
hpdr1989.jpg,0.5100,NO
hpdr199.jpg,0.7714,YES
hpdr1990.jpg,0.7968,YES
hpdr1991.jpg,0.7935,YES
hpdr1992.jpg,0.7118,YES
hpdr1993.jpg,0.7299,YES
hpdr1994.jpg,0.7201,YES
hpdr1995.jpg,0.7272,YES
hpdr1996.jpg,0.7068,YES
hpdr1999.jpg,0.7210,YES
hpdr1997.jpg,0.5516,NO
hpdr2.jpg,0.5097,NO
hpdr200.jpg,0.7411,YES
hpdr20.jpg,0.7020,YES
hpdr2001.jpg,0.6838,YES
hpdr2000.jpg,0.5012,NO
hpdr2002.jpg,0.7079,YES
hpdr2003.jpg,0.7066,YES
hpdr2004.jpg,0.7545,YES
hpdr2005.jpg,0.7830,YES
hpdr2006.jpg,0.6543,YES
hpdr2007.jpg,0.7303,YES
hpdr2008.jpg,0.6866,YES
hpdr201.jpg,0.7394,YES
hpdr2012.jpg,0.3918,NO
hpdr2011.jpg,0.6150,YES
hpdr2010.jpg,0.4120,NO
hpdr2015.jpg,0.6908,YES
hpdr2016.jpg,0.3134,NO
hpdr2013.jpg,0.8342,YES
hpdr2017.jpg,0.3491,NO
hpdr2018.jpg,0.4797,NO
hpdr2019.jpg,0.4760,NO
hpdr2020.jpg,0.3303,NO
hpdr2021.jpg,0.7422,YES
hpdr2023.jpg,0.5611,NO
hpdr2024.jpg,0.4900,NO
hpdr2026.jpg,0.3890,NO
hpdr2025.jpg,0.3481,NO
hpdr2027.jpg,0.7235,YES
hpdr2028.jpg,0.7520,YES
hpdr2029.jpg,0.7876,YES
hpdr203.jpg,0.7812,YES
hpdr2030.jpg,0.8043,YES
hpdr2031.jpg,0.7679,YES
hpdr2033.jpg,0.7402,YES
hpdr2032.jpg,0.7336,YES
hpdr2035.jpg,0.7776,YES
hpdr2036.jpg,0.7424,YES
hpdr2037.jpg,0.8418,YES
hpdr2038.jpg,0.7084,YES
hpdr2039.jpg,0.7463,YES
hpdr204.jpg,0.7646,YES
hpdr2040.jpg,0.7798,YES
hpdr2041.jpg,0.7460,YES
hpdr2043.jpg,0.3928,NO
hpdr2044.jpg,0.7387,YES
hpdr2045.jpg,0.7400,YES
hpdr2046.jpg,0.7616,YES
hpdr2047.jpg,0.7837,YES
hpdr2048.jpg,0.7740,YES
hpdr205.jpg,0.6861,YES
hpdr2049.jpg,0.7971,YES
hpdr2050.jpg,0.7581,YES
hpdr2051.jpg,0.7414,YES
hpdr2052.jpg,0.7547,YES
hpdr2053.jpg,0.7395,YES
hpdr2055.jpg,0.7474,YES
hpdr2054.jpg,0.5736,NO
hpdr2056.jpg,0.7324,YES
hpdr2057.jpg,0.7261,YES
hpdr2058.jpg,0.8004,YES
hpdr2059.jpg,0.1343,NO
hpdr206.jpg,0.8033,YES
hpdr2060.jpg,0.1464,NO
hpdr2061.jpg,0.7954,YES
hpdr2062.jpg,0.0781,NO
hpdr2064.jpg,0.1281,NO
hpdr2063.jpg,0.1427,NO
hpdr2065.jpg,0.4200,NO
hpdr2066.jpg,0.1316,NO
hpdr2067.jpg,0.0731,NO
hpdr2068.jpg,0.1338,NO
hpdr207.jpg,0.7438,YES
hpdr2069.jpg,0.1464,NO
hpdr2070.jpg,0.1645,NO
hpdr2071.jpg,0.1170,NO
hpdr2072.jpg,0.0913,NO
hpdr2073.jpg,0.6901,YES
hpdr2074.jpg,0.1321,NO
hpdr2075.jpg,0.0848,NO
hpdr208.jpg,0.7265,YES
hpdr2076.jpg,0.4748,NO
hpdr2080.jpg,0.1568,NO
hpdr2081.jpg,0.1622,NO
hpdr2082.jpg,0.1996,NO
hpdr2083.jpg,0.5396,NO
hpdr2084.jpg,0.5578,NO
hpdr2085.jpg,0.8065,YES
hpdr2086.jpg,0.5861,NO
hpdr2087.jpg,0.4690,NO
hpdr2088.jpg,0.7411,YES
hpdr2089.jpg,0.7607,YES
hpdr209.jpg,0.7895,YES
hpdr2090.jpg,0.4444,NO
hpdr2091.jpg,0.5269,NO
hpdr2092.jpg,0.7588,YES
hpdr2093.jpg,0.7378,YES
hpdr2094.jpg,0.8091,YES
hpdr2095.jpg,0.8135,YES
hpdr2096.jpg,0.5730,NO
hpdr2097.jpg,0.8076,YES
hpdr2099.jpg,0.7718,YES
hpdr2098.jpg,0.4987,NO
hpdr210.jpg,0.7703,YES
hpdr21.jpg,0.4474,NO
hpdr2100.jpg,0.7360,YES
hpdr2102.jpg,0.4848,NO
hpdr2103.jpg,0.6877,YES
hpdr2104.jpg,0.4918,NO
hpdr2105.jpg,0.7115,YES
hpdr2106.jpg,0.6278,YES
hpdr2107.jpg,0.5563,NO
hpdr211.jpg,0.7818,YES
hpdr2108.jpg,0.5103,NO
hpdr2111.jpg,0.8222,YES
hpdr2112.jpg,0.4897,NO
hpdr2113.jpg,0.4103,NO
hpdr2114.jpg,0.6365,YES
hpdr2115.jpg,0.6400,YES
hpdr2116.jpg,0.6247,YES
hpdr2118.jpg,0.7287,YES
hpdr2117.jpg,0.4594,NO
hpdr212.jpg,0.7636,YES
hpdr2120.jpg,0.3554,NO
hpdr2124.jpg,0.8283,YES
hpdr2126.jpg,0.5886,NO
hpdr2127.jpg,0.5269,NO
hpdr2128.jpg,0.5925,NO
hpdr2129.jpg,0.7409,YES
hpdr213.jpg,0.6730,YES
hpdr2130.jpg,0.6061,YES
hpdr2131.jpg,0.6942,YES
hpdr2132.jpg,0.6971,YES
hpdr2133.jpg,0.7250,YES
hpdr2134.jpg,0.7218,YES
hpdr2135.jpg,0.7272,YES
hpdr2136.jpg,0.8414,YES
hpdr2137.jpg,0.4909,NO
hpdr2138.jpg,0.4532,NO
hpdr2141.jpg,0.4733,NO
hpdr2142.jpg,0.7347,YES
hpdr2143.jpg,0.7710,YES
hpdr2144.jpg,0.8140,YES
hpdr2145.jpg,0.6761,YES
hpdr2146.jpg,0.7419,YES
hpdr2148.jpg,0.7779,YES
hpdr2149.jpg,0.8378,YES
hpdr215.jpg,0.7054,YES
hpdr2150.jpg,0.6945,YES
hpdr2151.jpg,0.6466,YES
hpdr2152.jpg,0.8429,YES
hpdr2153.jpg,0.8606,YES
hpdr2155.jpg,0.7004,YES
hpdr2154.jpg,0.8050,YES
hpdr2156.jpg,0.7981,YES
hpdr2157.jpg,0.4999,NO
hpdr2158.jpg,0.6684,YES
hpdr2159.jpg,0.8067,YES
hpdr216.jpg,0.7817,YES
hpdr2160.jpg,0.4551,NO
hpdr2161.jpg,0.8123,YES
hpdr2162.jpg,0.5745,NO
hpdr2163.jpg,0.5682,NO
hpdr2164.jpg,0.7361,YES
hpdr2165.jpg,0.8247,YES
hpdr2167.jpg,0.7832,YES
hpdr2166.jpg,0.4591,NO
hpdr217.jpg,0.7769,YES
hpdr2168.jpg,0.8298,YES
hpdr2170.jpg,0.7602,YES
hpdr2171.jpg,0.5051,NO
hpdr2172.jpg,0.5247,NO
hpdr2173.jpg,0.5747,NO
hpdr2174.jpg,0.5444,NO
hpdr2175.jpg,0.6739,YES
hpdr2176.jpg,0.7996,YES
hpdr218.jpg,0.7756,YES
hpdr2177.jpg,0.7987,YES
hpdr2179.jpg,0.8113,YES
hpdr2180.jpg,0.7613,YES
hpdr2181.jpg,0.5440,NO
hpdr2182.jpg,0.6538,YES
hpdr2183.jpg,0.3840,NO
hpdr2184.jpg,0.5512,NO
hpdr2186.jpg,0.5311,NO
hpdr2187.jpg,0.7703,YES
hpdr2188.jpg,0.6038,YES
hpdr2189.jpg,0.6450,YES
hpdr2190.jpg,0.5131,NO
hpdr2191.jpg,0.5562,NO
hpdr2192.jpg,0.8147,YES
hpdr2193.jpg,0.6378,YES
hpdr2194.jpg,0.5671,NO
hpdr2195.jpg,0.6258,YES
hpdr2198.jpg,0.5990,NO
hpdr2199.jpg,0.5027,NO
hpdr2200.jpg,0.6356,YES
hpdr2201.jpg,0.6632,YES
hpdr2202.jpg,0.6720,YES
hpdr2203.jpg,0.6111,YES
hpdr2204.jpg,0.6919,YES
hpdr2205.jpg,0.4163,NO
hpdr2206.jpg,0.5663,NO
hpdr2207.jpg,0.8285,YES
hpdr2208.jpg,0.4579,NO
hpdr221.jpg,0.6375,YES
hpdr2209.jpg,0.7295,YES
hpdr2210.jpg,0.7869,YES
hpdr2211.jpg,0.8214,YES
hpdr2212.jpg,0.8267,YES
hpdr2213.jpg,0.8263,YES
hpdr2214.jpg,0.8231,YES
hpdr2215.jpg,0.6761,YES
hpdr2216.jpg,0.2823,NO
hpdr2217.jpg,0.6677,YES
hpdr2218.jpg,0.7646,YES
hpdr2219.jpg,0.7581,YES
hpdr222.jpg,0.7001,YES
hpdr2220.jpg,0.6655,YES
hpdr2221.jpg,0.5159,NO
hpdr2222.jpg,0.7068,YES
hpdr2223.jpg,0.7172,YES
hpdr2224.jpg,0.6891,YES
hpdr2225.jpg,0.6408,YES
hpdr2226.jpg,0.3861,NO
hpdr2227.jpg,0.6382,YES
hpdr2228.jpg,0.5715,NO
hpdr2229.jpg,0.8130,YES
hpdr223.jpg,0.7520,YES
hpdr2230.jpg,0.7906,YES
hpdr2231.jpg,0.6112,YES
hpdr2233.jpg,0.4830,NO
hpdr2232.jpg,0.6919,YES
hpdr2234.jpg,0.7071,YES
hpdr2236.jpg,0.7432,YES
hpdr2237.jpg,0.7952,YES
hpdr2238.jpg,0.8384,YES
hpdr2239.jpg,0.7633,YES
hpdr224.jpg,0.3383,NO
hpdr2240.jpg,0.8316,YES
hpdr2242.jpg,0.6535,YES
hpdr2243.jpg,0.5635,NO
hpdr2244.jpg,0.3259,NO
hpdr2245.jpg,0.7974,YES
hpdr2246.jpg,0.3230,NO
hpdr2247.jpg,0.7779,YES
hpdr2249.jpg,0.7311,YES
hpdr225.jpg,0.6844,YES
hpdr2251.jpg,0.8407,YES
hpdr2253.jpg,0.7239,YES
hpdr2254.jpg,0.7271,YES
hpdr2255.jpg,0.6795,YES
hpdr2256.jpg,0.7474,YES
hpdr2257.jpg,0.6472,YES
hpdr2258.jpg,0.6821,YES
hpdr226.jpg,0.6342,YES
hpdr2259.jpg,0.6523,YES
hpdr2260.jpg,0.4829,NO
hpdr2261.jpg,0.7201,YES
hpdr2262.jpg,0.4488,NO
hpdr2263.jpg,0.7534,YES
hpdr2264.jpg,0.7650,YES
hpdr2265.jpg,0.6496,YES
hpdr2266.jpg,0.6670,YES
hpdr2267.jpg,0.6180,YES
hpdr2268.jpg,0.6842,YES
hpdr2269.jpg,0.3438,NO
hpdr227.jpg,0.5240,NO
hpdr2270.jpg,0.6389,YES
hpdr2271.jpg,0.4201,NO
hpdr2272.jpg,0.7612,YES
hpdr2275.jpg,0.5828,NO
hpdr2276.jpg,0.7155,YES
hpdr2277.jpg,0.3948,NO
hpdr228.jpg,0.7530,YES
hpdr2279.jpg,0.7095,YES
hpdr2281.jpg,0.5221,NO
hpdr2283.jpg,0.4686,NO
hpdr2284.jpg,0.4314,NO
hpdr2285.jpg,0.5664,NO
hpdr2286.jpg,0.6550,YES
hpdr229.jpg,0.6658,YES
hpdr2287.jpg,0.6327,YES
hpdr2290.jpg,0.4458,NO
hpdr2292.jpg,0.4281,NO
hpdr2293.jpg,0.5776,NO
hpdr2294.jpg,0.6901,YES
hpdr2295.jpg,0.7472,YES
hpdr2296.jpg,0.6625,YES
hpdr2297.jpg,0.7330,YES
hpdr2298.jpg,0.7663,YES
hpdr2299.jpg,0.5678,NO
hpdr23.jpg,0.3378,NO
hpdr230.jpg,0.3626,NO
hpdr2303.jpg,0.6646,YES
hpdr2304.jpg,0.4644,NO
hpdr2305.jpg,0.3301,NO
hpdr2306.jpg,0.6534,YES
hpdr2307.jpg,0.7611,YES
hpdr2308.jpg,0.6507,YES
hpdr2309.jpg,0.7414,YES
hpdr231.jpg,0.7403,YES
hpdr2310.jpg,0.6244,YES
hpdr2311.jpg,0.5958,NO
hpdr2316.jpg,0.5760,NO
hpdr2317.jpg,0.7965,YES
hpdr2318.jpg,0.8309,YES
hpdr2319.jpg,0.7826,YES
hpdr232.jpg,0.7378,YES
hpdr2320.jpg,0.6648,YES
hpdr2321.jpg,0.8022,YES
hpdr2322.jpg,0.7802,YES
hpdr2323.jpg,0.8128,YES
hpdr2324.jpg,0.8050,YES
hpdr2325.jpg,0.8146,YES
hpdr2326.jpg,0.8208,YES
hpdr2327.jpg,0.8365,YES
hpdr2328.jpg,0.8324,YES
hpdr2331.jpg,0.7653,YES
hpdr2330.jpg,0.8173,YES
hpdr2332.jpg,0.8084,YES
hpdr2334.jpg,0.8259,YES
hpdr2335.jpg,0.3832,NO
hpdr2336.jpg,0.6824,YES
hpdr2337.jpg,0.5705,NO
hpdr2338.jpg,0.6351,YES
hpdr2340.jpg,0.4482,NO
hpdr2339.jpg,0.5508,NO
hpdr2341.jpg,0.7266,YES
hpdr2342.jpg,0.6668,YES
hpdr2343.jpg,0.8278,YES
hpdr2344.jpg,0.7421,YES
hpdr2345.jpg,0.6903,YES
hpdr2346.jpg,0.7157,YES
hpdr2347.jpg,0.7992,YES
hpdr2348.jpg,0.7775,YES
hpdr235.jpg,0.7714,YES
hpdr2349.jpg,0.2012,NO
hpdr2350.jpg,0.6694,YES
hpdr2351.jpg,0.4119,NO
hpdr2352.jpg,0.6816,YES
hpdr2353.jpg,0.6662,YES
hpdr2355.jpg,0.7291,YES
hpdr2357.jpg,0.5886,NO
hpdr2354.jpg,0.7521,YES
hpdr2358.jpg,0.8216,YES
hpdr236.jpg,0.7088,YES
hpdr2359.jpg,0.7842,YES
hpdr2360.jpg,0.7962,YES
hpdr2361.jpg,0.7633,YES
hpdr2362.jpg,0.7428,YES
hpdr2364.jpg,0.4374,NO
hpdr2363.jpg,0.7030,YES
hpdr2365.jpg,0.7096,YES
hpdr2367.jpg,0.3900,NO
hpdr2368.jpg,0.3492,NO
hpdr2366.jpg,0.6631,YES
hpdr2369.jpg,0.7594,YES
hpdr237.jpg,0.7624,YES
hpdr2370.jpg,0.7783,YES
hpdr2371.jpg,0.8027,YES
hpdr2372.jpg,0.7593,YES
hpdr2373.jpg,0.7888,YES
hpdr2374.jpg,0.7956,YES
hpdr2375.jpg,0.8197,YES
hpdr2376.jpg,0.8063,YES
hpdr2377.jpg,0.8230,YES
hpdr238.jpg,0.7668,YES
hpdr2378.jpg,0.7650,YES
hpdr2379.jpg,0.7827,YES
hpdr2380.jpg,0.7829,YES
hpdr2381.jpg,0.7932,YES
hpdr2382.jpg,0.5748,NO
hpdr2383.jpg,0.5379,NO
hpdr2384.jpg,0.5343,NO
hpdr2385.jpg,0.5963,NO
hpdr2386.jpg,0.5309,NO
hpdr2387.jpg,0.7915,YES
hpdr2388.jpg,0.3293,NO
hpdr2389.jpg,0.6449,YES
hpdr239.jpg,0.5129,NO
hpdr2390.jpg,0.5394,NO
hpdr2392.jpg,0.4601,NO
hpdr2394.jpg,0.4940,NO
hpdr2396.jpg,0.7123,YES
hpdr2397.jpg,0.6215,YES
hpdr240.jpg,0.7751,YES
hpdr2398.jpg,0.7896,YES
hpdr2399.jpg,0.3919,NO
hpdr2400.jpg,0.5514,NO
hpdr2401.jpg,0.5341,NO
hpdr2402.jpg,0.7481,YES
hpdr2403.jpg,0.7621,YES
hpdr2404.jpg,0.7409,YES
hpdr2407.jpg,0.7604,YES
hpdr2405.jpg,0.7992,YES
hpdr2408.jpg,0.7381,YES
hpdr2409.jpg,0.7497,YES
hpdr241.jpg,0.7568,YES
hpdr242.jpg,0.7797,YES
hpdr243.jpg,0.7873,YES
hpdr2420.jpg,0.6994,YES
hpdr2429.jpg,0.6262,YES
hpdr2430.jpg,0.6424,YES
hpdr2431.jpg,0.4936,NO
hpdr2432.jpg,0.6559,YES
hpdr2433.jpg,0.7114,YES
hpdr2434.jpg,0.5896,NO
hpdr2436.jpg,0.4003,NO
hpdr2435.jpg,0.5200,NO
hpdr244.jpg,0.8096,YES
hpdr2438.jpg,0.7074,YES
hpdr2439.jpg,0.7361,YES
hpdr2440.jpg,0.3608,NO
hpdr2441.jpg,0.6639,YES
hpdr2442.jpg,0.6289,YES
hpdr2443.jpg,0.5620,NO
hpdr2444.jpg,0.3133,NO
hpdr2445.jpg,0.2009,NO
hpdr2446.jpg,0.7646,YES
hpdr2448.jpg,0.7681,YES
hpdr2449.jpg,0.7483,YES
hpdr245.jpg,0.7971,YES
hpdr2450.jpg,0.7210,YES
hpdr2452.jpg,0.7278,YES
hpdr2451.jpg,0.7015,YES
hpdr2453.jpg,0.5331,NO
hpdr2454.jpg,0.7120,YES
hpdr2455.jpg,0.7202,YES
hpdr2456.jpg,0.7520,YES
hpdr2457.jpg,0.7540,YES
hpdr2458.jpg,0.7811,YES
hpdr2459.jpg,0.7781,YES
hpdr2460.jpg,0.7606,YES
hpdr2462.jpg,0.7767,YES
hpdr2461.jpg,0.7726,YES
hpdr2463.jpg,0.7656,YES
hpdr2465.jpg,0.7260,YES
hpdr2467.jpg,0.7176,YES
hpdr2468.jpg,0.7380,YES
hpdr2469.jpg,0.6888,YES
hpdr247.jpg,0.6169,YES
hpdr2470.jpg,0.7634,YES
hpdr2472.jpg,0.2776,NO
hpdr2471.jpg,0.7100,YES
hpdr2477.jpg,0.7094,YES
hpdr2478.jpg,0.7072,YES
hpdr2479.jpg,0.6205,YES
hpdr248.jpg,0.7622,YES
hpdr2480.jpg,0.6478,YES
hpdr2481.jpg,0.2809,NO
hpdr2483.jpg,0.5509,NO
hpdr2482.jpg,0.0133,NO
hpdr2484.jpg,0.7290,YES
hpdr2485.jpg,0.7157,YES
hpdr2486.jpg,0.7283,YES
hpdr2487.jpg,0.7471,YES
hpdr249.jpg,0.7601,YES
hpdr2489.jpg,0.7169,YES
hpdr2490.jpg,0.7362,YES
hpdr2491.jpg,0.6288,YES
hpdr2492.jpg,0.7365,YES
hpdr2495.jpg,0.6742,YES
hpdr2496.jpg,0.7458,YES
hpdr2497.jpg,0.7155,YES
hpdr2499.jpg,0.7598,YES
hpdr250.jpg,0.7771,YES
hpdr25.jpg,0.8198,YES
hpdr2500.jpg,0.7329,YES
hpdr2501.jpg,0.7529,YES
hpdr2502.jpg,0.7219,YES
hpdr2503.jpg,0.7515,YES
hpdr2504.jpg,0.6937,YES
hpdr2505.jpg,0.7333,YES
hpdr2506.jpg,0.7586,YES
hpdr2507.jpg,0.7797,YES
hpdr2508.jpg,0.7897,YES
hpdr2511.jpg,0.7730,YES
hpdr2510.jpg,0.8102,YES
hpdr2512.jpg,0.7668,YES
hpdr2513.jpg,0.7734,YES
hpdr2514.jpg,0.7893,YES
hpdr2515.jpg,0.7981,YES
hpdr2516.jpg,0.7846,YES
hpdr2517.jpg,0.7650,YES
hpdr252.jpg,0.5300,NO
hpdr2519.jpg,0.7841,YES
hpdr2521.jpg,0.7653,YES
hpdr2522.jpg,0.7908,YES
hpdr2523.jpg,0.7637,YES
hpdr2524.jpg,0.7756,YES
hpdr2525.jpg,0.7245,YES
hpdr2526.jpg,0.7732,YES
hpdr2528.jpg,0.3754,NO
hpdr2527.jpg,0.6776,YES
hpdr253.jpg,0.7727,YES
hpdr2529.jpg,0.3293,NO
hpdr2531.jpg,0.5941,NO
hpdr2530.jpg,0.1098,NO
hpdr2532.jpg,0.5281,NO
hpdr2533.jpg,0.4684,NO
hpdr2534.jpg,0.4284,NO
hpdr2535.jpg,0.7470,YES
hpdr2536.jpg,0.6721,YES
hpdr2537.jpg,0.7106,YES
hpdr254.jpg,0.7560,YES
hpdr2540.jpg,0.3711,NO
hpdr2539.jpg,0.6903,YES
hpdr2541.jpg,0.4199,NO
hpdr2542.jpg,0.6386,YES
hpdr2543.jpg,0.5220,NO
hpdr2544.jpg,0.4892,NO
hpdr2545.jpg,0.5564,NO
hpdr2546.jpg,0.3420,NO
hpdr255.jpg,0.7755,YES
hpdr2549.jpg,0.5280,NO
hpdr2551.jpg,0.6665,YES
hpdr2552.jpg,0.7784,YES
hpdr2553.jpg,0.7278,YES
hpdr2554.jpg,0.7838,YES
hpdr2555.jpg,0.7599,YES
hpdr2556.jpg,0.8256,YES
hpdr2557.jpg,0.8367,YES
hpdr2558.jpg,0.8017,YES
hpdr2559.jpg,0.6934,YES
hpdr256.jpg,0.7621,YES
hpdr2560.jpg,0.3534,NO
hpdr2561.jpg,0.5536,NO
hpdr2562.jpg,0.5716,NO
hpdr2563.jpg,0.7099,YES
hpdr2564.jpg,0.4996,NO
hpdr2565.jpg,0.7127,YES
hpdr2566.jpg,0.5055,NO
hpdr2567.jpg,0.6931,YES
hpdr2568.jpg,0.4886,NO
hpdr257.jpg,0.7425,YES
hpdr2569.jpg,0.5448,NO
hpdr2570.jpg,0.4956,NO
hpdr2571.jpg,0.6181,YES
hpdr2572.jpg,0.7016,YES
hpdr2573.jpg,0.6714,YES
hpdr2574.jpg,0.5294,NO
hpdr2575.jpg,0.7767,YES
hpdr2576.jpg,0.7991,YES
hpdr2577.jpg,0.5783,NO
hpdr2578.jpg,0.6360,YES
hpdr2579.jpg,0.6703,YES
hpdr258.jpg,0.6832,YES
hpdr2580.jpg,0.7820,YES
hpdr2581.jpg,0.7841,YES
hpdr2583.jpg,0.6874,YES
hpdr2582.jpg,0.7666,YES
hpdr2584.jpg,0.7674,YES
hpdr2585.jpg,0.7412,YES
hpdr2586.jpg,0.6866,YES
hpdr2587.jpg,0.8113,YES
hpdr2588.jpg,0.5118,NO
hpdr259.jpg,0.7997,YES
hpdr2590.jpg,0.4892,NO
hpdr2591.jpg,0.7806,YES
hpdr2592.jpg,0.7118,YES
hpdr2593.jpg,0.6266,YES
hpdr2595.jpg,0.8027,YES
hpdr2596.jpg,0.7314,YES
hpdr2597.jpg,0.7616,YES
hpdr2598.jpg,0.7033,YES
hpdr260.jpg,0.7913,YES
hpdr2599.jpg,0.7169,YES
hpdr26.jpg,0.3096,NO
hpdr2600.jpg,0.7722,YES
hpdr2601.jpg,0.7576,YES
hpdr2602.jpg,0.6832,YES
hpdr2603.jpg,0.7262,YES
hpdr2604.jpg,0.6115,YES
hpdr2605.jpg,0.7685,YES
hpdr2606.jpg,0.4515,NO
hpdr2608.jpg,0.6930,YES
hpdr261.jpg,0.7625,YES
hpdr2609.jpg,0.7482,YES
hpdr2611.jpg,0.7286,YES
hpdr2612.jpg,0.6958,YES
hpdr2613.jpg,0.7113,YES
hpdr2615.jpg,0.5283,NO
hpdr262.jpg,0.7718,YES
hpdr2616.jpg,0.6698,YES
hpdr2619.jpg,0.6352,YES
hpdr2618.jpg,0.0326,NO
hpdr2620.jpg,0.7873,YES
hpdr2621.jpg,0.5537,NO
hpdr2622.jpg,0.4858,NO
hpdr2625.jpg,0.4700,NO
hpdr2623.jpg,0.3289,NO
hpdr2626.jpg,0.5584,NO
hpdr2627.jpg,0.7149,YES
hpdr2628.jpg,0.7855,YES
hpdr2629.jpg,0.7735,YES
hpdr263.jpg,0.7425,YES
hpdr2631.jpg,0.6950,YES
hpdr2632.jpg,0.6844,YES
hpdr2633.jpg,0.7000,YES
hpdr2634.jpg,0.3661,NO
hpdr2635.jpg,0.7411,YES
hpdr2636.jpg,0.7195,YES
hpdr2637.jpg,0.7288,YES
hpdr2638.jpg,0.7814,YES
hpdr2639.jpg,0.7862,YES
hpdr264.jpg,0.5273,NO
hpdr2640.jpg,0.3603,NO
hpdr2642.jpg,0.8430,YES
hpdr2644.jpg,0.6393,YES
hpdr2645.jpg,0.3159,NO
hpdr2647.jpg,0.4955,NO
hpdr2648.jpg,0.5410,NO
hpdr2649.jpg,0.4394,NO
hpdr2650.jpg,0.4029,NO
hpdr2652.jpg,0.4262,NO
hpdr2654.jpg,0.4062,NO
hpdr2653.jpg,0.8285,YES
hpdr2651.jpg,-0.0099,NO
hpdr2655.jpg,0.6213,YES
hpdr2656.jpg,0.6407,YES
hpdr2657.jpg,0.4715,NO
hpdr2658.jpg,0.4957,NO
hpdr266.jpg,0.7960,YES
hpdr2659.jpg,0.5944,NO
hpdr2660.jpg,0.5161,NO
hpdr2661.jpg,0.6838,YES
hpdr2662.jpg,0.3390,NO
hpdr2663.jpg,0.4418,NO
hpdr2664.jpg,0.7641,YES
hpdr2665.jpg,0.4084,NO
hpdr2666.jpg,0.4763,NO
hpdr2667.jpg,0.5851,NO
hpdr2668.jpg,0.5673,NO
hpdr2669.jpg,0.4861,NO
hpdr267.jpg,0.8064,YES
hpdr2670.jpg,0.1876,NO
hpdr2671.jpg,0.6749,YES
hpdr2672.jpg,0.6578,YES
hpdr2673.jpg,0.3363,NO
hpdr2674.jpg,0.3637,NO
hpdr2676.jpg,0.8409,YES
hpdr2675.jpg,0.7662,YES
hpdr2677.jpg,0.3006,NO
hpdr2678.jpg,0.6318,YES
hpdr2679.jpg,0.7635,YES
hpdr268.jpg,0.7966,YES
hpdr2681.jpg,0.7634,YES
hpdr2682.jpg,0.7225,YES
hpdr2685.jpg,0.6912,YES
hpdr2683.jpg,0.6515,YES
hpdr2686.jpg,0.6983,YES
hpdr2687.jpg,0.8441,YES
hpdr2689.jpg,0.6408,YES
hpdr2690.jpg,0.1306,NO
hpdr2691.jpg,0.7035,YES
hpdr2692.jpg,0.7410,YES
hpdr2694.jpg,0.6977,YES
hpdr2693.jpg,0.6738,YES
hpdr2695.jpg,0.3755,NO
hpdr2696.jpg,0.6999,YES
hpdr2697.jpg,0.6719,YES
hpdr2698.jpg,0.8194,YES
hpdr2699.jpg,0.6845,YES
hpdr270.jpg,0.8098,YES
hpdr27.jpg,0.6445,YES
hpdr2700.jpg,0.6965,YES
hpdr2702.jpg,0.7120,YES
hpdr2704.jpg,0.7143,YES
hpdr2705.jpg,0.4425,NO
hpdr2707.jpg,0.6986,YES
hpdr2708.jpg,0.7670,YES
hpdr271.jpg,0.8061,YES
hpdr2709.jpg,0.8217,YES
hpdr2710.jpg,0.7695,YES
hpdr2711.jpg,0.7599,YES
hpdr2712.jpg,0.7658,YES
hpdr2714.jpg,0.4863,NO
hpdr2715.jpg,0.4342,NO
hpdr2716.jpg,0.6809,YES
hpdr2717.jpg,0.7514,YES
hpdr2718.jpg,0.7677,YES
hpdr272.jpg,0.8119,YES
hpdr2719.jpg,0.7797,YES
hpdr2720.jpg,0.6639,YES
hpdr2721.jpg,0.7811,YES
hpdr2722.jpg,0.7756,YES
hpdr2724.jpg,0.3445,NO
hpdr2723.jpg,0.8250,YES
hpdr2725.jpg,0.5596,NO
hpdr2726.jpg,0.6940,YES
hpdr2727.jpg,0.7799,YES
hpdr2728.jpg,0.7180,YES
hpdr273.jpg,0.8047,YES
hpdr2729.jpg,0.7263,YES
hpdr2730.jpg,0.7281,YES
hpdr2732.jpg,0.6337,YES
hpdr2731.jpg,0.5865,NO
hpdr2733.jpg,0.5613,NO
hpdr2734.jpg,0.6843,YES
hpdr2735.jpg,0.7583,YES
hpdr2738.jpg,0.6167,YES
hpdr2736.jpg,0.7991,YES
hpdr274.jpg,0.7760,YES
hpdr2739.jpg,0.5702,NO
hpdr2742.jpg,0.6080,YES
hpdr2744.jpg,0.6937,YES
hpdr2745.jpg,0.6580,YES
hpdr2746.jpg,0.6602,YES
hpdr2748.jpg,0.8150,YES
hpdr2747.jpg,0.7614,YES
hpdr2749.jpg,0.6617,YES
hpdr275.jpg,0.8157,YES
hpdr2750.jpg,0.7874,YES
hpdr2751.jpg,0.7981,YES
hpdr2752.jpg,0.5312,NO
hpdr2753.jpg,0.6520,YES
hpdr2755.jpg,0.7727,YES
hpdr2754.jpg,0.7704,YES
hpdr2756.jpg,0.8000,YES
hpdr2757.jpg,0.7737,YES
hpdr2758.jpg,0.7408,YES
hpdr276.jpg,0.5186,NO
hpdr2759.jpg,0.7302,YES
hpdr2760.jpg,0.7479,YES
hpdr2762.jpg,0.8249,YES
hpdr2763.jpg,0.8010,YES
hpdr2764.jpg,0.6578,YES
hpdr2765.jpg,0.8274,YES
hpdr2766.jpg,0.8180,YES
hpdr2767.jpg,0.8072,YES
hpdr2768.jpg,0.7940,YES
hpdr277.jpg,0.8023,YES
hpdr2769.jpg,0.5838,NO
hpdr2770.jpg,0.5740,NO
hpdr2771.jpg,0.5039,NO
hpdr2772.jpg,0.5380,NO
hpdr2774.jpg,0.6992,YES
hpdr2776.jpg,0.6611,YES
hpdr2777.jpg,0.6475,YES
hpdr278.jpg,0.8067,YES
hpdr2778.jpg,0.7769,YES
hpdr2779.jpg,0.8220,YES
hpdr2780.jpg,0.6296,YES
hpdr2781.jpg,0.4380,NO
hpdr2782.jpg,0.4539,NO
hpdr2783.jpg,0.6641,YES
hpdr2784.jpg,0.6425,YES
hpdr2786.jpg,0.5131,NO
hpdr2785.jpg,0.0102,NO
hpdr2787.jpg,0.6714,YES
hpdr2788.jpg,0.7885,YES
hpdr2789.jpg,0.6190,YES
hpdr279.jpg,0.7935,YES
hpdr2790.jpg,0.5174,NO
hpdr2791.jpg,0.3897,NO
hpdr2792.jpg,0.6402,YES
hpdr2793.jpg,0.7517,YES
hpdr2794.jpg,0.7373,YES
hpdr2795.jpg,0.7927,YES
hpdr2796.jpg,0.8033,YES
hpdr2797.jpg,0.8236,YES
hpdr2798.jpg,0.7896,YES
hpdr2799.jpg,0.8068,YES
hpdr28.jpg,0.6824,YES
hpdr280.jpg,0.3635,NO
hpdr2801.jpg,0.7697,YES
hpdr2802.jpg,0.6538,YES
hpdr2803.jpg,0.7440,YES
hpdr2804.jpg,0.7803,YES
hpdr2805.jpg,0.7935,YES
hpdr2807.jpg,0.8324,YES
hpdr281.jpg,0.7903,YES
hpdr2808.jpg,0.8209,YES
hpdr2809.jpg,0.7991,YES
hpdr2810.jpg,0.7756,YES
hpdr2811.jpg,0.7770,YES
hpdr2812.jpg,0.6737,YES
hpdr2813.jpg,0.7091,YES
hpdr2814.jpg,0.6945,YES
hpdr2815.jpg,0.7661,YES
hpdr2816.jpg,0.6948,YES
hpdr2817.jpg,0.5495,NO
hpdr2818.jpg,0.8083,YES
hpdr2819.jpg,0.8085,YES
hpdr2820.jpg,0.8301,YES
hpdr2821.jpg,0.6428,YES
hpdr2822.jpg,0.5526,NO
hpdr2823.jpg,0.6904,YES
hpdr2824.jpg,0.8461,YES
hpdr2825.jpg,0.5591,NO
hpdr2826.jpg,0.4901,NO
hpdr2828.jpg,0.8168,YES
hpdr2827.jpg,0.6248,YES
hpdr283.jpg,0.7481,YES
hpdr2829.jpg,0.8026,YES
hpdr2830.jpg,0.8084,YES
hpdr2831.jpg,0.7683,YES
hpdr2832.jpg,0.6119,YES
hpdr2834.jpg,0.7942,YES
hpdr2835.jpg,0.8228,YES
hpdr2836.jpg,0.5934,NO
hpdr2837.jpg,0.7348,YES
hpdr2839.jpg,0.6858,YES
hpdr284.jpg,0.7684,YES
hpdr2841.jpg,0.5801,NO
hpdr2840.jpg,0.7319,YES
hpdr2842.jpg,0.3306,NO
hpdr2843.jpg,0.5822,NO
hpdr2844.jpg,0.3747,NO
hpdr2845.jpg,0.3243,NO
hpdr2846.jpg,0.4997,NO
hpdr2847.jpg,0.6361,YES
hpdr2848.jpg,0.6434,YES
hpdr2849.jpg,0.5774,NO
hpdr2850.jpg,0.6402,YES
hpdr2851.jpg,0.4307,NO
hpdr2853.jpg,0.4335,NO
hpdr2855.jpg,0.7423,YES
hpdr2854.jpg,0.7435,YES
hpdr2856.jpg,0.7781,YES
hpdr286.jpg,0.8050,YES
hpdr2857.jpg,0.7659,YES
hpdr2858.jpg,0.7497,YES
hpdr2862.jpg,0.7746,YES
hpdr2861.jpg,0.7003,YES
hpdr2863.jpg,0.7926,YES
hpdr2864.jpg,0.7843,YES
hpdr2866.jpg,0.7950,YES
hpdr2867.jpg,0.7635,YES
hpdr2868.jpg,0.7872,YES
hpdr2869.jpg,0.7986,YES
hpdr287.jpg,0.7594,YES
hpdr2870.jpg,0.7568,YES
hpdr2871.jpg,0.7217,YES
hpdr2872.jpg,0.7371,YES
hpdr2873.jpg,0.7624,YES
hpdr2874.jpg,0.7863,YES
hpdr2875.jpg,0.7910,YES
hpdr2876.jpg,0.8070,YES
hpdr2877.jpg,0.7152,YES
hpdr2878.jpg,0.7711,YES
hpdr2879.jpg,0.8061,YES
hpdr288.jpg,0.5423,NO
hpdr2880.jpg,0.7676,YES
hpdr2881.jpg,0.7171,YES
hpdr2882.jpg,0.7733,YES
hpdr2883.jpg,0.7654,YES
hpdr2886.jpg,0.6817,YES
hpdr2887.jpg,0.4621,NO
hpdr2889.jpg,0.7352,YES
hpdr2888.jpg,0.0337,NO
hpdr2891.jpg,0.7741,YES
hpdr2890.jpg,0.7447,YES
hpdr2892.jpg,0.7908,YES
hpdr2895.jpg,0.7499,YES
hpdr2897.jpg,0.7798,YES
hpdr2898.jpg,0.6827,YES
hpdr290.jpg,0.7616,YES
hpdr2899.jpg,0.4001,NO
hpdr2900.jpg,0.8136,YES
hpdr2901.jpg,0.7953,YES
hpdr2903.jpg,0.8002,YES
hpdr2904.jpg,0.8079,YES
hpdr2906.jpg,0.7948,YES
hpdr2907.jpg,0.8013,YES
hpdr2908.jpg,0.8031,YES
hpdr2909.jpg,0.7878,YES
hpdr291.jpg,0.3918,NO
hpdr2910.jpg,0.4616,NO
hpdr2911.jpg,0.7837,YES
hpdr2912.jpg,0.7791,YES
hpdr2913.jpg,0.7884,YES
hpdr2914.jpg,0.7948,YES
hpdr2915.jpg,0.7956,YES
hpdr2917.jpg,0.7947,YES
hpdr2918.jpg,0.8214,YES
hpdr2919.jpg,0.7983,YES
hpdr292.jpg,0.7901,YES
hpdr2920.jpg,0.8000,YES
hpdr2921.jpg,0.6353,YES
hpdr2922.jpg,0.8106,YES
hpdr2923.jpg,0.8123,YES
hpdr2924.jpg,0.7729,YES
hpdr2925.jpg,0.7885,YES
hpdr2926.jpg,0.6908,YES
hpdr2927.jpg,0.7457,YES
hpdr2928.jpg,0.3554,NO
hpdr293.jpg,0.7466,YES
hpdr2929.jpg,0.7289,YES
hpdr2930.jpg,0.7669,YES
hpdr2932.jpg,0.7894,YES
hpdr2933.jpg,0.7659,YES
hpdr2935.jpg,0.8021,YES
hpdr2934.jpg,0.7966,YES
hpdr2936.jpg,0.8055,YES
hpdr2938.jpg,0.6892,YES
hpdr2937.jpg,0.8021,YES
hpdr2939.jpg,0.7172,YES
hpdr294.jpg,0.7738,YES
hpdr2941.jpg,0.7716,YES
hpdr2942.jpg,0.7329,YES
hpdr2943.jpg,0.8142,YES
hpdr2945.jpg,0.8041,YES
hpdr2946.jpg,0.8085,YES
hpdr2947.jpg,0.7994,YES
hpdr2948.jpg,0.8262,YES
hpdr295.jpg,0.7222,YES
hpdr2949.jpg,0.8390,YES
hpdr2950.jpg,0.8258,YES
hpdr2951.jpg,0.8084,YES
hpdr2952.jpg,0.8005,YES
hpdr2954.jpg,0.6509,YES
hpdr2953.jpg,0.8040,YES
hpdr2955.jpg,0.7762,YES
hpdr2956.jpg,0.8129,YES
hpdr2957.jpg,0.8100,YES
hpdr2958.jpg,0.8176,YES
hpdr2959.jpg,0.7982,YES
hpdr296.jpg,0.7473,YES
hpdr2960.jpg,0.8063,YES
hpdr2962.jpg,0.8002,YES
hpdr2963.jpg,0.8172,YES
hpdr2964.jpg,0.8239,YES
hpdr2965.jpg,0.7451,YES
hpdr2966.jpg,0.8236,YES
hpdr2967.jpg,0.8196,YES
hpdr2968.jpg,0.8272,YES
hpdr297.jpg,0.7888,YES
hpdr2969.jpg,0.8121,YES
hpdr2971.jpg,0.8176,YES
hpdr2972.jpg,0.7991,YES
hpdr2973.jpg,0.8056,YES
hpdr2974.jpg,0.8040,YES
hpdr2976.jpg,0.7590,YES
hpdr2975.jpg,0.7943,YES
hpdr2977.jpg,0.8188,YES
hpdr2978.jpg,0.7951,YES
hpdr298.jpg,0.5883,NO
hpdr2980.jpg,0.7709,YES
hpdr2981.jpg,0.7880,YES
hpdr2982.jpg,0.7539,YES
hpdr2983.jpg,0.7159,YES
hpdr2984.jpg,0.7933,YES
hpdr2986.jpg,0.7723,YES
hpdr2987.jpg,0.5834,NO
hpdr2988.jpg,0.7962,YES
hpdr2989.jpg,0.8039,YES
hpdr299.jpg,0.7811,YES
hpdr2990.jpg,0.7948,YES
hpdr2991.jpg,0.7645,YES
hpdr2993.jpg,0.7802,YES
hpdr2992.jpg,0.7349,YES
hpdr2994.jpg,0.7829,YES
hpdr2995.jpg,0.7633,YES
hpdr2996.jpg,0.7814,YES
hpdr2997.jpg,0.7678,YES
hpdr2998.jpg,0.8277,YES
hpdr2999.jpg,0.7673,YES
hpdr300.jpg,0.5155,NO
hpdr30.jpg,0.4803,NO
hpdr3001.jpg,0.7809,YES
hpdr3002.jpg,0.7410,YES
hpdr3003.jpg,0.7656,YES
hpdr3004.jpg,0.7629,YES
hpdr3005.jpg,0.7812,YES
hpdr301.jpg,0.8080,YES
hpdr3007.jpg,0.7817,YES
hpdr3009.jpg,0.7067,YES
hpdr3008.jpg,0.8070,YES
hpdr3010.jpg,0.8001,YES
hpdr3011.jpg,0.7971,YES
hpdr3012.jpg,0.7328,YES
hpdr3013.jpg,0.7937,YES
hpdr3015.jpg,0.7607,YES
hpdr3014.jpg,0.7783,YES
hpdr3016.jpg,0.2282,NO
hpdr3017.jpg,0.7574,YES
hpdr3018.jpg,0.7954,YES
hpdr302.jpg,0.6844,YES
hpdr3020.jpg,0.8200,YES
hpdr3021.jpg,0.6136,YES
hpdr3023.jpg,0.8080,YES
hpdr3022.jpg,0.8065,YES
hpdr3024.jpg,0.8187,YES
hpdr3025.jpg,0.8216,YES
hpdr3026.jpg,0.8327,YES
hpdr3027.jpg,0.7991,YES
hpdr3028.jpg,0.8396,YES
hpdr304.jpg,0.7572,YES
hpdr3032.jpg,0.6359,YES
hpdr305.jpg,0.7466,YES
hpdr306.jpg,0.7518,YES
hpdr3043.jpg,0.6333,YES
hpdr3065.jpg,0.4267,NO
hpdr3066.jpg,0.7535,YES
hpdr3076.jpg,0.5540,NO
hpdr308.jpg,0.7514,YES
hpdr309.jpg,0.4102,NO
hpdr3087.jpg,0.6391,YES
hpdr3098.jpg,0.5930,NO
hpdr31.jpg,0.6252,YES
hpdr3111.jpg,0.7847,YES
hpdr3112.jpg,0.8024,YES
hpdr3113.jpg,0.7981,YES
hpdr3114.jpg,0.7846,YES
hpdr3115.jpg,0.7596,YES
hpdr3116.jpg,0.7913,YES
hpdr3117.jpg,0.7742,YES
hpdr3118.jpg,0.7890,YES
hpdr3119.jpg,0.7769,YES
hpdr312.jpg,0.4833,NO
hpdr3121.jpg,0.7319,YES
hpdr3120.jpg,0.8439,YES
hpdr3122.jpg,0.7976,YES
hpdr3123.jpg,0.7947,YES
hpdr3124.jpg,0.7766,YES
hpdr3125.jpg,0.7924,YES
hpdr3126.jpg,0.7726,YES
hpdr3127.jpg,0.7728,YES
hpdr3128.jpg,0.7767,YES
hpdr3129.jpg,0.7800,YES
hpdr313.jpg,0.4726,NO
hpdr3130.jpg,0.7529,YES
hpdr3131.jpg,0.7883,YES
hpdr3132.jpg,0.6400,YES
hpdr3134.jpg,0.7704,YES
hpdr3135.jpg,0.7511,YES
hpdr3138.jpg,0.7745,YES
hpdr3136.jpg,0.6815,YES
hpdr314.jpg,0.8014,YES
hpdr3137.jpg,0.7093,YES
hpdr3139.jpg,0.7622,YES
hpdr3140.jpg,0.7755,YES
hpdr3141.jpg,0.7571,YES
hpdr3142.jpg,0.7786,YES
hpdr3143.jpg,0.5763,NO
hpdr3144.jpg,0.7866,YES
hpdr3146.jpg,0.7747,YES
hpdr3145.jpg,0.7853,YES
hpdr3147.jpg,0.7535,YES
hpdr3148.jpg,0.5210,NO
hpdr3149.jpg,0.6841,YES
hpdr3150.jpg,0.7745,YES
hpdr3151.jpg,0.4438,NO
hpdr3153.jpg,0.6868,YES
hpdr3154.jpg,0.6457,YES
hpdr3155.jpg,0.4753,NO
hpdr3156.jpg,0.8128,YES
hpdr3157.jpg,0.7655,YES
hpdr3158.jpg,0.8154,YES
hpdr3159.jpg,0.8059,YES
hpdr316.jpg,0.7711,YES
hpdr3160.jpg,0.8158,YES
hpdr3161.jpg,0.8216,YES
hpdr3162.jpg,0.8662,YES
hpdr3163.jpg,0.7348,YES
hpdr3164.jpg,0.8355,YES
hpdr3165.jpg,0.7308,YES
hpdr3166.jpg,0.8092,YES
hpdr3167.jpg,0.8068,YES
hpdr317.jpg,0.7739,YES
hpdr3168.jpg,0.8157,YES
hpdr3171.jpg,0.8209,YES
hpdr3172.jpg,0.7956,YES
hpdr3173.jpg,0.8029,YES
hpdr3174.jpg,0.8195,YES
hpdr3175.jpg,0.8162,YES
hpdr3176.jpg,0.6770,YES
hpdr3177.jpg,0.7811,YES
hpdr3178.jpg,0.8337,YES
hpdr318.jpg,0.7048,YES
hpdr3179.jpg,0.7911,YES
hpdr3180.jpg,0.7991,YES
hpdr3181.jpg,0.8345,YES
hpdr3182.jpg,0.8568,YES
hpdr3184.jpg,0.8717,YES
hpdr3185.jpg,0.8265,YES
hpdr3187.jpg,0.6627,YES
hpdr3186.jpg,0.4426,NO
hpdr3188.jpg,0.7917,YES
hpdr3189.jpg,0.8218,YES
hpdr319.jpg,0.6538,YES
hpdr3190.jpg,0.7641,YES
hpdr3191.jpg,0.8314,YES
hpdr3192.jpg,0.8341,YES
hpdr3193.jpg,0.7823,YES
hpdr3194.jpg,0.7861,YES
hpdr3195.jpg,0.8154,YES
hpdr3196.jpg,0.8179,YES
hpdr3197.jpg,0.7872,YES
hpdr3199.jpg,0.8334,YES
hpdr32.jpg,0.3569,NO
hpdr320.jpg,0.6890,YES
hpdr3201.jpg,0.8012,YES
hpdr3200.jpg,0.8303,YES
hpdr3202.jpg,0.8287,YES
hpdr3203.jpg,0.8105,YES
hpdr3204.jpg,0.7872,YES
hpdr3205.jpg,0.7742,YES
hpdr3206.jpg,0.8224,YES
hpdr3207.jpg,0.8133,YES
hpdr3209.jpg,0.4521,NO
hpdr3208.jpg,0.8396,YES
hpdr321.jpg,0.7689,YES
hpdr3210.jpg,0.8105,YES
hpdr3211.jpg,0.8078,YES
hpdr3212.jpg,0.7832,YES
hpdr3214.jpg,0.8253,YES
hpdr3213.jpg,0.8278,YES
hpdr3217.jpg,0.8318,YES
hpdr3216.jpg,0.7944,YES
hpdr3218.jpg,0.8288,YES
hpdr322.jpg,0.7305,YES
hpdr3219.jpg,0.8217,YES
hpdr3220.jpg,0.5352,NO
hpdr3222.jpg,0.7650,YES
hpdr3221.jpg,0.8029,YES
hpdr3223.jpg,0.8318,YES
hpdr3224.jpg,0.7967,YES
hpdr3225.jpg,0.7904,YES
hpdr3226.jpg,0.8083,YES
hpdr3229.jpg,0.8165,YES
hpdr3230.jpg,0.8218,YES
hpdr3231.jpg,0.5968,NO
hpdr3233.jpg,0.8186,YES
hpdr3234.jpg,0.8201,YES
hpdr3235.jpg,0.8198,YES
hpdr3236.jpg,0.8235,YES
hpdr3237.jpg,0.8286,YES
hpdr3238.jpg,0.7896,YES
hpdr3239.jpg,0.8210,YES
hpdr324.jpg,0.6330,YES
hpdr3240.jpg,0.7932,YES
hpdr3241.jpg,0.7663,YES
hpdr3243.jpg,0.5015,NO
hpdr3245.jpg,0.8030,YES
hpdr3247.jpg,0.7824,YES
hpdr3248.jpg,0.7975,YES
hpdr3249.jpg,0.8266,YES
hpdr325.jpg,0.5239,NO
hpdr3250.jpg,0.8305,YES
hpdr3253.jpg,0.8518,YES
hpdr3252.jpg,0.8272,YES
hpdr3254.jpg,0.6327,YES
hpdr3255.jpg,0.7963,YES
hpdr3256.jpg,0.8059,YES
hpdr3257.jpg,0.8197,YES
hpdr3258.jpg,0.8055,YES
hpdr3259.jpg,0.8423,YES
hpdr326.jpg,0.7273,YES
hpdr3261.jpg,0.8238,YES
hpdr3262.jpg,0.8168,YES
hpdr3263.jpg,0.8092,YES
hpdr3264.jpg,0.7991,YES
hpdr3265.jpg,0.5879,NO
hpdr3266.jpg,0.8153,YES
hpdr3267.jpg,0.8200,YES
hpdr3268.jpg,0.8019,YES
hpdr327.jpg,0.7348,YES
hpdr3270.jpg,0.8279,YES
hpdr3271.jpg,0.8349,YES
hpdr3272.jpg,0.8231,YES
hpdr3274.jpg,0.7900,YES
hpdr3275.jpg,0.8347,YES
hpdr3278.jpg,0.4425,NO
hpdr3279.jpg,0.5958,NO
hpdr3277.jpg,0.8200,YES
hpdr328.jpg,0.6959,YES
hpdr3281.jpg,0.5084,NO
hpdr3282.jpg,0.8304,YES
hpdr3283.jpg,0.8251,YES
hpdr3285.jpg,0.8397,YES
hpdr3287.jpg,0.5438,NO
hpdr3288.jpg,0.8472,YES
hpdr3286.jpg,0.8243,YES
hpdr3289.jpg,0.8212,YES
hpdr329.jpg,0.6399,YES
hpdr3290.jpg,0.8175,YES
hpdr3291.jpg,0.8086,YES
hpdr3292.jpg,0.8005,YES
hpdr3293.jpg,0.7985,YES
hpdr3296.jpg,0.8070,YES
hpdr3295.jpg,0.7863,YES
hpdr3297.jpg,0.7871,YES
hpdr3298.jpg,0.5841,NO
hpdr33.jpg,0.3844,NO
hpdr330.jpg,0.7358,YES
hpdr3300.jpg,0.8152,YES
hpdr3301.jpg,0.8255,YES
hpdr3303.jpg,0.7947,YES
hpdr3302.jpg,0.8277,YES
hpdr3304.jpg,0.8099,YES
hpdr3305.jpg,0.7964,YES
hpdr3306.jpg,0.8120,YES
hpdr3307.jpg,0.8206,YES
hpdr331.jpg,0.7530,YES
hpdr3308.jpg,0.8446,YES
hpdr3310.jpg,0.7983,YES
hpdr3311.jpg,0.8283,YES
hpdr3314.jpg,0.5209,NO
hpdr3313.jpg,0.8273,YES
hpdr3315.jpg,0.5581,NO
hpdr3316.jpg,0.7803,YES
hpdr3317.jpg,0.4656,NO
hpdr3318.jpg,0.3467,NO
hpdr332.jpg,0.6624,YES
hpdr3319.jpg,0.7153,YES
hpdr3320.jpg,0.5044,NO
hpdr3321.jpg,0.7595,YES
hpdr3322.jpg,0.8147,YES
hpdr3323.jpg,0.5749,NO
hpdr3324.jpg,0.7983,YES
hpdr3325.jpg,0.6349,YES
hpdr3326.jpg,0.5795,NO
hpdr3327.jpg,0.7510,YES
hpdr3328.jpg,0.7946,YES
hpdr3329.jpg,0.7885,YES
hpdr333.jpg,0.7289,YES
hpdr3330.jpg,0.7823,YES
hpdr3331.jpg,0.5321,NO
hpdr3333.jpg,0.7870,YES
hpdr3334.jpg,0.8165,YES
hpdr3335.jpg,0.8012,YES
hpdr3337.jpg,0.8202,YES
hpdr3336.jpg,0.7959,YES
hpdr3338.jpg,0.8390,YES
hpdr3339.jpg,0.8164,YES
hpdr334.jpg,0.6746,YES
hpdr3340.jpg,0.8405,YES
hpdr3341.jpg,0.8252,YES
hpdr3342.jpg,0.6940,YES
hpdr3343.jpg,0.5722,NO
hpdr3344.jpg,0.8043,YES
hpdr3345.jpg,0.8264,YES
hpdr3346.jpg,0.8281,YES
hpdr3347.jpg,0.8019,YES
hpdr3348.jpg,0.7465,YES
hpdr3349.jpg,0.7043,YES
hpdr335.jpg,0.8114,YES
hpdr3351.jpg,0.7924,YES
hpdr3350.jpg,0.7941,YES
hpdr3352.jpg,0.7732,YES
hpdr3353.jpg,0.7909,YES
hpdr3354.jpg,0.7047,YES
hpdr3355.jpg,0.8070,YES
hpdr3356.jpg,0.8173,YES
hpdr3357.jpg,0.8006,YES
hpdr3358.jpg,0.8221,YES
hpdr3359.jpg,0.8233,YES
hpdr3360.jpg,0.8014,YES
hpdr3361.jpg,0.8322,YES
hpdr3362.jpg,0.8071,YES
hpdr3363.jpg,0.7936,YES
hpdr3364.jpg,0.8131,YES
hpdr3365.jpg,0.6176,YES
hpdr3366.jpg,0.8152,YES
hpdr3367.jpg,0.7759,YES
hpdr3368.jpg,0.7904,YES
hpdr3369.jpg,0.8095,YES
hpdr337.jpg,0.7347,YES
hpdr3370.jpg,0.8152,YES
hpdr3371.jpg,0.8250,YES
hpdr3372.jpg,0.8132,YES
hpdr3373.jpg,0.8071,YES
hpdr3374.jpg,0.8003,YES
hpdr3375.jpg,0.7882,YES
hpdr3376.jpg,0.6546,YES
hpdr3377.jpg,0.8116,YES
hpdr3378.jpg,0.8098,YES
hpdr338.jpg,0.2814,NO
hpdr3379.jpg,0.7928,YES
hpdr3380.jpg,0.8035,YES
hpdr3381.jpg,0.8066,YES
hpdr3382.jpg,0.7891,YES
hpdr3383.jpg,0.8068,YES
hpdr3384.jpg,0.7707,YES
hpdr3385.jpg,0.8139,YES
hpdr3387.jpg,0.5346,NO
hpdr3386.jpg,0.7963,YES
hpdr339.jpg,0.7958,YES
hpdr3388.jpg,0.8015,YES
hpdr3389.jpg,0.8053,YES
hpdr3390.jpg,0.8104,YES
hpdr3391.jpg,0.8166,YES
hpdr3392.jpg,0.7849,YES
hpdr3394.jpg,0.8044,YES
hpdr3393.jpg,0.7722,YES
hpdr3396.jpg,0.8091,YES
hpdr3397.jpg,0.7895,YES
hpdr3398.jpg,0.5459,NO
hpdr3399.jpg,0.7932,YES
hpdr3400.jpg,0.7810,YES
hpdr3401.jpg,0.8086,YES
hpdr3402.jpg,0.8181,YES
hpdr3403.jpg,0.7658,YES
hpdr3404.jpg,0.7833,YES
hpdr3405.jpg,0.8156,YES
hpdr3406.jpg,0.7918,YES
hpdr3408.jpg,0.8160,YES
hpdr3409.jpg,0.5801,NO
hpdr3410.jpg,0.7881,YES
hpdr3411.jpg,0.8051,YES
hpdr3412.jpg,0.8151,YES
hpdr3413.jpg,0.7948,YES
hpdr3415.jpg,0.7779,YES
hpdr3417.jpg,0.8172,YES
hpdr3418.jpg,0.8096,YES
hpdr3419.jpg,0.7920,YES
hpdr342.jpg,0.5981,NO
hpdr3420.jpg,0.6207,YES
hpdr3421.jpg,0.7849,YES
hpdr3423.jpg,0.8180,YES
hpdr3424.jpg,0.7949,YES
hpdr3425.jpg,0.7684,YES
hpdr3426.jpg,0.8077,YES
hpdr3427.jpg,0.7933,YES
hpdr3428.jpg,0.7950,YES
hpdr3429.jpg,0.7880,YES
hpdr3430.jpg,0.8152,YES
hpdr3431.jpg,0.5697,NO
hpdr3432.jpg,0.8182,YES
hpdr3433.jpg,0.7934,YES
hpdr3435.jpg,0.7697,YES
hpdr3436.jpg,0.8039,YES
hpdr3434.jpg,0.7916,YES
hpdr3438.jpg,0.8190,YES
hpdr3439.jpg,0.7886,YES
hpdr3441.jpg,0.7825,YES
hpdr3442.jpg,0.6552,YES
hpdr3443.jpg,0.1644,NO
hpdr3444.jpg,0.3962,NO
hpdr3445.jpg,0.5563,NO
hpdr3446.jpg,0.6582,YES
hpdr3447.jpg,0.5487,NO
hpdr3449.jpg,0.5089,NO
hpdr345.jpg,0.4409,NO
hpdr3450.jpg,0.6725,YES
hpdr3451.jpg,0.6683,YES
hpdr3452.jpg,0.7128,YES
hpdr3453.jpg,0.5278,NO
hpdr3454.jpg,0.6531,YES
hpdr3455.jpg,0.7597,YES
hpdr3456.jpg,0.6058,YES
hpdr3458.jpg,0.6273,YES
hpdr346.jpg,0.6784,YES
hpdr3459.jpg,0.7759,YES
hpdr3460.jpg,0.8041,YES
hpdr3461.jpg,0.8262,YES
hpdr3462.jpg,0.8084,YES
hpdr3463.jpg,0.8415,YES
hpdr3464.jpg,0.7961,YES
hpdr3465.jpg,0.6134,YES
hpdr3466.jpg,0.7093,YES
hpdr3467.jpg,0.6498,YES
hpdr3468.jpg,0.6210,YES
hpdr347.jpg,0.6293,YES
hpdr3470.jpg,0.8446,YES
hpdr3471.jpg,0.8297,YES
hpdr3472.jpg,0.8108,YES
hpdr3474.jpg,0.8246,YES
hpdr3475.jpg,0.8323,YES
hpdr3476.jpg,0.5863,NO
hpdr348.jpg,0.4567,NO
hpdr3477.jpg,0.8132,YES
hpdr3479.jpg,0.8378,YES
hpdr3480.jpg,0.8313,YES
hpdr3481.jpg,0.8228,YES
hpdr3482.jpg,0.8183,YES
hpdr3483.jpg,0.7799,YES
hpdr3487.jpg,0.5634,NO
hpdr3486.jpg,0.7807,YES
hpdr3488.jpg,0.8414,YES
hpdr3489.jpg,0.8438,YES
hpdr349.jpg,0.4492,NO
hpdr3490.jpg,0.8106,YES
hpdr3491.jpg,0.8045,YES
hpdr3493.jpg,0.8000,YES
hpdr3492.jpg,0.7777,YES
hpdr3494.jpg,0.7042,YES
hpdr3495.jpg,0.7774,YES
hpdr3496.jpg,0.7476,YES
hpdr3498.jpg,0.5659,NO
hpdr3499.jpg,0.6893,YES
hpdr35.jpg,0.5582,NO
hpdr350.jpg,0.6359,YES
hpdr3500.jpg,0.6360,YES
hpdr3503.jpg,0.7198,YES
hpdr3505.jpg,0.7645,YES
hpdr3504.jpg,0.7260,YES
hpdr3506.jpg,0.6437,YES
hpdr3507.jpg,0.8289,YES
hpdr3508.jpg,0.8165,YES
hpdr351.jpg,0.4166,NO
hpdr3509.jpg,0.6447,YES
hpdr3510.jpg,0.8452,YES
hpdr3512.jpg,0.8158,YES
hpdr3511.jpg,0.7867,YES
hpdr3513.jpg,0.8076,YES
hpdr3515.jpg,0.5316,NO
hpdr3516.jpg,0.6465,YES
hpdr3518.jpg,0.7781,YES
hpdr3519.jpg,0.8148,YES
hpdr3520.jpg,0.6951,YES
hpdr3521.jpg,0.8292,YES
hpdr3522.jpg,0.8382,YES
hpdr3523.jpg,0.8350,YES
hpdr3525.jpg,0.8651,YES
hpdr3526.jpg,0.8312,YES
hpdr3528.jpg,0.8324,YES
hpdr3529.jpg,0.8575,YES
hpdr353.jpg,0.3091,NO
hpdr3531.jpg,0.5530,NO
hpdr3532.jpg,0.7831,YES
hpdr3533.jpg,0.7916,YES
hpdr3534.jpg,0.6581,YES
hpdr3535.jpg,0.6287,YES
hpdr3537.jpg,0.6240,YES
hpdr3536.jpg,0.7184,YES
hpdr3539.jpg,0.7684,YES
hpdr354.jpg,0.5463,NO
hpdr3540.jpg,0.8110,YES
hpdr3541.jpg,0.7330,YES
hpdr3542.jpg,0.4461,NO
hpdr3543.jpg,0.7358,YES
hpdr3544.jpg,0.6045,YES
hpdr3545.jpg,0.5958,NO
hpdr3546.jpg,0.6169,YES
hpdr3547.jpg,0.7273,YES
hpdr3548.jpg,0.7318,YES
hpdr3549.jpg,0.7271,YES
hpdr355.jpg,0.5084,NO
hpdr3550.jpg,0.7469,YES
hpdr3552.jpg,0.7900,YES
hpdr3554.jpg,0.7643,YES
hpdr3551.jpg,0.7624,YES
hpdr3555.jpg,0.7621,YES
hpdr3556.jpg,0.5343,NO
hpdr3558.jpg,0.7283,YES
hpdr3559.jpg,0.3092,NO
hpdr356.jpg,0.1586,NO
hpdr3561.jpg,0.3507,NO
hpdr3563.jpg,0.4744,NO
hpdr3560.jpg,0.3523,NO
hpdr3566.jpg,0.4813,NO
hpdr3567.jpg,0.6048,YES
hpdr357.jpg,0.6549,YES
hpdr3568.jpg,0.7789,YES
hpdr3570.jpg,0.7697,YES
hpdr3573.jpg,0.7051,YES
hpdr3572.jpg,0.7381,YES
hpdr3571.jpg,0.7817,YES
hpdr3574.jpg,0.6146,YES
hpdr3575.jpg,0.6109,YES
hpdr3576.jpg,0.7784,YES
hpdr3577.jpg,0.5924,NO
hpdr3578.jpg,0.7967,YES
hpdr3581.jpg,0.7820,YES
hpdr3582.jpg,0.6597,YES
hpdr3583.jpg,0.6281,YES
hpdr3579.jpg,0.8178,YES
hpdr3584.jpg,0.7754,YES
hpdr3585.jpg,0.6790,YES
hpdr3586.jpg,0.7684,YES
hpdr3587.jpg,0.7197,YES
hpdr359.jpg,0.7507,YES
hpdr3589.jpg,0.6861,YES
hpdr3588.jpg,0.6412,YES
hpdr3590.jpg,0.3391,NO
hpdr3591.jpg,0.6046,YES
hpdr3592.jpg,0.6143,YES
hpdr3593.jpg,0.7154,YES
hpdr3594.jpg,0.6627,YES
hpdr3595.jpg,0.7249,YES
hpdr3597.jpg,0.7905,YES
hpdr3598.jpg,0.7875,YES
hpdr3596.jpg,0.7827,YES
hpdr3599.jpg,0.8302,YES
hpdr36.jpg,0.4490,NO
hpdr360.jpg,0.7848,YES
hpdr3600.jpg,0.8052,YES
hpdr3602.jpg,0.8531,YES
hpdr3603.jpg,0.7016,YES
hpdr3604.jpg,0.8458,YES
hpdr3605.jpg,0.7630,YES
hpdr361.jpg,0.6971,YES
hpdr3607.jpg,0.8248,YES
hpdr3609.jpg,0.8107,YES
hpdr3610.jpg,0.8064,YES
hpdr3611.jpg,0.8192,YES
hpdr3612.jpg,0.8318,YES
hpdr3613.jpg,0.8482,YES
hpdr3614.jpg,0.7170,YES
hpdr3615.jpg,0.8092,YES
hpdr3616.jpg,0.8025,YES
hpdr3617.jpg,0.8148,YES
hpdr3618.jpg,0.7704,YES
hpdr362.jpg,0.5219,NO
hpdr3623.jpg,0.7842,YES
hpdr3624.jpg,0.7889,YES
hpdr3625.jpg,0.6738,YES
hpdr3627.jpg,0.8161,YES
hpdr3626.jpg,0.8317,YES
hpdr3628.jpg,0.7543,YES
hpdr363.jpg,0.6516,YES
hpdr3630.jpg,0.7029,YES
hpdr3632.jpg,0.6675,YES
hpdr3633.jpg,0.5812,NO
hpdr3634.jpg,0.7770,YES
hpdr3635.jpg,0.8071,YES
hpdr3636.jpg,0.7102,YES
hpdr3637.jpg,0.7809,YES
hpdr3638.jpg,0.6894,YES
hpdr3639.jpg,0.6954,YES
hpdr364.jpg,0.7778,YES
hpdr3641.jpg,0.4966,NO
hpdr3642.jpg,0.6306,YES
hpdr3640.jpg,0.1430,NO
hpdr3643.jpg,0.6749,YES
hpdr3644.jpg,0.6061,YES
hpdr3645.jpg,0.3664,NO
hpdr3646.jpg,0.3504,NO
hpdr3647.jpg,0.4899,NO
hpdr365.jpg,0.7621,YES
hpdr3648.jpg,0.3342,NO
hpdr3650.jpg,0.4146,NO
hpdr3649.jpg,0.7320,YES
hpdr3651.jpg,0.7764,YES
hpdr3652.jpg,0.7956,YES
hpdr3653.jpg,0.5557,NO
hpdr3655.jpg,0.4822,NO
hpdr366.jpg,0.7410,YES
hpdr3656.jpg,0.4521,NO
hpdr3657.jpg,0.6292,YES
hpdr3659.jpg,0.6105,YES
hpdr3660.jpg,0.4245,NO
hpdr3661.jpg,0.7382,YES
hpdr3662.jpg,0.7450,YES
hpdr3663.jpg,0.6875,YES
hpdr3664.jpg,0.7615,YES
hpdr3666.jpg,0.6527,YES
hpdr3665.jpg,0.6757,YES
hpdr3667.jpg,0.7016,YES
hpdr3668.jpg,0.5983,NO
hpdr3669.jpg,0.5692,NO
hpdr3670.jpg,0.7371,YES
hpdr3672.jpg,0.6532,YES
hpdr3673.jpg,0.6420,YES
hpdr3675.jpg,0.4939,NO
hpdr3674.jpg,0.4472,NO
hpdr3676.jpg,0.4774,NO
hpdr3677.jpg,0.4812,NO
hpdr3678.jpg,0.4156,NO
hpdr368.jpg,0.5564,NO
hpdr3679.jpg,0.5439,NO
hpdr3680.jpg,0.5653,NO
hpdr3681.jpg,0.4786,NO
hpdr3682.jpg,0.4916,NO
hpdr3684.jpg,0.4674,NO
hpdr3685.jpg,0.4768,NO
hpdr3686.jpg,0.5110,NO
hpdr3687.jpg,0.4251,NO
hpdr3688.jpg,0.3817,NO
hpdr3689.jpg,0.3011,NO
hpdr3692.jpg,0.3368,NO
hpdr3690.jpg,0.3367,NO
hpdr3693.jpg,0.3646,NO
hpdr3694.jpg,0.3651,NO
hpdr3695.jpg,0.4741,NO
hpdr3696.jpg,0.4377,NO
hpdr3697.jpg,0.4273,NO
hpdr370.jpg,0.5401,NO
hpdr3698.jpg,0.3896,NO
hpdr3699.jpg,0.7417,YES
hpdr3702.jpg,0.4764,NO
hpdr3701.jpg,0.7768,YES
hpdr3703.jpg,0.4046,NO
hpdr3704.jpg,0.7811,YES
hpdr3705.jpg,0.8017,YES
hpdr3706.jpg,0.6849,YES
hpdr3707.jpg,0.7163,YES
hpdr3708.jpg,0.6094,YES
hpdr371.jpg,0.7686,YES
hpdr3709.jpg,0.6013,YES
hpdr3713.jpg,0.5193,NO
hpdr3715.jpg,0.6015,YES
hpdr3714.jpg,0.5010,NO
hpdr3716.jpg,0.4781,NO
hpdr372.jpg,0.7595,YES
hpdr3717.jpg,0.4690,NO
hpdr3718.jpg,0.4033,NO
hpdr3725.jpg,0.6211,YES
hpdr373.jpg,0.7668,YES
hpdr3730.jpg,0.6289,YES
hpdr3731.jpg,0.6341,YES
hpdr3733.jpg,0.6497,YES
hpdr3735.jpg,0.7066,YES
hpdr3734.jpg,0.7219,YES
hpdr3736.jpg,0.6428,YES
hpdr3737.jpg,0.7070,YES
hpdr3738.jpg,0.7191,YES
hpdr374.jpg,0.4893,NO
hpdr3739.jpg,0.7690,YES
hpdr3740.jpg,0.7387,YES
hpdr3741.jpg,0.7231,YES
hpdr3742.jpg,0.7504,YES
hpdr3743.jpg,0.6983,YES
hpdr3744.jpg,0.6654,YES
hpdr3745.jpg,0.6772,YES
hpdr3746.jpg,0.7255,YES
hpdr3747.jpg,0.7501,YES
hpdr3749.jpg,0.6921,YES
hpdr3748.jpg,0.5889,NO
hpdr375.jpg,0.4580,NO
hpdr3750.jpg,0.6706,YES
hpdr3751.jpg,0.7177,YES
hpdr3752.jpg,0.5674,NO
hpdr3753.jpg,0.6215,YES
hpdr3754.jpg,0.7887,YES
hpdr3755.jpg,0.7290,YES
hpdr3756.jpg,0.6049,YES
hpdr3758.jpg,0.6003,YES
hpdr3757.jpg,0.7712,YES
hpdr3759.jpg,0.7152,YES
hpdr376.jpg,0.7256,YES
hpdr3760.jpg,0.7360,YES
hpdr3761.jpg,0.7217,YES
hpdr3762.jpg,0.6675,YES
hpdr3763.jpg,0.7635,YES
hpdr3765.jpg,0.7289,YES
hpdr3767.jpg,0.4846,NO
hpdr3764.jpg,0.7980,YES
hpdr3768.jpg,0.4828,NO
hpdr377.jpg,0.7795,YES
hpdr3771.jpg,0.8329,YES
hpdr378.jpg,0.7459,YES
hpdr3773.jpg,0.8458,YES
hpdr3772.jpg,0.8433,YES
hpdr3778.jpg,0.4129,NO
hpdr3774.jpg,0.7807,YES
hpdr3780.jpg,0.7382,YES
hpdr3788.jpg,0.4654,NO
hpdr379.jpg,0.7767,YES
hpdr3789.jpg,0.8335,YES
hpdr3791.jpg,0.6178,YES
hpdr3790.jpg,0.8170,YES
hpdr3792.jpg,0.7600,YES
hpdr3793.jpg,0.6957,YES
hpdr3794.jpg,0.7463,YES
hpdr3795.jpg,0.7830,YES
hpdr3797.jpg,0.6854,YES
hpdr3798.jpg,0.8213,YES
hpdr380.jpg,0.6569,YES
hpdr3800.jpg,0.5949,NO
hpdr3801.jpg,0.7938,YES
hpdr3802.jpg,0.7814,YES
hpdr3803.jpg,0.7828,YES
hpdr3804.jpg,0.6441,YES
hpdr3805.jpg,0.7009,YES
hpdr381.jpg,0.7680,YES
hpdr3807.jpg,0.6449,YES
hpdr3806.jpg,0.3896,NO
hpdr3808.jpg,0.6650,YES
hpdr3809.jpg,0.6284,YES
hpdr3810.jpg,0.7830,YES
hpdr3811.jpg,0.7169,YES
hpdr3812.jpg,0.7411,YES
hpdr3814.jpg,0.5431,NO
hpdr3813.jpg,0.5673,NO
hpdr3816.jpg,0.6733,YES
hpdr3815.jpg,0.7244,YES
hpdr3817.jpg,0.7325,YES
hpdr3818.jpg,0.7778,YES
hpdr3819.jpg,0.7342,YES
hpdr382.jpg,0.7459,YES
hpdr3820.jpg,0.7031,YES
hpdr3821.jpg,0.7017,YES
hpdr3823.jpg,0.6493,YES
hpdr3824.jpg,0.7141,YES
hpdr3825.jpg,0.5490,NO
hpdr3826.jpg,0.6953,YES
hpdr3827.jpg,0.8112,YES
hpdr3828.jpg,0.7885,YES
hpdr383.jpg,0.7909,YES
hpdr3829.jpg,0.6615,YES
hpdr3831.jpg,0.6501,YES
hpdr3833.jpg,0.6777,YES
hpdr3832.jpg,0.8109,YES
hpdr3834.jpg,0.4887,NO
hpdr3835.jpg,0.7533,YES
hpdr3836.jpg,0.6594,YES
hpdr384.jpg,0.7562,YES
hpdr3837.jpg,0.7202,YES
hpdr3838.jpg,0.7385,YES
hpdr3841.jpg,0.3894,NO
hpdr3839.jpg,0.5853,NO
hpdr3842.jpg,0.5745,NO
hpdr3844.jpg,0.7089,YES
hpdr3845.jpg,0.7500,YES
hpdr3847.jpg,0.7242,YES
hpdr385.jpg,0.7977,YES
hpdr3848.jpg,0.7397,YES
hpdr3846.jpg,0.3989,NO
hpdr3849.jpg,0.8042,YES
hpdr3850.jpg,0.7465,YES
hpdr3851.jpg,0.8165,YES
hpdr3852.jpg,0.7281,YES
hpdr3855.jpg,0.6344,YES
hpdr3858.jpg,0.6645,YES
hpdr3857.jpg,0.6166,YES
hpdr3856.jpg,0.4968,NO
hpdr3859.jpg,0.2093,NO
hpdr3860.jpg,0.7783,YES
hpdr3861.jpg,0.6838,YES
hpdr3862.jpg,0.7466,YES
hpdr3864.jpg,0.8140,YES
hpdr3866.jpg,0.7834,YES
hpdr3865.jpg,0.7702,YES
hpdr3867.jpg,0.7146,YES
hpdr3869.jpg,0.7120,YES
hpdr387.jpg,0.5398,NO
hpdr3870.jpg,0.7129,YES
hpdr3871.jpg,0.2152,NO
hpdr3874.jpg,0.6632,YES
hpdr3872.jpg,0.5253,NO
hpdr3875.jpg,0.6748,YES
hpdr3876.jpg,0.7519,YES
hpdr3877.jpg,0.6669,YES
hpdr3878.jpg,0.7355,YES
hpdr3879.jpg,0.6534,YES
hpdr388.jpg,0.7547,YES
hpdr3880.jpg,0.6698,YES
hpdr3882.jpg,0.4080,NO
hpdr3881.jpg,0.6359,YES
hpdr3883.jpg,0.7085,YES
hpdr3884.jpg,0.7645,YES
hpdr3885.jpg,0.6063,YES
hpdr3886.jpg,0.6226,YES
hpdr3887.jpg,0.6126,YES
hpdr3888.jpg,0.7562,YES
hpdr3889.jpg,0.6801,YES
hpdr3890.jpg,0.6846,YES
hpdr3891.jpg,0.6157,YES
hpdr3892.jpg,0.6210,YES
hpdr3894.jpg,0.5571,NO
hpdr3895.jpg,0.6996,YES
hpdr390.jpg,0.6823,YES
hpdr3902.jpg,0.5777,NO
hpdr3900.jpg,0.5519,NO
hpdr3901.jpg,0.6783,YES
hpdr3903.jpg,0.5625,NO
hpdr3905.jpg,0.7370,YES
hpdr3906.jpg,0.7626,YES
hpdr3907.jpg,0.7746,YES
hpdr3908.jpg,0.7618,YES
hpdr3910.jpg,0.6959,YES
hpdr3909.jpg,0.7767,YES
hpdr3911.jpg,0.6437,YES
hpdr391.jpg,0.0308,NO
hpdr3912.jpg,0.5679,NO
hpdr3914.jpg,0.5266,NO
hpdr3915.jpg,0.5310,NO
hpdr3918.jpg,0.4020,NO
hpdr3924.jpg,0.5230,NO
hpdr3919.jpg,0.5507,NO
hpdr392.jpg,0.7962,YES
hpdr3920.jpg,0.6310,YES
hpdr3921.jpg,0.7460,YES
hpdr3922.jpg,0.4454,NO
hpdr3923.jpg,0.7237,YES
hpdr3925.jpg,0.4595,NO
hpdr3926.jpg,0.6935,YES
hpdr3927.jpg,0.2252,NO
hpdr3928.jpg,0.5192,NO
hpdr3930.jpg,0.6803,YES
hpdr3931.jpg,0.5905,NO
hpdr3932.jpg,0.4472,NO
hpdr3933.jpg,0.6535,YES
hpdr3934.jpg,0.7002,YES
hpdr3935.jpg,0.5884,NO
hpdr393.jpg,0.1363,NO
hpdr3936.jpg,0.6272,YES
hpdr3937.jpg,0.6957,YES
hpdr3938.jpg,0.7198,YES
hpdr3939.jpg,0.5172,NO
hpdr3940.jpg,0.7109,YES
hpdr3942.jpg,0.7265,YES
hpdr3943.jpg,0.7535,YES
hpdr3944.jpg,0.3189,NO
hpdr3945.jpg,0.6802,YES
hpdr3946.jpg,0.3051,NO
hpdr3947.jpg,0.6273,YES
hpdr394.jpg,0.0684,NO
hpdr3948.jpg,0.5705,NO
hpdr3949.jpg,0.6294,YES
hpdr3951.jpg,0.7140,YES
hpdr3950.jpg,0.7114,YES
hpdr3952.jpg,0.7068,YES
hpdr3953.jpg,0.7802,YES
hpdr3955.jpg,0.8035,YES
hpdr3954.jpg,0.0623,NO
hpdr3956.jpg,0.8064,YES
hpdr395.jpg,0.1375,NO
hpdr3958.jpg,0.7955,YES
hpdr3959.jpg,0.7083,YES
hpdr3957.jpg,0.6612,YES
hpdr3960.jpg,0.7333,YES
hpdr3962.jpg,0.7457,YES
hpdr3961.jpg,0.7382,YES
hpdr3963.jpg,0.7365,YES
hpdr3965.jpg,0.7483,YES
hpdr3964.jpg,0.7693,YES
hpdr3966.jpg,0.7641,YES
hpdr396.jpg,0.0937,NO
hpdr3967.jpg,0.7639,YES
hpdr3968.jpg,0.5568,NO
hpdr3970.jpg,0.7634,YES
hpdr3972.jpg,0.7295,YES
hpdr3973.jpg,0.7716,YES
hpdr3976.jpg,0.7153,YES
hpdr3974.jpg,0.6998,YES
hpdr3978.jpg,0.7578,YES
hpdr3980.jpg,0.5704,NO
hpdr397.jpg,0.0160,NO
hpdr3981.jpg,0.7705,YES
hpdr3982.jpg,0.7528,YES
hpdr3984.jpg,0.7277,YES
hpdr3983.jpg,0.7413,YES
hpdr398.jpg,0.0850,NO
hpdr3985.jpg,0.7503,YES
hpdr3989.jpg,0.7687,YES
hpdr3986.jpg,0.6121,YES
hpdr3988.jpg,0.7167,YES
hpdr3992.jpg,0.7974,YES
hpdr3993.jpg,0.8331,YES
hpdr3994.jpg,0.8129,YES
hpdr3995.jpg,0.7781,YES
hpdr3996.jpg,0.8057,YES
hpdr3997.jpg,0.8213,YES
hpdr399.jpg,0.5215,NO
hpdr3998.jpg,0.7645,YES
hpdr3999.jpg,0.8101,YES
hpdr4000.jpg,0.7603,YES
hpdr4001.jpg,0.8060,YES
hpdr4002.jpg,0.5609,NO
hpdr4003.jpg,0.8037,YES
hpdr4004.jpg,0.7592,YES
hpdr4006.jpg,0.7790,YES
hpdr4.jpg,0.5446,NO
hpdr400.jpg,0.0724,NO
hpdr4007.jpg,0.8328,YES
hpdr4008.jpg,0.7818,YES
hpdr4009.jpg,0.8215,YES
hpdr4010.jpg,0.7942,YES
hpdr4011.jpg,0.5284,NO
hpdr4012.jpg,0.6125,YES
hpdr4014.jpg,0.6273,YES
hpdr4015.jpg,0.6301,YES
hpdr4016.jpg,0.6678,YES
hpdr401.jpg,0.0873,NO
hpdr4017.jpg,0.4279,NO
hpdr4018.jpg,0.5174,NO
hpdr4020.jpg,0.5504,NO
hpdr4021.jpg,0.5007,NO
hpdr4022.jpg,0.4923,NO
hpdr4023.jpg,0.4110,NO
hpdr4025.jpg,0.5379,NO
hpdr4026.jpg,0.3803,NO
hpdr4027.jpg,0.5626,NO
hpdr402.jpg,0.7508,YES
hpdr4028.jpg,0.5168,NO
hpdr4029.jpg,0.5816,NO
hpdr4030.jpg,0.5300,NO
hpdr4031.jpg,0.4978,NO
hpdr4032.jpg,0.5659,NO
hpdr4033.jpg,0.3286,NO
hpdr4034.jpg,0.5575,NO
hpdr4035.jpg,0.5186,NO
hpdr4036.jpg,0.4546,NO
hpdr403.jpg,0.1355,NO
hpdr4038.jpg,0.5071,NO
hpdr4039.jpg,0.4382,NO
hpdr4042.jpg,0.3460,NO
hpdr4040.jpg,0.5310,NO
hpdr4041.jpg,0.3607,NO
hpdr4043.jpg,0.3162,NO
hpdr4044.jpg,0.4054,NO
hpdr4045.jpg,0.3640,NO
hpdr4046.jpg,0.4381,NO
hpdr404.jpg,0.0984,NO
hpdr4048.jpg,0.4151,NO
hpdr4049.jpg,0.5212,NO
hpdr4050.jpg,0.5128,NO
hpdr405.jpg,0.1539,NO
hpdr406.jpg,0.1628,NO
hpdr407.jpg,0.0102,NO
hpdr408.jpg,0.1575,NO
hpdr409.jpg,0.1561,NO
hpdr41.jpg,0.8264,YES
hpdr412.jpg,0.0948,NO
hpdr413.jpg,0.7467,YES
hpdr414.jpg,0.1470,NO
hpdr415.jpg,0.1766,NO
hpdr416.jpg,0.1934,NO
hpdr417.jpg,0.7377,YES
hpdr418.jpg,0.5905,NO
hpdr419.jpg,0.7055,YES
hpdr42.jpg,0.4753,NO
hpdr420.jpg,0.8260,YES
hpdr421.jpg,0.7544,YES
hpdr422.jpg,0.6197,YES
hpdr423.jpg,0.6810,YES
hpdr424.jpg,0.4190,NO
hpdr426.jpg,0.5970,NO
hpdr427.jpg,0.4184,NO
hpdr428.jpg,0.5175,NO
hpdr429.jpg,0.5589,NO
hpdr430.jpg,0.6089,YES
hpdr431.jpg,0.7985,YES
hpdr432.jpg,0.8453,YES
hpdr436.jpg,0.5059,NO
hpdr434.jpg,0.7401,YES
hpdr435.jpg,0.5787,NO
hpdr437.jpg,0.8257,YES
hpdr438.jpg,0.5692,NO
hpdr44.jpg,0.6806,YES
hpdr440.jpg,0.2930,NO
hpdr441.jpg,0.7359,YES
hpdr442.jpg,0.7449,YES
hpdr443.jpg,0.7241,YES
hpdr444.jpg,0.5465,NO
hpdr446.jpg,0.8004,YES
hpdr447.jpg,0.7628,YES
hpdr448.jpg,0.6353,YES
hpdr449.jpg,0.3894,NO
hpdr45.jpg,0.6438,YES
hpdr450.jpg,0.6408,YES
hpdr452.jpg,0.6882,YES
hpdr451.jpg,0.7812,YES
hpdr453.jpg,0.7016,YES
hpdr454.jpg,0.6666,YES
hpdr455.jpg,0.6340,YES
hpdr456.jpg,0.3982,NO
hpdr457.jpg,0.3252,NO
hpdr458.jpg,0.7846,YES
hpdr459.jpg,0.6074,YES
hpdr46.jpg,0.3472,NO
hpdr460.jpg,0.6509,YES
hpdr461.jpg,0.4848,NO
hpdr462.jpg,0.4129,NO
hpdr463.jpg,0.6803,YES
hpdr464.jpg,0.3132,NO
hpdr465.jpg,0.3972,NO
hpdr468.jpg,0.6307,YES
hpdr467.jpg,0.2583,NO
hpdr47.jpg,0.6028,YES
hpdr469.jpg,0.4962,NO
hpdr470.jpg,0.5732,NO
hpdr471.jpg,0.5060,NO
hpdr472.jpg,0.4661,NO
hpdr473.jpg,0.3922,NO
hpdr474.jpg,0.6479,YES
hpdr476.jpg,0.4679,NO
hpdr477.jpg,0.7010,YES
hpdr478.jpg,0.5110,NO
hpdr479.jpg,0.4841,NO
hpdr480.jpg,0.5397,NO
hpdr481.jpg,0.3770,NO
hpdr482.jpg,0.4445,NO
hpdr485.jpg,0.5326,NO
hpdr483.jpg,0.6519,YES
hpdr484.jpg,0.3723,NO
hpdr486.jpg,0.4690,NO
hpdr487.jpg,0.6182,YES
hpdr488.jpg,0.6065,YES
hpdr489.jpg,0.6112,YES
hpdr49.jpg,0.6357,YES
hpdr492.jpg,0.6973,YES
hpdr493.jpg,0.5929,NO
hpdr494.jpg,0.6726,YES
hpdr497.jpg,0.5919,NO
hpdr498.jpg,0.5112,NO
hpdr499.jpg,0.5782,NO
hpdr5.jpg,0.5102,NO
hpdr500.jpg,0.5755,NO
hpdr501.jpg,0.7249,YES
hpdr502.jpg,0.5239,NO
hpdr503.jpg,0.7423,YES
hpdr504.jpg,0.4995,NO
hpdr505.jpg,0.5768,NO
hpdr506.jpg,0.8149,YES
hpdr507.jpg,0.6840,YES
hpdr509.jpg,0.5954,NO
hpdr51.jpg,0.7871,YES
hpdr510.jpg,0.4653,NO
hpdr511.jpg,0.6982,YES
hpdr512.jpg,0.6314,YES
hpdr513.jpg,0.8156,YES
hpdr514.jpg,0.6454,YES
hpdr515.jpg,0.6913,YES
hpdr516.jpg,0.7184,YES
hpdr517.jpg,0.4773,NO
hpdr518.jpg,0.7106,YES
hpdr519.jpg,0.4201,NO
hpdr52.jpg,0.7589,YES
hpdr520.jpg,0.4791,NO
hpdr521.jpg,0.3990,NO
hpdr523.jpg,0.6835,YES
hpdr525.jpg,0.7251,YES
hpdr526.jpg,0.7391,YES
hpdr527.jpg,0.6933,YES
hpdr528.jpg,0.5513,NO
hpdr529.jpg,0.4713,NO
hpdr53.jpg,0.6969,YES
hpdr530.jpg,0.5373,NO
hpdr531.jpg,0.7144,YES
hpdr532.jpg,0.5020,NO
hpdr533.jpg,0.7628,YES
hpdr534.jpg,0.4118,NO
hpdr535.jpg,0.6849,YES
hpdr536.jpg,0.6893,YES
hpdr537.jpg,0.7324,YES
hpdr538.jpg,0.5085,NO
hpdr539.jpg,0.6052,YES
hpdr540.jpg,0.6192,YES
hpdr541.jpg,0.7566,YES
hpdr542.jpg,0.8166,YES
hpdr543.jpg,0.8220,YES
hpdr544.jpg,0.8194,YES
hpdr545.jpg,0.8185,YES
hpdr546.jpg,0.0278,NO
hpdr548.jpg,0.8174,YES
hpdr549.jpg,0.4862,NO
hpdr55.jpg,0.4203,NO
hpdr550.jpg,0.7029,YES
hpdr551.jpg,0.7300,YES
hpdr552.jpg,0.6943,YES
hpdr553.jpg,0.1339,NO
hpdr554.jpg,0.8216,YES
hpdr555.jpg,0.8069,YES
hpdr558.jpg,0.7674,YES
hpdr559.jpg,0.8546,YES
hpdr560.jpg,0.7045,YES
hpdr562.jpg,0.8130,YES
hpdr563.jpg,0.5885,NO
hpdr564.jpg,0.5482,NO
hpdr565.jpg,0.5186,NO
hpdr566.jpg,0.6630,YES
hpdr567.jpg,0.7136,YES
hpdr568.jpg,0.8009,YES
hpdr57.jpg,0.5483,NO
hpdr571.jpg,0.8263,YES
hpdr572.jpg,0.6130,YES
hpdr574.jpg,0.4859,NO
hpdr576.jpg,0.6732,YES
hpdr577.jpg,0.7667,YES
hpdr579.jpg,0.6378,YES
hpdr58.jpg,0.7253,YES
hpdr580.jpg,0.8286,YES
hpdr582.jpg,0.6740,YES
hpdr583.jpg,0.6178,YES
hpdr584.jpg,0.4902,NO
hpdr585.jpg,0.5794,NO
hpdr586.jpg,0.6998,YES
hpdr587.jpg,0.7963,YES
hpdr588.jpg,0.8486,YES
hpdr59.jpg,0.4860,NO
hpdr590.jpg,0.6977,YES
hpdr592.jpg,0.8093,YES
hpdr591.jpg,0.5271,NO
hpdr593.jpg,0.7063,YES
hpdr594.jpg,0.7407,YES
hpdr595.jpg,0.6970,YES
hpdr596.jpg,0.5107,NO
hpdr597.jpg,0.7066,YES
hpdr598.jpg,0.8209,YES
hpdr599.jpg,0.8095,YES
hpdr6.jpg,0.5975,NO
hpdr60.jpg,0.5280,NO
hpdr600.jpg,0.8051,YES
hpdr601.jpg,0.7303,YES
hpdr603.jpg,0.8154,YES
hpdr604.jpg,0.7793,YES
hpdr605.jpg,0.6817,YES
hpdr606.jpg,0.6522,YES
hpdr608.jpg,0.3458,NO
hpdr609.jpg,0.7067,YES
hpdr61.jpg,0.5523,NO
hpdr610.jpg,0.6367,YES
hpdr611.jpg,0.7057,YES
hpdr612.jpg,0.7250,YES
hpdr614.jpg,0.7528,YES
hpdr615.jpg,0.6708,YES
hpdr616.jpg,0.7523,YES
hpdr617.jpg,0.4398,NO
hpdr618.jpg,0.3053,NO
hpdr619.jpg,0.6400,YES
hpdr620.jpg,0.4970,NO
hpdr621.jpg,0.7147,YES
hpdr623.jpg,0.7195,YES
hpdr624.jpg,0.8534,YES
hpdr625.jpg,0.7371,YES
hpdr626.jpg,0.7869,YES
hpdr627.jpg,0.7493,YES
hpdr629.jpg,0.7450,YES
hpdr632.jpg,0.6978,YES
hpdr633.jpg,0.6240,YES
hpdr634.jpg,0.6588,YES
hpdr635.jpg,0.7991,YES
hpdr636.jpg,0.6333,YES
hpdr637.jpg,0.6718,YES
hpdr638.jpg,0.7302,YES
hpdr639.jpg,0.7757,YES
hpdr640.jpg,0.8068,YES
hpdr641.jpg,0.7152,YES
hpdr642.jpg,0.7769,YES
hpdr643.jpg,0.7718,YES
hpdr645.jpg,0.4978,NO
hpdr644.jpg,0.7425,YES
hpdr646.jpg,0.8221,YES
hpdr647.jpg,0.6781,YES
hpdr649.jpg,0.6093,YES
hpdr650.jpg,0.5699,NO
hpdr652.jpg,0.7858,YES
hpdr653.jpg,0.8267,YES
hpdr654.jpg,0.8352,YES
hpdr655.jpg,0.7323,YES
hpdr656.jpg,0.7950,YES
hpdr657.jpg,0.8623,YES
hpdr658.jpg,0.4354,NO
hpdr659.jpg,0.8034,YES
hpdr66.jpg,0.7233,YES
hpdr660.jpg,0.7479,YES
hpdr661.jpg,0.7212,YES
hpdr662.jpg,0.6830,YES
hpdr664.jpg,0.8339,YES
hpdr665.jpg,0.8296,YES
hpdr666.jpg,0.8086,YES
hpdr668.jpg,0.7414,YES
hpdr670.jpg,0.8133,YES
hpdr671.jpg,0.6065,YES
hpdr672.jpg,0.6139,YES
hpdr673.jpg,0.6496,YES
hpdr674.jpg,0.7808,YES
hpdr675.jpg,0.6849,YES
hpdr676.jpg,0.6492,YES
hpdr677.jpg,0.6717,YES
hpdr679.jpg,0.7487,YES
hpdr678.jpg,0.7604,YES
hpdr680.jpg,0.8779,YES
hpdr681.jpg,0.6569,YES
hpdr682.jpg,0.7735,YES
hpdr683.jpg,0.6059,YES
hpdr684.jpg,0.6112,YES
hpdr685.jpg,0.6700,YES
hpdr686.jpg,0.6389,YES
hpdr687.jpg,0.6763,YES
hpdr688.jpg,0.7366,YES
hpdr689.jpg,0.7261,YES
hpdr69.jpg,0.7148,YES
hpdr690.jpg,0.8006,YES
hpdr691.jpg,0.8528,YES
hpdr692.jpg,0.7519,YES
hpdr693.jpg,0.7118,YES
hpdr694.jpg,0.7218,YES
hpdr695.jpg,0.5242,NO
hpdr697.jpg,0.5975,NO
hpdr698.jpg,0.4089,NO
hpdr699.jpg,0.5767,NO
hpdr7.jpg,0.6595,YES
hpdr700.jpg,0.6271,YES
hpdr701.jpg,0.5778,NO
hpdr702.jpg,0.8364,YES
hpdr703.jpg,0.7318,YES
hpdr704.jpg,0.7942,YES
hpdr705.jpg,0.8381,YES
hpdr706.jpg,0.7026,YES
hpdr707.jpg,0.8129,YES
hpdr708.jpg,0.6856,YES
hpdr709.jpg,0.6432,YES
hpdr710.jpg,0.7165,YES
hpdr711.jpg,0.6248,YES
hpdr712.jpg,0.7971,YES
hpdr713.jpg,0.8489,YES
hpdr714.jpg,0.7740,YES
hpdr715.jpg,0.5447,NO
hpdr716.jpg,0.6549,YES
hpdr717.jpg,0.5974,NO
hpdr718.jpg,0.6573,YES
hpdr72.jpg,0.5779,NO
hpdr720.jpg,0.3681,NO
hpdr721.jpg,0.7008,YES
hpdr722.jpg,0.7688,YES
hpdr723.jpg,0.7984,YES
hpdr724.jpg,0.8505,YES
hpdr725.jpg,0.8218,YES
hpdr727.jpg,0.8657,YES
hpdr728.jpg,0.8613,YES
hpdr73.jpg,0.8162,YES
hpdr729.jpg,0.2593,NO
hpdr730.jpg,0.2440,NO
hpdr731.jpg,0.3237,NO
hpdr732.jpg,0.3795,NO
hpdr733.jpg,0.6902,YES
hpdr734.jpg,0.3224,NO
hpdr735.jpg,0.8177,YES
hpdr736.jpg,0.7189,YES
hpdr737.jpg,0.7013,YES
hpdr74.jpg,0.5665,NO
hpdr739.jpg,0.5785,NO
hpdr740.jpg,0.4598,NO
hpdr741.jpg,0.2187,NO
hpdr743.jpg,0.3293,NO
hpdr742.jpg,0.8196,YES
hpdr744.jpg,0.7664,YES
hpdr745.jpg,0.7435,YES
hpdr746.jpg,0.8236,YES
hpdr747.jpg,0.8495,YES
hpdr748.jpg,0.8734,YES
hpdr749.jpg,0.8832,YES
hpdr75.jpg,0.8608,YES
hpdr750.jpg,0.5572,NO
hpdr751.jpg,0.8951,YES
hpdr752.jpg,0.5485,NO
hpdr753.jpg,0.5036,NO
hpdr754.jpg,0.8298,YES
hpdr755.jpg,0.5652,NO
hpdr756.jpg,0.5134,NO
hpdr759.jpg,0.7925,YES
hpdr76.jpg,0.8115,YES
hpdr760.jpg,0.4153,NO
hpdr761.jpg,0.8588,YES
hpdr763.jpg,0.8613,YES
hpdr764.jpg,0.5030,NO
hpdr765.jpg,0.4741,NO
hpdr766.jpg,0.7624,YES
hpdr767.jpg,0.5594,NO
hpdr768.jpg,0.8737,YES
hpdr769.jpg,0.5021,NO
hpdr77.jpg,0.5931,NO
hpdr771.jpg,0.8399,YES
hpdr770.jpg,0.7981,YES
hpdr772.jpg,0.8934,YES
hpdr773.jpg,0.5980,NO
hpdr774.jpg,0.6040,YES
hpdr775.jpg,0.8185,YES
hpdr776.jpg,0.7715,YES
hpdr777.jpg,0.4350,NO
hpdr778.jpg,0.7404,YES
hpdr78.jpg,0.4454,NO
hpdr780.jpg,0.8604,YES
hpdr782.jpg,0.8863,YES
hpdr783.jpg,0.8271,YES
hpdr784.jpg,0.4278,NO
hpdr786.jpg,0.7662,YES
hpdr788.jpg,0.5154,NO
hpdr789.jpg,0.7949,YES
hpdr79.jpg,0.5182,NO
hpdr790.jpg,0.7584,YES
hpdr791.jpg,0.8520,YES
hpdr792.jpg,0.8949,YES
hpdr793.jpg,0.8806,YES
hpdr794.jpg,0.8796,YES
hpdr795.jpg,0.8176,YES
hpdr796.jpg,0.8688,YES
hpdr797.jpg,0.4326,NO
hpdr798.jpg,0.1755,NO
hpdr799.jpg,0.7038,YES
hpdr8.jpg,0.8384,YES
hpdr80.jpg,0.7268,YES
hpdr800.jpg,0.7115,YES
hpdr801.jpg,0.7066,YES
hpdr802.jpg,0.7344,YES
hpdr803.jpg,0.5432,NO
hpdr804.jpg,0.3530,NO
hpdr805.jpg,0.3646,NO
hpdr806.jpg,0.4218,NO
hpdr807.jpg,0.6013,YES
hpdr808.jpg,0.6866,YES
hpdr811.jpg,0.5399,NO
hpdr809.jpg,0.7380,YES
hpdr810.jpg,0.5083,NO
hpdr812.jpg,0.8077,YES
hpdr813.jpg,0.8294,YES
hpdr814.jpg,0.8302,YES
hpdr815.jpg,0.5633,NO
hpdr817.jpg,0.3868,NO
hpdr818.jpg,0.5184,NO
hpdr82.jpg,0.4376,NO
hpdr819.jpg,0.6404,YES
hpdr820.jpg,0.7072,YES
hpdr821.jpg,0.8695,YES
hpdr822.jpg,0.8130,YES
hpdr823.jpg,0.5499,NO
hpdr824.jpg,0.8163,YES
hpdr825.jpg,0.4978,NO
hpdr826.jpg,0.7933,YES
hpdr827.jpg,0.3246,NO
hpdr828.jpg,0.8000,YES
hpdr829.jpg,0.7769,YES
hpdr830.jpg,0.7877,YES
hpdr837.jpg,0.9156,YES
hpdr838.jpg,0.5427,NO
hpdr84.jpg,0.6951,YES
hpdr840.jpg,0.8242,YES
hpdr841.jpg,0.8895,YES
hpdr842.jpg,0.6787,YES
hpdr844.jpg,0.8096,YES
hpdr845.jpg,0.7812,YES
hpdr847.jpg,0.5177,NO
hpdr846.jpg,0.8095,YES
hpdr848.jpg,0.4958,NO
hpdr849.jpg,0.6085,YES
hpdr850.jpg,0.5715,NO
hpdr851.jpg,0.9135,YES
hpdr852.jpg,0.4325,NO
hpdr853.jpg,0.7019,YES
hpdr854.jpg,0.5780,NO
hpdr856.jpg,0.4504,NO
hpdr857.jpg,0.7955,YES
hpdr858.jpg,0.6908,YES
hpdr859.jpg,0.8583,YES
hpdr860.jpg,0.8206,YES
hpdr862.jpg,0.5867,NO
hpdr863.jpg,0.5041,NO
hpdr865.jpg,0.5356,NO
hpdr866.jpg,0.6439,YES
hpdr867.jpg,0.3234,NO
hpdr868.jpg,0.8416,YES
hpdr869.jpg,0.7103,YES
hpdr870.jpg,0.8373,YES
hpdr87.jpg,0.4959,NO
hpdr871.jpg,0.5227,NO
hpdr872.jpg,0.9057,YES
hpdr873.jpg,0.8191,YES
hpdr874.jpg,0.3213,NO
hpdr875.jpg,0.4839,NO
hpdr876.jpg,0.8604,YES
hpdr877.jpg,0.6594,YES
hpdr878.jpg,0.7189,YES
hpdr880.jpg,0.6917,YES
hpdr881.jpg,0.0426,NO
hpdr883.jpg,0.4655,NO
hpdr882.jpg,0.3373,NO
hpdr884.jpg,0.4150,NO
hpdr885.jpg,0.7460,YES
hpdr886.jpg,0.3019,NO
hpdr887.jpg,0.4441,NO
hpdr888.jpg,0.4154,NO
hpdr889.jpg,0.4480,NO
hpdr89.jpg,0.4383,NO
hpdr891.jpg,0.8450,YES
hpdr892.jpg,0.6763,YES
hpdr893.jpg,0.6410,YES
hpdr894.jpg,0.5373,NO
hpdr896.jpg,0.4589,NO
hpdr897.jpg,0.4570,NO
hpdr898.jpg,0.6577,YES
hpdr899.jpg,0.7065,YES
hpdr90.jpg,0.3342,NO
hpdr9.jpg,0.8026,YES
hpdr900.jpg,0.6314,YES
hpdr902.jpg,0.8469,YES
hpdr903.jpg,0.4732,NO
hpdr904.jpg,0.7125,YES
hpdr905.jpg,0.7085,YES
hpdr906.jpg,0.7771,YES
hpdr908.jpg,0.5348,NO
hpdr909.jpg,0.6740,YES
hpdr91.jpg,0.1952,NO
hpdr910.jpg,0.5352,NO
hpdr913.jpg,0.8758,YES
hpdr915.jpg,0.4379,NO
hpdr916.jpg,0.4177,NO
hpdr917.jpg,0.4175,NO
hpdr918.jpg,0.7852,YES
hpdr919.jpg,0.2891,NO
hpdr92.jpg,0.5840,NO
hpdr922.jpg,0.2720,NO
hpdr923.jpg,0.1119,NO
hpdr924.jpg,0.8199,YES
hpdr925.jpg,0.6111,YES
hpdr926.jpg,0.2748,NO
hpdr928.jpg,0.5238,NO
hpdr929.jpg,0.2534,NO
hpdr93.jpg,0.3800,NO
hpdr930.jpg,0.7576,YES
hpdr931.jpg,0.4865,NO
hpdr932.jpg,0.3842,NO
hpdr935.jpg,0.8753,YES
hpdr939.jpg,0.3728,NO
hpdr94.jpg,0.6927,YES
hpdr940.jpg,0.4767,NO
hpdr942.jpg,0.4362,NO
hpdr943.jpg,0.6559,YES
hpdr944.jpg,0.6926,YES
hpdr945.jpg,0.4706,NO
hpdr946.jpg,0.8739,YES
hpdr948.jpg,0.8008,YES
hpdr949.jpg,0.7715,YES
hpdr95.jpg,0.7709,YES
hpdr950.jpg,0.8023,YES
hpdr951.jpg,0.7746,YES
hpdr953.jpg,0.8421,YES
hpdr952.jpg,0.8264,YES
hpdr954.jpg,0.5963,NO
hpdr955.jpg,0.6516,YES
hpdr956.jpg,0.8116,YES
hpdr957.jpg,0.8664,YES
hpdr958.jpg,0.8186,YES
hpdr96.jpg,0.7420,YES
hpdr960.jpg,0.8222,YES
hpdr962.jpg,0.8247,YES
hpdr963.jpg,0.8182,YES
hpdr964.jpg,0.8187,YES
hpdr965.jpg,0.8173,YES
hpdr966.jpg,0.6453,YES
hpdr967.jpg,0.8291,YES
hpdr968.jpg,0.8535,YES
hpdr969.jpg,0.8304,YES
hpdr970.jpg,0.8572,YES
hpdr971.jpg,0.8651,YES
hpdr972.jpg,0.8325,YES
hpdr973.jpg,0.8215,YES
hpdr974.jpg,0.8332,YES
hpdr975.jpg,0.8397,YES
hpdr976.jpg,0.8292,YES
hpdr977.jpg,0.8290,YES
hpdr978.jpg,0.3660,NO
hpdr979.jpg,0.8063,YES
hpdr98.jpg,0.4015,NO
hpdr980.jpg,0.8512,YES
hpdr981.jpg,0.8325,YES
hpdr982.jpg,0.8714,YES
hpdr983.jpg,0.8322,YES
hpdr984.jpg,0.8656,YES
hpdr985.jpg,0.8607,YES
hpdr986.jpg,0.8585,YES
hpdr987.jpg,0.8094,YES
hpdr988.jpg,0.7929,YES
hpdr990.jpg,0.8439,YES
hpdr991.jpg,0.3372,NO
hpdr992.jpg,0.5053,NO
hpdr993.jpg,0.8505,YES
hptm01.jpg,0.6688,YES
hptm03.jpg,0.7074,YES
hptm1000.jpg,0.5707,NO
hptm1001.jpg,0.5128,NO
hptm1002.jpg,0.4460,NO
hptm1003.jpg,0.6901,YES
hptm1005.jpg,0.7686,YES
hptm1004.jpg,0.6855,YES
hptm1006.jpg,0.7451,YES
hptm1007.jpg,0.7210,YES
hptm1008.jpg,0.6974,YES
hptm1010.jpg,0.6982,YES
hptm1011.jpg,0.1939,NO
hptm1012.jpg,0.6472,YES
hptm1013.jpg,0.3666,NO
hptm1015.jpg,0.5580,NO
hptm1014.jpg,0.0967,NO
hptm1016.jpg,0.2817,NO
hptm1018.jpg,0.7426,YES
hptm1019.jpg,0.6797,YES
hptm1020.jpg,0.7197,YES
hptm1021.jpg,0.7434,YES
hptm1022.jpg,0.7081,YES
hptm1023.jpg,0.6230,YES
hptm1026.jpg,0.5987,NO
hptm1027.jpg,0.2345,NO
hptm1028.jpg,0.3077,NO
hptm1029.jpg,0.4020,NO
hptm1030.jpg,0.6566,YES
hptm1031.jpg,0.5028,NO
hptm1032.jpg,0.6665,YES
hptm1034.jpg,0.6948,YES
hptm1033.jpg,0.6247,YES
hptm1037.jpg,0.7216,YES
hptm1035.jpg,0.6108,YES
hptm1038.jpg,0.7141,YES
hptm1039.jpg,0.1779,NO
hptm104.jpg,0.3800,NO
hptm1040.jpg,0.2501,NO
hptm1042.jpg,0.5890,NO
hptm1041.jpg,0.0328,NO
hptm1043.jpg,0.5446,NO
hptm1044.jpg,0.4380,NO
hptm1045.jpg,0.6252,YES
hptm1046.jpg,0.6890,YES
hptm1047.jpg,0.3919,NO
hptm1048.jpg,0.6089,YES
hptm105.jpg,0.6383,YES
hptm1050.jpg,0.7054,YES
hptm1051.jpg,0.6930,YES
hptm1052.jpg,0.7278,YES
hptm1053.jpg,0.6677,YES
hptm1054.jpg,0.6898,YES
hptm1055.jpg,0.6903,YES
hptm1056.jpg,0.6597,YES
hptm1057.jpg,0.3632,NO
hptm1058.jpg,0.7052,YES
hptm1059.jpg,0.7221,YES
hptm1060.jpg,0.7637,YES
hptm1061.jpg,0.7667,YES
hptm1063.jpg,0.7636,YES
hptm1062.jpg,0.7542,YES
hptm1064.jpg,0.7345,YES
hptm1065.jpg,0.7235,YES
hptm1068.jpg,0.6719,YES
hptm1069.jpg,0.7208,YES
hptm107.jpg,0.6985,YES
hptm1070.jpg,0.7491,YES
hptm1073.jpg,0.7118,YES
hptm1072.jpg,0.7248,YES
hptm1074.jpg,0.7292,YES
hptm1076.jpg,0.6569,YES
hptm1075.jpg,0.7189,YES
hptm1078.jpg,0.6987,YES
hptm1079.jpg,0.6566,YES
hptm1080.jpg,0.7634,YES
hptm1081.jpg,0.7327,YES
hptm1082.jpg,0.7241,YES
hptm1083.jpg,0.7094,YES
hptm1084.jpg,0.7328,YES
hptm1085.jpg,0.7527,YES
hptm1086.jpg,0.7316,YES
hptm1087.jpg,0.7772,YES
hptm1090.jpg,0.6206,YES
hptm1091.jpg,0.5966,NO
hptm1092.jpg,0.4708,NO
hptm1094.jpg,0.6910,YES
hptm1095.jpg,0.6084,YES
hptm1096.jpg,0.6747,YES
hptm1098.jpg,0.5731,NO
hptm1099.jpg,0.5950,NO
hptm1100.jpg,0.4298,NO
hptm1102.jpg,0.5588,NO
hptm1101.jpg,0.6580,YES
hptm1103.jpg,0.5178,NO
hptm1104.jpg,0.6121,YES
hptm1105.jpg,0.2391,NO
hptm1106.jpg,0.4807,NO
hptm1108.jpg,0.4331,NO
hptm1109.jpg,0.4085,NO
hptm1110.jpg,0.6016,YES
hptm1112.jpg,0.6926,YES
hptm1113.jpg,0.5955,NO
hptm1114.jpg,0.2467,NO
hptm1115.jpg,0.5061,NO
hptm1116.jpg,0.6125,YES
hptm1117.jpg,0.6609,YES
hptm1118.jpg,0.2864,NO
hptm1119.jpg,0.6763,YES
hptm1120.jpg,0.6931,YES
hptm1121.jpg,0.5737,NO
hptm1122.jpg,0.6246,YES
hptm1123.jpg,0.6082,YES
hptm1124.jpg,0.5465,NO
hptm1125.jpg,0.6742,YES
hptm1126.jpg,0.3138,NO
hptm1127.jpg,0.4638,NO
hptm1130.jpg,0.7340,YES
hptm1129.jpg,0.6422,YES
hptm1131.jpg,0.6527,YES
hptm1132.jpg,0.4748,NO
hptm1134.jpg,0.5920,NO
hptm1135.jpg,0.5230,NO
hptm1136.jpg,0.4829,NO
hptm1137.jpg,0.5070,NO
hptm1139.jpg,0.5866,NO
hptm1141.jpg,0.6064,YES
hptm1142.jpg,0.6242,YES
hptm1143.jpg,0.5291,NO
hptm1144.jpg,0.6335,YES
hptm1145.jpg,0.6773,YES
hptm1146.jpg,0.6027,YES
hptm1147.jpg,0.5489,NO
hptm1149.jpg,0.5321,NO
hptm1150.jpg,0.5831,NO
hptm1151.jpg,0.4664,NO
hptm1152.jpg,0.3809,NO
hptm1153.jpg,0.4130,NO
hptm1154.jpg,0.3570,NO
hptm1155.jpg,0.3996,NO
hptm1156.jpg,0.3623,NO
hptm1157.jpg,0.4006,NO
hptm1158.jpg,0.3170,NO
hptm1159.jpg,0.3408,NO
hptm1160.jpg,0.1505,NO
hptm1161.jpg,0.3714,NO
hptm1162.jpg,0.3946,NO
hptm1164.jpg,0.4575,NO
hptm1165.jpg,0.3541,NO
hptm1166.jpg,0.6511,YES
hptm1167.jpg,0.2741,NO
hptm1168.jpg,0.3765,NO
hptm1169.jpg,0.7140,YES
hptm1170.jpg,0.3458,NO
hptm1171.jpg,0.3724,NO
hptm1173.jpg,0.4074,NO
hptm1176.jpg,0.4364,NO
hptm1177.jpg,0.4784,NO
hptm1175.jpg,0.4265,NO
hptm1178.jpg,0.4253,NO
hptm1179.jpg,0.2776,NO
hptm1180.jpg,0.2496,NO
hptm1181.jpg,0.3416,NO
hptm1184.jpg,0.6136,YES
hptm1186.jpg,0.6173,YES
hptm1187.jpg,0.6504,YES
hptm1185.jpg,0.4719,NO
hptm1188.jpg,0.4978,NO
hptm1189.jpg,0.6887,YES
hptm1190.jpg,0.3911,NO
hptm1191.jpg,0.5994,NO
hptm1192.jpg,0.5552,NO
hptm1193.jpg,0.5615,NO
hptm1194.jpg,0.5661,NO
hptm1196.jpg,0.6464,YES
hptm1197.jpg,0.7479,YES
hptm1198.jpg,0.7495,YES
hptm1199.jpg,0.4051,NO
hptm1200.jpg,0.6741,YES
hptm1201.jpg,0.5764,NO
hptm1204.jpg,0.6354,YES
hptm1203.jpg,0.7357,YES
hptm1206.jpg,0.6595,YES
hptm1205.jpg,0.4677,NO
hptm1207.jpg,0.6156,YES
hptm1209.jpg,0.3843,NO
hptm1208.jpg,0.5022,NO
hptm1212.jpg,0.6187,YES
hptm1223.jpg,0.6341,YES
hptm1224.jpg,0.5891,NO
hptm1225.jpg,0.3705,NO
hptm1226.jpg,0.3286,NO
hptm1228.jpg,0.7176,YES
hptm1230.jpg,0.2462,NO
hptm1229.jpg,0.4546,NO
hptm1231.jpg,0.3608,NO
hptm1233.jpg,0.4317,NO
hptm1234.jpg,0.7041,YES
hptm1235.jpg,0.6017,YES
hptm1236.jpg,0.6739,YES
hptm1237.jpg,0.4318,NO
hptm1239.jpg,0.7208,YES
hptm1238.jpg,0.5552,NO
hptm1240.jpg,0.6355,YES
hptm1242.jpg,0.6232,YES
hptm1241.jpg,0.4531,NO
hptm1243.jpg,0.4549,NO
hptm1245.jpg,0.6667,YES
hptm1247.jpg,0.6683,YES
hptm1249.jpg,0.3981,NO
hptm1246.jpg,0.5867,NO
hptm1250.jpg,0.3225,NO
hptm1251.jpg,0.3780,NO
hptm1252.jpg,0.3659,NO
hptm1253.jpg,0.2485,NO
hptm1254.jpg,0.2771,NO
hptm1255.jpg,0.6490,YES
hptm1256.jpg,0.6363,YES
hptm1257.jpg,0.6902,YES
hptm1258.jpg,0.6281,YES
hptm1259.jpg,0.5609,NO
hptm1260.jpg,0.5321,NO
hptm1261.jpg,0.2648,NO
hptm1262.jpg,0.6834,YES
hptm1263.jpg,0.3501,NO
hptm1264.jpg,0.6003,YES
hptm1265.jpg,0.6189,YES
hptm1267.jpg,0.7040,YES
hptm1269.jpg,0.5085,NO
hptm1268.jpg,0.7768,YES
hptm1270.jpg,0.5057,NO
hptm1271.jpg,0.7019,YES
hptm1273.jpg,0.7204,YES
hptm1274.jpg,0.4426,NO
hptm1275.jpg,0.3246,NO
hptm1276.jpg,0.0958,NO
hptm1277.jpg,0.6208,YES
hptm1280.jpg,0.5711,NO
hptm1278.jpg,0.5671,NO
hptm1281.jpg,0.3692,NO
hptm1282.jpg,0.6360,YES
hptm1283.jpg,0.6680,YES
hptm1284.jpg,0.3471,NO
hptm1285.jpg,0.4005,NO
hptm1286.jpg,0.5640,NO
hptm1287.jpg,0.1931,NO
hptm1288.jpg,0.3343,NO
hptm1290.jpg,0.8081,YES
hptm1289.jpg,0.1153,NO
hptm1292.jpg,0.6530,YES
hptm1291.jpg,0.5480,NO
hptm1293.jpg,0.6595,YES
hptm1294.jpg,0.5348,NO
hptm1295.jpg,0.5749,NO
hptm1296.jpg,0.5341,NO
hptm1297.jpg,0.3238,NO
hptm1298.jpg,0.4094,NO
hptm1300.jpg,0.2797,NO
hptm1299.jpg,0.3715,NO
hptm1301.jpg,0.8238,YES
hptm1302.jpg,0.6684,YES
hptm1303.jpg,0.4930,NO
hptm1304.jpg,0.1189,NO
hptm1305.jpg,0.6900,YES
hptm1306.jpg,0.6671,YES
hptm1307.jpg,0.6133,YES
hptm1308.jpg,0.5543,NO
hptm1309.jpg,0.0928,NO
hptm1310.jpg,0.5897,NO
hptm1311.jpg,0.5567,NO
hptm1313.jpg,0.4531,NO
hptm1315.jpg,0.5754,NO
hptm1316.jpg,0.5554,NO
hptm1317.jpg,0.5596,NO
hptm1318.jpg,0.1329,NO
hptm1319.jpg,0.7045,YES
hptm1320.jpg,0.7619,YES
hptm1321.jpg,0.7836,YES
hptm1323.jpg,0.8198,YES
hptm1322.jpg,0.7959,YES
hptm1325.jpg,0.7529,YES
hptm1326.jpg,0.2184,NO
hptm1327.jpg,0.2458,NO
hptm1328.jpg,0.4366,NO
hptm1329.jpg,0.4913,NO
hptm1330.jpg,0.6495,YES
hptm1331.jpg,0.7011,YES
hptm1333.jpg,0.6299,YES
hptm1334.jpg,0.4150,NO
hptm1335.jpg,0.7970,YES
hptm1337.jpg,0.6351,YES
hptm1338.jpg,0.6789,YES
hptm1339.jpg,0.6766,YES
hptm1340.jpg,0.6424,YES
hptm1342.jpg,0.2123,NO
hptm1345.jpg,0.4621,NO
hptm1346.jpg,0.7863,YES
hptm1341.jpg,0.5665,NO
hptm1347.jpg,0.5647,NO
hptm1348.jpg,0.5940,NO
hptm1349.jpg,0.3982,NO
hptm1350.jpg,0.5726,NO
hptm1351.jpg,0.6182,YES
hptm1352.jpg,0.6895,YES
hptm1353.jpg,0.5116,NO
hptm1354.jpg,0.7403,YES
hptm1355.jpg,0.6603,YES
hptm1356.jpg,0.6761,YES
hptm1357.jpg,0.8068,YES
hptm1358.jpg,0.6580,YES
hptm1359.jpg,0.6808,YES
hptm1360.jpg,0.5315,NO
hptm1363.jpg,0.4344,NO
hptm1364.jpg,0.4438,NO
hptm1365.jpg,0.3779,NO
hptm1366.jpg,0.3811,NO
hptm1369.jpg,0.6072,YES
hptm1368.jpg,0.7593,YES
hptm1370.jpg,0.4144,NO
hptm1371.jpg,0.6382,YES
hptm1372.jpg,0.3758,NO
hptm1373.jpg,0.5856,NO
hptm1374.jpg,0.2971,NO
hptm1375.jpg,0.6186,YES
hptm1376.jpg,0.2888,NO
hptm1377.jpg,0.6466,YES
hptm1378.jpg,0.1869,NO
hptm1380.jpg,0.3364,NO
hptm1381.jpg,0.2731,NO
hptm1382.jpg,0.6427,YES
hptm1383.jpg,0.5544,NO
hptm1384.jpg,0.7409,YES
hptm1387.jpg,0.5782,NO
hptm1386.jpg,0.6042,YES
hptm1388.jpg,0.7491,YES
hptm1389.jpg,0.7771,YES
hptm1390.jpg,0.8035,YES
hptm1391.jpg,0.8296,YES
hptm1392.jpg,0.7517,YES
hptm1394.jpg,0.6354,YES
hptm1395.jpg,0.3785,NO
hptm1396.jpg,0.3254,NO
hptm1397.jpg,0.5334,NO
hptm1398.jpg,0.5438,NO
hptm1399.jpg,0.2604,NO
hptm1400.jpg,0.5978,NO
hptm1401.jpg,0.7754,YES
hptm1402.jpg,0.5490,NO
hptm1404.jpg,0.4976,NO
hptm1405.jpg,0.4322,NO
hptm1406.jpg,0.2821,NO
hptm1407.jpg,0.4248,NO
hptm1408.jpg,0.3332,NO
hptm1409.jpg,0.3384,NO
hptm1410.jpg,0.3856,NO
hptm1411.jpg,0.3024,NO
hptm1414.jpg,0.3746,NO
hptm1413.jpg,0.0910,NO
hptm1416.jpg,0.5984,NO
hptm1415.jpg,0.3838,NO
hptm1417.jpg,0.5968,NO
hptm1418.jpg,0.5272,NO
hptm1419.jpg,0.2826,NO
hptm1420.jpg,0.2943,NO
hptm1422.jpg,0.5455,NO
hptm1421.jpg,0.2987,NO
hptm1423.jpg,0.7808,YES
hptm1424.jpg,0.4287,NO
hptm1426.jpg,0.6030,YES
hptm1427.jpg,0.5431,NO
hptm1428.jpg,0.6114,YES
hptm1429.jpg,0.6677,YES
hptm1430.jpg,0.6582,YES
hptm1431.jpg,0.6247,YES
hptm1432.jpg,0.6222,YES
hptm1433.jpg,0.3573,NO
hptm1434.jpg,0.6785,YES
hptm1435.jpg,0.2992,NO
hptm1437.jpg,0.2535,NO
hptm1436.jpg,0.5642,NO
hptm1439.jpg,0.3164,NO
hptm1438.jpg,0.6515,YES
hptm1440.jpg,0.6004,YES
hptm1441.jpg,0.5687,NO
hptm1443.jpg,0.4468,NO
hptm1444.jpg,0.5503,NO
hptm1445.jpg,0.6060,YES
hptm1446.jpg,0.7113,YES
hptm1448.jpg,0.8164,YES
hptm1447.jpg,0.7013,YES
hptm1449.jpg,0.5748,NO
hptm1451.jpg,0.5797,NO
hptm1450.jpg,0.3669,NO
hptm1452.jpg,0.3924,NO
hptm1454.jpg,0.7091,YES
hptm1455.jpg,0.6662,YES
hptm1457.jpg,0.5074,NO
hptm1456.jpg,0.3915,NO
hptm1458.jpg,0.4385,NO
hptm1460.jpg,0.4162,NO
hptm1461.jpg,0.6769,YES
hptm1462.jpg,0.4676,NO
hptm1464.jpg,0.5577,NO
hptm1465.jpg,0.3669,NO
hptm1466.jpg,0.4380,NO
hptm1467.jpg,0.6043,YES
hptm1468.jpg,0.6313,YES
hptm1469.jpg,0.6017,YES
hptm1470.jpg,0.2034,NO
hptm1471.jpg,0.2336,NO
hptm1472.jpg,0.3814,NO
hptm1473.jpg,0.5235,NO
hptm1474.jpg,0.5176,NO
hptm1475.jpg,0.2618,NO
hptm1477.jpg,0.6529,YES
hptm1476.jpg,0.5406,NO
hptm1478.jpg,0.5549,NO
hptm1479.jpg,0.4546,NO
hptm148.jpg,0.6954,YES
hptm1480.jpg,0.6927,YES
hptm1482.jpg,0.7830,YES
hptm1483.jpg,0.7868,YES
hptm1484.jpg,0.7664,YES
hptm1485.jpg,0.6827,YES
hptm1486.jpg,0.5316,NO
hptm1487.jpg,0.7414,YES
hptm1488.jpg,0.6398,YES
hptm1489.jpg,0.7361,YES
hptm1490.jpg,0.3264,NO
hptm1491.jpg,0.5132,NO
hptm1492.jpg,0.5953,NO
hptm1493.jpg,0.6295,YES
hptm1494.jpg,0.6088,YES
hptm1496.jpg,0.6373,YES
hptm1497.jpg,0.7105,YES
hptm1500.jpg,0.5958,NO
hptm1498.jpg,0.7492,YES
hptm1501.jpg,0.6563,YES
hptm1502.jpg,0.5694,NO
hptm1503.jpg,0.5613,NO
hptm1504.jpg,0.5293,NO
hptm1505.jpg,0.5925,NO
hptm1506.jpg,0.3874,NO
hptm1507.jpg,0.5905,NO
hptm1508.jpg,0.5949,NO
hptm1509.jpg,0.5541,NO
hptm1510.jpg,0.5862,NO
hptm1511.jpg,0.6351,YES
hptm1512.jpg,0.3226,NO
hptm1513.jpg,0.5653,NO
hptm1514.jpg,0.4524,NO
hptm1515.jpg,0.5444,NO
hptm1516.jpg,0.6545,YES
hptm1517.jpg,0.7023,YES
hptm1518.jpg,0.8039,YES
hptm1519.jpg,0.6662,YES
hptm152.jpg,0.5575,NO
hptm1520.jpg,0.1791,NO
hptm1521.jpg,0.6985,YES
hptm1522.jpg,0.6716,YES
hptm1523.jpg,0.5374,NO
hptm1524.jpg,0.3005,NO
hptm1525.jpg,0.6767,YES
hptm1526.jpg,0.6499,YES
hptm1528.jpg,0.6973,YES
hptm153.jpg,0.3523,NO
hptm1530.jpg,0.7156,YES
hptm1531.jpg,0.7110,YES
hptm1532.jpg,0.6906,YES
hptm1533.jpg,0.7033,YES
hptm1534.jpg,0.6089,YES
hptm1536.jpg,0.6371,YES
hptm1537.jpg,0.6903,YES
hptm1539.jpg,0.6986,YES
hptm1540.jpg,0.7154,YES
hptm1541.jpg,0.2314,NO
hptm1542.jpg,0.6483,YES
hptm1543.jpg,0.4619,NO
hptm1544.jpg,0.3656,NO
hptm1545.jpg,0.5493,NO
hptm1546.jpg,0.5853,NO
hptm1547.jpg,0.0464,NO
hptm1548.jpg,0.6387,YES
hptm1549.jpg,0.4854,NO
hptm155.jpg,0.6305,YES
hptm1550.jpg,0.0843,NO
hptm1552.jpg,0.5407,NO
hptm1553.jpg,0.6092,YES
hptm1554.jpg,0.4698,NO
hptm1555.jpg,0.8049,YES
hptm1557.jpg,0.6092,YES
hptm1556.jpg,0.3806,NO
hptm1558.jpg,0.6155,YES
hptm1559.jpg,0.5177,NO
hptm1560.jpg,0.2943,NO
hptm1561.jpg,0.6424,YES
hptm1562.jpg,0.6114,YES
hptm1563.jpg,0.6324,YES
hptm1564.jpg,0.6400,YES
hptm1565.jpg,0.5943,NO
hptm1566.jpg,0.6975,YES
hptm1567.jpg,0.1252,NO
hptm1568.jpg,0.6999,YES
hptm1569.jpg,0.6122,YES
hptm1570.jpg,0.2926,NO
hptm1571.jpg,0.1746,NO
hptm1572.jpg,0.4856,NO
hptm1573.jpg,0.5205,NO
hptm1574.jpg,0.3454,NO
hptm1575.jpg,0.2799,NO
hptm1577.jpg,0.6539,YES
hptm1578.jpg,0.6065,YES
hptm1579.jpg,0.5615,NO
hptm1580.jpg,0.6668,YES
hptm1581.jpg,0.5668,NO
hptm1582.jpg,0.5496,NO
hptm1583.jpg,0.6156,YES
hptm1584.jpg,0.4046,NO
hptm1585.jpg,0.4147,NO
hptm1586.jpg,0.4209,NO
hptm1587.jpg,0.2712,NO
hptm1588.jpg,0.6827,YES
hptm1589.jpg,0.6621,YES
hptm1590.jpg,0.4577,NO
hptm1591.jpg,0.6321,YES
hptm1592.jpg,0.6988,YES
hptm1593.jpg,0.7230,YES
hptm1594.jpg,0.6663,YES
hptm1595.jpg,0.7301,YES
hptm1596.jpg,0.7199,YES
hptm1598.jpg,0.7425,YES
hptm1599.jpg,0.4212,NO
hptm1600.jpg,0.5900,NO
hptm1602.jpg,0.5596,NO
hptm1601.jpg,0.6080,YES
hptm1603.jpg,0.4186,NO
hptm1604.jpg,0.6781,YES
hptm1605.jpg,0.6301,YES
hptm1606.jpg,0.5260,NO
hptm1607.jpg,0.6985,YES
hptm1608.jpg,0.4451,NO
hptm1610.jpg,0.4302,NO
hptm1611.jpg,0.7596,YES
hptm1612.jpg,0.6669,YES
hptm1613.jpg,0.7725,YES
hptm1614.jpg,0.6938,YES
hptm1616.jpg,0.6912,YES
hptm1615.jpg,0.7283,YES
hptm1617.jpg,0.7450,YES
hptm1618.jpg,0.7548,YES
hptm1619.jpg,0.7187,YES
hptm1620.jpg,0.7055,YES
hptm1621.jpg,0.7157,YES
hptm1622.jpg,0.7048,YES
hptm1623.jpg,0.7723,YES
hptm1624.jpg,0.7336,YES
hptm1626.jpg,0.7235,YES
hptm1625.jpg,0.7509,YES
hptm1627.jpg,0.7656,YES
hptm1628.jpg,0.7371,YES
hptm1629.jpg,0.7297,YES
hptm1630.jpg,0.7380,YES
hptm1631.jpg,0.7537,YES
hptm1632.jpg,0.7660,YES
hptm1634.jpg,0.7899,YES
hptm1633.jpg,0.7335,YES
hptm1635.jpg,0.7379,YES
hptm1636.jpg,0.7731,YES
hptm1637.jpg,0.7811,YES
hptm1638.jpg,0.7412,YES
hptm164.jpg,0.3836,NO
hptm1639.jpg,0.7259,YES
hptm1640.jpg,0.6917,YES
hptm1641.jpg,0.7754,YES
hptm1646.jpg,0.7013,YES
hptm1645.jpg,0.7927,YES
hptm1647.jpg,0.6751,YES
hptm1648.jpg,0.4918,NO
hptm1651.jpg,0.3554,NO
hptm1649.jpg,0.6539,YES
hptm1652.jpg,0.4465,NO
hptm1654.jpg,0.7111,YES
hptm1653.jpg,0.6296,YES
hptm1655.jpg,0.6599,YES
hptm1656.jpg,0.8053,YES
hptm1657.jpg,0.6670,YES
hptm166.jpg,0.5934,NO
hptm1658.jpg,0.6946,YES
hptm1660.jpg,0.5944,NO
hptm1661.jpg,0.5814,NO
hptm1662.jpg,0.5952,NO
hptm1663.jpg,0.6333,YES
hptm1664.jpg,0.5858,NO
hptm1665.jpg,0.5890,NO
hptm1666.jpg,0.5383,NO
hptm1667.jpg,0.5751,NO
hptm1669.jpg,0.8020,YES
hptm1668.jpg,0.6694,YES
hptm1670.jpg,0.5190,NO
hptm1671.jpg,0.6800,YES
hptm1672.jpg,0.6386,YES
hptm1673.jpg,0.7029,YES
hptm1674.jpg,0.6828,YES
hptm1675.jpg,0.6988,YES
hptm1676.jpg,0.7213,YES
hptm1677.jpg,0.7698,YES
hptm1678.jpg,0.7492,YES
hptm1680.jpg,0.7263,YES
hptm1681.jpg,0.6794,YES
hptm1682.jpg,0.7782,YES
hptm1683.jpg,0.4200,NO
hptm1684.jpg,0.6326,YES
hptm1685.jpg,0.6065,YES
hptm1686.jpg,0.3515,NO
hptm1687.jpg,0.3774,NO
hptm1688.jpg,0.0959,NO
hptm1690.jpg,0.6245,YES
hptm1689.jpg,0.6282,YES
hptm1691.jpg,0.5356,NO
hptm1694.jpg,0.5451,NO
hptm1696.jpg,0.5518,NO
hptm1698.jpg,0.4375,NO
hptm1697.jpg,0.5654,NO
hptm1699.jpg,0.5809,NO
hptm1701.jpg,0.6662,YES
hptm1702.jpg,0.6515,YES
hptm1700.jpg,0.5016,NO
hptm1703.jpg,0.6506,YES
hptm1704.jpg,0.7483,YES
hptm1705.jpg,0.7217,YES
hptm1706.jpg,0.5109,NO
hptm1707.jpg,0.6894,YES
hptm1708.jpg,0.7438,YES
hptm1709.jpg,0.6727,YES
hptm1710.jpg,0.8283,YES
hptm1711.jpg,0.7939,YES
hptm1712.jpg,0.6548,YES
hptm1713.jpg,0.7284,YES
hptm1715.jpg,0.7918,YES
hptm1714.jpg,0.7342,YES
hptm1717.jpg,0.7934,YES
hptm1716.jpg,0.7798,YES
hptm1718.jpg,0.8076,YES
hptm1719.jpg,0.8030,YES
hptm1720.jpg,0.7895,YES
hptm1721.jpg,0.7452,YES
hptm1722.jpg,0.7968,YES
hptm1724.jpg,0.6483,YES
hptm1727.jpg,0.7978,YES
hptm1726.jpg,0.7479,YES
hptm1725.jpg,0.7572,YES
hptm1728.jpg,0.7839,YES
hptm1729.jpg,0.7992,YES
hptm1730.jpg,0.7318,YES
hptm1731.jpg,0.7663,YES
hptm1732.jpg,0.7708,YES
hptm1733.jpg,0.7774,YES
hptm1734.jpg,0.7001,YES
hptm1735.jpg,0.7171,YES
hptm1737.jpg,0.7688,YES
hptm1738.jpg,0.7306,YES
hptm1739.jpg,0.7598,YES
hptm1740.jpg,0.7183,YES
hptm1742.jpg,0.7706,YES
hptm1743.jpg,0.7331,YES
hptm1744.jpg,0.6092,YES
hptm1745.jpg,0.8015,YES
hptm1746.jpg,0.7829,YES
hptm1747.jpg,0.7881,YES
hptm1748.jpg,0.7782,YES
hptm1749.jpg,0.7481,YES
hptm1750.jpg,0.7179,YES
hptm1751.jpg,0.7473,YES
hptm1752.jpg,0.7833,YES
hptm1754.jpg,0.7923,YES
hptm1755.jpg,0.7493,YES
hptm1756.jpg,0.7543,YES
hptm1757.jpg,0.7670,YES
hptm1758.jpg,0.7986,YES
hptm176.jpg,0.3980,NO
hptm1759.jpg,0.7613,YES
hptm1760.jpg,0.7869,YES
hptm1761.jpg,0.7547,YES
hptm1762.jpg,0.7519,YES
hptm1763.jpg,0.7554,YES
hptm1764.jpg,0.8045,YES
hptm1765.jpg,0.7461,YES
hptm1766.jpg,0.6854,YES
hptm1767.jpg,0.6035,YES
hptm1768.jpg,0.6735,YES
hptm1769.jpg,0.5552,NO
hptm1771.jpg,0.5363,NO
hptm1773.jpg,0.6348,YES
hptm1774.jpg,0.5371,NO
hptm1775.jpg,0.4669,NO
hptm1776.jpg,0.4916,NO
hptm1779.jpg,0.4895,NO
hptm1777.jpg,0.5069,NO
hptm1778.jpg,0.5180,NO
hptm1780.jpg,0.6618,YES
hptm1781.jpg,0.5177,NO
hptm1782.jpg,0.6070,YES
hptm1783.jpg,0.7491,YES
hptm1784.jpg,0.7098,YES
hptm1785.jpg,0.7340,YES
hptm1787.jpg,0.6925,YES
hptm1786.jpg,0.7563,YES
hptm1788.jpg,0.6615,YES
hptm1789.jpg,0.6420,YES
hptm179.jpg,0.4561,NO
hptm1790.jpg,0.5270,NO
hptm1791.jpg,0.7596,YES
hptm1793.jpg,0.4977,NO
hptm1792.jpg,0.5096,NO
hptm1794.jpg,0.5028,NO
hptm1795.jpg,0.4977,NO
hptm1796.jpg,0.6388,YES
hptm1797.jpg,0.6080,YES
hptm1798.jpg,0.6325,YES
hptm1799.jpg,0.6420,YES
hptm180.jpg,0.4785,NO
hptm18.jpg,0.4035,NO
hptm1800.jpg,0.5787,NO
hptm1801.jpg,0.5537,NO
hptm1802.jpg,0.8308,YES
hptm1804.jpg,0.5733,NO
hptm1805.jpg,0.5222,NO
hptm1806.jpg,0.5744,NO
hptm1807.jpg,0.6124,YES
hptm1809.jpg,0.4023,NO
hptm1808.jpg,0.4434,NO
hptm1810.jpg,0.4749,NO
hptm1811.jpg,0.6531,YES
hptm1812.jpg,0.6229,YES
hptm1814.jpg,0.5751,NO
hptm1813.jpg,0.8229,YES
hptm1815.jpg,0.6582,YES
hptm1816.jpg,0.7150,YES
hptm1818.jpg,0.7183,YES
hptm1817.jpg,0.6793,YES
hptm1819.jpg,0.6382,YES
hptm1820.jpg,0.7101,YES
hptm1821.jpg,0.6100,YES
hptm1822.jpg,0.7271,YES
hptm1823.jpg,0.6963,YES
hptm1825.jpg,0.6885,YES
hptm1824.jpg,0.6286,YES
hptm1826.jpg,0.6809,YES
hptm1827.jpg,0.6367,YES
hptm1828.jpg,0.6200,YES
hptm1829.jpg,0.6436,YES
hptm1830.jpg,0.5779,NO
hptm1831.jpg,0.6271,YES
hptm1832.jpg,0.5414,NO
hptm1833.jpg,0.5691,NO
hptm1834.jpg,0.6213,YES
hptm1835.jpg,0.5587,NO
hptm1836.jpg,0.7314,YES
hptm1838.jpg,0.6356,YES
hptm1839.jpg,0.6993,YES
hptm1840.jpg,0.6557,YES
hptm1841.jpg,0.6697,YES
hptm1842.jpg,0.6856,YES
hptm1843.jpg,0.6232,YES
hptm1844.jpg,0.6808,YES
hptm1845.jpg,0.6127,YES
hptm1847.jpg,0.5148,NO
hptm1848.jpg,0.7235,YES
hptm1849.jpg,0.5243,NO
hptm1850.jpg,0.5218,NO
hptm1851.jpg,0.4792,NO
hptm1852.jpg,0.5924,NO
hptm1853.jpg,0.5210,NO
hptm1855.jpg,0.6074,YES
hptm1856.jpg,0.6596,YES
hptm1857.jpg,0.7516,YES
hptm1858.jpg,0.7369,YES
hptm1860.jpg,0.7438,YES
hptm1861.jpg,0.7231,YES
hptm1862.jpg,0.7594,YES
hptm1864.jpg,0.5560,NO
hptm1863.jpg,0.7713,YES
hptm1865.jpg,0.7013,YES
hptm1867.jpg,0.7325,YES
hptm1868.jpg,0.7158,YES
hptm1869.jpg,0.7399,YES
hptm1873.jpg,0.5643,NO
hptm1870.jpg,0.6350,YES
hptm1875.jpg,0.5652,NO
hptm1876.jpg,0.6268,YES
hptm1877.jpg,0.5643,NO
hptm1878.jpg,0.6596,YES
hptm1879.jpg,0.7644,YES
hptm1880.jpg,0.5940,NO
hptm1881.jpg,0.5713,NO
hptm1882.jpg,0.7047,YES
hptm1883.jpg,0.6452,YES
hptm1884.jpg,0.6373,YES
hptm1885.jpg,0.6302,YES
hptm1886.jpg,0.6561,YES
hptm1887.jpg,0.6565,YES
hptm1888.jpg,0.6977,YES
hptm1890.jpg,0.6946,YES
hptm1891.jpg,0.7514,YES
hptm1892.jpg,0.7436,YES
hptm1893.jpg,0.7654,YES
hptm1894.jpg,0.7552,YES
hptm1896.jpg,0.7219,YES
hptm1895.jpg,0.7664,YES
hptm1897.jpg,0.6983,YES
hptm1898.jpg,0.5914,NO
hptm1899.jpg,0.6605,YES
hptm19.jpg,0.5599,NO
hptm190.jpg,0.1313,NO
hptm1900.jpg,0.7276,YES
hptm1901.jpg,0.7032,YES
hptm1902.jpg,0.7369,YES
hptm1903.jpg,0.7554,YES
hptm1906.jpg,0.5007,NO
hptm1905.jpg,0.6876,YES
hptm1907.jpg,0.7345,YES
hptm1909.jpg,0.5473,NO
hptm1910.jpg,0.5863,NO
hptm1911.jpg,0.6860,YES
hptm1912.jpg,0.7032,YES
hptm1916.jpg,0.5179,NO
hptm1913.jpg,0.7346,YES
hptm1914.jpg,0.6931,YES
hptm1915.jpg,0.6547,YES
hptm1917.jpg,0.7343,YES
hptm1918.jpg,0.7227,YES
hptm1919.jpg,0.7556,YES
hptm1920.jpg,0.6632,YES
hptm1921.jpg,0.5840,NO
hptm1923.jpg,0.4435,NO
hptm1926.jpg,0.3728,NO
hptm1924.jpg,0.6621,YES
hptm1927.jpg,0.3977,NO
hptm1928.jpg,0.4065,NO
hptm1929.jpg,0.4788,NO
hptm1931.jpg,0.4088,NO
hptm1932.jpg,0.3858,NO
hptm1933.jpg,0.3830,NO
hptm1934.jpg,0.6093,YES
hptm1935.jpg,0.7212,YES
hptm1937.jpg,0.6173,YES
hptm1939.jpg,0.5911,NO
hptm1938.jpg,0.6751,YES
hptm1940.jpg,0.6562,YES
hptm1941.jpg,0.5987,NO
hptm1942.jpg,0.6599,YES
hptm1943.jpg,0.5344,NO
hptm1945.jpg,0.6464,YES
hptm1944.jpg,0.6335,YES
hptm1947.jpg,0.4976,NO
hptm1948.jpg,0.6599,YES
hptm1949.jpg,0.7211,YES
hptm1951.jpg,0.6158,YES
hptm1950.jpg,0.7417,YES
hptm1952.jpg,0.6184,YES
hptm1953.jpg,0.6570,YES
hptm1954.jpg,0.5643,NO
hptm1955.jpg,0.5974,NO
hptm1956.jpg,0.4641,NO
hptm1957.jpg,0.6480,YES
hptm1959.jpg,0.5385,NO
hptm1958.jpg,0.6593,YES
hptm196.jpg,0.5010,NO
hptm1960.jpg,0.6860,YES
hptm1961.jpg,0.5118,NO
hptm1963.jpg,0.6135,YES
hptm1964.jpg,0.6561,YES
hptm1965.jpg,0.5157,NO
hptm1966.jpg,0.6638,YES
hptm1967.jpg,0.6951,YES
hptm1969.jpg,0.6854,YES
hptm1968.jpg,0.7115,YES
hptm197.jpg,0.4412,NO
hptm1970.jpg,0.6530,YES
hptm1971.jpg,0.6401,YES
hptm1972.jpg,0.7085,YES
hptm1973.jpg,0.6961,YES
hptm1974.jpg,0.7295,YES
hptm1975.jpg,0.7205,YES
hptm1976.jpg,0.7057,YES
hptm1977.jpg,0.7260,YES
hptm1978.jpg,0.6513,YES
hptm1979.jpg,0.5941,NO
hptm1980.jpg,0.6626,YES
hptm1981.jpg,0.6957,YES
hptm1982.jpg,0.7180,YES
hptm1983.jpg,0.6884,YES
hptm1984.jpg,0.7003,YES
hptm1985.jpg,0.6536,YES
hptm1986.jpg,0.2815,NO
hptm1987.jpg,0.5145,NO
hptm1988.jpg,0.2634,NO
hptm1990.jpg,0.7336,YES
hptm1989.jpg,0.5358,NO
hptm1991.jpg,0.5959,NO
hptm1993.jpg,0.3745,NO
hptm1995.jpg,0.8181,YES
hptm1996.jpg,0.7182,YES
hptm1997.jpg,0.7700,YES
hptm1998.jpg,0.6639,YES
hptm1999.jpg,0.6111,YES
hptm2001.jpg,0.6837,YES
hptm2003.jpg,0.6315,YES
hptm2004.jpg,0.6513,YES
hptm2005.jpg,0.7310,YES
hptm2006.jpg,0.7676,YES
hptm2007.jpg,0.4284,NO
hptm2009.jpg,0.2700,NO
hptm201.jpg,0.4528,NO
hptm2010.jpg,0.3449,NO
hptm2011.jpg,0.3617,NO
hptm2012.jpg,0.2152,NO
hptm2013.jpg,0.3309,NO
hptm2014.jpg,0.5700,NO
hptm2016.jpg,0.5645,NO
hptm2017.jpg,0.5820,NO
hptm2002.jpg,0.4189,NO
hptm2018.jpg,0.5063,NO
hptm2019.jpg,0.3489,NO
hptm2020.jpg,0.4270,NO
hptm2022.jpg,0.4208,NO
hptm2023.jpg,0.6876,YES
hptm2025.jpg,0.6938,YES
hptm2026.jpg,0.2274,NO
hptm2027.jpg,0.1247,NO
hptm2028.jpg,0.2857,NO
hptm2029.jpg,0.4569,NO
hptm2030.jpg,0.7359,YES
hptm2032.jpg,0.0701,NO
hptm2033.jpg,0.4959,NO
hptm2034.jpg,0.3354,NO
hptm2035.jpg,0.6297,YES
hptm2036.jpg,0.4580,NO
hptm2037.jpg,0.6881,YES
hptm2038.jpg,0.5109,NO
hptm2040.jpg,0.5392,NO
hptm2041.jpg,0.6494,YES
hptm2042.jpg,0.3305,NO
hptm2043.jpg,0.3735,NO
hptm2044.jpg,0.3859,NO
hptm2045.jpg,0.7231,YES
hptm2046.jpg,0.6892,YES
hptm2047.jpg,0.7634,YES
hptm2048.jpg,0.6638,YES
hptm2049.jpg,0.4696,NO
hptm2050.jpg,0.7504,YES
hptm2051.jpg,0.6597,YES
hptm2053.jpg,0.7138,YES
hptm2056.jpg,0.7528,YES
hptm2057.jpg,0.6448,YES
hptm2058.jpg,0.6595,YES
hptm2059.jpg,0.7494,YES
hptm206.jpg,0.4428,NO
hptm2061.jpg,0.7761,YES
hptm2060.jpg,0.7317,YES
hptm2062.jpg,0.8148,YES
hptm2064.jpg,0.8123,YES
hptm2065.jpg,0.7640,YES
hptm2066.jpg,0.3241,NO
hptm2067.jpg,0.4336,NO
hptm2068.jpg,0.6492,YES
hptm2069.jpg,0.8129,YES
hptm207.jpg,0.5815,NO
hptm2070.jpg,0.5457,NO
hptm2071.jpg,0.5235,NO
hptm2072.jpg,0.5510,NO
hptm2073.jpg,0.6422,YES
hptm2074.jpg,0.1982,NO
hptm2075.jpg,0.6520,YES
hptm2077.jpg,0.8149,YES
hptm2078.jpg,0.4085,NO
hptm2079.jpg,0.6268,YES
hptm208.jpg,0.6362,YES
hptm2080.jpg,0.7067,YES
hptm2081.jpg,0.7166,YES
hptm2082.jpg,0.6491,YES
hptm2083.jpg,0.6948,YES
hptm2084.jpg,0.5715,NO
hptm2085.jpg,0.4707,NO
hptm2086.jpg,0.5025,NO
hptm2087.jpg,0.5519,NO
hptm2089.jpg,0.5768,NO
hptm2090.jpg,0.6003,YES
hptm2091.jpg,0.2776,NO
hptm2092.jpg,0.7346,YES
hptm2093.jpg,0.7584,YES
hptm2094.jpg,0.7237,YES
hptm2095.jpg,0.3461,NO
hptm2096.jpg,0.7176,YES
hptm2097.jpg,0.7792,YES
hptm2098.jpg,0.4907,NO
hptm2099.jpg,0.5676,NO
hptm2100.jpg,0.7024,YES
hptm2102.jpg,0.7676,YES
hptm2103.jpg,0.6767,YES
hptm2104.jpg,0.6062,YES
hptm2105.jpg,0.5143,NO
hptm2106.jpg,0.7214,YES
hptm2107.jpg,0.7725,YES
hptm2108.jpg,0.7949,YES
hptm2109.jpg,0.8267,YES
hptm211.jpg,0.3619,NO
hptm2110.jpg,0.8226,YES
hptm2111.jpg,0.8018,YES
hptm2112.jpg,0.5907,NO
hptm2113.jpg,0.7204,YES
hptm2115.jpg,0.6826,YES
hptm2116.jpg,0.7637,YES
hptm2117.jpg,0.7536,YES
hptm2118.jpg,0.3938,NO
hptm2120.jpg,0.5588,NO
hptm2119.jpg,0.6239,YES
hptm2121.jpg,0.6789,YES
hptm2122.jpg,0.6929,YES
hptm2123.jpg,0.4261,NO
hptm2124.jpg,0.6979,YES
hptm2125.jpg,0.7185,YES
hptm2126.jpg,0.6736,YES
hptm2128.jpg,0.7277,YES
hptm2129.jpg,0.6257,YES
hptm213.jpg,0.4323,NO
hptm2130.jpg,0.7995,YES
hptm2131.jpg,0.8103,YES
hptm2133.jpg,0.7511,YES
hptm2134.jpg,0.3492,NO
hptm2135.jpg,0.3216,NO
hptm2137.jpg,0.7100,YES
hptm2139.jpg,0.7402,YES
hptm214.jpg,0.7207,YES
hptm2140.jpg,0.7340,YES
hptm2142.jpg,0.6612,YES
hptm2141.jpg,0.7366,YES
hptm2144.jpg,0.6008,YES
hptm2145.jpg,0.0746,NO
hptm2146.jpg,0.5346,NO
hptm2147.jpg,0.6885,YES
hptm2148.jpg,0.5994,NO
hptm2149.jpg,0.6610,YES
hptm2150.jpg,0.4541,NO
hptm2152.jpg,0.7682,YES
hptm2153.jpg,0.7099,YES
hptm2154.jpg,0.7020,YES
hptm2155.jpg,0.6952,YES
hptm2156.jpg,0.6089,YES
hptm2157.jpg,0.6704,YES
hptm2158.jpg,0.7642,YES
hptm2159.jpg,0.2707,NO
hptm2160.jpg,0.7207,YES
hptm2162.jpg,0.7671,YES
hptm2163.jpg,0.0798,NO
hptm2164.jpg,0.2218,NO
hptm2165.jpg,0.6680,YES
hptm2166.jpg,0.7101,YES
hptm2168.jpg,0.6234,YES
hptm2167.jpg,0.4644,NO
hptm2169.jpg,0.7457,YES
hptm217.jpg,0.5672,NO
hptm2173.jpg,0.7355,YES
hptm2174.jpg,0.7513,YES
hptm2175.jpg,0.6600,YES
hptm2176.jpg,0.7953,YES
hptm2177.jpg,0.7700,YES
hptm2178.jpg,0.7745,YES
hptm218.jpg,0.6152,YES
hptm2180.jpg,0.7852,YES
hptm2181.jpg,0.7615,YES
hptm2182.jpg,0.7485,YES
hptm2183.jpg,0.7668,YES
hptm2184.jpg,0.7688,YES
hptm2185.jpg,0.7434,YES
hptm2189.jpg,0.5366,NO
hptm219.jpg,0.4667,NO
hptm2190.jpg,0.4647,NO
hptm2191.jpg,0.6025,YES
hptm2192.jpg,0.7101,YES
hptm2193.jpg,0.7576,YES
hptm2194.jpg,0.7758,YES
hptm2195.jpg,0.7530,YES
hptm2196.jpg,0.7092,YES
hptm2197.jpg,0.7143,YES
hptm2198.jpg,0.6572,YES
hptm2199.jpg,0.5677,NO
hptm220.jpg,0.6285,YES
hptm2200.jpg,0.6871,YES
hptm2201.jpg,0.3509,NO
hptm2202.jpg,0.2863,NO
hptm2203.jpg,0.8055,YES
hptm2204.jpg,0.7930,YES
hptm2206.jpg,0.7666,YES
hptm2208.jpg,0.6275,YES
hptm2209.jpg,0.6389,YES
hptm2210.jpg,0.6264,YES
hptm2211.jpg,0.3680,NO
hptm2212.jpg,0.2939,NO
hptm2213.jpg,0.5698,NO
hptm2215.jpg,0.6516,YES
hptm2214.jpg,0.7510,YES
hptm2216.jpg,0.6100,YES
hptm2217.jpg,0.6297,YES
hptm2218.jpg,0.2702,NO
hptm2219.jpg,0.5909,NO
hptm222.jpg,0.5902,NO
hptm2220.jpg,0.5246,NO
hptm2221.jpg,0.2404,NO
hptm2222.jpg,0.4652,NO
hptm2223.jpg,0.4560,NO
hptm2224.jpg,0.6598,YES
hptm2225.jpg,0.3098,NO
hptm2226.jpg,0.5530,NO
hptm2227.jpg,0.6349,YES
hptm2229.jpg,0.6366,YES
hptm223.jpg,0.7424,YES
hptm2230.jpg,0.7621,YES
hptm2231.jpg,0.7958,YES
hptm2232.jpg,0.7249,YES
hptm2233.jpg,0.4286,NO
hptm2234.jpg,0.4750,NO
hptm2236.jpg,0.6310,YES
hptm2237.jpg,0.6144,YES
hptm2238.jpg,0.6748,YES
hptm2239.jpg,0.4570,NO
hptm2240.jpg,0.4412,NO
hptm2241.jpg,0.5261,NO
hptm2243.jpg,0.7188,YES
hptm2245.jpg,0.4722,NO
hptm2246.jpg,0.7424,YES
hptm2247.jpg,0.7202,YES
hptm2248.jpg,0.6630,YES
hptm2249.jpg,0.5064,NO
hptm225.jpg,0.3608,NO
hptm2250.jpg,0.5222,NO
hptm2251.jpg,0.3588,NO
hptm2252.jpg,0.2439,NO
hptm2253.jpg,0.6071,YES
hptm2255.jpg,0.6877,YES
hptm2256.jpg,0.5151,NO
hptm2258.jpg,0.7580,YES
hptm2257.jpg,0.3751,NO
hptm2259.jpg,0.7403,YES
hptm226.jpg,0.3964,NO
hptm2260.jpg,0.7485,YES
hptm2261.jpg,0.7112,YES
hptm2263.jpg,0.7601,YES
hptm2262.jpg,0.7487,YES
hptm2264.jpg,0.6071,YES
hptm2265.jpg,0.3405,NO
hptm2266.jpg,0.1439,NO
hptm2267.jpg,0.4731,NO
hptm2268.jpg,0.7165,YES
hptm2269.jpg,0.6486,YES
hptm2270.jpg,0.5985,NO
hptm227.jpg,0.1561,NO
hptm2271.jpg,0.3819,NO
hptm2272.jpg,0.5533,NO
hptm2273.jpg,0.2603,NO
hptm2274.jpg,0.5243,NO
hptm2275.jpg,0.7107,YES
hptm2278.jpg,0.6781,YES
hptm2279.jpg,0.7463,YES
hptm228.jpg,0.7089,YES
hptm2280.jpg,0.7705,YES
hptm2281.jpg,0.7790,YES
hptm2282.jpg,0.7197,YES
hptm2283.jpg,0.7696,YES
hptm2285.jpg,0.7722,YES
hptm2286.jpg,0.7729,YES
hptm2287.jpg,0.7485,YES
hptm2288.jpg,0.7249,YES
hptm2289.jpg,0.7588,YES
hptm229.jpg,0.7468,YES
hptm2290.jpg,0.6995,YES
hptm2291.jpg,0.7472,YES
hptm2292.jpg,0.7589,YES
hptm2293.jpg,0.7387,YES
hptm2295.jpg,0.7495,YES
hptm2294.jpg,0.7612,YES
hptm2297.jpg,0.6930,YES
hptm2299.jpg,0.6958,YES
hptm2301.jpg,0.6960,YES
hptm2302.jpg,0.6444,YES
hptm2303.jpg,0.7269,YES
hptm2304.jpg,0.7109,YES
hptm2305.jpg,0.6741,YES
hptm2306.jpg,0.7756,YES
hptm2307.jpg,0.6828,YES
hptm231.jpg,0.5532,NO
hptm2309.jpg,0.7518,YES
hptm2310.jpg,0.7364,YES
hptm2311.jpg,0.7634,YES
hptm2312.jpg,0.6777,YES
hptm2313.jpg,0.6225,YES
hptm2314.jpg,0.6111,YES
hptm2317.jpg,0.6047,YES
hptm2319.jpg,0.7282,YES
hptm2318.jpg,0.6907,YES
hptm232.jpg,0.6213,YES
hptm2320.jpg,0.7716,YES
hptm2321.jpg,0.7777,YES
hptm2322.jpg,0.7798,YES
hptm2325.jpg,0.5799,NO
hptm2324.jpg,0.5335,NO
hptm2327.jpg,0.6798,YES
hptm2326.jpg,0.6857,YES
hptm2328.jpg,0.6013,YES
hptm2329.jpg,0.5799,NO
hptm233.jpg,0.7312,YES
hptm2330.jpg,0.7218,YES
hptm2332.jpg,0.7731,YES
hptm2333.jpg,0.7486,YES
hptm2334.jpg,0.5622,NO
hptm2335.jpg,0.7989,YES
hptm2336.jpg,0.6475,YES
hptm2338.jpg,0.7148,YES
hptm2339.jpg,0.5441,NO
hptm234.jpg,0.6504,YES
hptm2340.jpg,0.6070,YES
hptm2341.jpg,0.4376,NO
hptm2342.jpg,0.4889,NO
hptm2343.jpg,0.4689,NO
hptm2344.jpg,0.4347,NO
hptm2345.jpg,0.4524,NO
hptm2346.jpg,0.5076,NO
hptm2347.jpg,0.6044,YES
hptm2349.jpg,0.7295,YES
hptm2351.jpg,0.7378,YES
hptm2352.jpg,0.6086,YES
hptm2353.jpg,0.6778,YES
hptm2354.jpg,0.7230,YES
hptm2355.jpg,0.6901,YES
hptm2358.jpg,0.7851,YES
hptm236.jpg,0.3530,NO
hptm2361.jpg,0.6516,YES
hptm2362.jpg,0.7201,YES
hptm2363.jpg,0.7494,YES
hptm2364.jpg,0.5550,NO
hptm2366.jpg,0.6041,YES
hptm2367.jpg,0.7531,YES
hptm2369.jpg,0.6460,YES
hptm2368.jpg,0.6051,YES
hptm2370.jpg,0.2558,NO
hptm2371.jpg,0.7985,YES
hptm237.jpg,0.3284,NO
hptm2372.jpg,0.7040,YES
hptm2374.jpg,0.6219,YES
hptm2375.jpg,0.7871,YES
hptm2378.jpg,0.6432,YES
hptm2379.jpg,0.6419,YES
hptm238.jpg,0.5648,NO
hptm2380.jpg,0.6413,YES
hptm2387.jpg,0.6312,YES
hptm2388.jpg,0.7960,YES
hptm239.jpg,0.4143,NO
hptm2390.jpg,0.7111,YES
hptm2398.jpg,0.6881,YES
hptm2391.jpg,0.7709,YES
hptm240.jpg,0.4545,NO
hptm2400.jpg,0.6919,YES
hptm2399.jpg,0.7157,YES
hptm2401.jpg,0.7129,YES
hptm2402.jpg,0.7496,YES
hptm2403.jpg,0.7395,YES
hptm2404.jpg,0.7653,YES
hptm2405.jpg,0.7533,YES
hptm2409.jpg,0.7884,YES
hptm2411.jpg,0.6410,YES
hptm2412.jpg,0.6508,YES
hptm2413.jpg,0.7708,YES
hptm2414.jpg,0.6661,YES
hptm2415.jpg,0.5886,NO
hptm2416.jpg,0.6191,YES
hptm2417.jpg,0.7329,YES
hptm2420.jpg,0.7761,YES
hptm2423.jpg,0.5575,NO
hptm2421.jpg,0.8019,YES
hptm2424.jpg,0.6924,YES
hptm2426.jpg,0.4388,NO
hptm2425.jpg,0.6159,YES
hptm2427.jpg,0.4567,NO
hptm2428.jpg,0.4467,NO
hptm2429.jpg,0.4284,NO
hptm2430.jpg,0.4726,NO
hptm243.jpg,0.5755,NO
hptm2431.jpg,0.6305,YES
hptm2432.jpg,0.7255,YES
hptm2433.jpg,0.6869,YES
hptm2434.jpg,0.7445,YES
hptm2435.jpg,0.5812,NO
hptm2436.jpg,0.5647,NO
hptm2437.jpg,0.5584,NO
hptm244.jpg,0.5275,NO
hptm2440.jpg,0.7866,YES
hptm2441.jpg,0.7710,YES
hptm2442.jpg,0.7420,YES
hptm2443.jpg,0.6439,YES
hptm2444.jpg,0.0515,NO
hptm2445.jpg,0.7527,YES
hptm2448.jpg,0.5632,NO
hptm2449.jpg,0.5771,NO
hptm2453.jpg,0.6979,YES
hptm2454.jpg,0.7075,YES
hptm2455.jpg,0.5957,NO
hptm2456.jpg,0.7248,YES
hptm2457.jpg,0.6776,YES
hptm2458.jpg,0.5376,NO
hptm2459.jpg,0.5720,NO
hptm246.jpg,0.5922,NO
hptm2460.jpg,0.6626,YES
hptm2461.jpg,0.7834,YES
hptm2467.jpg,0.5789,NO
hptm247.jpg,0.6163,YES
hptm2476.jpg,0.5952,NO
hptm2477.jpg,0.7615,YES
hptm2478.jpg,0.7087,YES
hptm248.jpg,0.3758,NO
hptm2481.jpg,0.7271,YES
hptm2482.jpg,0.5361,NO
hptm2483.jpg,0.4893,NO
hptm2484.jpg,0.4869,NO
hptm2485.jpg,0.4965,NO
hptm249.jpg,0.5935,NO
hptm2488.jpg,0.6784,YES
hptm2497.jpg,0.6197,YES
hptm2498.jpg,0.7408,YES
hptm2499.jpg,0.6699,YES
hptm250.jpg,0.3514,NO
hptm2500.jpg,0.6402,YES
hptm2506.jpg,0.4757,NO
hptm2508.jpg,0.4015,NO
hptm2507.jpg,0.4876,NO
hptm2509.jpg,0.5381,NO
hptm251.jpg,0.3525,NO
hptm2510.jpg,0.5600,NO
hptm2511.jpg,0.2289,NO
hptm2514.jpg,0.5714,NO
hptm2513.jpg,0.6888,YES
hptm2515.jpg,0.5022,NO
hptm2516.jpg,0.4667,NO
hptm2517.jpg,0.4761,NO
hptm2518.jpg,0.5864,NO
hptm2519.jpg,0.4444,NO
hptm252.jpg,0.6951,YES
hptm2521.jpg,0.3139,NO
hptm2520.jpg,0.4064,NO
hptm2522.jpg,0.3794,NO
hptm2523.jpg,0.4850,NO
hptm2524.jpg,0.4483,NO
hptm253.jpg,0.4533,NO
hptm2531.jpg,0.7133,YES
hptm2532.jpg,0.7240,YES
hptm2533.jpg,0.6315,YES
hptm2534.jpg,0.5347,NO
hptm2537.jpg,0.6087,YES
hptm254.jpg,0.6919,YES
hptm2545.jpg,0.5409,NO
hptm255.jpg,0.5059,NO
hptm2550.jpg,0.4582,NO
hptm2554.jpg,0.5503,NO
hptm2555.jpg,0.4536,NO
hptm2556.jpg,0.6795,YES
hptm2559.jpg,0.7221,YES
hptm256.jpg,0.6507,YES
hptm2561.jpg,0.5470,NO
hptm2562.jpg,0.7612,YES
hptm2563.jpg,0.7863,YES
hptm2564.jpg,0.7810,YES
hptm2565.jpg,0.4524,NO
hptm2566.jpg,0.3587,NO
hptm2568.jpg,0.3692,NO
hptm2567.jpg,0.5535,NO
hptm2569.jpg,0.5229,NO
hptm257.jpg,0.6378,YES
hptm2571.jpg,0.5986,NO
hptm2570.jpg,0.6180,YES
hptm2572.jpg,0.3152,NO
hptm2573.jpg,0.6729,YES
hptm2574.jpg,0.6080,YES
hptm2575.jpg,0.5334,NO
hptm2576.jpg,0.4079,NO
hptm2577.jpg,0.3075,NO
hptm2578.jpg,0.4363,NO
hptm2579.jpg,0.2908,NO
hptm258.jpg,0.7855,YES
hptm2580.jpg,0.6058,YES
hptm2581.jpg,0.4150,NO
hptm2582.jpg,0.5683,NO
hptm2583.jpg,0.6630,YES
hptm2584.jpg,0.5642,NO
hptm2585.jpg,0.6144,YES
hptm2586.jpg,0.5086,NO
hptm2587.jpg,0.3979,NO
hptm2588.jpg,0.4513,NO
hptm2589.jpg,0.6072,YES
hptm259.jpg,0.8033,YES
hptm2591.jpg,0.4044,NO
hptm2592.jpg,0.3406,NO
hptm2593.jpg,0.6549,YES
hptm2594.jpg,0.3242,NO
hptm2595.jpg,0.5356,NO
hptm2596.jpg,0.3205,NO
hptm2597.jpg,0.7356,YES
hptm2599.jpg,0.4584,NO
hptm260.jpg,0.7338,YES
hptm2600.jpg,0.7084,YES
hptm2601.jpg,0.4788,NO
hptm2602.jpg,0.7054,YES
hptm261.jpg,0.7279,YES
hptm2611.jpg,0.7197,YES
hptm2612.jpg,0.4924,NO
hptm2614.jpg,0.6119,YES
hptm2615.jpg,0.6852,YES
hptm2616.jpg,0.6410,YES
hptm2617.jpg,0.6364,YES
hptm2618.jpg,0.4467,NO
hptm2619.jpg,0.4481,NO
hptm2620.jpg,0.5190,NO
hptm262.jpg,0.6157,YES
hptm2621.jpg,0.5447,NO
hptm2622.jpg,0.6406,YES
hptm2623.jpg,0.4769,NO
hptm2625.jpg,0.6581,YES
hptm2624.jpg,0.6963,YES
hptm2626.jpg,0.6199,YES
hptm2629.jpg,0.5269,NO
hptm2628.jpg,0.6311,YES
hptm263.jpg,0.5483,NO
hptm2630.jpg,0.6745,YES
hptm2631.jpg,0.4838,NO
hptm2632.jpg,0.6058,YES
hptm2633.jpg,0.3583,NO
hptm2635.jpg,0.6207,YES
hptm2637.jpg,0.5960,NO
hptm2636.jpg,0.6238,YES
hptm2638.jpg,0.6646,YES
hptm2639.jpg,0.6252,YES
hptm264.jpg,0.5124,NO
hptm2640.jpg,0.6547,YES
hptm2641.jpg,0.5509,NO
hptm2642.jpg,0.6983,YES
hptm2643.jpg,0.6606,YES
hptm2644.jpg,0.6083,YES
hptm2647.jpg,0.4123,NO
hptm2646.jpg,0.6120,YES
hptm2648.jpg,0.3764,NO
hptm2649.jpg,0.2701,NO
hptm265.jpg,0.2948,NO
hptm2650.jpg,0.2922,NO
hptm2651.jpg,0.3605,NO
hptm2652.jpg,0.4056,NO
hptm2653.jpg,0.4046,NO
hptm2655.jpg,0.3904,NO
hptm2657.jpg,0.4045,NO
hptm2658.jpg,0.3401,NO
hptm2659.jpg,0.3508,NO
hptm266.jpg,0.5660,NO
hptm2660.jpg,0.5254,NO
hptm2662.jpg,0.6793,YES
hptm2664.jpg,0.5703,NO
hptm2663.jpg,0.6238,YES
hptm2665.jpg,0.4211,NO
hptm2666.jpg,0.4947,NO
hptm2668.jpg,0.5623,NO
hptm2669.jpg,0.6785,YES
hptm267.jpg,0.7034,YES
hptm2670.jpg,0.6413,YES
hptm2671.jpg,0.6742,YES
hptm2672.jpg,0.4924,NO
hptm2673.jpg,0.5371,NO
hptm2674.jpg,0.6891,YES
hptm2675.jpg,0.5455,NO
hptm2676.jpg,0.6620,YES
hptm2679.jpg,0.5964,NO
hptm2677.jpg,0.5397,NO
hptm2680.jpg,0.4515,NO
hptm2681.jpg,0.6060,YES
hptm2682.jpg,0.2903,NO
hptm2684.jpg,0.2891,NO
hptm2685.jpg,0.3039,NO
hptm2686.jpg,0.6333,YES
hptm2687.jpg,0.6148,YES
hptm2688.jpg,0.4340,NO
hptm2690.jpg,0.4906,NO
hptm269.jpg,0.0114,NO
hptm2691.jpg,0.5681,NO
hptm2692.jpg,0.6008,YES
hptm2693.jpg,0.6269,YES
hptm2694.jpg,0.5629,NO
hptm2695.jpg,0.5554,NO
hptm2696.jpg,0.5511,NO
hptm2697.jpg,0.5482,NO
hptm2698.jpg,0.6006,YES
hptm2699.jpg,0.4810,NO
hptm270.jpg,0.3465,NO
hptm2701.jpg,0.5226,NO
hptm2702.jpg,0.5750,NO
hptm2703.jpg,0.2281,NO
hptm2704.jpg,0.6147,YES
hptm2705.jpg,0.6807,YES
hptm2708.jpg,0.5603,NO
hptm271.jpg,0.3162,NO
hptm2712.jpg,0.6459,YES
hptm2710.jpg,0.6211,YES
hptm2713.jpg,0.6122,YES
hptm2714.jpg,0.5812,NO
hptm2715.jpg,0.6664,YES
hptm272.jpg,0.3287,NO
hptm2720.jpg,0.6339,YES
hptm2721.jpg,0.5800,NO
hptm2724.jpg,0.5527,NO
hptm2725.jpg,0.5742,NO
hptm2722.jpg,0.7623,YES
hptm2726.jpg,0.6003,YES
hptm2727.jpg,0.6247,YES
hptm2728.jpg,0.6628,YES
hptm2729.jpg,0.6538,YES
hptm273.jpg,0.5783,NO
hptm2730.jpg,0.5369,NO
hptm2731.jpg,0.4456,NO
hptm2732.jpg,0.5506,NO
hptm2733.jpg,0.6861,YES
hptm2736.jpg,0.5913,NO
hptm2738.jpg,0.5093,NO
hptm2737.jpg,0.5338,NO
hptm2739.jpg,0.5260,NO
hptm274.jpg,0.7549,YES
hptm2741.jpg,0.6523,YES
hptm2742.jpg,0.6188,YES
hptm2743.jpg,0.6275,YES
hptm2744.jpg,0.5392,NO
hptm2746.jpg,0.2969,NO
hptm2747.jpg,0.5676,NO
hptm2748.jpg,0.4339,NO
hptm2749.jpg,0.5573,NO
hptm275.jpg,0.7510,YES
hptm2750.jpg,0.6447,YES
hptm2752.jpg,0.5890,NO
hptm2753.jpg,0.5987,NO
hptm2755.jpg,0.5256,NO
hptm2758.jpg,0.6418,YES
hptm276.jpg,0.7888,YES
hptm2760.jpg,0.6067,YES
hptm2762.jpg,0.4381,NO
hptm2763.jpg,0.5584,NO
hptm2764.jpg,0.4287,NO
hptm2765.jpg,0.6551,YES
hptm2766.jpg,0.6720,YES
hptm2768.jpg,0.4938,NO
hptm2769.jpg,0.3749,NO
hptm2770.jpg,0.3521,NO
hptm277.jpg,0.8002,YES
hptm2771.jpg,0.4058,NO
hptm2772.jpg,0.6072,YES
hptm2773.jpg,0.6208,YES
hptm2774.jpg,0.6085,YES
hptm2775.jpg,0.5272,NO
hptm2776.jpg,0.4585,NO
hptm2777.jpg,0.5955,NO
hptm2779.jpg,0.6573,YES
hptm2780.jpg,0.5678,NO
hptm2781.jpg,0.6488,YES
hptm279.jpg,0.6728,YES
hptm2791.jpg,0.3238,NO
hptm2792.jpg,0.5570,NO
hptm2796.jpg,0.6837,YES
hptm2797.jpg,0.6388,YES
hptm2798.jpg,0.5299,NO
hptm2799.jpg,0.4485,NO
hptm280.jpg,0.4692,NO
hptm2801.jpg,0.5744,NO
hptm2802.jpg,0.5972,NO
hptm2804.jpg,0.4775,NO
hptm2805.jpg,0.3985,NO
hptm2806.jpg,0.7238,YES
hptm2807.jpg,0.5472,NO
hptm2808.jpg,0.5342,NO
hptm2809.jpg,0.5064,NO
hptm281.jpg,0.7069,YES
hptm2810.jpg,0.5053,NO
hptm2812.jpg,0.2394,NO
hptm2813.jpg,0.6023,YES
hptm2814.jpg,0.5039,NO
hptm2815.jpg,0.6857,YES
hptm2817.jpg,0.5693,NO
hptm2816.jpg,0.6246,YES
hptm2818.jpg,0.6088,YES
hptm2819.jpg,0.5268,NO
hptm282.jpg,0.6096,YES
hptm2820.jpg,0.4435,NO
hptm2821.jpg,0.4535,NO
hptm2823.jpg,0.4742,NO
hptm2824.jpg,0.5145,NO
hptm2825.jpg,0.4960,NO
hptm2826.jpg,0.4553,NO
hptm2827.jpg,0.5173,NO
hptm2828.jpg,0.3480,NO
hptm2829.jpg,0.6115,YES
hptm283.jpg,0.4781,NO
hptm2830.jpg,0.7608,YES
hptm2831.jpg,0.6856,YES
hptm2832.jpg,0.6697,YES
hptm2836.jpg,0.7674,YES
hptm2837.jpg,0.6062,YES
hptm2838.jpg,0.6442,YES
hptm2839.jpg,0.7094,YES
hptm284.jpg,0.4550,NO
hptm2840.jpg,0.6820,YES
hptm2842.jpg,0.6928,YES
hptm2843.jpg,0.5989,NO
hptm2844.jpg,0.4808,NO
hptm2845.jpg,0.6531,YES
hptm2847.jpg,0.6640,YES
hptm2848.jpg,0.6245,YES
hptm2849.jpg,0.5941,NO
hptm2850.jpg,0.5770,NO
hptm2851.jpg,0.6519,YES
hptm2852.jpg,0.6535,YES
hptm2853.jpg,0.7598,YES
hptm2854.jpg,0.6771,YES
hptm2855.jpg,0.7470,YES
hptm2856.jpg,0.5791,NO
hptm2858.jpg,0.8028,YES
hptm2859.jpg,0.7671,YES
hptm286.jpg,0.7750,YES
hptm2860.jpg,0.7891,YES
hptm2862.jpg,0.7187,YES
hptm2863.jpg,0.7848,YES
hptm2866.jpg,0.7748,YES
hptm287.jpg,0.7153,YES
hptm2869.jpg,0.7950,YES
hptm2870.jpg,0.7430,YES
hptm2871.jpg,0.7798,YES
hptm2872.jpg,0.7383,YES
hptm2873.jpg,0.7407,YES
hptm2874.jpg,0.7740,YES
hptm2875.jpg,0.7404,YES
hptm2876.jpg,0.7834,YES
hptm2877.jpg,0.7146,YES
hptm2878.jpg,0.6326,YES
hptm288.jpg,0.7478,YES
hptm2880.jpg,0.6959,YES
hptm2881.jpg,0.7625,YES
hptm2882.jpg,0.7748,YES
hptm2883.jpg,0.7889,YES
hptm2884.jpg,0.7852,YES
hptm2885.jpg,0.7894,YES
hptm2886.jpg,0.7987,YES
hptm2887.jpg,0.7944,YES
hptm2889.jpg,0.7495,YES
hptm289.jpg,0.7981,YES
hptm2891.jpg,0.7676,YES
hptm2892.jpg,0.7280,YES
hptm2893.jpg,0.7683,YES
hptm2894.jpg,0.7457,YES
hptm2895.jpg,0.7336,YES
hptm2897.jpg,0.7582,YES
hptm2896.jpg,0.7232,YES
hptm2898.jpg,0.7278,YES
hptm2899.jpg,0.5414,NO
hptm290.jpg,0.3711,NO
hptm2900.jpg,0.7188,YES
hptm2902.jpg,0.6745,YES
hptm2903.jpg,0.6404,YES
hptm2909.jpg,0.7234,YES
hptm2908.jpg,0.6534,YES
hptm291.jpg,0.7996,YES
hptm2910.jpg,0.7038,YES
hptm2911.jpg,0.7155,YES
hptm2913.jpg,0.7285,YES
hptm2914.jpg,0.7344,YES
hptm2915.jpg,0.6013,YES
hptm2916.jpg,0.7209,YES
hptm2918.jpg,0.7638,YES
hptm2917.jpg,0.7058,YES
hptm2919.jpg,0.7588,YES
hptm292.jpg,0.7814,YES
hptm2920.jpg,0.7565,YES
hptm2921.jpg,0.7273,YES
hptm2922.jpg,0.7496,YES
hptm2924.jpg,0.7902,YES
hptm2925.jpg,0.7790,YES
hptm2927.jpg,0.7325,YES
hptm2928.jpg,0.7045,YES
hptm2929.jpg,0.6489,YES
hptm293.jpg,0.7768,YES
hptm2931.jpg,0.7747,YES
hptm2932.jpg,0.7816,YES
hptm2933.jpg,0.7961,YES
hptm2935.jpg,0.7940,YES
hptm2936.jpg,0.7761,YES
hptm2937.jpg,0.7949,YES
hptm2939.jpg,0.7633,YES
hptm294.jpg,0.7819,YES
hptm2940.jpg,0.7809,YES
hptm2941.jpg,0.7556,YES
hptm2942.jpg,0.6073,YES
hptm2943.jpg,0.2377,NO
hptm2944.jpg,0.6561,YES
hptm2945.jpg,0.7372,YES
hptm2947.jpg,0.5066,NO
hptm2948.jpg,0.5204,NO
hptm2949.jpg,0.5837,NO
hptm2950.jpg,0.2743,NO
hptm2951.jpg,0.7055,YES
hptm2952.jpg,0.7130,YES
hptm2954.jpg,0.6107,YES
hptm2958.jpg,0.6864,YES
hptm2959.jpg,0.7231,YES
hptm296.jpg,0.6688,YES
hptm2960.jpg,0.5708,NO
hptm2961.jpg,0.6917,YES
hptm2963.jpg,0.6567,YES
hptm2964.jpg,0.6008,YES
hptm2965.jpg,0.6127,YES
hptm2966.jpg,0.6668,YES
hptm2971.jpg,0.6639,YES
hptm297.jpg,0.5992,NO
hptm2972.jpg,0.7397,YES
hptm2973.jpg,0.7546,YES
hptm2974.jpg,0.7725,YES
hptm2975.jpg,0.4403,NO
hptm2976.jpg,0.5314,NO
hptm2977.jpg,0.5854,NO
hptm2978.jpg,0.6258,YES
hptm298.jpg,0.3532,NO
hptm2980.jpg,0.5484,NO
hptm2981.jpg,0.5030,NO
hptm2982.jpg,0.2705,NO
hptm2983.jpg,0.4625,NO
hptm2985.jpg,0.7613,YES
hptm2986.jpg,0.7561,YES
hptm2987.jpg,0.7308,YES
hptm2989.jpg,0.7694,YES
hptm2991.jpg,0.7747,YES
hptm299.jpg,0.5054,NO
hptm2993.jpg,0.7911,YES
hptm2994.jpg,0.7723,YES
hptm2995.jpg,0.7855,YES
hptm2996.jpg,0.7733,YES
hptm2997.jpg,0.7385,YES
hptm2998.jpg,0.7429,YES
hptm300.jpg,0.6571,YES
hptm3000.jpg,0.7555,YES
hptm3002.jpg,0.7457,YES
hptm3003.jpg,0.6322,YES
hptm3004.jpg,0.6898,YES
hptm3005.jpg,0.6761,YES
hptm3006.jpg,0.7141,YES
hptm3007.jpg,0.7529,YES
hptm3008.jpg,0.7744,YES
hptm3009.jpg,0.7385,YES
hptm3010.jpg,0.7307,YES
hptm3011.jpg,0.5486,NO
hptm3014.jpg,0.6347,YES
hptm3013.jpg,0.2325,NO
hptm3015.jpg,0.6826,YES
hptm3016.jpg,0.6968,YES
hptm3018.jpg,0.6432,YES
hptm3019.jpg,0.6583,YES
hptm302.jpg,0.6687,YES
hptm3020.jpg,0.6860,YES
hptm3025.jpg,0.6462,YES
hptm3026.jpg,0.6913,YES
hptm3027.jpg,0.2497,NO
hptm3028.jpg,0.5610,NO
hptm3029.jpg,0.6819,YES
hptm3031.jpg,0.6455,YES
hptm3033.jpg,0.2156,NO
hptm3030.jpg,0.6808,YES
hptm3035.jpg,0.7013,YES
hptm3036.jpg,0.5352,NO
hptm3037.jpg,0.5139,NO
hptm3038.jpg,0.2651,NO
hptm3039.jpg,0.7594,YES
hptm304.jpg,0.6711,YES
hptm3040.jpg,0.5977,NO
hptm3043.jpg,0.6740,YES
hptm3045.jpg,0.4399,NO
hptm3046.jpg,0.6702,YES
hptm3047.jpg,0.7667,YES
hptm3048.jpg,0.6490,YES
hptm305.jpg,0.6734,YES
hptm3051.jpg,0.5605,NO
hptm3052.jpg,0.6892,YES
hptm3053.jpg,0.7113,YES
hptm3054.jpg,0.5756,NO
hptm3055.jpg,0.5315,NO
hptm3057.jpg,0.4263,NO
hptm3058.jpg,0.5885,NO
hptm3059.jpg,0.6466,YES
hptm306.jpg,0.6612,YES
hptm3060.jpg,0.7673,YES
hptm3061.jpg,0.7769,YES
hptm3062.jpg,0.7408,YES
hptm3063.jpg,0.7621,YES
hptm3064.jpg,0.7756,YES
hptm3065.jpg,0.7614,YES
hptm3066.jpg,0.7958,YES
hptm3067.jpg,0.7674,YES
hptm3068.jpg,0.5303,NO
hptm3069.jpg,0.5918,NO
hptm3070.jpg,0.6178,YES
hptm3071.jpg,0.7980,YES
hptm3073.jpg,0.5199,NO
hptm3074.jpg,0.5782,NO
hptm3076.jpg,0.5641,NO
hptm3077.jpg,0.5655,NO
hptm3078.jpg,0.4484,NO
hptm3079.jpg,0.5827,NO
hptm308.jpg,0.7281,YES
hptm3080.jpg,0.2846,NO
hptm3081.jpg,0.6302,YES
hptm3082.jpg,0.6868,YES
hptm3083.jpg,0.6889,YES
hptm3084.jpg,0.6321,YES
hptm3085.jpg,0.6517,YES
hptm3086.jpg,0.6017,YES
hptm3087.jpg,0.5932,NO
hptm3088.jpg,0.6490,YES
hptm309.jpg,0.7611,YES
hptm3090.jpg,0.5668,NO
hptm3091.jpg,0.5631,NO
hptm3092.jpg,0.6104,YES
hptm3093.jpg,0.5582,NO
hptm3094.jpg,0.5319,NO
hptm3095.jpg,0.6651,YES
hptm3097.jpg,0.5620,NO
hptm3098.jpg,0.7179,YES
hptm3099.jpg,0.5968,NO
hptm310.jpg,0.6129,YES
hptm3101.jpg,0.6138,YES
hptm3102.jpg,0.5383,NO
hptm3107.jpg,0.5714,NO
hptm3106.jpg,0.1326,NO
hptm3109.jpg,0.4018,NO
hptm311.jpg,0.3047,NO
hptm3110.jpg,0.4538,NO
hptm3111.jpg,0.6530,YES
hptm3112.jpg,0.6776,YES
hptm3113.jpg,0.5536,NO
hptm3114.jpg,0.7212,YES
hptm3115.jpg,0.7478,YES
hptm3116.jpg,0.7220,YES
hptm3117.jpg,0.7246,YES
hptm3118.jpg,0.5944,NO
hptm3119.jpg,0.5547,NO
hptm312.jpg,0.7027,YES
hptm3121.jpg,0.4847,NO
hptm3120.jpg,0.4831,NO
hptm3122.jpg,0.4861,NO
hptm3123.jpg,0.6926,YES
hptm3124.jpg,0.5113,NO
hptm3127.jpg,0.5170,NO
hptm3129.jpg,0.5960,NO
hptm3128.jpg,0.3617,NO
hptm3138.jpg,0.4401,NO
hptm313.jpg,0.5739,NO
hptm3139.jpg,0.5148,NO
hptm314.jpg,0.6962,YES
hptm3140.jpg,0.4445,NO
hptm3142.jpg,0.6309,YES
hptm3143.jpg,0.4384,NO
hptm3146.jpg,0.4977,NO
hptm3147.jpg,0.5907,NO
hptm3148.jpg,0.5924,NO
hptm3149.jpg,0.6498,YES
hptm315.jpg,0.4881,NO
hptm3150.jpg,0.6642,YES
hptm3151.jpg,0.5776,NO
hptm3152.jpg,0.6905,YES
hptm3153.jpg,0.6701,YES
hptm3154.jpg,0.5717,NO
hptm3155.jpg,0.4677,NO
hptm3158.jpg,0.6235,YES
hptm3159.jpg,0.4930,NO
hptm3163.jpg,0.6374,YES
hptm3165.jpg,0.7021,YES
hptm3164.jpg,0.6137,YES
hptm3166.jpg,0.6419,YES
hptm317.jpg,0.6417,YES
hptm3169.jpg,0.6808,YES
hptm3170.jpg,0.6680,YES
hptm3171.jpg,0.6656,YES
hptm3172.jpg,0.6467,YES
hptm3173.jpg,0.6569,YES
hptm3174.jpg,0.6391,YES
hptm3175.jpg,0.6009,YES
hptm3176.jpg,0.6938,YES
hptm3177.jpg,0.6793,YES
hptm3178.jpg,0.6816,YES
hptm318.jpg,0.4507,NO
hptm3180.jpg,0.5269,NO
hptm3181.jpg,0.6076,YES
hptm3182.jpg,0.6724,YES
hptm3183.jpg,0.5966,NO
hptm3184.jpg,0.6705,YES
hptm3185.jpg,0.7080,YES
hptm3186.jpg,0.6711,YES
hptm3187.jpg,0.6292,YES
hptm3188.jpg,0.7067,YES
hptm3190.jpg,0.4238,NO
hptm3193.jpg,0.5402,NO
hptm3192.jpg,0.5811,NO
hptm3194.jpg,0.7473,YES
hptm3195.jpg,0.6748,YES
hptm3197.jpg,0.7414,YES
hptm3198.jpg,0.5743,NO
hptm3199.jpg,0.5729,NO
hptm3201.jpg,0.4820,NO
hptm320.jpg,0.3946,NO
hptm3200.jpg,0.6147,YES
hptm3204.jpg,0.6614,YES
hptm3205.jpg,0.5718,NO
hptm3206.jpg,0.4428,NO
hptm3208.jpg,0.5855,NO
hptm3209.jpg,0.6757,YES
hptm3210.jpg,0.7437,YES
hptm321.jpg,0.5956,NO
hptm3211.jpg,0.7193,YES
hptm3212.jpg,0.5215,NO
hptm3213.jpg,0.6925,YES
hptm3214.jpg,0.5198,NO
hptm3215.jpg,0.5160,NO
hptm3216.jpg,0.6020,YES
hptm3217.jpg,0.6124,YES
hptm3219.jpg,0.4973,NO
hptm3218.jpg,0.5258,NO
hptm322.jpg,0.3518,NO
hptm3220.jpg,0.6044,YES
hptm3221.jpg,0.6519,YES
hptm3222.jpg,0.6960,YES
hptm3223.jpg,0.6140,YES
hptm3225.jpg,0.6212,YES
hptm3224.jpg,0.7008,YES
hptm3227.jpg,0.7150,YES
hptm3226.jpg,0.6359,YES
hptm3228.jpg,0.5813,NO
hptm3229.jpg,0.5231,NO
hptm323.jpg,0.3725,NO
hptm3230.jpg,0.4655,NO
hptm3232.jpg,0.6064,YES
hptm3231.jpg,0.5242,NO
hptm3234.jpg,0.7122,YES
hptm3235.jpg,0.4620,NO
hptm3236.jpg,0.5457,NO
hptm3237.jpg,0.5294,NO
hptm3238.jpg,0.5052,NO
hptm3239.jpg,0.6461,YES
hptm3240.jpg,0.6814,YES
hptm324.jpg,0.6393,YES
hptm3242.jpg,0.7755,YES
hptm3244.jpg,0.5210,NO
hptm3245.jpg,0.7425,YES
hptm3247.jpg,0.7495,YES
hptm3248.jpg,0.6674,YES
hptm325.jpg,0.4566,NO
hptm3252.jpg,0.3989,NO
hptm3253.jpg,0.4015,NO
hptm3254.jpg,0.5299,NO
hptm3255.jpg,0.5508,NO
hptm3256.jpg,0.7343,YES
hptm3257.jpg,0.6102,YES
hptm326.jpg,0.6030,YES
hptm3258.jpg,0.6074,YES
hptm3260.jpg,0.3286,NO
hptm3261.jpg,0.3235,NO
hptm3263.jpg,0.7555,YES
hptm3264.jpg,0.7206,YES
hptm3265.jpg,0.6758,YES
hptm3266.jpg,0.3201,NO
hptm3267.jpg,0.7529,YES
hptm3268.jpg,0.7720,YES
hptm327.jpg,0.2898,NO
hptm3271.jpg,0.7529,YES
hptm3272.jpg,0.7370,YES
hptm3273.jpg,0.7446,YES
hptm3274.jpg,0.7318,YES
hptm3275.jpg,0.6989,YES
hptm3276.jpg,0.7771,YES
hptm3277.jpg,0.7255,YES
hptm3278.jpg,0.7750,YES
hptm3279.jpg,0.7010,YES
hptm328.jpg,0.6135,YES
hptm3280.jpg,0.7892,YES
hptm3281.jpg,0.7573,YES
hptm3282.jpg,0.4484,NO
hptm3283.jpg,0.5446,NO
hptm3285.jpg,0.5452,NO
hptm3287.jpg,0.6824,YES
hptm3289.jpg,0.7264,YES
hptm3290.jpg,0.7595,YES
hptm3293.jpg,0.6789,YES
hptm3291.jpg,0.6703,YES
hptm3294.jpg,0.5052,NO
hptm3295.jpg,0.7129,YES
hptm3296.jpg,0.6835,YES
hptm3297.jpg,0.6728,YES
hptm3299.jpg,0.6438,YES
hptm3298.jpg,0.6985,YES
hptm330.jpg,0.6155,YES
hptm3300.jpg,0.6791,YES
hptm3301.jpg,0.7061,YES
hptm3302.jpg,0.6374,YES
hptm3303.jpg,0.7289,YES
hptm3304.jpg,0.6707,YES
hptm3306.jpg,0.6618,YES
hptm3307.jpg,0.6941,YES
hptm3309.jpg,0.3351,NO
hptm331.jpg,0.5218,NO
hptm3311.jpg,0.6310,YES
hptm3312.jpg,0.7270,YES
hptm3313.jpg,0.4804,NO
hptm3314.jpg,0.5391,NO
hptm3315.jpg,0.6190,YES
hptm3316.jpg,0.5846,NO
hptm3319.jpg,0.3600,NO
hptm332.jpg,0.5928,NO
hptm3320.jpg,0.6311,YES
hptm3321.jpg,0.6016,YES
hptm3322.jpg,0.4303,NO
hptm3323.jpg,0.7160,YES
hptm3324.jpg,0.4629,NO
hptm3325.jpg,0.3504,NO
hptm3327.jpg,0.2987,NO
hptm3329.jpg,0.4694,NO
hptm333.jpg,0.6042,YES
hptm3330.jpg,0.6701,YES
hptm3331.jpg,0.7780,YES
hptm3332.jpg,0.7580,YES
hptm3333.jpg,0.7401,YES
hptm3334.jpg,0.7193,YES
hptm3337.jpg,0.4904,NO
hptm3336.jpg,0.7890,YES
hptm3338.jpg,0.7848,YES
hptm3339.jpg,0.7822,YES
hptm334.jpg,0.5700,NO
hptm3340.jpg,0.6251,YES
hptm3341.jpg,0.1430,NO
hptm3342.jpg,0.5688,NO
hptm3345.jpg,0.6880,YES
hptm3343.jpg,0.3208,NO
hptm3348.jpg,0.7157,YES
hptm3346.jpg,0.8204,YES
hptm3349.jpg,0.6476,YES
hptm335.jpg,0.3751,NO
hptm3350.jpg,0.1523,NO
hptm3351.jpg,0.6903,YES
hptm3354.jpg,0.7175,YES
hptm3352.jpg,0.6877,YES
hptm3355.jpg,0.7450,YES
hptm3356.jpg,0.6901,YES
hptm3357.jpg,0.6798,YES
hptm3358.jpg,0.7606,YES
hptm3359.jpg,0.7441,YES
hptm336.jpg,0.5870,NO
hptm3360.jpg,0.6742,YES
hptm3361.jpg,0.7457,YES
hptm3362.jpg,0.7445,YES
hptm3363.jpg,0.7300,YES
hptm3364.jpg,0.6793,YES
hptm3365.jpg,0.4843,NO
hptm3367.jpg,0.7439,YES
hptm3366.jpg,0.6385,YES
hptm3368.jpg,0.3983,NO
hptm337.jpg,0.5672,NO
hptm3370.jpg,0.4082,NO
hptm3369.jpg,0.3821,NO
hptm3371.jpg,0.7109,YES
hptm3372.jpg,0.2877,NO
hptm3374.jpg,0.7502,YES
hptm3375.jpg,0.8235,YES
hptm3377.jpg,0.6190,YES
hptm3376.jpg,0.6868,YES
hptm3378.jpg,0.6711,YES
hptm3379.jpg,0.0061,NO
hptm338.jpg,0.5992,NO
hptm3380.jpg,0.2681,NO
hptm3382.jpg,0.8049,YES
hptm3381.jpg,0.8315,YES
hptm3384.jpg,0.7622,YES
hptm3385.jpg,0.2847,NO
hptm3386.jpg,0.6361,YES
hptm3387.jpg,0.5981,NO
hptm3389.jpg,0.7560,YES
hptm339.jpg,0.7863,YES
hptm3391.jpg,0.7370,YES
hptm3392.jpg,0.7221,YES
hptm3394.jpg,0.5398,NO
hptm3395.jpg,0.1444,NO
hptm3396.jpg,0.5531,NO
hptm3397.jpg,0.4997,NO
hptm3399.jpg,0.6094,YES
hptm3400.jpg,0.6487,YES
hptm3402.jpg,0.5070,NO
hptm3403.jpg,0.6422,YES
hptm3404.jpg,0.4693,NO
hptm3405.jpg,0.6500,YES
hptm3406.jpg,0.5040,NO
hptm3407.jpg,0.5613,NO
hptm3408.jpg,0.6229,YES
hptm3409.jpg,0.5378,NO
hptm341.jpg,0.4033,NO
hptm3410.jpg,0.5372,NO
hptm3411.jpg,0.4909,NO
hptm3412.jpg,0.4164,NO
hptm3413.jpg,0.5710,NO
hptm3414.jpg,0.5924,NO
hptm3417.jpg,0.7736,YES
hptm3418.jpg,0.6999,YES
hptm3419.jpg,0.7960,YES
hptm342.jpg,0.4258,NO
hptm3420.jpg,0.5739,NO
hptm3421.jpg,0.6874,YES
hptm3422.jpg,0.7864,YES
hptm3424.jpg,0.8057,YES
hptm3425.jpg,0.6407,YES
hptm3426.jpg,0.2993,NO
hptm3427.jpg,0.5890,NO
hptm3429.jpg,0.2300,NO
hptm343.jpg,0.5704,NO
hptm3430.jpg,0.5494,NO
hptm3431.jpg,0.6916,YES
hptm3432.jpg,0.2962,NO
hptm3433.jpg,0.4493,NO
hptm3435.jpg,0.0813,NO
hptm3436.jpg,0.4465,NO
hptm3437.jpg,0.1065,NO
hptm3439.jpg,0.7891,YES
hptm3438.jpg,0.3002,NO
hptm344.jpg,0.2775,NO
hptm3440.jpg,0.7345,YES
hptm3443.jpg,0.6338,YES
hptm3444.jpg,0.7371,YES
hptm3446.jpg,0.7112,YES
hptm3447.jpg,0.6213,YES
hptm3449.jpg,0.3325,NO
hptm3448.jpg,0.4902,NO
hptm3450.jpg,0.5052,NO
hptm3451.jpg,0.6894,YES
hptm3452.jpg,0.6964,YES
hptm3453.jpg,0.7488,YES
hptm3454.jpg,0.8009,YES
hptm3456.jpg,0.5031,NO
hptm3455.jpg,0.8061,YES
hptm3458.jpg,0.0379,NO
hptm3459.jpg,0.6983,YES
hptm346.jpg,0.3220,NO
hptm3460.jpg,0.5134,NO
hptm3461.jpg,0.6241,YES
hptm3462.jpg,0.2785,NO
hptm3466.jpg,0.6395,YES
hptm3465.jpg,0.7054,YES
hptm3469.jpg,0.6765,YES
hptm3470.jpg,0.6821,YES
hptm3471.jpg,0.6085,YES
hptm3472.jpg,0.6700,YES
hptm3473.jpg,0.5932,NO
hptm3474.jpg,0.5700,NO
hptm3475.jpg,0.6108,YES
hptm3476.jpg,0.4371,NO
hptm3477.jpg,0.4360,NO
hptm3479.jpg,0.5585,NO
hptm3480.jpg,0.3190,NO
hptm3481.jpg,0.5403,NO
hptm3483.jpg,0.7209,YES
hptm3484.jpg,0.6854,YES
hptm3485.jpg,0.7580,YES
hptm3486.jpg,0.2380,NO
hptm3487.jpg,0.6026,YES
hptm3488.jpg,0.3113,NO
hptm3490.jpg,0.1536,NO
hptm3491.jpg,0.6980,YES
hptm3492.jpg,0.6002,YES
hptm3493.jpg,0.0772,NO
hptm3495.jpg,0.1152,NO
hptm3496.jpg,0.4045,NO
hptm3497.jpg,0.2831,NO
hptm3499.jpg,0.7690,YES
hptm3498.jpg,0.8101,YES
hptm3500.jpg,0.4011,NO
hptm3502.jpg,0.7305,YES
hptm3503.jpg,0.7941,YES
hptm3505.jpg,0.7986,YES
hptm3507.jpg,0.8013,YES
hptm3508.jpg,0.8159,YES
hptm3509.jpg,0.8068,YES
hptm3510.jpg,0.7881,YES
hptm3511.jpg,0.7845,YES
hptm3512.jpg,0.6425,YES
hptm3513.jpg,0.7336,YES
hptm3514.jpg,0.8288,YES
hptm3515.jpg,0.8322,YES
hptm3516.jpg,0.7719,YES
hptm3517.jpg,0.8103,YES
hptm3518.jpg,0.7848,YES
hptm3519.jpg,0.7981,YES
hptm3521.jpg,0.7713,YES
hptm3524.jpg,0.7209,YES
hptm3525.jpg,0.8015,YES
hptm3526.jpg,0.7697,YES
hptm3527.jpg,0.2211,NO
hptm3528.jpg,0.5239,NO
hptm3529.jpg,0.5929,NO
hptm3530.jpg,0.6756,YES
hptm3531.jpg,0.6950,YES
hptm3532.jpg,0.7182,YES
hptm3533.jpg,0.6241,YES
hptm3534.jpg,0.7001,YES
hptm3536.jpg,0.7640,YES
hptm3535.jpg,0.7464,YES
hptm3537.jpg,0.6756,YES
hptm3538.jpg,0.7310,YES
hptm3539.jpg,0.7230,YES
hptm3540.jpg,0.7684,YES
hptm3541.jpg,0.7727,YES
hptm3542.jpg,0.7506,YES
hptm3543.jpg,0.7466,YES
hptm3544.jpg,0.7114,YES
hptm3546.jpg,0.6373,YES
hptm3547.jpg,0.7960,YES
hptm3548.jpg,0.7931,YES
hptm3550.jpg,0.7530,YES
hptm3551.jpg,0.7003,YES
hptm3552.jpg,0.6694,YES
hptm3554.jpg,0.3993,NO
hptm3555.jpg,0.5730,NO
hptm3556.jpg,0.7242,YES
hptm3558.jpg,0.4813,NO
hptm3557.jpg,0.6143,YES
hptm3560.jpg,0.7583,YES
hptm3561.jpg,0.7829,YES
hptm3562.jpg,0.7719,YES
hptm3563.jpg,0.7455,YES
hptm3564.jpg,0.5815,NO
hptm3565.jpg,0.4318,NO
hptm3566.jpg,0.8320,YES
hptm3567.jpg,0.6243,YES
hptm3568.jpg,0.8506,YES
hptm3569.jpg,0.8074,YES
hptm3571.jpg,0.2791,NO
hptm3573.jpg,0.6610,YES
hptm3574.jpg,0.6459,YES
hptm3575.jpg,0.6261,YES
hptm3576.jpg,0.6382,YES
hptm3577.jpg,0.6895,YES
hptm3578.jpg,0.6291,YES
hptm3579.jpg,0.5911,NO
hptm3580.jpg,0.2823,NO
hptm3581.jpg,0.5969,NO
hptm3582.jpg,0.6381,YES
hptm3583.jpg,0.5441,NO
hptm3584.jpg,0.5699,NO
hptm3585.jpg,0.6895,YES
hptm3586.jpg,0.6258,YES
hptm3587.jpg,0.1633,NO
hptm3588.jpg,0.7057,YES
hptm3589.jpg,0.4798,NO
hptm3590.jpg,0.6581,YES
hptm3591.jpg,0.6007,YES
hptm3592.jpg,0.6953,YES
hptm3593.jpg,0.6609,YES
hptm3594.jpg,0.6015,YES
hptm3595.jpg,0.4264,NO
hptm3598.jpg,0.6568,YES
hptm3596.jpg,0.5122,NO
hptm3599.jpg,0.3226,NO
hptm3600.jpg,0.6813,YES
hptm3602.jpg,0.3566,NO
hptm3603.jpg,0.5328,NO
hptm3604.jpg,0.7739,YES
hptm3605.jpg,0.8217,YES
hptm3606.jpg,0.6848,YES
hptm3607.jpg,0.8413,YES
hptm3608.jpg,0.7590,YES
hptm3609.jpg,0.6519,YES
hptm3610.jpg,0.6165,YES
hptm3611.jpg,0.6244,YES
hptm3612.jpg,0.4491,NO
hptm3613.jpg,0.5924,NO
hptm3614.jpg,0.2520,NO
hptm3615.jpg,0.5025,NO
hptm3616.jpg,0.5628,NO
hptm3617.jpg,0.5332,NO
hptm3618.jpg,0.5329,NO
hptm3619.jpg,0.6026,YES
hptm3620.jpg,0.7617,YES
hptm3621.jpg,0.7740,YES
hptm3623.jpg,0.6671,YES
hptm3622.jpg,0.7981,YES
hptm3624.jpg,0.7958,YES
hptm3625.jpg,0.7977,YES
hptm3626.jpg,0.5277,NO
hptm3628.jpg,0.5765,NO
hptm3629.jpg,0.4547,NO
hptm3630.jpg,0.2804,NO
hptm3631.jpg,0.6716,YES
hptm3632.jpg,0.3776,NO
hptm3633.jpg,0.6694,YES
hptm3635.jpg,0.4259,NO
hptm3636.jpg,0.3987,NO
hptm3637.jpg,0.1575,NO
hptm3638.jpg,0.6051,YES
hptm3639.jpg,0.7783,YES
hptm3641.jpg,0.8222,YES
hptm3642.jpg,0.6610,YES
hptm3643.jpg,0.7899,YES
hptm3644.jpg,0.3847,NO
hptm3645.jpg,0.6303,YES
hptm3646.jpg,0.5877,NO
hptm3647.jpg,0.5525,NO
hptm3648.jpg,0.6973,YES
hptm3650.jpg,0.6246,YES
hptm3649.jpg,0.5574,NO
hptm3651.jpg,0.5433,NO
hptm3652.jpg,0.4563,NO
hptm3653.jpg,0.7062,YES
hptm3654.jpg,0.7859,YES
hptm3655.jpg,0.8352,YES
hptm3656.jpg,0.6448,YES
hptm3658.jpg,0.6415,YES
hptm3657.jpg,0.8064,YES
hptm3659.jpg,0.5012,NO
hptm3660.jpg,0.6419,YES
hptm3661.jpg,0.5767,NO
hptm3662.jpg,0.6041,YES
hptm3663.jpg,0.6130,YES
hptm3664.jpg,0.6302,YES
hptm3665.jpg,0.6035,YES
hptm3666.jpg,0.6713,YES
hptm3667.jpg,0.6269,YES
hptm3668.jpg,0.0819,NO
hptm3669.jpg,0.6146,YES
hptm3670.jpg,0.6294,YES
hptm3671.jpg,0.6013,YES
hptm3673.jpg,0.3039,NO
hptm3676.jpg,0.5742,NO
hptm3677.jpg,0.6226,YES
hptm3678.jpg,0.6810,YES
hptm3679.jpg,0.3698,NO
hptm3681.jpg,0.4900,NO
hptm3682.jpg,0.4240,NO
hptm3685.jpg,0.8038,YES
hptm3686.jpg,0.3731,NO
hptm3688.jpg,0.5864,NO
hptm3687.jpg,0.6395,YES
hptm3689.jpg,0.6801,YES
hptm3690.jpg,0.5826,NO
hptm3691.jpg,0.6933,YES
hptm3692.jpg,0.7054,YES
hptm3693.jpg,0.7174,YES
hptm3694.jpg,0.7206,YES
hptm3695.jpg,0.7869,YES
hptm3696.jpg,0.7231,YES
hptm3697.jpg,0.7636,YES
hptm3698.jpg,0.7848,YES
hptm3699.jpg,0.7636,YES
hptm3700.jpg,0.6622,YES
hptm3701.jpg,0.6692,YES
hptm3702.jpg,0.7063,YES
hptm3703.jpg,0.6683,YES
hptm3704.jpg,0.7746,YES
hptm3705.jpg,0.7406,YES
hptm3707.jpg,0.5562,NO
hptm3706.jpg,0.7705,YES
hptm3708.jpg,0.4674,NO
hptm3709.jpg,0.5155,NO
hptm3710.jpg,0.6128,YES
hptm3711.jpg,0.6526,YES
hptm3712.jpg,0.6859,YES
hptm3713.jpg,0.6493,YES
hptm3714.jpg,0.7270,YES
hptm3715.jpg,0.7326,YES
hptm3716.jpg,0.6309,YES
hptm3717.jpg,0.4714,NO
hptm3718.jpg,0.1101,NO
hptm372.jpg,0.2711,NO
hptm3719.jpg,0.6149,YES
hptm3720.jpg,0.3955,NO
hptm3723.jpg,0.6830,YES
hptm3724.jpg,0.4432,NO
hptm3725.jpg,0.3734,NO
hptm3728.jpg,0.4477,NO
hptm3729.jpg,0.6298,YES
hptm373.jpg,0.4698,NO
hptm3730.jpg,0.6905,YES
hptm3731.jpg,0.6930,YES
hptm3732.jpg,0.3929,NO
hptm3733.jpg,0.3872,NO
hptm3735.jpg,0.4381,NO
hptm3734.jpg,0.6133,YES
hptm3736.jpg,0.4266,NO
hptm3737.jpg,0.6343,YES
hptm3739.jpg,0.3793,NO
hptm3740.jpg,0.3685,NO
hptm374.jpg,0.6463,YES
hptm3741.jpg,0.3658,NO
hptm3742.jpg,0.3855,NO
hptm3743.jpg,0.4013,NO
hptm3744.jpg,0.6427,YES
hptm3745.jpg,0.5059,NO
hptm3746.jpg,0.3875,NO
hptm3747.jpg,0.3753,NO
hptm3748.jpg,0.4675,NO
hptm3749.jpg,0.4744,NO
hptm3750.jpg,0.5874,NO
hptm3751.jpg,0.7378,YES
hptm3752.jpg,0.6934,YES
hptm3753.jpg,0.6193,YES
hptm3754.jpg,0.4811,NO
hptm3755.jpg,0.4551,NO
hptm3757.jpg,0.3852,NO
hptm3758.jpg,0.7238,YES
hptm3759.jpg,0.7138,YES
hptm376.jpg,0.3479,NO
hptm3762.jpg,0.7402,YES
hptm3763.jpg,0.7528,YES
hptm3767.jpg,0.7032,YES
hptm3769.jpg,0.2954,NO
hptm3770.jpg,0.6148,YES
hptm3772.jpg,0.5226,NO
hptm3771.jpg,0.4964,NO
hptm3773.jpg,0.4788,NO
hptm3774.jpg,0.4844,NO
hptm3775.jpg,0.6339,YES
hptm3778.jpg,0.6760,YES
hptm3783.jpg,0.7154,YES
hptm3784.jpg,0.7151,YES
hptm3785.jpg,0.7435,YES
hptm3786.jpg,0.7259,YES
hptm3787.jpg,0.6621,YES
hptm3788.jpg,0.4651,NO
hptm379.jpg,0.6582,YES
hptm3790.jpg,0.5939,NO
hptm3794.jpg,0.2064,NO
hptm3797.jpg,0.7405,YES
hptm3798.jpg,0.6839,YES
hptm3800.jpg,0.7129,YES
hptm3801.jpg,0.6757,YES
hptm3804.jpg,0.3696,NO
hptm3806.jpg,0.7325,YES
hptm3807.jpg,0.4076,NO
hptm3809.jpg,0.6303,YES
hptm3808.jpg,0.3318,NO
hptm3810.jpg,0.4002,NO
hptm3811.jpg,0.4826,NO
hptm3812.jpg,0.3465,NO
hptm3813.jpg,0.2726,NO
hptm3814.jpg,0.5545,NO
hptm3815.jpg,0.3205,NO
hptm3817.jpg,0.4190,NO
hptm3816.jpg,0.5673,NO
hptm3818.jpg,0.5984,NO
hptm3819.jpg,0.4015,NO
hptm3820.jpg,0.3186,NO
hptm3821.jpg,0.6036,YES
hptm3822.jpg,0.6174,YES
hptm3823.jpg,0.6175,YES
hptm3824.jpg,0.7419,YES
hptm3825.jpg,0.5368,NO
hptm3827.jpg,0.2791,NO
hptm3828.jpg,0.3052,NO
hptm3829.jpg,0.7389,YES
hptm3830.jpg,0.4060,NO
hptm3831.jpg,0.3782,NO
hptm3832.jpg,0.6988,YES
hptm3833.jpg,0.5373,NO
hptm3835.jpg,0.4296,NO
hptm3836.jpg,0.2117,NO
hptm3837.jpg,0.4591,NO
hptm3838.jpg,0.6802,YES
hptm3839.jpg,0.4065,NO
hptm3840.jpg,0.5460,NO
hptm3842.jpg,0.4721,NO
hptm3843.jpg,0.3345,NO
hptm3844.jpg,0.3290,NO
hptm3845.jpg,0.6637,YES
hptm3846.jpg,0.3394,NO
hptm3847.jpg,0.3360,NO
hptm3848.jpg,0.3881,NO
hptm3849.jpg,0.4548,NO
hptm3850.jpg,0.5243,NO
hptm3851.jpg,0.6579,YES
hptm3852.jpg,0.5099,NO
hptm3853.jpg,0.6146,YES
hptm3854.jpg,0.4028,NO
hptm3856.jpg,0.6577,YES
hptm3857.jpg,0.6369,YES
hptm3858.jpg,0.5833,NO
hptm3859.jpg,0.3900,NO
hptm3861.jpg,0.6886,YES
hptm3863.jpg,0.6802,YES
hptm3865.jpg,0.6526,YES
hptm3866.jpg,0.4313,NO
hptm3867.jpg,0.6760,YES
hptm3868.jpg,0.4174,NO
hptm3869.jpg,0.6643,YES
hptm3870.jpg,0.5702,NO
hptm3871.jpg,0.6070,YES
hptm3872.jpg,0.5764,NO
hptm3873.jpg,0.7836,YES
hptm3874.jpg,0.7742,YES
hptm3875.jpg,0.7760,YES
hptm3876.jpg,0.7063,YES
hptm3877.jpg,0.7723,YES
hptm3878.jpg,0.5677,NO
hptm3879.jpg,0.7012,YES
hptm3881.jpg,0.7701,YES
hptm3882.jpg,0.8031,YES
hptm3883.jpg,0.7667,YES
hptm3884.jpg,0.6979,YES
hptm3886.jpg,0.7400,YES
hptm3887.jpg,0.4255,NO
hptm3888.jpg,0.3070,NO
hptm3889.jpg,0.0154,NO
hptm3890.jpg,0.3135,NO
hptm3891.jpg,0.5322,NO
hptm3893.jpg,0.5480,NO
hptm3892.jpg,0.0104,NO
hptm3894.jpg,0.6707,YES
hptm3896.jpg,0.6436,YES
hptm3897.jpg,0.6554,YES
hptm3898.jpg,0.4875,NO
hptm3900.jpg,0.6462,YES
hptm39.jpg,0.5181,NO
hptm3903.jpg,0.7173,YES
hptm3902.jpg,0.6054,YES
hptm3901.jpg,0.2386,NO
hptm3904.jpg,0.6479,YES
hptm3905.jpg,0.5041,NO
hptm3906.jpg,0.6273,YES
hptm3907.jpg,0.6183,YES
hptm3908.jpg,0.4579,NO
hptm3909.jpg,0.7284,YES
hptm3911.jpg,0.6160,YES
hptm3910.jpg,0.6803,YES
hptm3912.jpg,0.6126,YES
hptm3913.jpg,0.3225,NO
hptm3914.jpg,0.5488,NO
hptm3915.jpg,0.6552,YES
hptm3916.jpg,0.2826,NO
hptm3917.jpg,0.3434,NO
hptm3918.jpg,0.4571,NO
hptm3919.jpg,0.4735,NO
hptm3921.jpg,0.5058,NO
hptm3922.jpg,0.5490,NO
hptm3923.jpg,0.5411,NO
hptm3924.jpg,0.4650,NO
hptm3925.jpg,0.6138,YES
hptm3926.jpg,0.6450,YES
hptm3927.jpg,0.4456,NO
hptm3928.jpg,0.6461,YES
hptm3929.jpg,0.4827,NO
hptm3931.jpg,0.5239,NO
hptm3932.jpg,0.2441,NO
hptm3933.jpg,0.6001,YES
hptm3934.jpg,0.6562,YES
hptm3935.jpg,0.1553,NO
hptm3936.jpg,0.7236,YES
hptm3937.jpg,0.6904,YES
hptm3938.jpg,0.7550,YES
hptm3939.jpg,0.6900,YES
hptm3940.jpg,0.7264,YES
hptm3941.jpg,0.6416,YES
hptm3942.jpg,0.7169,YES
hptm3943.jpg,0.6475,YES
hptm3944.jpg,0.5747,NO
hptm3945.jpg,0.5245,NO
hptm3947.jpg,0.5627,NO
hptm3948.jpg,0.7894,YES
hptm3949.jpg,0.7763,YES
hptm3950.jpg,0.7456,YES
hptm3952.jpg,0.5104,NO
hptm3951.jpg,0.6183,YES
hptm3953.jpg,0.5933,NO
hptm3954.jpg,0.5158,NO
hptm3955.jpg,0.6887,YES
hptm3956.jpg,0.6697,YES
hptm3959.jpg,0.6424,YES
hptm3960.jpg,0.7193,YES
hptm3962.jpg,0.7465,YES
hptm3963.jpg,0.7193,YES
hptm3965.jpg,0.4339,NO
hptm3964.jpg,0.5683,NO
hptm3966.jpg,0.5353,NO
hptm3967.jpg,0.5677,NO
hptm3968.jpg,0.6100,YES
hptm3969.jpg,0.6726,YES
hptm3970.jpg,0.7419,YES
hptm3971.jpg,0.6952,YES
hptm3972.jpg,0.5927,NO
hptm3973.jpg,0.6105,YES
hptm3974.jpg,0.3719,NO
hptm3975.jpg,0.6357,YES
hptm3976.jpg,0.6140,YES
hptm3977.jpg,0.6503,YES
hptm3978.jpg,0.6696,YES
hptm3980.jpg,0.6790,YES
hptm3982.jpg,0.2495,NO
hptm3981.jpg,0.6259,YES
hptm3983.jpg,0.3451,NO
hptm3985.jpg,0.6558,YES
hptm3986.jpg,0.6229,YES
hptm3987.jpg,0.6705,YES
hptm3988.jpg,0.6430,YES
hptm3989.jpg,0.5995,NO
hptm3990.jpg,0.5398,NO
hptm3991.jpg,0.6520,YES
hptm3992.jpg,0.6227,YES
hptm3994.jpg,0.7556,YES
hptm3995.jpg,0.7360,YES
hptm3996.jpg,0.7970,YES
hptm3997.jpg,0.7992,YES
hptm3998.jpg,0.6998,YES
hptm3999.jpg,0.6015,YES
hptm4000.jpg,0.6798,YES
hptm40.jpg,0.0264,NO
hptm4001.jpg,0.6254,YES
hptm4002.jpg,0.6418,YES
hptm4003.jpg,0.6802,YES
hptm4004.jpg,0.6862,YES
hptm4005.jpg,0.2191,NO
hptm4007.jpg,0.6975,YES
hptm4006.jpg,0.6744,YES
hptm4008.jpg,0.6839,YES
hptm4010.jpg,0.7288,YES
hptm4011.jpg,0.6624,YES
hptm4012.jpg,0.7919,YES
hptm4013.jpg,0.7007,YES
hptm4014.jpg,0.7244,YES
hptm4015.jpg,0.6662,YES
hptm4016.jpg,0.7078,YES
hptm4017.jpg,0.6636,YES
hptm4018.jpg,0.6495,YES
hptm4019.jpg,0.6555,YES
hptm402.jpg,0.5842,NO
hptm4020.jpg,0.3176,NO
hptm4021.jpg,0.6146,YES
hptm4022.jpg,0.6486,YES
hptm4023.jpg,0.7441,YES
hptm4024.jpg,0.5418,NO
hptm4025.jpg,0.5860,NO
hptm4026.jpg,0.5480,NO
hptm4027.jpg,0.5377,NO
hptm4028.jpg,0.6437,YES
hptm4029.jpg,0.4812,NO
hptm4030.jpg,0.5552,NO
hptm4031.jpg,0.5825,NO
hptm4032.jpg,0.7320,YES
hptm4033.jpg,0.7290,YES
hptm4034.jpg,0.6926,YES
hptm4035.jpg,0.6912,YES
hptm4036.jpg,0.7124,YES
hptm4037.jpg,0.6794,YES
hptm4039.jpg,0.2520,NO
hptm4040.jpg,0.1842,NO
hptm4041.jpg,0.5456,NO
hptm4042.jpg,0.4356,NO
hptm4043.jpg,0.5995,NO
hptm4044.jpg,0.6480,YES
hptm4045.jpg,0.6492,YES
hptm4046.jpg,0.5010,NO
hptm4047.jpg,0.4920,NO
hptm4048.jpg,0.0265,NO
hptm4049.jpg,0.6935,YES
hptm4050.jpg,0.7093,YES
hptm4051.jpg,0.6571,YES
hptm4052.jpg,0.7155,YES
hptm4053.jpg,0.7129,YES
hptm4055.jpg,0.7140,YES
hptm4056.jpg,0.5955,NO
hptm4058.jpg,0.7230,YES
hptm4059.jpg,0.6982,YES
hptm406.jpg,0.5745,NO
hptm4060.jpg,0.7415,YES
hptm4061.jpg,0.5162,NO
hptm4062.jpg,0.4004,NO
hptm4065.jpg,0.6086,YES
hptm4063.jpg,0.3967,NO
hptm4066.jpg,0.6703,YES
hptm4067.jpg,0.4272,NO
hptm4069.jpg,0.3899,NO
hptm407.jpg,0.7068,YES
hptm4070.jpg,0.5372,NO
hptm4071.jpg,0.6392,YES
hptm4073.jpg,0.7178,YES
hptm4072.jpg,0.2356,NO
hptm4074.jpg,0.3803,NO
hptm4075.jpg,0.3275,NO
hptm4077.jpg,0.6180,YES
hptm4076.jpg,0.3508,NO
hptm4078.jpg,0.2694,NO
hptm4080.jpg,0.3850,NO
hptm4081.jpg,0.6192,YES
hptm4082.jpg,0.6334,YES
hptm4083.jpg,0.3826,NO
hptm4084.jpg,0.5050,NO
hptm4085.jpg,0.5923,NO
hptm4086.jpg,0.6606,YES
hptm4087.jpg,0.3353,NO
hptm4088.jpg,0.6779,YES
hptm4089.jpg,0.5588,NO
hptm4091.jpg,0.6568,YES
hptm4092.jpg,0.6995,YES
hptm4093.jpg,0.2422,NO
hptm4096.jpg,0.5547,NO
hptm4097.jpg,0.7274,YES
hptm4095.jpg,0.6938,YES
hptm4098.jpg,0.6894,YES
hptm4099.jpg,0.3214,NO
hptm4100.jpg,0.7079,YES
hptm4102.jpg,0.5344,NO
hptm4104.jpg,0.5656,NO
hptm4103.jpg,0.3973,NO
hptm4105.jpg,0.5144,NO
hptm4106.jpg,0.6549,YES
hptm4107.jpg,0.6887,YES
hptm4109.jpg,0.4468,NO
hptm4110.jpg,0.3128,NO
hptm4111.jpg,0.6899,YES
hptm4112.jpg,0.6757,YES
hptm4114.jpg,0.3976,NO
hptm4115.jpg,0.4073,NO
hptm4116.jpg,0.2850,NO
hptm4118.jpg,0.3444,NO
hptm4119.jpg,0.6184,YES
hptm4120.jpg,0.4128,NO
hptm4121.jpg,0.6859,YES
hptm4123.jpg,0.4792,NO
hptm4122.jpg,0.6381,YES
hptm4126.jpg,0.6496,YES
hptm4124.jpg,0.0147,NO
hptm4127.jpg,0.7725,YES
hptm4128.jpg,0.7715,YES
hptm4129.jpg,0.7216,YES
hptm4130.jpg,0.6133,YES
hptm4131.jpg,0.7159,YES
hptm4132.jpg,0.6017,YES
hptm4134.jpg,0.6416,YES
hptm4133.jpg,0.5960,NO
hptm4135.jpg,0.5826,NO
hptm4137.jpg,0.5822,NO
hptm4138.jpg,0.5471,NO
hptm4139.jpg,0.1438,NO
hptm4140.jpg,0.5390,NO
hptm4141.jpg,0.5091,NO
hptm4142.jpg,0.4564,NO
hptm4143.jpg,0.6398,YES
hptm4144.jpg,0.4145,NO
hptm4145.jpg,0.7071,YES
hptm4146.jpg,0.7168,YES
hptm4147.jpg,0.6702,YES
hptm4148.jpg,0.7206,YES
hptm4149.jpg,0.5939,NO
hptm4151.jpg,0.6629,YES
hptm4150.jpg,0.0931,NO
hptm4152.jpg,0.5857,NO
hptm4153.jpg,0.5823,NO
hptm4154.jpg,0.6790,YES
hptm4155.jpg,0.3789,NO
hptm4158.jpg,0.4076,NO
hptm4161.jpg,0.3457,NO
hptm4160.jpg,0.6649,YES
hptm4162.jpg,0.4191,NO
hptm4163.jpg,0.5165,NO
hptm4164.jpg,0.3026,NO
hptm4166.jpg,0.7154,YES
hptm4167.jpg,0.5493,NO
hptm4169.jpg,0.7586,YES
hptm4170.jpg,0.7433,YES
hptm4171.jpg,0.5309,NO
hptm4172.jpg,0.3293,NO
hptm4173.jpg,0.3842,NO
hptm4174.jpg,0.4210,NO
hptm4175.jpg,0.5829,NO
hptm4176.jpg,0.2592,NO
hptm4177.jpg,0.5567,NO
hptm4178.jpg,0.7027,YES
hptm4180.jpg,0.6605,YES
hptm4181.jpg,0.5876,NO
hptm4182.jpg,0.3208,NO
hptm4183.jpg,0.5919,NO
hptm4184.jpg,0.2924,NO
hptm4185.jpg,0.6056,YES
hptm4186.jpg,0.3351,NO
hptm4187.jpg,0.1670,NO
hptm4189.jpg,0.4040,NO
hptm4191.jpg,0.4313,NO
hptm4192.jpg,0.6951,YES
hptm4193.jpg,0.6425,YES
hptm4194.jpg,0.3754,NO
hptm4195.jpg,0.3655,NO
hptm4196.jpg,0.6871,YES
hptm4197.jpg,0.7277,YES
hptm4203.jpg,0.3573,NO
hptm4200.jpg,0.6613,YES
hptm4204.jpg,0.6175,YES
hptm4205.jpg,0.3047,NO
hptm4206.jpg,0.3406,NO
hptm4207.jpg,0.0635,NO
hptm4209.jpg,0.6778,YES
hptm4208.jpg,0.6259,YES
hptm4210.jpg,0.3413,NO
hptm4211.jpg,0.6371,YES
hptm4213.jpg,0.2812,NO
hptm4214.jpg,0.3977,NO
hptm4216.jpg,0.3014,NO
hptm4217.jpg,0.3665,NO
hptm4218.jpg,0.4761,NO
hptm4220.jpg,0.4044,NO
hptm4222.jpg,0.2437,NO
hptm4221.jpg,0.4315,NO
hptm4225.jpg,0.3378,NO
hptm4226.jpg,0.4672,NO
hptm4227.jpg,0.5715,NO
hptm4228.jpg,0.5959,NO
hptm4229.jpg,0.2540,NO
hptm4230.jpg,0.4506,NO
hptm4233.jpg,0.5948,NO
hptm4231.jpg,0.4584,NO
hptm4237.jpg,0.2879,NO
hptm4238.jpg,0.6100,YES
hptm4240.jpg,0.4478,NO
hptm4243.jpg,0.5905,NO
hptm4246.jpg,0.6052,YES
hptm4248.jpg,0.1528,NO
hptm425.jpg,0.4650,NO
hptm4247.jpg,0.6371,YES
hptm4251.jpg,0.5125,NO
hptm4252.jpg,0.4799,NO
hptm4253.jpg,0.3758,NO
hptm4254.jpg,0.2965,NO
hptm4257.jpg,0.6199,YES
hptm4258.jpg,0.2853,NO
hptm426.jpg,0.7426,YES
hptm4260.jpg,0.5942,NO
hptm4261.jpg,0.5594,NO
hptm4262.jpg,0.3707,NO
hptm4263.jpg,0.6976,YES
hptm4265.jpg,0.3669,NO
hptm4268.jpg,0.6068,YES
hptm427.jpg,0.5499,NO
hptm4273.jpg,0.3516,NO
hptm4278.jpg,0.5822,NO
hptm4279.jpg,0.3756,NO
hptm428.jpg,0.7506,YES
hptm4280.jpg,0.4111,NO
hptm4281.jpg,0.6736,YES
hptm4283.jpg,0.4551,NO
hptm4282.jpg,0.3654,NO
hptm4284.jpg,0.6664,YES
hptm4285.jpg,0.5281,NO
hptm4286.jpg,0.3226,NO
hptm4287.jpg,0.5518,NO
hptm4288.jpg,0.1582,NO
hptm4289.jpg,0.6630,YES
hptm4292.jpg,0.5329,NO
hptm4291.jpg,0.7339,YES
hptm4294.jpg,0.7156,YES
hptm4296.jpg,0.7502,YES
hptm4297.jpg,0.5041,NO
hptm4298.jpg,0.6857,YES
hptm4299.jpg,0.7529,YES
hptm4302.jpg,0.6983,YES
hptm4305.jpg,0.6951,YES
hptm4303.jpg,0.6566,YES
hptm4306.jpg,0.3910,NO
hptm4309.jpg,0.5825,NO
hptm4307.jpg,0.1827,NO
hptm431.jpg,0.7448,YES
hptm4310.jpg,0.5082,NO
hptm4311.jpg,0.4738,NO
hptm4312.jpg,0.4202,NO
hptm4314.jpg,0.5974,NO
hptm4315.jpg,0.1739,NO
hptm4316.jpg,0.4874,NO
hptm4317.jpg,0.4733,NO
hptm4318.jpg,0.4440,NO
hptm4319.jpg,0.5653,NO
hptm4320.jpg,0.5933,NO
hptm4321.jpg,0.6279,YES
hptm4322.jpg,0.4361,NO
hptm4323.jpg,0.1969,NO
hptm4324.jpg,0.3073,NO
hptm4325.jpg,0.5954,NO
hptm4328.jpg,0.7578,YES
hptm4327.jpg,0.7097,YES
hptm4329.jpg,0.7819,YES
hptm4330.jpg,0.7776,YES
hptm433.jpg,0.5170,NO
hptm4331.jpg,0.7906,YES
hptm4332.jpg,0.7267,YES
hptm4333.jpg,0.7307,YES
hptm4336.jpg,0.3124,NO
hptm4335.jpg,0.5302,NO
hptm4337.jpg,0.0858,NO
hptm4339.jpg,0.4391,NO
hptm4338.jpg,0.1850,NO
hptm4340.jpg,0.3723,NO
hptm4341.jpg,0.5270,NO
hptm4342.jpg,0.6555,YES
hptm4345.jpg,0.6304,YES
hptm4344.jpg,0.5902,NO
hptm4347.jpg,0.6284,YES
hptm4348.jpg,0.7395,YES
hptm4349.jpg,0.5574,NO
hptm435.jpg,0.4141,NO
hptm4351.jpg,0.6037,YES
hptm4352.jpg,0.5566,NO
hptm4354.jpg,0.6074,YES
hptm4355.jpg,0.6392,YES
hptm4356.jpg,0.4881,NO
hptm4357.jpg,0.2891,NO
hptm436.jpg,0.4239,NO
hptm4360.jpg,0.6713,YES
hptm4361.jpg,0.7641,YES
hptm4362.jpg,0.7513,YES
hptm4364.jpg,0.7895,YES
hptm4365.jpg,0.6849,YES
hptm4366.jpg,0.7700,YES
hptm4368.jpg,0.7867,YES
hptm437.jpg,0.5227,NO
hptm4370.jpg,0.7273,YES
hptm4372.jpg,0.6503,YES
hptm4373.jpg,0.6086,YES
hptm4374.jpg,0.5742,NO
hptm4375.jpg,0.2524,NO
hptm4376.jpg,0.5263,NO
hptm4377.jpg,0.5493,NO
hptm4379.jpg,0.2639,NO
hptm4381.jpg,0.1993,NO
hptm4382.jpg,0.3022,NO
hptm4384.jpg,0.6443,YES
hptm4385.jpg,0.6354,YES
hptm4386.jpg,0.5416,NO
hptm4387.jpg,0.6145,YES
hptm4388.jpg,0.5772,NO
hptm4389.jpg,0.6729,YES
hptm439.jpg,0.5387,NO
hptm4391.jpg,0.6770,YES
hptm4392.jpg,0.6033,YES
hptm4393.jpg,0.6270,YES
hptm4394.jpg,0.5003,NO
hptm4396.jpg,0.6017,YES
hptm4397.jpg,0.6110,YES
hptm4398.jpg,0.7037,YES
hptm4399.jpg,0.7164,YES
hptm440.jpg,0.5491,NO
hptm4402.jpg,0.5393,NO
hptm4400.jpg,0.6217,YES
hptm4403.jpg,0.5502,NO
hptm4404.jpg,0.7443,YES
hptm4405.jpg,0.7483,YES
hptm4406.jpg,0.6851,YES
hptm4407.jpg,0.5676,NO
hptm4409.jpg,0.5027,NO
hptm4408.jpg,0.5980,NO
hptm4410.jpg,0.6113,YES
hptm441.jpg,0.5939,NO
hptm4413.jpg,0.5714,NO
hptm4415.jpg,0.6696,YES
hptm4416.jpg,0.5356,NO
hptm4417.jpg,0.7458,YES
hptm4418.jpg,0.7360,YES
hptm4419.jpg,0.7079,YES
hptm4420.jpg,0.7015,YES
hptm442.jpg,0.2523,NO
hptm4421.jpg,0.6959,YES
hptm4422.jpg,0.7133,YES
hptm4424.jpg,0.7196,YES
hptm4425.jpg,0.6874,YES
hptm4427.jpg,0.7645,YES
hptm4428.jpg,0.7034,YES
hptm4429.jpg,0.7415,YES
hptm443.jpg,0.5858,NO
hptm4430.jpg,0.6543,YES
hptm4431.jpg,0.5844,NO
hptm4433.jpg,0.6962,YES
hptm4435.jpg,0.6950,YES
hptm4436.jpg,0.7422,YES
hptm4437.jpg,0.7266,YES
hptm4438.jpg,0.7484,YES
hptm4439.jpg,0.6109,YES
hptm444.jpg,0.5051,NO
hptm4440.jpg,0.7533,YES
hptm4441.jpg,0.6955,YES
hptm4442.jpg,0.6363,YES
hptm4443.jpg,0.4368,NO
hptm4446.jpg,0.4531,NO
hptm4447.jpg,0.5297,NO
hptm4448.jpg,0.7080,YES
hptm4449.jpg,0.7201,YES
hptm4450.jpg,0.7124,YES
hptm4451.jpg,0.7842,YES
hptm4452.jpg,0.6074,YES
hptm4454.jpg,0.6356,YES
hptm4455.jpg,0.6122,YES
hptm4457.jpg,0.4428,NO
hptm4459.jpg,0.2676,NO
hptm4460.jpg,0.6253,YES
hptm4461.jpg,0.5928,NO
hptm4462.jpg,0.5816,NO
hptm4464.jpg,0.3534,NO
hptm4469.jpg,0.6543,YES
hptm447.jpg,0.5427,NO
hptm4472.jpg,0.6074,YES
hptm4473.jpg,0.6245,YES
hptm4475.jpg,0.6561,YES
hptm4476.jpg,0.4698,NO
hptm4477.jpg,0.6685,YES
hptm448.jpg,0.3960,NO
hptm4483.jpg,0.2557,NO
hptm4486.jpg,0.4596,NO
hptm4487.jpg,0.4086,NO
hptm4488.jpg,0.5923,NO
hptm449.jpg,0.1450,NO
hptm4490.jpg,0.4363,NO
hptm4491.jpg,0.5481,NO
hptm4492.jpg,0.3372,NO
hptm4493.jpg,0.5910,NO
hptm4494.jpg,0.4397,NO
hptm4495.jpg,0.5605,NO
hptm4496.jpg,0.6668,YES
hptm4498.jpg,0.4684,NO
hptm4499.jpg,0.4623,NO
hptm4502.jpg,0.3291,NO
hptm4503.jpg,0.6578,YES
hptm4504.jpg,0.3465,NO
hptm4506.jpg,0.6400,YES
hptm4505.jpg,0.6130,YES
hptm4507.jpg,0.3095,NO
hptm4509.jpg,0.4558,NO
hptm4510.jpg,0.3787,NO
hptm4511.jpg,0.4093,NO
hptm4514.jpg,0.6481,YES
hptm4513.jpg,0.4215,NO
hptm4515.jpg,0.6235,YES
hptm4516.jpg,0.4223,NO
hptm4517.jpg,0.6744,YES
hptm4524.jpg,0.6787,YES
hptm4525.jpg,0.5735,NO
hptm4521.jpg,0.6342,YES
hptm4526.jpg,0.3568,NO
hptm4528.jpg,0.3660,NO
hptm4530.jpg,0.6381,YES
hptm4531.jpg,0.3102,NO
hptm4532.jpg,0.3597,NO
hptm4533.jpg,0.6967,YES
hptm4535.jpg,0.5358,NO
hptm4537.jpg,0.6003,YES
hptm4538.jpg,0.5464,NO
hptm4539.jpg,0.1769,NO
hptm4543.jpg,0.6065,YES
hptm4541.jpg,0.3472,NO
hptm4545.jpg,0.6354,YES
hptm4547.jpg,0.7033,YES
hptm4548.jpg,0.6513,YES
hptm4552.jpg,0.6108,YES
hptm4553.jpg,0.4043,NO
hptm4554.jpg,0.5653,NO
hptm4555.jpg,0.3550,NO
hptm4556.jpg,0.5633,NO
hptm4557.jpg,0.5007,NO
hptm4558.jpg,0.3167,NO
hptm4561.jpg,0.6882,YES
hptm4562.jpg,0.6581,YES
hptm4563.jpg,0.7617,YES
hptm4565.jpg,0.6658,YES
hptm4566.jpg,0.6242,YES
hptm4567.jpg,0.7029,YES
hptm4564.jpg,0.7149,YES
hptm4568.jpg,0.6900,YES
hptm4570.jpg,0.4867,NO
hptm4571.jpg,0.6442,YES
hptm4572.jpg,0.6427,YES
hptm4573.jpg,0.3389,NO
hptm4576.jpg,0.4442,NO
hptm4577.jpg,0.5709,NO
hptm4578.jpg,0.7066,YES
hptm4579.jpg,0.7897,YES
hptm4580.jpg,0.7097,YES
hptm4582.jpg,0.7106,YES
hptm4583.jpg,0.3093,NO
hptm4584.jpg,0.6611,YES
hptm4588.jpg,0.7691,YES
hptm4585.jpg,0.6687,YES
hptm4589.jpg,0.6611,YES
hptm4595.jpg,0.7428,YES
hptm4596.jpg,0.6916,YES
hptm4597.jpg,0.6572,YES
hptm4598.jpg,0.7737,YES
hptm4599.jpg,0.7768,YES
hptm4600.jpg,0.6881,YES
hptm4602.jpg,0.7723,YES
hptm4604.jpg,0.5702,NO
hptm4605.jpg,0.7765,YES
hptm4607.jpg,0.7612,YES
hptm4608.jpg,0.7328,YES
hptm4609.jpg,0.7257,YES
hptm4610.jpg,0.7315,YES
hptm4611.jpg,0.6710,YES
hptm4612.jpg,0.6518,YES
hptm4613.jpg,0.6712,YES
hptm4614.jpg,0.6025,YES
hptm4615.jpg,0.5826,NO
hptm4616.jpg,0.6533,YES
hptm4617.jpg,0.7112,YES
hptm4618.jpg,0.7117,YES
hptm4620.jpg,0.6744,YES
hptm4622.jpg,0.4344,NO
hptm4623.jpg,0.3152,NO
hptm4624.jpg,0.2516,NO
hptm4625.jpg,0.5545,NO
hptm4626.jpg,0.5826,NO
hptm4627.jpg,0.5460,NO
hptm4628.jpg,0.6090,YES
hptm4629.jpg,0.6273,YES
hptm4630.jpg,0.6687,YES
hptm4631.jpg,0.6492,YES
hptm4632.jpg,0.6113,YES
hptm4633.jpg,0.6072,YES
hptm4634.jpg,0.6243,YES
hptm4635.jpg,0.5697,NO
hptm4636.jpg,0.6010,YES
hptm4637.jpg,0.6800,YES
hptm4638.jpg,0.6086,YES
hptm4639.jpg,0.5097,NO
hptm4640.jpg,0.5330,NO
hptm4641.jpg,0.5422,NO
hptm4642.jpg,0.6165,YES
hptm4643.jpg,0.5668,NO
hptm4644.jpg,0.6513,YES
hptm4645.jpg,0.5749,NO
hptm4646.jpg,0.5932,NO
hptm4647.jpg,0.2802,NO
hptm4648.jpg,0.7045,YES
hptm4649.jpg,0.5344,NO
hptm4650.jpg,0.6059,YES
hptm4652.jpg,0.7018,YES
hptm4651.jpg,0.6804,YES
hptm4653.jpg,0.7355,YES
hptm4654.jpg,0.6996,YES
hptm4656.jpg,0.5695,NO
hptm4657.jpg,0.6343,YES
hptm4659.jpg,0.6898,YES
hptm4660.jpg,0.6342,YES
hptm4661.jpg,0.5760,NO
hptm4662.jpg,0.7552,YES
hptm4663.jpg,0.7746,YES
hptm4664.jpg,0.7899,YES
hptm4665.jpg,0.7275,YES
hptm4666.jpg,0.7922,YES
hptm4667.jpg,0.7206,YES
hptm4668.jpg,0.7230,YES
hptm4669.jpg,0.7767,YES
hptm4670.jpg,0.5382,NO
hptm4671.jpg,0.6003,YES
hptm4672.jpg,0.6503,YES
hptm4673.jpg,0.7116,YES
hptm4675.jpg,0.6727,YES
hptm4676.jpg,0.6229,YES
hptm4677.jpg,0.6603,YES
hptm4678.jpg,0.6925,YES
hptm4679.jpg,0.5942,NO
hptm4680.jpg,0.6160,YES
hptm4681.jpg,0.4566,NO
hptm4682.jpg,0.6529,YES
hptm4684.jpg,0.7483,YES
hptm4685.jpg,0.5696,NO
hptm4686.jpg,0.6809,YES
hptm4687.jpg,0.5986,NO
hptm4688.jpg,0.6573,YES
hptm4689.jpg,0.7225,YES
hptm4690.jpg,0.6549,YES
hptm4691.jpg,0.5898,NO
hptm4692.jpg,0.6703,YES
hptm4693.jpg,0.5651,NO
hptm4694.jpg,0.6150,YES
hptm4695.jpg,0.5982,NO
hptm4696.jpg,0.6597,YES
hptm4697.jpg,0.5618,NO
hptm4698.jpg,0.6938,YES
hptm4699.jpg,0.7214,YES
hptm4700.jpg,0.8062,YES
hptm4701.jpg,0.6628,YES
hptm4703.jpg,0.7238,YES
hptm4705.jpg,0.5148,NO
hptm4704.jpg,0.5835,NO
hptm4706.jpg,0.7168,YES
hptm4707.jpg,0.6780,YES
hptm4708.jpg,0.6929,YES
hptm4709.jpg,0.5625,NO
hptm4710.jpg,0.6251,YES
hptm4711.jpg,0.7234,YES
hptm4712.jpg,0.7444,YES
hptm4713.jpg,0.6610,YES
hptm4714.jpg,0.6869,YES
hptm4715.jpg,0.6909,YES
hptm4717.jpg,0.4884,NO
hptm4718.jpg,0.2564,NO
hptm4719.jpg,0.6650,YES
hptm4721.jpg,0.6130,YES
hptm4720.jpg,0.5950,NO
hptm4722.jpg,0.5451,NO
hptm4723.jpg,0.6877,YES
hptm4724.jpg,0.6473,YES
hptm4725.jpg,0.7569,YES
hptm4726.jpg,0.6021,YES
hptm4727.jpg,0.7505,YES
hptm4728.jpg,0.7547,YES
hptm473.jpg,0.7090,YES
hptm4729.jpg,0.6528,YES
hptm4730.jpg,0.6768,YES
hptm4732.jpg,0.7741,YES
hptm4734.jpg,0.7859,YES
hptm4733.jpg,0.8160,YES
hptm4735.jpg,0.7473,YES
hptm4736.jpg,0.7439,YES
hptm4737.jpg,0.5835,NO
hptm4738.jpg,0.6931,YES
hptm4739.jpg,0.7752,YES
hptm474.jpg,0.7244,YES
hptm4740.jpg,0.7324,YES
hptm4741.jpg,0.7453,YES
hptm4742.jpg,0.7544,YES
hptm4743.jpg,0.5555,NO
hptm4744.jpg,0.7213,YES
hptm4745.jpg,0.6980,YES
hptm4746.jpg,0.4997,NO
hptm4747.jpg,0.4713,NO
hptm4748.jpg,0.6946,YES
hptm4749.jpg,0.4233,NO
hptm475.jpg,0.1678,NO
hptm4751.jpg,0.5308,NO
hptm4755.jpg,0.7101,YES
hptm4763.jpg,0.7015,YES
hptm4767.jpg,0.7134,YES
hptm4768.jpg,0.7075,YES
hptm4770.jpg,0.6894,YES
hptm4769.jpg,0.7443,YES
hptm4771.jpg,0.7377,YES
hptm4772.jpg,0.6685,YES
hptm4774.jpg,0.7127,YES
hptm4775.jpg,0.5472,NO
hptm4776.jpg,0.7005,YES
hptm4778.jpg,0.7051,YES
hptm4779.jpg,0.7685,YES
hptm4781.jpg,0.6511,YES
hptm4782.jpg,0.5727,NO
hptm4783.jpg,0.7454,YES
hptm4784.jpg,0.7217,YES
hptm4785.jpg,0.6877,YES
hptm4787.jpg,0.5330,NO
hptm4789.jpg,0.6549,YES
hptm479.jpg,0.2339,NO
hptm4790.jpg,0.6958,YES
hptm4791.jpg,0.6108,YES
hptm4792.jpg,0.5809,NO
hptm4793.jpg,0.7276,YES
hptm4794.jpg,0.6468,YES
hptm4795.jpg,0.7368,YES
hptm4796.jpg,0.7770,YES
hptm4797.jpg,0.6448,YES
hptm4798.jpg,0.7283,YES
hptm4799.jpg,0.6100,YES
hptm4800.jpg,0.7730,YES
hptm4801.jpg,0.7636,YES
hptm4802.jpg,0.6651,YES
hptm4803.jpg,0.6792,YES
hptm4804.jpg,0.6191,YES
hptm4805.jpg,0.6695,YES
hptm4806.jpg,0.6134,YES
hptm4807.jpg,0.6558,YES
hptm4808.jpg,0.6919,YES
hptm4809.jpg,0.7317,YES
hptm4810.jpg,0.7856,YES
hptm4811.jpg,0.7339,YES
hptm4812.jpg,0.7430,YES
hptm4814.jpg,0.5888,NO
hptm4813.jpg,0.7008,YES
hptm4815.jpg,0.6676,YES
hptm4816.jpg,0.6154,YES
hptm4817.jpg,0.6841,YES
hptm4818.jpg,0.6993,YES
hptm4819.jpg,0.7224,YES
hptm4820.jpg,0.7958,YES
hptm4821.jpg,0.7942,YES
hptm4822.jpg,0.7991,YES
hptm4825.jpg,0.6966,YES
hptm4826.jpg,0.6811,YES
hptm4827.jpg,0.7770,YES
hptm4828.jpg,0.6413,YES
hptm4829.jpg,0.7084,YES
hptm4830.jpg,0.7119,YES
hptm4831.jpg,0.7485,YES
hptm4832.jpg,0.7320,YES
hptm4833.jpg,0.6163,YES
hptm4836.jpg,0.6157,YES
hptm4837.jpg,0.7087,YES
hptm4840.jpg,0.7461,YES
hptm4841.jpg,0.7205,YES
hptm4844.jpg,0.7408,YES
hptm4842.jpg,0.7133,YES
hptm4845.jpg,0.7044,YES
hptm4846.jpg,0.6485,YES
hptm4847.jpg,0.6737,YES
hptm4848.jpg,0.6603,YES
hptm4849.jpg,0.6742,YES
hptm4850.jpg,0.6136,YES
hptm4851.jpg,0.6313,YES
hptm4854.jpg,0.7252,YES
hptm4852.jpg,0.6970,YES
hptm4855.jpg,0.7424,YES
hptm4856.jpg,0.7547,YES
hptm4857.jpg,0.7679,YES
hptm4858.jpg,0.7066,YES
hptm4859.jpg,0.6899,YES
hptm4860.jpg,0.7470,YES
hptm4861.jpg,0.7690,YES
hptm4862.jpg,0.7521,YES
hptm4863.jpg,0.7288,YES
hptm4864.jpg,0.7637,YES
hptm4865.jpg,0.6658,YES
hptm4866.jpg,0.5490,NO
hptm4867.jpg,0.6705,YES
hptm4869.jpg,0.5662,NO
hptm4872.jpg,0.7210,YES
hptm4870.jpg,0.6494,YES
hptm4873.jpg,0.7123,YES
hptm4874.jpg,0.7207,YES
hptm4875.jpg,0.7381,YES
hptm4876.jpg,0.7100,YES
hptm4878.jpg,0.7423,YES
hptm4880.jpg,0.6879,YES
hptm4882.jpg,0.7225,YES
hptm4881.jpg,0.6693,YES
hptm4887.jpg,0.6655,YES
hptm4892.jpg,0.6997,YES
hptm4894.jpg,0.6681,YES
hptm4895.jpg,0.6816,YES
hptm4899.jpg,0.7390,YES
hptm4907.jpg,0.7316,YES
hptm4903.jpg,0.6900,YES
hptm4911.jpg,0.5947,NO
hptm4912.jpg,0.7458,YES
hptm4913.jpg,0.7093,YES
hptm4914.jpg,0.6996,YES
hptm4915.jpg,0.7128,YES
hptm4917.jpg,0.7169,YES
hptm4918.jpg,0.7119,YES
hptm4919.jpg,0.6801,YES
hptm4920.jpg,0.6797,YES
hptm4921.jpg,0.6459,YES
hptm4922.jpg,0.7048,YES
hptm4923.jpg,0.7342,YES
hptm4924.jpg,0.7947,YES
hptm4925.jpg,0.6332,YES
hptm4926.jpg,0.7825,YES
hptm4927.jpg,0.6792,YES
hptm4928.jpg,0.7765,YES
hptm4929.jpg,0.7497,YES
hptm4930.jpg,0.7501,YES
hptm4931.jpg,0.7410,YES
hptm4932.jpg,0.7541,YES
hptm4933.jpg,0.6340,YES
hptm4934.jpg,0.7101,YES
hptm4935.jpg,0.7114,YES
hptm4937.jpg,0.6948,YES
hptm4938.jpg,0.7246,YES
hptm4939.jpg,0.6665,YES
hptm4940.jpg,0.5620,NO
hptm4941.jpg,0.5852,NO
hptm4942.jpg,0.6364,YES
hptm4948.jpg,0.6644,YES
hptm4952.jpg,0.6145,YES
hptm4955.jpg,0.6110,YES
hptm4956.jpg,0.6851,YES
hptm4959.jpg,0.6933,YES
hptm4960.jpg,0.6720,YES
hptm4961.jpg,0.6536,YES
hptm4962.jpg,0.5867,NO
hptm4964.jpg,0.5845,NO
hptm4963.jpg,0.5442,NO
hptm4965.jpg,0.6103,YES
hptm4966.jpg,0.6613,YES
hptm4967.jpg,0.5953,NO
hptm4968.jpg,0.6218,YES
hptm4969.jpg,0.6609,YES
hptm4970.jpg,0.6941,YES
hptm4971.jpg,0.6136,YES
hptm4972.jpg,0.5193,NO
hptm4973.jpg,0.5196,NO
hptm4974.jpg,0.5669,NO
hptm4975.jpg,0.6239,YES
hptm4976.jpg,0.6676,YES
hptm4977.jpg,0.5905,NO
hptm4978.jpg,0.7430,YES
hptm4980.jpg,0.7264,YES
hptm4979.jpg,0.7228,YES
hptm4981.jpg,0.6172,YES
hptm4982.jpg,0.6969,YES
hptm4983.jpg,0.7083,YES
hptm4984.jpg,0.7556,YES
hptm4995.jpg,0.7506,YES
hptm4996.jpg,0.7268,YES
hptm4999.jpg,0.7629,YES
hptm5000.jpg,0.7462,YES
hptm5003.jpg,0.7418,YES
hptm5004.jpg,0.7629,YES
hptm5006.jpg,0.7401,YES
hptm5007.jpg,0.7370,YES
hptm5008.jpg,0.7328,YES
hptm5012.jpg,0.7376,YES
hptm5010.jpg,0.7021,YES
hptm5013.jpg,0.7560,YES
hptm5015.jpg,0.7654,YES
hptm5016.jpg,0.7384,YES
hptm5017.jpg,0.7479,YES
hptm5018.jpg,0.7396,YES
hptm5021.jpg,0.7540,YES
hptm5022.jpg,0.7514,YES
hptm5035.jpg,0.7727,YES
hptm5025.jpg,0.7833,YES
hptm5036.jpg,0.7310,YES
hptm5037.jpg,0.7608,YES
hptm5038.jpg,0.7659,YES
hptm5039.jpg,0.7487,YES
hptm5040.jpg,0.7439,YES
hptm5041.jpg,0.7584,YES
hptm5042.jpg,0.7574,YES
hptm5043.jpg,0.7372,YES
hptm5044.jpg,0.6193,YES
hptm5045.jpg,0.7548,YES
hptm5046.jpg,0.6046,YES
hptm5047.jpg,0.6706,YES
hptm5048.jpg,0.7367,YES
hptm5051.jpg,0.7389,YES
hptm5055.jpg,0.7007,YES
hptm5059.jpg,0.6476,YES
hptm5063.jpg,0.7092,YES
hptm5068.jpg,0.5783,NO
hptm5067.jpg,0.6810,YES
hptm5070.jpg,0.7373,YES
hptm5072.jpg,0.5717,NO
hptm5073.jpg,0.6839,YES
hptm5077.jpg,0.7199,YES
hptm5075.jpg,0.6103,YES
hptm5078.jpg,0.7200,YES
hptm5079.jpg,0.6886,YES
hptm5081.jpg,0.8159,YES
hptm5082.jpg,0.7124,YES
hptm5083.jpg,0.7333,YES
hptm5084.jpg,0.6256,YES
hptm5086.jpg,0.7353,YES
hptm5085.jpg,0.7514,YES
hptm5087.jpg,0.6709,YES
hptm5088.jpg,0.7212,YES
hptm5089.jpg,0.6826,YES
hptm5090.jpg,0.6686,YES
hptm5091.jpg,0.7576,YES
hptm5092.jpg,0.7305,YES
hptm5093.jpg,0.6499,YES
hptm5094.jpg,0.7483,YES
hptm5095.jpg,0.6940,YES
hptm5096.jpg,0.6718,YES
hptm5097.jpg,0.7103,YES
hptm5098.jpg,0.6716,YES
hptm51.jpg,0.7155,YES
hptm5100.jpg,0.7368,YES
hptm5101.jpg,0.7724,YES
hptm5102.jpg,0.7678,YES
hptm5103.jpg,0.7141,YES
hptm5107.jpg,0.7606,YES
hptm5111.jpg,0.7738,YES
hptm5114.jpg,0.7402,YES
hptm5115.jpg,0.7721,YES
hptm5117.jpg,0.7919,YES
hptm5118.jpg,0.7476,YES
hptm5119.jpg,0.7795,YES
hptm512.jpg,0.6676,YES
hptm5120.jpg,0.7801,YES
hptm5121.jpg,0.7643,YES
hptm5122.jpg,0.7842,YES
hptm5125.jpg,0.7325,YES
hptm5123.jpg,0.7728,YES
hptm5127.jpg,0.7633,YES
hptm5130.jpg,0.6985,YES
hptm5131.jpg,0.7647,YES
hptm5134.jpg,0.6836,YES
hptm5135.jpg,0.6251,YES
hptm5136.jpg,0.6468,YES
hptm5137.jpg,0.7477,YES
hptm5138.jpg,0.7476,YES
hptm5140.jpg,0.6065,YES
hptm5141.jpg,0.5740,NO
hptm5139.jpg,0.7726,YES
hptm5145.jpg,0.7420,YES
hptm5143.jpg,0.7122,YES
hptm5146.jpg,0.6098,YES
hptm5147.jpg,0.5500,NO
hptm5148.jpg,0.6815,YES
hptm5150.jpg,0.6886,YES
hptm5149.jpg,0.6381,YES
hptm5151.jpg,0.7242,YES
hptm5153.jpg,0.7642,YES
hptm5152.jpg,0.7429,YES
hptm5154.jpg,0.7443,YES
hptm5155.jpg,0.7742,YES
hptm5156.jpg,0.7331,YES
hptm5157.jpg,0.6422,YES
hptm5159.jpg,0.6011,YES
hptm5158.jpg,0.6950,YES
hptm5160.jpg,0.6205,YES
hptm5161.jpg,0.6653,YES
hptm5162.jpg,0.6201,YES
hptm5163.jpg,0.6992,YES
hptm5164.jpg,0.7880,YES
hptm5165.jpg,0.7227,YES
hptm5166.jpg,0.6915,YES
hptm5167.jpg,0.7439,YES
hptm5170.jpg,0.3929,NO
hptm5175.jpg,0.7021,YES
hptm5176.jpg,0.6939,YES
hptm5177.jpg,0.7442,YES
hptm5178.jpg,0.7250,YES
hptm5179.jpg,0.6432,YES
hptm5180.jpg,0.6924,YES
hptm5181.jpg,0.7194,YES
hptm5183.jpg,0.7246,YES
hptm5184.jpg,0.7077,YES
hptm5185.jpg,0.7087,YES
hptm5186.jpg,0.6591,YES
hptm5187.jpg,0.6876,YES
hptm5188.jpg,0.6863,YES
hptm5190.jpg,0.6880,YES
hptm5191.jpg,0.6783,YES
hptm5192.jpg,0.6833,YES
hptm5193.jpg,0.7004,YES
hptm5194.jpg,0.6632,YES
hptm5195.jpg,0.6499,YES
hptm5198.jpg,0.6624,YES
hptm5197.jpg,0.6856,YES
hptm5199.jpg,0.7260,YES
hptm5200.jpg,0.6945,YES
hptm5201.jpg,0.7229,YES
hptm5203.jpg,0.5427,NO
hptm5206.jpg,0.6935,YES
hptm5207.jpg,0.6736,YES
hptm5208.jpg,0.7112,YES
hptm5211.jpg,0.6760,YES
hptm5209.jpg,0.7051,YES
hptm5212.jpg,0.7528,YES
hptm5213.jpg,0.7031,YES
hptm5214.jpg,0.5343,NO
hptm5215.jpg,0.7649,YES
hptm5216.jpg,0.7299,YES
hptm5217.jpg,0.6348,YES
hptm5218.jpg,0.6165,YES
hptm5219.jpg,0.7723,YES
hptm5220.jpg,0.7415,YES
hptm5221.jpg,0.7638,YES
hptm5223.jpg,0.7340,YES
hptm5224.jpg,0.7114,YES
hptm5225.jpg,0.5269,NO
hptm5227.jpg,0.7503,YES
hptm5226.jpg,0.7575,YES
hptm5229.jpg,0.5652,NO
hptm523.jpg,0.6894,YES
hptm5230.jpg,0.5851,NO
hptm5231.jpg,0.7179,YES
hptm5232.jpg,0.7412,YES
hptm5233.jpg,0.7445,YES
hptm5235.jpg,0.7406,YES
hptm5236.jpg,0.5307,NO
hptm5238.jpg,0.6434,YES
hptm5237.jpg,0.7690,YES
hptm5239.jpg,0.7503,YES
hptm5240.jpg,0.5924,NO
hptm5241.jpg,0.6689,YES
hptm5242.jpg,0.5383,NO
hptm5243.jpg,0.6087,YES
hptm5244.jpg,0.5697,NO
hptm5245.jpg,0.6228,YES
hptm5246.jpg,0.6113,YES
hptm5247.jpg,0.5379,NO
hptm5248.jpg,0.5801,NO
hptm5249.jpg,0.6557,YES
hptm5250.jpg,0.6616,YES
hptm5251.jpg,0.6487,YES
hptm5252.jpg,0.6801,YES
hptm5253.jpg,0.6708,YES
hptm5255.jpg,0.6318,YES
hptm5254.jpg,0.6382,YES
hptm5256.jpg,0.5718,NO
hptm5258.jpg,0.6498,YES
hptm5259.jpg,0.7390,YES
hptm5260.jpg,0.7362,YES
hptm5261.jpg,0.7266,YES
hptm5262.jpg,0.7378,YES
hptm5263.jpg,0.5989,NO
hptm5264.jpg,0.4752,NO
hptm5265.jpg,0.6210,YES
hptm5266.jpg,0.7067,YES
hptm5267.jpg,0.6711,YES
hptm5268.jpg,0.6641,YES
hptm5269.jpg,0.6486,YES
hptm5270.jpg,0.7067,YES
hptm5271.jpg,0.6916,YES
hptm5272.jpg,0.7284,YES
hptm5274.jpg,0.6678,YES
hptm5276.jpg,0.5036,NO
hptm5275.jpg,0.5066,NO
hptm5277.jpg,0.4384,NO
hptm5279.jpg,0.7465,YES
hptm5280.jpg,0.7004,YES
hptm528.jpg,0.4901,NO
hptm5281.jpg,0.5513,NO
hptm5282.jpg,0.7299,YES
hptm5284.jpg,0.5888,NO
hptm5283.jpg,0.5353,NO
hptm5285.jpg,0.7535,YES
hptm5287.jpg,0.5864,NO
hptm5289.jpg,0.6853,YES
hptm529.jpg,0.5866,NO
hptm5290.jpg,0.6309,YES
hptm5291.jpg,0.6773,YES
hptm5293.jpg,0.7069,YES
hptm5292.jpg,0.6345,YES
hptm5294.jpg,0.6855,YES
hptm5295.jpg,0.7153,YES
hptm5299.jpg,0.7270,YES
hptm5297.jpg,0.6368,YES
hptm53.jpg,0.6418,YES
hptm5300.jpg,0.5116,NO
hptm5301.jpg,0.4878,NO
hptm5302.jpg,0.6749,YES
hptm5303.jpg,0.5462,NO
hptm5304.jpg,0.5503,NO
hptm5306.jpg,0.4150,NO
hptm5307.jpg,0.4281,NO
hptm5305.jpg,0.6281,YES
hptm5308.jpg,0.5452,NO
hptm5309.jpg,0.5773,NO
hptm531.jpg,0.3185,NO
hptm5310.jpg,0.5336,NO
hptm5311.jpg,0.6707,YES
hptm5312.jpg,0.7058,YES
hptm5314.jpg,0.7008,YES
hptm5313.jpg,0.4860,NO
hptm5315.jpg,0.5962,NO
hptm5316.jpg,0.5983,NO
hptm5317.jpg,0.6357,YES
hptm5318.jpg,0.6621,YES
hptm5319.jpg,0.6246,YES
hptm532.jpg,0.6588,YES
hptm5320.jpg,0.5697,NO
hptm5321.jpg,0.6205,YES
hptm5322.jpg,0.5443,NO
hptm5323.jpg,0.5234,NO
hptm5325.jpg,0.5773,NO
hptm5327.jpg,0.5598,NO
hptm5328.jpg,0.5898,NO
hptm5329.jpg,0.5213,NO
hptm5330.jpg,0.4956,NO
hptm5332.jpg,0.5370,NO
hptm5333.jpg,0.4958,NO
hptm5334.jpg,0.5319,NO
hptm5335.jpg,0.5054,NO
hptm5336.jpg,0.6458,YES
hptm5337.jpg,0.5137,NO
hptm5338.jpg,0.5063,NO
hptm5339.jpg,0.5180,NO
hptm534.jpg,0.7193,YES
hptm5340.jpg,0.4704,NO
hptm5341.jpg,0.4466,NO
hptm5344.jpg,0.4978,NO
hptm5345.jpg,0.5682,NO
hptm5346.jpg,0.5632,NO
hptm5347.jpg,0.6942,YES
hptm5349.jpg,0.4488,NO
hptm5348.jpg,0.5076,NO
hptm5350.jpg,0.5453,NO
hptm5351.jpg,0.5264,NO
hptm5352.jpg,0.4896,NO
hptm5353.jpg,0.5064,NO
hptm5354.jpg,0.4805,NO
hptm5355.jpg,0.4935,NO
hptm5356.jpg,0.5061,NO
hptm5357.jpg,0.5041,NO
hptm5358.jpg,0.6147,YES
hptm5360.jpg,0.5079,NO
hptm5359.jpg,0.4917,NO
hptm5361.jpg,0.5299,NO
hptm5362.jpg,0.4706,NO
hptm5363.jpg,0.4728,NO
hptm5364.jpg,0.4501,NO
hptm5366.jpg,0.4200,NO
hptm5365.jpg,0.4345,NO
hptm5368.jpg,0.6624,YES
hptm5367.jpg,0.5081,NO
hptm5369.jpg,0.6576,YES
hptm537.jpg,0.6468,YES
hptm5370.jpg,0.5188,NO
hptm5372.jpg,0.5563,NO
hptm5373.jpg,0.5581,NO
hptm5371.jpg,0.5999,NO
hptm5375.jpg,0.6525,YES
hptm5376.jpg,0.7137,YES
hptm5377.jpg,0.7496,YES
hptm5378.jpg,0.7141,YES
hptm5379.jpg,0.6761,YES
hptm538.jpg,0.5948,NO
hptm5383.jpg,0.6025,YES
hptm5381.jpg,0.7060,YES
hptm5384.jpg,0.4477,NO
hptm5385.jpg,0.7149,YES
hptm5386.jpg,0.5680,NO
hptm5387.jpg,0.5676,NO
hptm5388.jpg,0.6689,YES
hptm5389.jpg,0.7026,YES
hptm5391.jpg,0.6118,YES
hptm5392.jpg,0.5163,NO
hptm5393.jpg,0.7504,YES
hptm5394.jpg,0.5599,NO
hptm5395.jpg,0.6688,YES
hptm5396.jpg,0.5993,NO
hptm5397.jpg,0.6080,YES
hptm5398.jpg,0.6670,YES
hptm5399.jpg,0.6907,YES
hptm540.jpg,0.4936,NO
hptm5400.jpg,0.7323,YES
hptm5401.jpg,0.5829,NO
hptm5402.jpg,0.6362,YES
hptm5403.jpg,0.6989,YES
hptm5404.jpg,0.7426,YES
hptm5405.jpg,0.6962,YES
hptm5406.jpg,0.7209,YES
hptm5407.jpg,0.7092,YES
hptm5408.jpg,0.7085,YES
hptm5409.jpg,0.6761,YES
hptm541.jpg,0.4298,NO
hptm5410.jpg,0.5648,NO
hptm5411.jpg,0.6300,YES
hptm5412.jpg,0.5566,NO
hptm5413.jpg,0.6837,YES
hptm5415.jpg,0.7534,YES
hptm5416.jpg,0.6945,YES
hptm5417.jpg,0.7198,YES
hptm5418.jpg,0.6646,YES
hptm542.jpg,0.5960,NO
hptm5420.jpg,0.7145,YES
hptm5421.jpg,0.5795,NO
hptm5422.jpg,0.5207,NO
hptm5423.jpg,0.6350,YES
hptm5424.jpg,0.6402,YES
hptm5425.jpg,0.6998,YES
hptm5426.jpg,0.7085,YES
hptm5427.jpg,0.7173,YES
hptm5428.jpg,0.5878,NO
hptm5429.jpg,0.5785,NO
hptm543.jpg,0.5432,NO
hptm5430.jpg,0.6011,YES
hptm5431.jpg,0.6297,YES
hptm5432.jpg,0.3485,NO
hptm5433.jpg,0.6046,YES
hptm5434.jpg,0.5687,NO
hptm5435.jpg,0.5660,NO
hptm5436.jpg,0.4858,NO
hptm5437.jpg,0.7028,YES
hptm5438.jpg,0.5413,NO
hptm5439.jpg,0.5374,NO
hptm544.jpg,0.5730,NO
hptm5440.jpg,0.4546,NO
hptm5441.jpg,0.4670,NO
hptm5442.jpg,0.4634,NO
hptm5443.jpg,0.5200,NO
hptm5445.jpg,0.6059,YES
hptm5446.jpg,0.5703,NO
hptm5448.jpg,0.7765,YES
hptm5447.jpg,0.6470,YES
hptm5449.jpg,0.6089,YES
hptm545.jpg,0.7741,YES
hptm5450.jpg,0.6083,YES
hptm5451.jpg,0.5883,NO
hptm5452.jpg,0.4682,NO
hptm5453.jpg,0.7263,YES
hptm5454.jpg,0.6335,YES
hptm5455.jpg,0.6708,YES
hptm5456.jpg,0.7492,YES
hptm5457.jpg,0.5881,NO
hptm5458.jpg,0.6821,YES
hptm5459.jpg,0.6691,YES
hptm5460.jpg,0.6434,YES
hptm5461.jpg,0.6034,YES
hptm5462.jpg,0.5593,NO
hptm5463.jpg,0.6567,YES
hptm5464.jpg,0.5749,NO
hptm5466.jpg,0.7359,YES
hptm5467.jpg,0.6159,YES
hptm5468.jpg,0.6424,YES
hptm5469.jpg,0.6542,YES
hptm547.jpg,0.3844,NO
hptm5470.jpg,0.6078,YES
hptm5471.jpg,0.6682,YES
hptm5472.jpg,0.6041,YES
hptm5473.jpg,0.7060,YES
hptm5474.jpg,0.6131,YES
hptm5475.jpg,0.4945,NO
hptm5477.jpg,0.4970,NO
hptm5478.jpg,0.5131,NO
hptm548.jpg,0.6737,YES
hptm5479.jpg,0.4869,NO
hptm5480.jpg,0.4899,NO
hptm5481.jpg,0.5991,NO
hptm5482.jpg,0.5155,NO
hptm5483.jpg,0.5040,NO
hptm5484.jpg,0.6253,YES
hptm5485.jpg,0.5534,NO
hptm5486.jpg,0.5091,NO
hptm5487.jpg,0.4662,NO
hptm5488.jpg,0.6651,YES
hptm5489.jpg,0.5989,NO
hptm5490.jpg,0.5909,NO
hptm5491.jpg,0.7045,YES
hptm5492.jpg,0.6232,YES
hptm5493.jpg,0.5960,NO
hptm5495.jpg,0.6189,YES
hptm5496.jpg,0.6422,YES
hptm5497.jpg,0.6214,YES
hptm5499.jpg,0.6954,YES
hptm550.jpg,0.5470,NO
hptm5500.jpg,0.7145,YES
hptm5501.jpg,0.7099,YES
hptm5502.jpg,0.7050,YES
hptm5504.jpg,0.5876,NO
hptm5503.jpg,0.6792,YES
hptm5505.jpg,0.6913,YES
hptm5506.jpg,0.6152,YES
hptm5507.jpg,0.6838,YES
hptm5508.jpg,0.6700,YES
hptm5509.jpg,0.6998,YES
hptm551.jpg,0.5020,NO
hptm5511.jpg,0.5924,NO
hptm5510.jpg,0.6509,YES
hptm5512.jpg,0.6432,YES
hptm5513.jpg,0.6312,YES
hptm5514.jpg,0.6091,YES
hptm5515.jpg,0.5748,NO
hptm5516.jpg,0.6325,YES
hptm5518.jpg,0.6498,YES
hptm5517.jpg,0.6886,YES
hptm5519.jpg,0.6386,YES
hptm552.jpg,0.5825,NO
hptm5520.jpg,0.4656,NO
hptm5521.jpg,0.4780,NO
hptm5522.jpg,0.4310,NO
hptm5523.jpg,0.4269,NO
hptm5524.jpg,0.5740,NO
hptm5526.jpg,0.6074,YES
hptm5525.jpg,0.6730,YES
hptm5527.jpg,0.5817,NO
hptm5529.jpg,0.6647,YES
hptm553.jpg,0.1163,NO
hptm5531.jpg,0.6710,YES
hptm5532.jpg,0.7099,YES
hptm5536.jpg,0.7414,YES
hptm5533.jpg,0.6880,YES
hptm5534.jpg,0.6992,YES
hptm5535.jpg,0.7474,YES
hptm5537.jpg,0.6000,NO
hptm5538.jpg,0.7222,YES
hptm5539.jpg,0.7309,YES
hptm554.jpg,0.5668,NO
hptm5541.jpg,0.4000,NO
hptm5542.jpg,0.5932,NO
hptm5543.jpg,0.5871,NO
hptm5544.jpg,0.5320,NO
hptm5545.jpg,0.4997,NO
hptm5546.jpg,0.4489,NO
hptm5547.jpg,0.5626,NO
hptm5548.jpg,0.5731,NO
hptm5549.jpg,0.4549,NO
hptm5551.jpg,0.5160,NO
hptm5550.jpg,0.6126,YES
hptm555.jpg,0.6139,YES
hptm5552.jpg,0.6116,YES
hptm5553.jpg,0.5833,NO
hptm5554.jpg,0.4179,NO
hptm5555.jpg,0.4154,NO
hptm5558.jpg,0.6176,YES
hptm556.jpg,0.6719,YES
hptm5560.jpg,0.5006,NO
hptm5559.jpg,0.6436,YES
hptm5561.jpg,0.5309,NO
hptm5562.jpg,0.5847,NO
hptm5563.jpg,0.4859,NO
hptm5564.jpg,0.6290,YES
hptm5565.jpg,0.6049,YES
hptm5567.jpg,0.7093,YES
hptm5568.jpg,0.7221,YES
hptm5570.jpg,0.7759,YES
hptm5571.jpg,0.6778,YES
hptm5572.jpg,0.7308,YES
hptm5573.jpg,0.7468,YES
hptm5574.jpg,0.5617,NO
hptm5576.jpg,0.5038,NO
hptm5577.jpg,0.5380,NO
hptm5578.jpg,0.4389,NO
hptm5580.jpg,0.6478,YES
hptm5579.jpg,0.4584,NO
hptm5581.jpg,0.5475,NO
hptm5582.jpg,0.6136,YES
hptm5583.jpg,0.4760,NO
hptm5584.jpg,0.5290,NO
hptm5585.jpg,0.4891,NO
hptm5586.jpg,0.6692,YES
hptm5587.jpg,0.6416,YES
hptm5588.jpg,0.5856,NO
hptm5590.jpg,0.6712,YES
hptm5591.jpg,0.5575,NO
hptm5593.jpg,0.5746,NO
hptm5594.jpg,0.5088,NO
hptm5595.jpg,0.6229,YES
hptm5596.jpg,0.7449,YES
hptm5597.jpg,0.7730,YES
hptm5598.jpg,0.7095,YES
hptm5599.jpg,0.7646,YES
hptm56.jpg,0.5699,NO
hptm560.jpg,0.2897,NO
hptm5600.jpg,0.6216,YES
hptm5602.jpg,0.7766,YES
hptm5603.jpg,0.6983,YES
hptm5604.jpg,0.6236,YES
hptm5605.jpg,0.7373,YES
hptm5606.jpg,0.7200,YES
hptm5607.jpg,0.6801,YES
hptm561.jpg,0.5939,NO
hptm5608.jpg,0.6754,YES
hptm5610.jpg,0.6508,YES
hptm5611.jpg,0.6705,YES
hptm5612.jpg,0.7340,YES
hptm5613.jpg,0.5473,NO
hptm5614.jpg,0.7126,YES
hptm5615.jpg,0.5621,NO
hptm5616.jpg,0.4579,NO
hptm5617.jpg,0.7437,YES
hptm5618.jpg,0.7258,YES
hptm5619.jpg,0.7379,YES
hptm5620.jpg,0.5638,NO
hptm5621.jpg,0.6621,YES
hptm5622.jpg,0.7212,YES
hptm5623.jpg,0.6761,YES
hptm5624.jpg,0.6927,YES
hptm5627.jpg,0.4952,NO
hptm5626.jpg,0.5970,NO
hptm5628.jpg,0.7385,YES
hptm5629.jpg,0.4924,NO
hptm563.jpg,0.3697,NO
hptm5630.jpg,0.5102,NO
hptm5632.jpg,0.4650,NO
hptm5633.jpg,0.5275,NO
hptm5634.jpg,0.4766,NO
hptm5635.jpg,0.6529,YES
hptm5636.jpg,0.5873,NO
hptm5637.jpg,0.4875,NO
hptm5639.jpg,0.5762,NO
hptm5638.jpg,0.5818,NO
hptm564.jpg,0.4411,NO
hptm5641.jpg,0.5710,NO
hptm5643.jpg,0.6920,YES
hptm5646.jpg,0.5766,NO
hptm5644.jpg,0.5923,NO
hptm5647.jpg,0.6095,YES
hptm5649.jpg,0.5494,NO
hptm565.jpg,0.1374,NO
hptm5651.jpg,0.6784,YES
hptm5652.jpg,0.6643,YES
hptm5654.jpg,0.6317,YES
hptm5655.jpg,0.7373,YES
hptm5656.jpg,0.6874,YES
hptm5657.jpg,0.7277,YES
hptm5658.jpg,0.5698,NO
hptm566.jpg,0.2223,NO
hptm5660.jpg,0.6955,YES
hptm5661.jpg,0.7519,YES
hptm5662.jpg,0.4893,NO
hptm5664.jpg,0.6143,YES
hptm5663.jpg,0.7345,YES
hptm5665.jpg,0.6624,YES
hptm5666.jpg,0.4423,NO
hptm5667.jpg,0.4990,NO
hptm5668.jpg,0.5976,NO
hptm5669.jpg,0.5405,NO
hptm567.jpg,0.4896,NO
hptm5670.jpg,0.5454,NO
hptm5671.jpg,0.5746,NO
hptm5672.jpg,0.6033,YES
hptm5674.jpg,0.7371,YES
hptm5675.jpg,0.6842,YES
hptm5676.jpg,0.7547,YES
hptm5677.jpg,0.6125,YES
hptm5678.jpg,0.5155,NO
hptm5679.jpg,0.5836,NO
hptm5680.jpg,0.5492,NO
hptm5681.jpg,0.5063,NO
hptm5682.jpg,0.6672,YES
hptm5683.jpg,0.6706,YES
hptm5684.jpg,0.7341,YES
hptm5685.jpg,0.7108,YES
hptm5686.jpg,0.6162,YES
hptm5687.jpg,0.5945,NO
hptm5688.jpg,0.6510,YES
hptm569.jpg,0.7125,YES
hptm5691.jpg,0.4445,NO
hptm5692.jpg,0.5272,NO
hptm5693.jpg,0.6921,YES
hptm5694.jpg,0.6213,YES
hptm5695.jpg,0.4792,NO
hptm5698.jpg,0.6753,YES
hptm5697.jpg,0.6085,YES
hptm5699.jpg,0.7334,YES
hptm570.jpg,0.6550,YES
hptm5700.jpg,0.7647,YES
hptm5702.jpg,0.6672,YES
hptm5703.jpg,0.4581,NO
hptm5704.jpg,0.7189,YES
hptm5705.jpg,0.6692,YES
hptm5706.jpg,0.7412,YES
hptm5707.jpg,0.5692,NO
hptm5708.jpg,0.6781,YES
hptm5709.jpg,0.4629,NO
hptm571.jpg,0.5880,NO
hptm5710.jpg,0.5178,NO
hptm5711.jpg,0.6028,YES
hptm5712.jpg,0.6097,YES
hptm5713.jpg,0.5652,NO
hptm5714.jpg,0.7046,YES
hptm5715.jpg,0.4800,NO
hptm5716.jpg,0.6408,YES
hptm5717.jpg,0.5151,NO
hptm5719.jpg,0.4444,NO
hptm572.jpg,0.4823,NO
hptm5721.jpg,0.6076,YES
hptm5723.jpg,0.5286,NO
hptm5722.jpg,0.4515,NO
hptm5724.jpg,0.5812,NO
hptm5725.jpg,0.4736,NO
hptm5726.jpg,0.6089,YES
hptm5727.jpg,0.4889,NO
hptm5728.jpg,0.4431,NO
hptm5729.jpg,0.6052,YES
hptm573.jpg,0.6879,YES
hptm5730.jpg,0.4492,NO
hptm5731.jpg,0.4945,NO
hptm5732.jpg,0.5653,NO
hptm5733.jpg,0.4375,NO
hptm5734.jpg,0.5465,NO
hptm5735.jpg,0.3245,NO
hptm5736.jpg,0.6803,YES
hptm5737.jpg,0.4971,NO
hptm5738.jpg,0.5979,NO
hptm5739.jpg,0.6968,YES
hptm574.jpg,0.6669,YES
hptm5740.jpg,0.7341,YES
hptm5741.jpg,0.5136,NO
hptm5742.jpg,0.6193,YES
hptm5743.jpg,0.5895,NO
hptm5744.jpg,0.6313,YES
hptm5747.jpg,0.6553,YES
hptm5745.jpg,0.5561,NO
hptm5749.jpg,0.5907,NO
hptm575.jpg,0.7080,YES
hptm5750.jpg,0.5652,NO
hptm5751.jpg,0.5217,NO
hptm5753.jpg,0.6012,YES
hptm5754.jpg,0.5313,NO
hptm5752.jpg,0.6024,YES
hptm5755.jpg,0.5106,NO
hptm5756.jpg,0.5055,NO
hptm5757.jpg,0.4514,NO
hptm5758.jpg,0.4516,NO
hptm5759.jpg,0.5185,NO
hptm5760.jpg,0.4471,NO
hptm5762.jpg,0.4664,NO
hptm576.jpg,0.7823,YES
hptm5763.jpg,0.3967,NO
hptm5764.jpg,0.3699,NO
hptm5765.jpg,0.3757,NO
hptm5766.jpg,0.4248,NO
hptm5767.jpg,0.4711,NO
hptm5769.jpg,0.4300,NO
hptm577.jpg,0.7872,YES
hptm5772.jpg,0.3981,NO
hptm5770.jpg,0.6095,YES
hptm5773.jpg,0.4193,NO
hptm5775.jpg,0.4115,NO
hptm5774.jpg,0.3879,NO
hptm5776.jpg,0.4143,NO
hptm5777.jpg,0.3488,NO
hptm5778.jpg,0.3815,NO
hptm5779.jpg,0.4350,NO
hptm578.jpg,0.7554,YES
hptm5780.jpg,0.5327,NO
hptm5781.jpg,0.5612,NO
hptm5782.jpg,0.4850,NO
hptm5783.jpg,0.4169,NO
hptm5785.jpg,0.3953,NO
hptm5786.jpg,0.3521,NO
hptm5787.jpg,0.5470,NO
hptm5788.jpg,0.5459,NO
hptm5789.jpg,0.6111,YES
hptm5790.jpg,0.5365,NO
hptm579.jpg,0.7855,YES
hptm5791.jpg,0.5768,NO
hptm5792.jpg,0.6562,YES
hptm5793.jpg,0.5414,NO
hptm5794.jpg,0.5008,NO
hptm5795.jpg,0.5151,NO
hptm5798.jpg,0.5314,NO
hptm5796.jpg,0.4726,NO
hptm5799.jpg,0.4897,NO
hptm580.jpg,0.6869,YES
hptm5800.jpg,0.6160,YES
hptm5801.jpg,0.5226,NO
hptm5802.jpg,0.5927,NO
hptm5803.jpg,0.6080,YES
hptm5804.jpg,0.5489,NO
hptm5805.jpg,0.6195,YES
hptm5806.jpg,0.5377,NO
hptm5807.jpg,0.5613,NO
hptm5808.jpg,0.4961,NO
hptm5809.jpg,0.4373,NO
hptm5810.jpg,0.4225,NO
hptm581.jpg,0.7937,YES
hptm5812.jpg,0.5333,NO
hptm5814.jpg,0.5497,NO
hptm5813.jpg,0.5042,NO
hptm5815.jpg,0.5972,NO
hptm5816.jpg,0.5381,NO
hptm5817.jpg,0.6387,YES
hptm5819.jpg,0.7451,YES
hptm5818.jpg,0.6886,YES
hptm582.jpg,0.2032,NO
hptm5822.jpg,0.5923,NO
hptm5821.jpg,0.6506,YES
hptm5823.jpg,0.5863,NO
hptm5824.jpg,0.4767,NO
hptm5825.jpg,0.7204,YES
hptm5826.jpg,0.6160,YES
hptm5827.jpg,0.4013,NO
hptm5828.jpg,0.6412,YES
hptm5829.jpg,0.5942,NO
hptm583.jpg,0.4556,NO
hptm5830.jpg,0.4955,NO
hptm5831.jpg,0.4329,NO
hptm5832.jpg,0.4676,NO
hptm5833.jpg,0.5120,NO
hptm5834.jpg,0.4141,NO
hptm5835.jpg,0.4695,NO
hptm5836.jpg,0.5125,NO
hptm5837.jpg,0.5139,NO
hptm5838.jpg,0.5037,NO
hptm5839.jpg,0.4819,NO
hptm584.jpg,0.3318,NO
hptm5840.jpg,0.4273,NO
hptm5841.jpg,0.3944,NO
hptm5842.jpg,0.4098,NO
hptm5843.jpg,0.5538,NO
hptm5844.jpg,0.4503,NO
hptm5845.jpg,0.4038,NO
hptm5846.jpg,0.4489,NO
hptm5847.jpg,0.5681,NO
hptm5848.jpg,0.5966,NO
hptm5849.jpg,0.4359,NO
hptm585.jpg,0.6393,YES
hptm5850.jpg,0.3995,NO
hptm5851.jpg,0.3978,NO
hptm5852.jpg,0.3638,NO
hptm5853.jpg,0.3471,NO
hptm5854.jpg,0.4356,NO
hptm5855.jpg,0.3981,NO
hptm5857.jpg,0.4513,NO
hptm5858.jpg,0.4003,NO
hptm586.jpg,0.6736,YES
hptm5859.jpg,0.5733,NO
hptm5860.jpg,0.4569,NO
hptm5861.jpg,0.4506,NO
hptm5862.jpg,0.4762,NO
hptm5864.jpg,0.7418,YES
hptm5865.jpg,0.7612,YES
hptm5866.jpg,0.5818,NO
hptm5867.jpg,0.5636,NO
hptm5868.jpg,0.5556,NO
hptm5869.jpg,0.3825,NO
hptm587.jpg,0.6538,YES
hptm5870.jpg,0.4872,NO
hptm5871.jpg,0.5472,NO
hptm5872.jpg,0.4796,NO
hptm5873.jpg,0.4867,NO
hptm5874.jpg,0.7519,YES
hptm5875.jpg,0.7433,YES
hptm5877.jpg,0.7139,YES
hptm5876.jpg,0.6897,YES
hptm5878.jpg,0.7174,YES
hptm5879.jpg,0.6808,YES
hptm588.jpg,0.4782,NO
hptm5880.jpg,0.5966,NO
hptm5881.jpg,0.6074,YES
hptm5882.jpg,0.7113,YES
hptm5883.jpg,0.6918,YES
hptm5884.jpg,0.7342,YES
hptm5885.jpg,0.7715,YES
hptm5886.jpg,0.7486,YES
hptm5887.jpg,0.7283,YES
hptm5888.jpg,0.7348,YES
hptm5889.jpg,0.6933,YES
hptm589.jpg,0.4418,NO
hptm5890.jpg,0.6285,YES
hptm5891.jpg,0.6033,YES
hptm5892.jpg,0.5528,NO
hptm5893.jpg,0.5907,NO
hptm5894.jpg,0.5075,NO
hptm5895.jpg,0.6619,YES
hptm5896.jpg,0.6334,YES
hptm5897.jpg,0.5775,NO
hptm5898.jpg,0.6323,YES
hptm5899.jpg,0.6012,YES
hptm590.jpg,0.4463,NO
hptm5900.jpg,0.5702,NO
hptm5901.jpg,0.5054,NO
hptm5902.jpg,0.3856,NO
hptm5904.jpg,0.4929,NO
hptm5905.jpg,0.4959,NO
hptm5906.jpg,0.5227,NO
hptm5907.jpg,0.5618,NO
hptm5908.jpg,0.4206,NO
hptm5909.jpg,0.4415,NO
hptm591.jpg,0.7845,YES
hptm5910.jpg,0.4166,NO
hptm5911.jpg,0.3827,NO
hptm5912.jpg,0.4099,NO
hptm5914.jpg,0.6725,YES
hptm5915.jpg,0.5315,NO
hptm5916.jpg,0.4121,NO
hptm5917.jpg,0.6326,YES
hptm5918.jpg,0.5750,NO
hptm5919.jpg,0.4410,NO
hptm592.jpg,0.7483,YES
hptm5920.jpg,0.5602,NO
hptm5921.jpg,0.4859,NO
hptm5922.jpg,0.4675,NO
hptm5923.jpg,0.5433,NO
hptm5924.jpg,0.4433,NO
hptm5926.jpg,0.4385,NO
hptm5927.jpg,0.5280,NO
hptm5928.jpg,0.4913,NO
hptm593.jpg,0.4546,NO
hptm5929.jpg,0.4705,NO
hptm5930.jpg,0.4321,NO
hptm5931.jpg,0.5773,NO
hptm5932.jpg,0.5508,NO
hptm5933.jpg,0.6241,YES
hptm5935.jpg,0.6335,YES
hptm5934.jpg,0.6099,YES
hptm5939.jpg,0.4794,NO
hptm5936.jpg,0.6705,YES
hptm5938.jpg,0.5936,NO
hptm594.jpg,0.4015,NO
hptm5941.jpg,0.6160,YES
hptm5943.jpg,0.5301,NO
hptm5944.jpg,0.5667,NO
hptm5947.jpg,0.5298,NO
hptm5949.jpg,0.6367,YES
hptm595.jpg,0.3851,NO
hptm5948.jpg,0.6788,YES
hptm5950.jpg,0.6061,YES
hptm5951.jpg,0.6246,YES
hptm5952.jpg,0.5499,NO
hptm5953.jpg,0.5162,NO
hptm5954.jpg,0.6536,YES
hptm5955.jpg,0.7391,YES
hptm5956.jpg,0.6115,YES
hptm5958.jpg,0.6783,YES
hptm5959.jpg,0.6609,YES
hptm596.jpg,0.3013,NO
hptm5960.jpg,0.7712,YES
hptm5961.jpg,0.7117,YES
hptm5962.jpg,0.6868,YES
hptm5964.jpg,0.4897,NO
hptm5965.jpg,0.6240,YES
hptm5963.jpg,0.7175,YES
hptm5967.jpg,0.7073,YES
hptm5968.jpg,0.5863,NO
hptm5969.jpg,0.6813,YES
hptm597.jpg,0.3875,NO
hptm5970.jpg,0.6699,YES
hptm5973.jpg,0.5296,NO
hptm5972.jpg,0.6777,YES
hptm5974.jpg,0.5858,NO
hptm5975.jpg,0.5781,NO
hptm5971.jpg,0.6640,YES
hptm5976.jpg,0.5722,NO
hptm5977.jpg,0.5256,NO
hptm5978.jpg,0.5030,NO
hptm5979.jpg,0.5587,NO
hptm598.jpg,0.3787,NO
hptm5980.jpg,0.5804,NO
hptm5981.jpg,0.6711,YES
hptm5982.jpg,0.6885,YES
hptm5983.jpg,0.7009,YES
hptm5985.jpg,0.7163,YES
hptm5986.jpg,0.6962,YES
hptm5987.jpg,0.6052,YES
hptm5988.jpg,0.6120,YES
hptm5989.jpg,0.6490,YES
hptm599.jpg,0.4246,NO
hptm5990.jpg,0.6946,YES
hptm5991.jpg,0.6851,YES
hptm5992.jpg,0.7023,YES
hptm5994.jpg,0.5722,NO
hptm5995.jpg,0.7143,YES
hptm5996.jpg,0.5213,NO
hptm5997.jpg,0.4148,NO
hptm5998.jpg,0.6176,YES
hptm5999.jpg,0.4417,NO
hptm600.jpg,0.3888,NO
hptm6001.jpg,0.5455,NO
hptm6002.jpg,0.6517,YES
hptm6004.jpg,0.5479,NO
hptm6003.jpg,0.6640,YES
hptm6005.jpg,0.5244,NO
hptm6007.jpg,0.5151,NO
hptm6008.jpg,0.6587,YES
hptm6009.jpg,0.2936,NO
hptm601.jpg,0.4082,NO
hptm6010.jpg,0.4740,NO
hptm6011.jpg,0.3695,NO
hptm6012.jpg,0.3562,NO
hptm6013.jpg,0.4023,NO
hptm6015.jpg,0.3845,NO
hptm6014.jpg,0.7289,YES
hptm6016.jpg,0.4006,NO
hptm6017.jpg,0.4594,NO
hptm6019.jpg,0.5256,NO
hptm6020.jpg,0.3679,NO
hptm602.jpg,0.7163,YES
hptm6021.jpg,0.3844,NO
hptm6023.jpg,0.3681,NO
hptm6022.jpg,0.3844,NO
hptm6024.jpg,0.3740,NO
hptm6025.jpg,0.7144,YES
hptm6026.jpg,0.3676,NO
hptm6027.jpg,0.3590,NO
hptm6028.jpg,0.4048,NO
hptm6029.jpg,0.3804,NO
hptm603.jpg,0.6596,YES
hptm6030.jpg,0.4079,NO
hptm6031.jpg,0.4178,NO
hptm6032.jpg,0.4170,NO
hptm6033.jpg,0.3987,NO
hptm6034.jpg,0.4201,NO
hptm6035.jpg,0.4093,NO
hptm6036.jpg,0.6737,YES
hptm6039.jpg,0.4617,NO
hptm6038.jpg,0.4412,NO
hptm604.jpg,0.4063,NO
hptm6040.jpg,0.4058,NO
hptm6042.jpg,0.5039,NO
hptm6043.jpg,0.4576,NO
hptm6045.jpg,0.4069,NO
hptm6046.jpg,0.4183,NO
hptm6047.jpg,0.6927,YES
hptm6048.jpg,0.6520,YES
hptm6049.jpg,0.3877,NO
hptm605.jpg,0.5311,NO
hptm6050.jpg,0.4835,NO
hptm6051.jpg,0.6064,YES
hptm6053.jpg,0.5491,NO
hptm6054.jpg,0.6868,YES
hptm6055.jpg,0.5345,NO
hptm6056.jpg,0.5249,NO
hptm6057.jpg,0.6956,YES
hptm6058.jpg,0.6362,YES
hptm6059.jpg,0.6859,YES
hptm606.jpg,0.5678,NO
hptm6061.jpg,0.4807,NO
hptm6062.jpg,0.4220,NO
hptm6063.jpg,0.3977,NO
hptm6064.jpg,0.4909,NO
hptm6065.jpg,0.5975,NO
hptm6067.jpg,0.4993,NO
hptm6068.jpg,0.6906,YES
hptm607.jpg,0.3897,NO
hptm6070.jpg,0.6838,YES
hptm6072.jpg,0.5184,NO
hptm6074.jpg,0.5603,NO
hptm6075.jpg,0.4267,NO
hptm6076.jpg,0.4132,NO
hptm6077.jpg,0.7031,YES
hptm6078.jpg,0.5385,NO
hptm6079.jpg,0.5435,NO
hptm608.jpg,0.3984,NO
hptm6080.jpg,0.5645,NO
hptm6081.jpg,0.6557,YES
hptm6082.jpg,0.5805,NO
hptm6084.jpg,0.4902,NO
hptm6085.jpg,0.4490,NO
hptm6086.jpg,0.3268,NO
hptm6087.jpg,0.5546,NO
hptm6088.jpg,0.4978,NO
hptm6089.jpg,0.3736,NO
hptm609.jpg,0.3760,NO
hptm6090.jpg,0.4703,NO
hptm6091.jpg,0.3231,NO
hptm6092.jpg,0.6689,YES
hptm6093.jpg,0.5837,NO
hptm6094.jpg,0.6976,YES
hptm6095.jpg,0.6758,YES
hptm6096.jpg,0.5954,NO
hptm6097.jpg,0.6879,YES
hptm6098.jpg,0.6914,YES
hptm610.jpg,0.4109,NO
hptm6101.jpg,0.4663,NO
hptm6102.jpg,0.5758,NO
hptm6103.jpg,0.6847,YES
hptm6104.jpg,0.6005,YES
hptm6106.jpg,0.4777,NO
hptm6107.jpg,0.4321,NO
hptm6108.jpg,0.6723,YES
hptm6109.jpg,0.5715,NO
hptm611.jpg,0.3789,NO
hptm6110.jpg,0.6535,YES
hptm6111.jpg,0.5469,NO
hptm6112.jpg,0.6524,YES
hptm6113.jpg,0.6305,YES
hptm6114.jpg,0.7057,YES
hptm6116.jpg,0.4818,NO
hptm6117.jpg,0.5486,NO
hptm6119.jpg,0.7723,YES
hptm612.jpg,0.3794,NO
hptm6120.jpg,0.7645,YES
hptm6121.jpg,0.6838,YES
hptm6123.jpg,0.6442,YES
hptm6124.jpg,0.6009,YES
hptm6125.jpg,0.6551,YES
hptm6126.jpg,0.6946,YES
hptm6127.jpg,0.7315,YES
hptm6128.jpg,0.6652,YES
hptm6129.jpg,0.6010,YES
hptm613.jpg,0.2888,NO
hptm6130.jpg,0.6329,YES
hptm6131.jpg,0.6206,YES
hptm6132.jpg,0.6990,YES
hptm6133.jpg,0.6997,YES
hptm6134.jpg,0.6165,YES
hptm6135.jpg,0.6242,YES
hptm6136.jpg,0.7080,YES
hptm6137.jpg,0.6637,YES
hptm6138.jpg,0.6151,YES
hptm6139.jpg,0.6427,YES
hptm614.jpg,0.4565,NO
hptm6140.jpg,0.6301,YES
hptm6141.jpg,0.5785,NO
hptm6142.jpg,0.5559,NO
hptm6143.jpg,0.6274,YES
hptm6144.jpg,0.5786,NO
hptm6145.jpg,0.7345,YES
hptm6146.jpg,0.6791,YES
hptm6147.jpg,0.6796,YES
hptm6148.jpg,0.7130,YES
hptm6149.jpg,0.6968,YES
hptm615.jpg,0.3840,NO
hptm6150.jpg,0.5631,NO
hptm6151.jpg,0.6410,YES
hptm6152.jpg,0.6658,YES
hptm6153.jpg,0.6381,YES
hptm6154.jpg,0.6688,YES
hptm6156.jpg,0.7277,YES
hptm6157.jpg,0.6170,YES
hptm6158.jpg,0.6998,YES
hptm616.jpg,0.3361,NO
hptm6162.jpg,0.5118,NO
hptm6163.jpg,0.7498,YES
hptm6164.jpg,0.7299,YES
hptm6165.jpg,0.7214,YES
hptm6166.jpg,0.7195,YES
hptm6167.jpg,0.6457,YES
hptm6168.jpg,0.6076,YES
hptm6169.jpg,0.7511,YES
hptm617.jpg,0.3968,NO
hptm6170.jpg,0.7007,YES
hptm6171.jpg,0.5282,NO
hptm6172.jpg,0.5743,NO
hptm6173.jpg,0.4480,NO
hptm6175.jpg,0.6943,YES
hptm6176.jpg,0.7416,YES
hptm6177.jpg,0.7436,YES
hptm6178.jpg,0.7072,YES
hptm6179.jpg,0.7564,YES
hptm618.jpg,0.3611,NO
hptm6180.jpg,0.7305,YES
hptm6181.jpg,0.6875,YES
hptm6182.jpg,0.7520,YES
hptm6183.jpg,0.7401,YES
hptm6184.jpg,0.7143,YES
hptm6185.jpg,0.6518,YES
hptm6187.jpg,0.6913,YES
hptm6188.jpg,0.7164,YES
hptm6189.jpg,0.6457,YES
hptm619.jpg,0.3905,NO
hptm6190.jpg,0.5737,NO
hptm6191.jpg,0.4449,NO
hptm6192.jpg,0.7037,YES
hptm6193.jpg,0.6839,YES
hptm6194.jpg,0.5660,NO
hptm6195.jpg,0.6501,YES
hptm6196.jpg,0.5962,NO
hptm6197.jpg,0.6498,YES
hptm6198.jpg,0.7053,YES
hptm6199.jpg,0.5447,NO
hptm620.jpg,0.6308,YES
hptm6200.jpg,0.6086,YES
hptm6203.jpg,0.6994,YES
hptm6204.jpg,0.6065,YES
hptm6205.jpg,0.5924,NO
hptm6206.jpg,0.5985,NO
hptm6207.jpg,0.5962,NO
hptm6208.jpg,0.5861,NO
hptm6209.jpg,0.6637,YES
hptm621.jpg,0.6019,YES
hptm6210.jpg,0.7305,YES
hptm6211.jpg,0.5259,NO
hptm6212.jpg,0.5924,NO
hptm6213.jpg,0.5662,NO
hptm6214.jpg,0.6940,YES
hptm6215.jpg,0.5945,NO
hptm6216.jpg,0.2655,NO
hptm6217.jpg,0.4046,NO
hptm6218.jpg,0.6269,YES
hptm6219.jpg,0.6525,YES
hptm622.jpg,0.5717,NO
hptm6220.jpg,0.5777,NO
hptm6221.jpg,0.3077,NO
hptm6223.jpg,0.6319,YES
hptm6224.jpg,0.2843,NO
hptm6225.jpg,0.7670,YES
hptm6226.jpg,0.3981,NO
hptm6227.jpg,0.6015,YES
hptm6228.jpg,0.6095,YES
hptm6229.jpg,0.6281,YES
hptm623.jpg,0.5432,NO
hptm6230.jpg,0.6632,YES
hptm6231.jpg,0.6711,YES
hptm6232.jpg,0.6714,YES
hptm6233.jpg,0.5840,NO
hptm6234.jpg,0.7751,YES
hptm6235.jpg,0.3870,NO
hptm6237.jpg,0.2618,NO
hptm6236.jpg,0.6251,YES
hptm6238.jpg,0.6445,YES
hptm6239.jpg,0.6866,YES
hptm624.jpg,0.3203,NO
hptm6240.jpg,0.7431,YES
hptm6241.jpg,0.5638,NO
hptm6242.jpg,0.5479,NO
hptm6243.jpg,0.6173,YES
hptm6244.jpg,0.5963,NO
hptm6246.jpg,0.5275,NO
hptm6247.jpg,0.6192,YES
hptm6249.jpg,0.5865,NO
hptm625.jpg,0.2113,NO
hptm6250.jpg,0.4437,NO
hptm6252.jpg,0.7319,YES
hptm6251.jpg,0.7117,YES
hptm6253.jpg,0.7695,YES
hptm6254.jpg,0.7399,YES
hptm6255.jpg,0.6649,YES
hptm6257.jpg,0.6386,YES
hptm6259.jpg,0.4843,NO
hptm626.jpg,0.3460,NO
hptm6260.jpg,0.4944,NO
hptm6261.jpg,0.5806,NO
hptm6262.jpg,0.5238,NO
hptm6263.jpg,0.3480,NO
hptm6264.jpg,0.3104,NO
hptm6265.jpg,0.4305,NO
hptm6266.jpg,0.4864,NO
hptm6267.jpg,0.6728,YES
hptm6269.jpg,0.6599,YES
hptm627.jpg,0.4261,NO
hptm6271.jpg,0.7732,YES
hptm6270.jpg,0.7423,YES
hptm6272.jpg,0.6419,YES
hptm6273.jpg,0.6552,YES
hptm6274.jpg,0.6512,YES
hptm6275.jpg,0.7011,YES
hptm6276.jpg,0.7325,YES
hptm6277.jpg,0.6291,YES
hptm6278.jpg,0.7220,YES
hptm6279.jpg,0.5942,NO
hptm628.jpg,0.5038,NO
hptm6280.jpg,0.5314,NO
hptm6282.jpg,0.4777,NO
hptm6283.jpg,0.4383,NO
hptm6284.jpg,0.5028,NO
hptm6285.jpg,0.3558,NO
hptm6286.jpg,0.4093,NO
hptm6289.jpg,0.5798,NO
hptm629.jpg,0.7068,YES
hptm6290.jpg,0.6643,YES
hptm6291.jpg,0.7018,YES
hptm6292.jpg,0.7979,YES
hptm6293.jpg,0.6371,YES
hptm6294.jpg,0.6532,YES
hptm6295.jpg,0.6135,YES
hptm6296.jpg,0.5686,NO
hptm6297.jpg,0.6281,YES
hptm6298.jpg,0.6639,YES
hptm630.jpg,0.7436,YES
hptm6300.jpg,0.7353,YES
hptm6301.jpg,0.7013,YES
hptm6302.jpg,0.7140,YES
hptm6303.jpg,0.6578,YES
hptm6306.jpg,0.6619,YES
hptm6309.jpg,0.6066,YES
hptm631.jpg,0.5277,NO
hptm6311.jpg,0.6516,YES
hptm6312.jpg,0.6062,YES
hptm6313.jpg,0.6350,YES
hptm6315.jpg,0.6030,YES
hptm6316.jpg,0.5447,NO
hptm6314.jpg,0.7028,YES
hptm6317.jpg,0.4917,NO
hptm6318.jpg,0.5359,NO
hptm6319.jpg,0.5239,NO
hptm6320.jpg,0.5573,NO
hptm632.jpg,0.5712,NO
hptm6321.jpg,0.5214,NO
hptm6323.jpg,0.5904,NO
hptm6322.jpg,0.7042,YES
hptm6324.jpg,0.6249,YES
hptm6325.jpg,0.6915,YES
hptm6326.jpg,0.6197,YES
hptm6327.jpg,0.5791,NO
hptm6328.jpg,0.6265,YES
hptm6329.jpg,0.6008,YES
hptm6330.jpg,0.5747,NO
hptm633.jpg,0.6336,YES
hptm6331.jpg,0.7297,YES
hptm6332.jpg,0.5535,NO
hptm6333.jpg,0.5808,NO
hptm6334.jpg,0.6984,YES
hptm6335.jpg,0.5091,NO
hptm6336.jpg,0.7299,YES
hptm6337.jpg,0.6929,YES
hptm6339.jpg,0.6187,YES
hptm6338.jpg,0.6400,YES
hptm634.jpg,0.0933,NO
hptm6340.jpg,0.5848,NO
hptm6341.jpg,0.7338,YES
hptm6342.jpg,0.5485,NO
hptm6343.jpg,0.5897,NO
hptm6345.jpg,0.5439,NO
hptm6346.jpg,0.5428,NO
hptm6344.jpg,0.6146,YES
hptm6347.jpg,0.6618,YES
hptm6348.jpg,0.5439,NO
hptm6349.jpg,0.5453,NO
hptm635.jpg,0.4990,NO
hptm6350.jpg,0.5955,NO
hptm6351.jpg,0.5475,NO
hptm6352.jpg,0.6118,YES
hptm6353.jpg,0.5635,NO
hptm6354.jpg,0.5818,NO
hptm6355.jpg,0.5616,NO
hptm6357.jpg,0.5261,NO
hptm6358.jpg,0.5626,NO
hptm6359.jpg,0.5490,NO
hptm636.jpg,0.5065,NO
hptm6360.jpg,0.5270,NO
hptm6363.jpg,0.6096,YES
hptm6364.jpg,0.5735,NO
hptm6365.jpg,0.5845,NO
hptm6366.jpg,0.5794,NO
hptm6367.jpg,0.5463,NO
hptm6368.jpg,0.6094,YES
hptm6369.jpg,0.6551,YES
hptm637.jpg,0.5253,NO
hptm6370.jpg,0.5753,NO
hptm6372.jpg,0.6387,YES
hptm6371.jpg,0.5969,NO
hptm6373.jpg,0.5616,NO
hptm6374.jpg,0.5487,NO
hptm6375.jpg,0.5709,NO
hptm6376.jpg,0.5155,NO
hptm6377.jpg,0.5321,NO
hptm6379.jpg,0.5463,NO
hptm638.jpg,0.4369,NO
hptm6380.jpg,0.6969,YES
hptm6381.jpg,0.7037,YES
hptm6382.jpg,0.5741,NO
hptm6383.jpg,0.5895,NO
hptm6384.jpg,0.5430,NO
hptm6385.jpg,0.4759,NO
hptm6386.jpg,0.4963,NO
hptm6387.jpg,0.5688,NO
hptm6388.jpg,0.5561,NO
hptm6389.jpg,0.4896,NO
hptm639.jpg,0.7371,YES
hptm6390.jpg,0.6298,YES
hptm6391.jpg,0.5319,NO
hptm6393.jpg,0.5216,NO
hptm6394.jpg,0.5606,NO
hptm6395.jpg,0.4667,NO
hptm6397.jpg,0.5145,NO
hptm6398.jpg,0.5806,NO
hptm6399.jpg,0.5235,NO
hptm64.jpg,0.5584,NO
hptm6400.jpg,0.5940,NO
hptm6401.jpg,0.5806,NO
hptm6402.jpg,0.5805,NO
hptm6404.jpg,0.5130,NO
hptm6405.jpg,0.5854,NO
hptm6403.jpg,0.7326,YES
hptm6406.jpg,0.4932,NO
hptm6407.jpg,0.5258,NO
hptm6408.jpg,0.5585,NO
hptm6409.jpg,0.6196,YES
hptm641.jpg,0.3745,NO
hptm6410.jpg,0.5213,NO
hptm6411.jpg,0.6725,YES
hptm6412.jpg,0.6742,YES
hptm6413.jpg,0.6986,YES
hptm6414.jpg,0.7212,YES
hptm6415.jpg,0.7220,YES
hptm6416.jpg,0.6541,YES
hptm6417.jpg,0.5924,NO
hptm6419.jpg,0.3485,NO
hptm6418.jpg,0.4394,NO
hptm642.jpg,0.5735,NO
hptm6420.jpg,0.3044,NO
hptm6422.jpg,0.3924,NO
hptm6423.jpg,0.6278,YES
hptm6424.jpg,0.6475,YES
hptm6426.jpg,0.6073,YES
hptm6427.jpg,0.7159,YES
hptm6428.jpg,0.7152,YES
hptm643.jpg,0.6354,YES
hptm6431.jpg,0.5904,NO
hptm6432.jpg,0.5783,NO
hptm6433.jpg,0.6366,YES
hptm6434.jpg,0.7031,YES
hptm6435.jpg,0.6857,YES
hptm6436.jpg,0.6899,YES
hptm6437.jpg,0.7445,YES
hptm6438.jpg,0.7314,YES
hptm6439.jpg,0.3855,NO
hptm644.jpg,0.7282,YES
hptm6440.jpg,0.4105,NO
hptm6441.jpg,0.4720,NO
hptm6442.jpg,0.5653,NO
hptm6443.jpg,0.4358,NO
hptm6444.jpg,0.6882,YES
hptm6445.jpg,0.6593,YES
hptm6446.jpg,0.6667,YES
hptm6447.jpg,0.6770,YES
hptm6448.jpg,0.6897,YES
hptm6449.jpg,0.7072,YES
hptm645.jpg,0.7069,YES
hptm6450.jpg,0.7303,YES
hptm6452.jpg,0.4290,NO
hptm6451.jpg,0.6927,YES
hptm6454.jpg,0.6443,YES
hptm6455.jpg,0.6495,YES
hptm6456.jpg,0.6392,YES
hptm6458.jpg,0.7171,YES
hptm6459.jpg,0.5149,NO
hptm646.jpg,0.5919,NO
hptm6460.jpg,0.6746,YES
hptm6461.jpg,0.5044,NO
hptm6462.jpg,0.5129,NO
hptm6463.jpg,0.5208,NO
hptm6464.jpg,0.4578,NO
hptm6465.jpg,0.5258,NO
hptm6468.jpg,0.2705,NO
hptm6469.jpg,0.7103,YES
hptm6470.jpg,0.5207,NO
hptm647.jpg,0.5601,NO
hptm6471.jpg,0.5397,NO
hptm6473.jpg,0.4647,NO
hptm6474.jpg,0.5969,NO
hptm6475.jpg,0.3086,NO
hptm6476.jpg,0.5856,NO
hptm6477.jpg,0.3709,NO
hptm6480.jpg,0.7207,YES
hptm6478.jpg,0.0166,NO
hptm6481.jpg,0.6311,YES
hptm6482.jpg,0.6384,YES
hptm6483.jpg,0.6028,YES
hptm6484.jpg,0.6752,YES
hptm6486.jpg,0.6410,YES
hptm6487.jpg,0.6277,YES
hptm6490.jpg,0.5906,NO
hptm6488.jpg,0.6121,YES
hptm6491.jpg,0.6407,YES
hptm6492.jpg,0.7189,YES
hptm6494.jpg,0.6657,YES
hptm6495.jpg,0.6464,YES
hptm6496.jpg,0.6544,YES
hptm6498.jpg,0.7351,YES
hptm6499.jpg,0.6923,YES
hptm65.jpg,0.7386,YES
hptm650.jpg,0.6121,YES
hptm6501.jpg,0.6552,YES
hptm6502.jpg,0.6282,YES
hptm6504.jpg,0.7297,YES
hptm6505.jpg,0.6344,YES
hptm6506.jpg,0.6520,YES
hptm6507.jpg,0.6108,YES
hptm6508.jpg,0.6432,YES
hptm6509.jpg,0.6089,YES
hptm651.jpg,0.5461,NO
hptm6510.jpg,0.7019,YES
hptm6512.jpg,0.5785,NO
hptm6513.jpg,0.6038,YES
hptm6514.jpg,0.6346,YES
hptm6515.jpg,0.6931,YES
hptm6516.jpg,0.5747,NO
hptm6517.jpg,0.6870,YES
hptm6518.jpg,0.6526,YES
hptm652.jpg,0.5142,NO
hptm6520.jpg,0.6847,YES
hptm6521.jpg,0.7084,YES
hptm6522.jpg,0.6987,YES
hptm6525.jpg,0.4143,NO
hptm6523.jpg,0.6843,YES
hptm6526.jpg,0.6510,YES
hptm6527.jpg,0.4749,NO
hptm6528.jpg,0.2945,NO
hptm6529.jpg,0.6591,YES
hptm653.jpg,0.3168,NO
hptm6530.jpg,0.6794,YES
hptm6531.jpg,0.5513,NO
hptm6533.jpg,0.4533,NO
hptm6534.jpg,0.4081,NO
hptm6535.jpg,0.5153,NO
hptm6536.jpg,0.5594,NO
hptm6538.jpg,0.6216,YES
hptm6539.jpg,0.5739,NO
hptm6540.jpg,0.6549,YES
hptm6541.jpg,0.6478,YES
hptm6542.jpg,0.4602,NO
hptm6543.jpg,0.5736,NO
hptm6544.jpg,0.5102,NO
hptm6545.jpg,0.5602,NO
hptm6547.jpg,0.5386,NO
hptm6548.jpg,0.6961,YES
hptm6549.jpg,0.4415,NO
hptm6550.jpg,0.5060,NO
hptm655.jpg,0.5796,NO
hptm6552.jpg,0.2621,NO
hptm6551.jpg,0.4509,NO
hptm6553.jpg,0.5528,NO
hptm6554.jpg,0.6115,YES
hptm6555.jpg,0.6204,YES
hptm6556.jpg,0.3158,NO
hptm6557.jpg,0.5702,NO
hptm6558.jpg,0.5853,NO
hptm656.jpg,0.5301,NO
hptm6560.jpg,0.4460,NO
hptm6561.jpg,0.5850,NO
hptm6562.jpg,0.6314,YES
hptm6564.jpg,0.5820,NO
hptm6563.jpg,0.0186,NO
hptm6566.jpg,0.6080,YES
hptm6567.jpg,0.5429,NO
hptm6568.jpg,0.5099,NO
hptm6569.jpg,0.3913,NO
hptm657.jpg,0.5937,NO
hptm6570.jpg,0.7179,YES
hptm6571.jpg,0.2647,NO
hptm6572.jpg,0.7460,YES
hptm6574.jpg,0.3970,NO
hptm6573.jpg,0.7605,YES
hptm6576.jpg,0.5873,NO
hptm6575.jpg,0.4032,NO
hptm6577.jpg,0.4079,NO
hptm6578.jpg,0.6994,YES
hptm6579.jpg,0.7101,YES
hptm658.jpg,0.6181,YES
hptm6580.jpg,0.7361,YES
hptm6581.jpg,0.6534,YES
hptm6583.jpg,0.7570,YES
hptm6582.jpg,0.6938,YES
hptm6584.jpg,0.6442,YES
hptm6585.jpg,0.7471,YES
hptm6586.jpg,0.7604,YES
hptm6587.jpg,0.7327,YES
hptm6588.jpg,0.7482,YES
hptm6589.jpg,0.7617,YES
hptm6591.jpg,0.5899,NO
hptm659.jpg,0.5422,NO
hptm6592.jpg,0.5929,NO
hptm6594.jpg,0.7734,YES
hptm6595.jpg,0.7619,YES
hptm6596.jpg,0.7338,YES
hptm6599.jpg,0.7833,YES
hptm6598.jpg,0.7799,YES
hptm6600.jpg,0.7521,YES
hptm660.jpg,0.5987,NO
hptm6601.jpg,0.7710,YES
hptm6602.jpg,0.7826,YES
hptm6603.jpg,0.6926,YES
hptm6604.jpg,0.5636,NO
hptm6606.jpg,0.7529,YES
hptm6605.jpg,0.7736,YES
hptm6607.jpg,0.7466,YES
hptm6608.jpg,0.7703,YES
hptm6609.jpg,0.7206,YES
hptm661.jpg,0.5991,NO
hptm6610.jpg,0.7711,YES
hptm6611.jpg,0.7129,YES
hptm6612.jpg,0.5513,NO
hptm6614.jpg,0.7207,YES
hptm6615.jpg,0.5600,NO
hptm6617.jpg,0.6652,YES
hptm6618.jpg,0.6945,YES
hptm6619.jpg,0.7137,YES
hptm662.jpg,0.5333,NO
hptm6620.jpg,0.5876,NO
hptm6621.jpg,0.7451,YES
hptm6622.jpg,0.6193,YES
hptm6623.jpg,0.6869,YES
hptm6624.jpg,0.7521,YES
hptm6625.jpg,0.7232,YES
hptm6626.jpg,0.6577,YES
hptm6628.jpg,0.7359,YES
hptm6629.jpg,0.5082,NO
hptm663.jpg,0.3467,NO
hptm6630.jpg,0.5874,NO
hptm6631.jpg,0.5191,NO
hptm6632.jpg,0.6704,YES
hptm6633.jpg,0.5334,NO
hptm6635.jpg,0.2899,NO
hptm6634.jpg,0.7013,YES
hptm6636.jpg,0.4089,NO
hptm6637.jpg,0.7081,YES
hptm6639.jpg,0.2584,NO
hptm6640.jpg,0.2449,NO
hptm664.jpg,0.2325,NO
hptm6641.jpg,0.2278,NO
hptm6642.jpg,0.2873,NO
hptm6643.jpg,0.2675,NO
hptm6644.jpg,0.2629,NO
hptm6645.jpg,0.3117,NO
hptm6646.jpg,0.2688,NO
hptm6647.jpg,0.3184,NO
hptm6649.jpg,0.4503,NO
hptm665.jpg,0.2074,NO
hptm6650.jpg,0.6566,YES
hptm6651.jpg,0.5577,NO
hptm6652.jpg,0.6140,YES
hptm6655.jpg,0.2958,NO
hptm6656.jpg,0.5916,NO
hptm6658.jpg,0.7260,YES
hptm6657.jpg,0.6719,YES
hptm6659.jpg,0.6579,YES
hptm666.jpg,0.8055,YES
hptm6660.jpg,0.7252,YES
hptm6661.jpg,0.6453,YES
hptm6663.jpg,0.6169,YES
hptm6665.jpg,0.3280,NO
hptm6666.jpg,0.5455,NO
hptm6668.jpg,0.4927,NO
hptm6669.jpg,0.4427,NO
hptm6670.jpg,0.6997,YES
hptm6671.jpg,0.4139,NO
hptm6672.jpg,0.4940,NO
hptm6673.jpg,0.5311,NO
hptm6674.jpg,0.4238,NO
hptm6676.jpg,0.5177,NO
hptm6677.jpg,0.5860,NO
hptm6678.jpg,0.5401,NO
hptm6679.jpg,0.4567,NO
hptm668.jpg,0.4592,NO
hptm6680.jpg,0.4521,NO
hptm6681.jpg,0.6897,YES
hptm6682.jpg,0.5266,NO
hptm6683.jpg,0.4659,NO
hptm6685.jpg,0.7734,YES
hptm6686.jpg,0.6780,YES
hptm6687.jpg,0.5467,NO
hptm6688.jpg,0.4854,NO
hptm6692.jpg,0.7031,YES
hptm669.jpg,0.6890,YES
hptm6693.jpg,0.4340,NO
hptm6694.jpg,0.7092,YES
hptm6696.jpg,0.6152,YES
hptm6699.jpg,0.6941,YES
hptm670.jpg,0.8024,YES
hptm6698.jpg,0.6365,YES
hptm6700.jpg,0.7243,YES
hptm6701.jpg,0.6704,YES
hptm6702.jpg,0.6476,YES
hptm6703.jpg,0.7536,YES
hptm6704.jpg,0.6423,YES
hptm6707.jpg,0.7478,YES
hptm6708.jpg,0.2628,NO
hptm6709.jpg,0.4483,NO
hptm671.jpg,0.7276,YES
hptm6710.jpg,0.4512,NO
hptm6711.jpg,0.0089,NO
hptm6712.jpg,0.3954,NO
hptm6713.jpg,0.6346,YES
hptm6714.jpg,0.7370,YES
hptm6716.jpg,0.5453,NO
hptm6715.jpg,0.7152,YES
hptm6717.jpg,0.3544,NO
hptm6718.jpg,0.6326,YES
hptm6719.jpg,0.6172,YES
hptm672.jpg,0.5439,NO
hptm6720.jpg,0.7428,YES
hptm6721.jpg,0.7392,YES
hptm6722.jpg,0.7396,YES
hptm6725.jpg,0.6902,YES
hptm6726.jpg,0.5766,NO
hptm6727.jpg,0.7225,YES
hptm6728.jpg,0.6745,YES
hptm6729.jpg,0.7106,YES
hptm673.jpg,0.3530,NO
hptm6730.jpg,0.5709,NO
hptm6731.jpg,0.5047,NO
hptm6732.jpg,0.6951,YES
hptm6733.jpg,0.5717,NO
hptm6734.jpg,0.5435,NO
hptm6735.jpg,0.5118,NO
hptm6736.jpg,0.6204,YES
hptm6737.jpg,0.5840,NO
hptm6738.jpg,0.6339,YES
hptm6739.jpg,0.6052,YES
hptm674.jpg,0.5606,NO
hptm6740.jpg,0.5840,NO
hptm6741.jpg,0.5275,NO
hptm6742.jpg,0.5491,NO
hptm6744.jpg,0.6757,YES
hptm6745.jpg,0.7474,YES
hptm6748.jpg,0.7359,YES
hptm6749.jpg,0.6622,YES
hptm6750.jpg,0.6686,YES
hptm675.jpg,0.6042,YES
hptm6751.jpg,0.7010,YES
hptm6753.jpg,0.5680,NO
hptm6754.jpg,0.5746,NO
hptm6755.jpg,0.6892,YES
hptm6756.jpg,0.5061,NO
hptm6757.jpg,0.5872,NO
hptm676.jpg,0.6238,YES
hptm6759.jpg,0.5133,NO
hptm6760.jpg,0.7247,YES
hptm6761.jpg,0.5539,NO
hptm6763.jpg,0.5631,NO
hptm6764.jpg,0.5489,NO
hptm6765.jpg,0.4799,NO
hptm6767.jpg,0.4792,NO
hptm6768.jpg,0.4691,NO
hptm6769.jpg,0.4504,NO
hptm677.jpg,0.6996,YES
hptm6770.jpg,0.5759,NO
hptm6771.jpg,0.7040,YES
hptm6772.jpg,0.5129,NO
hptm6773.jpg,0.6134,YES
hptm6774.jpg,0.5658,NO
hptm6775.jpg,0.5398,NO
hptm6776.jpg,0.5433,NO
hptm6777.jpg,0.5088,NO
hptm6778.jpg,0.5368,NO
hptm6779.jpg,0.5233,NO
hptm678.jpg,0.5946,NO
hptm6780.jpg,0.5695,NO
hptm6781.jpg,0.6945,YES
hptm6782.jpg,0.7039,YES
hptm6783.jpg,0.5824,NO
hptm6784.jpg,0.5178,NO
hptm6785.jpg,0.5068,NO
hptm6786.jpg,0.5334,NO
hptm6787.jpg,0.5030,NO
hptm6788.jpg,0.6294,YES
hptm6789.jpg,0.7738,YES
hptm679.jpg,0.7147,YES
hptm6791.jpg,0.7369,YES
hptm6792.jpg,0.7045,YES
hptm6793.jpg,0.6310,YES
hptm6794.jpg,0.7766,YES
hptm6795.jpg,0.7449,YES
hptm6796.jpg,0.7637,YES
hptm6797.jpg,0.7132,YES
hptm6798.jpg,0.7398,YES
hptm6799.jpg,0.7607,YES
hptm680.jpg,0.6946,YES
hptm6800.jpg,0.7267,YES
hptm6801.jpg,0.7300,YES
hptm6802.jpg,0.7110,YES
hptm6803.jpg,0.7451,YES
hptm6804.jpg,0.7400,YES
hptm6805.jpg,0.6056,YES
hptm6806.jpg,0.6996,YES
hptm6807.jpg,0.6780,YES
hptm6808.jpg,0.7018,YES
hptm6809.jpg,0.6927,YES
hptm681.jpg,0.6568,YES
hptm6810.jpg,0.7226,YES
hptm6811.jpg,0.7323,YES
hptm6812.jpg,0.6584,YES
hptm6814.jpg,0.7081,YES
hptm6815.jpg,0.7010,YES
hptm6816.jpg,0.6299,YES
hptm6817.jpg,0.6977,YES
hptm6818.jpg,0.6882,YES
hptm6819.jpg,0.6782,YES
hptm682.jpg,0.6286,YES
hptm6820.jpg,0.6895,YES
hptm6821.jpg,0.7114,YES
hptm6822.jpg,0.6967,YES
hptm6823.jpg,0.7459,YES
hptm6824.jpg,0.6345,YES
hptm6825.jpg,0.6808,YES
hptm6827.jpg,0.6575,YES
hptm6829.jpg,0.6587,YES
hptm683.jpg,0.5750,NO
hptm6830.jpg,0.7583,YES
hptm6834.jpg,0.6993,YES
hptm6832.jpg,0.6911,YES
hptm6831.jpg,0.6545,YES
hptm6835.jpg,0.7270,YES
hptm6837.jpg,0.3971,NO
hptm6838.jpg,0.7202,YES
hptm6839.jpg,0.4725,NO
hptm684.jpg,0.6777,YES
hptm6840.jpg,0.5404,NO
hptm6841.jpg,0.5458,NO
hptm6843.jpg,0.6725,YES
hptm6844.jpg,0.5758,NO
hptm6845.jpg,0.5197,NO
hptm6846.jpg,0.5826,NO
hptm6848.jpg,0.5701,NO
hptm6849.jpg,0.6707,YES
hptm685.jpg,0.5636,NO
hptm6850.jpg,0.6303,YES
hptm6851.jpg,0.6115,YES
hptm6852.jpg,0.5971,NO
hptm6853.jpg,0.6080,YES
hptm6854.jpg,0.7283,YES
hptm6855.jpg,0.6756,YES
hptm6856.jpg,0.7115,YES
hptm6857.jpg,0.6562,YES
hptm6859.jpg,0.7117,YES
hptm686.jpg,0.1568,NO
hptm6860.jpg,0.7119,YES
hptm6861.jpg,0.7476,YES
hptm6862.jpg,0.7201,YES
hptm6863.jpg,0.7413,YES
hptm6864.jpg,0.7761,YES
hptm6865.jpg,0.7854,YES
hptm6866.jpg,0.5619,NO
hptm6867.jpg,0.6178,YES
hptm6868.jpg,0.6681,YES
hptm6869.jpg,0.7572,YES
hptm687.jpg,0.4545,NO
hptm6870.jpg,0.7136,YES
hptm6871.jpg,0.7136,YES
hptm6872.jpg,0.7451,YES
hptm6873.jpg,0.6651,YES
hptm6874.jpg,0.7042,YES
hptm6875.jpg,0.6662,YES
hptm6877.jpg,0.7467,YES
hptm6878.jpg,0.7012,YES
hptm688.jpg,0.5999,NO
hptm6879.jpg,0.7357,YES
hptm6880.jpg,0.6805,YES
hptm6881.jpg,0.6853,YES
hptm6882.jpg,0.6523,YES
hptm6884.jpg,0.7252,YES
hptm6885.jpg,0.6738,YES
hptm6886.jpg,0.6620,YES
hptm6887.jpg,0.7147,YES
hptm6888.jpg,0.7181,YES
hptm6889.jpg,0.7398,YES
hptm689.jpg,0.5886,NO
hptm6890.jpg,0.7274,YES
hptm6891.jpg,0.7375,YES
hptm6892.jpg,0.7319,YES
hptm6893.jpg,0.7333,YES
hptm6894.jpg,0.7131,YES
hptm6895.jpg,0.7652,YES
hptm6896.jpg,0.7166,YES
hptm6898.jpg,0.6948,YES
hptm6899.jpg,0.6419,YES
hptm690.jpg,0.4969,NO
hptm6900.jpg,0.7245,YES
hptm6901.jpg,0.7013,YES
hptm6902.jpg,0.6828,YES
hptm6903.jpg,0.6752,YES
hptm6904.jpg,0.6390,YES
hptm6905.jpg,0.7005,YES
hptm6906.jpg,0.6807,YES
hptm6907.jpg,0.7082,YES
hptm6909.jpg,0.7098,YES
hptm6910.jpg,0.6718,YES
hptm6911.jpg,0.6721,YES
hptm6912.jpg,0.7169,YES
hptm6913.jpg,0.7371,YES
hptm6914.jpg,0.6772,YES
hptm6915.jpg,0.6639,YES
hptm6916.jpg,0.6149,YES
hptm6918.jpg,0.7311,YES
hptm6919.jpg,0.7224,YES
hptm692.jpg,0.3624,NO
hptm6920.jpg,0.7109,YES
hptm6921.jpg,0.7095,YES
hptm6922.jpg,0.6998,YES
hptm6923.jpg,0.7027,YES
hptm6924.jpg,0.6992,YES
hptm6925.jpg,0.6566,YES
hptm6926.jpg,0.6910,YES
hptm6927.jpg,0.5579,NO
hptm6928.jpg,0.6288,YES
hptm6929.jpg,0.6633,YES
hptm693.jpg,0.6414,YES
hptm6930.jpg,0.6672,YES
hptm6931.jpg,0.6629,YES
hptm6932.jpg,0.6565,YES
hptm6933.jpg,0.7038,YES
hptm6935.jpg,0.6679,YES
hptm6936.jpg,0.6597,YES
hptm6937.jpg,0.6611,YES
hptm6939.jpg,0.7100,YES
hptm694.jpg,0.3451,NO
hptm6940.jpg,0.6417,YES
hptm6941.jpg,0.6759,YES
hptm6943.jpg,0.4859,NO
hptm6942.jpg,0.7065,YES
hptm6944.jpg,0.5007,NO
hptm6945.jpg,0.5125,NO
hptm6946.jpg,0.4900,NO
hptm6948.jpg,0.5534,NO
hptm6949.jpg,0.6240,YES
hptm695.jpg,0.2840,NO
hptm6950.jpg,0.5295,NO
hptm6951.jpg,0.6635,YES
hptm6952.jpg,0.6291,YES
hptm6953.jpg,0.4803,NO
hptm6954.jpg,0.6916,YES
hptm6955.jpg,0.7206,YES
hptm6957.jpg,0.7187,YES
hptm6958.jpg,0.6949,YES
hptm696.jpg,0.5617,NO
hptm6959.jpg,0.6597,YES
hptm6960.jpg,0.5507,NO
hptm6961.jpg,0.6516,YES
hptm6962.jpg,0.6781,YES
hptm6963.jpg,0.7140,YES
hptm6964.jpg,0.6806,YES
hptm6965.jpg,0.6476,YES
hptm6966.jpg,0.6808,YES
hptm6967.jpg,0.7369,YES
hptm6968.jpg,0.6204,YES
hptm6969.jpg,0.7020,YES
hptm697.jpg,0.3530,NO
hptm6970.jpg,0.7041,YES
hptm6971.jpg,0.5651,NO
hptm6972.jpg,0.6819,YES
hptm6973.jpg,0.6789,YES
hptm6974.jpg,0.6618,YES
hptm6975.jpg,0.6722,YES
hptm6976.jpg,0.7077,YES
hptm6978.jpg,0.6059,YES
hptm6979.jpg,0.5622,NO
hptm698.jpg,0.4201,NO
hptm6980.jpg,0.6361,YES
hptm6981.jpg,0.6538,YES
hptm6982.jpg,0.6270,YES
hptm6983.jpg,0.6004,YES
hptm6984.jpg,0.6882,YES
hptm6985.jpg,0.7134,YES
hptm6986.jpg,0.7701,YES
hptm6988.jpg,0.6692,YES
hptm6987.jpg,0.7038,YES
hptm6989.jpg,0.5656,NO
hptm699.jpg,0.6853,YES
hptm6990.jpg,0.6243,YES
hptm6991.jpg,0.6694,YES
hptm6992.jpg,0.7015,YES
hptm6993.jpg,0.7037,YES
hptm6995.jpg,0.6053,YES
hptm6994.jpg,0.6706,YES
hptm6996.jpg,0.7097,YES
hptm6997.jpg,0.6852,YES
hptm6998.jpg,0.7064,YES
hptm6999.jpg,0.6844,YES
hptm700.jpg,0.3512,NO
hptm7001.jpg,0.7350,YES
hptm7002.jpg,0.6991,YES
hptm7003.jpg,0.6395,YES
hptm7004.jpg,0.6854,YES
hptm7005.jpg,0.7039,YES
hptm7006.jpg,0.6267,YES
hptm7007.jpg,0.5727,NO
hptm7008.jpg,0.6783,YES
hptm7009.jpg,0.6041,YES
hptm7010.jpg,0.6243,YES
hptm701.jpg,0.7027,YES
hptm7011.jpg,0.6728,YES
hptm7012.jpg,0.6915,YES
hptm7013.jpg,0.7237,YES
hptm7014.jpg,0.7751,YES
hptm7015.jpg,0.6537,YES
hptm7016.jpg,0.7558,YES
hptm7017.jpg,0.7502,YES
hptm7018.jpg,0.8080,YES
hptm7019.jpg,0.7879,YES
hptm702.jpg,0.2360,NO
hptm7020.jpg,0.7643,YES
hptm7021.jpg,0.7867,YES
hptm7022.jpg,0.8146,YES
hptm7023.jpg,0.8058,YES
hptm7024.jpg,0.7822,YES
hptm7025.jpg,0.8058,YES
hptm7026.jpg,0.4449,NO
hptm7028.jpg,0.6596,YES
hptm7029.jpg,0.6899,YES
hptm7030.jpg,0.7214,YES
hptm7031.jpg,0.6304,YES
hptm7032.jpg,0.5072,NO
hptm7033.jpg,0.5958,NO
hptm7036.jpg,0.6002,YES
hptm7034.jpg,0.7210,YES
hptm7037.jpg,0.6490,YES
hptm7038.jpg,0.6782,YES
hptm704.jpg,0.7449,YES
hptm7040.jpg,0.7745,YES
hptm7041.jpg,0.7742,YES
hptm7042.jpg,0.7031,YES
hptm7043.jpg,0.6515,YES
hptm7044.jpg,0.7775,YES
hptm7046.jpg,0.6915,YES
hptm7048.jpg,0.5773,NO
hptm7049.jpg,0.6890,YES
hptm705.jpg,0.6895,YES
hptm7050.jpg,0.4003,NO
hptm7051.jpg,0.7261,YES
hptm7054.jpg,0.5163,NO
hptm7056.jpg,0.4392,NO
hptm7055.jpg,0.4458,NO
hptm7057.jpg,0.4474,NO
hptm7058.jpg,0.5069,NO
hptm7059.jpg,0.6573,YES
hptm706.jpg,0.6140,YES
hptm7061.jpg,0.3870,NO
hptm7062.jpg,0.5044,NO
hptm7063.jpg,0.6679,YES
hptm7065.jpg,0.7258,YES
hptm7066.jpg,0.7237,YES
hptm7068.jpg,0.7643,YES
hptm7069.jpg,0.7401,YES
hptm707.jpg,0.5707,NO
hptm7070.jpg,0.7787,YES
hptm7071.jpg,0.6942,YES
hptm7073.jpg,0.6394,YES
hptm7074.jpg,0.5667,NO
hptm7075.jpg,0.6897,YES
hptm7076.jpg,0.4546,NO
hptm7077.jpg,0.4267,NO
hptm7078.jpg,0.3037,NO
hptm7079.jpg,0.3599,NO
hptm708.jpg,0.5398,NO
hptm7080.jpg,0.3144,NO
hptm7081.jpg,0.2476,NO
hptm7082.jpg,0.6839,YES
hptm7083.jpg,0.2467,NO
hptm7085.jpg,0.2692,NO
hptm7086.jpg,0.2893,NO
hptm7087.jpg,0.6096,YES
hptm709.jpg,0.6563,YES
hptm7089.jpg,0.7038,YES
hptm7091.jpg,0.6698,YES
hptm7092.jpg,0.7607,YES
hptm7093.jpg,0.6527,YES
hptm7094.jpg,0.6982,YES
hptm7095.jpg,0.7059,YES
hptm7096.jpg,0.6852,YES
hptm7097.jpg,0.7322,YES
hptm7098.jpg,0.7595,YES
hptm7099.jpg,0.7013,YES
hptm71.jpg,0.5745,NO
hptm710.jpg,0.7687,YES
hptm7100.jpg,0.7025,YES
hptm7101.jpg,0.7359,YES
hptm7102.jpg,0.6808,YES
hptm7104.jpg,0.6029,YES
hptm7103.jpg,0.7131,YES
hptm7105.jpg,0.7089,YES
hptm7106.jpg,0.7135,YES
hptm7107.jpg,0.7019,YES
hptm7108.jpg,0.7124,YES
hptm7109.jpg,0.6779,YES
hptm711.jpg,0.3427,NO
hptm7110.jpg,0.7026,YES
hptm7111.jpg,0.7341,YES
hptm7112.jpg,0.7079,YES
hptm7113.jpg,0.7004,YES
hptm7114.jpg,0.7131,YES
hptm7115.jpg,0.6763,YES
hptm7116.jpg,0.7277,YES
hptm7117.jpg,0.6963,YES
hptm7119.jpg,0.6972,YES
hptm712.jpg,0.6280,YES
hptm7120.jpg,0.7219,YES
hptm7121.jpg,0.7467,YES
hptm7122.jpg,0.6750,YES
hptm7123.jpg,0.4036,NO
hptm7124.jpg,0.3797,NO
hptm7125.jpg,0.4081,NO
hptm7127.jpg,0.4323,NO
hptm7126.jpg,0.5968,NO
hptm7128.jpg,0.5493,NO
hptm7129.jpg,0.2142,NO
hptm713.jpg,0.6409,YES
hptm7130.jpg,0.1946,NO
hptm7131.jpg,0.4558,NO
hptm7132.jpg,0.6283,YES
hptm7133.jpg,0.6710,YES
hptm7134.jpg,0.6566,YES
hptm7135.jpg,0.6500,YES
hptm7136.jpg,0.2681,NO
hptm7139.jpg,0.3400,NO
hptm714.jpg,0.6689,YES
hptm7140.jpg,0.6673,YES
hptm7142.jpg,0.6463,YES
hptm7143.jpg,0.2015,NO
hptm7144.jpg,0.6187,YES
hptm7145.jpg,0.2613,NO
hptm7146.jpg,0.3724,NO
hptm7147.jpg,0.6106,YES
hptm7148.jpg,0.2707,NO
hptm7149.jpg,0.6281,YES
hptm715.jpg,0.6542,YES
hptm7151.jpg,0.6741,YES
hptm7150.jpg,0.7723,YES
hptm7152.jpg,0.6929,YES
hptm7153.jpg,0.7182,YES
hptm7154.jpg,0.6824,YES
hptm7155.jpg,0.7484,YES
hptm7156.jpg,0.7798,YES
hptm7157.jpg,0.7876,YES
hptm7158.jpg,0.7091,YES
hptm7159.jpg,0.5492,NO
hptm716.jpg,0.7544,YES
hptm7164.jpg,0.6779,YES
hptm7160.jpg,0.6294,YES
hptm7165.jpg,0.5260,NO
hptm7166.jpg,0.4006,NO
hptm7167.jpg,0.3190,NO
hptm7168.jpg,0.5762,NO
hptm7169.jpg,0.5798,NO
hptm717.jpg,0.7760,YES
hptm7170.jpg,0.4526,NO
hptm7171.jpg,0.6738,YES
hptm7172.jpg,0.5842,NO
hptm7173.jpg,0.3565,NO
hptm7174.jpg,0.3561,NO
hptm7175.jpg,0.3205,NO
hptm7176.jpg,0.3617,NO
hptm7178.jpg,0.6390,YES
hptm7179.jpg,0.5367,NO
hptm7181.jpg,0.3698,NO
hptm7180.jpg,0.4427,NO
hptm7183.jpg,0.3950,NO
hptm7184.jpg,0.4540,NO
hptm7186.jpg,0.6067,YES
hptm7187.jpg,0.4815,NO
hptm7188.jpg,0.5803,NO
hptm7189.jpg,0.7477,YES
hptm719.jpg,0.3650,NO
hptm7190.jpg,0.6585,YES
hptm7191.jpg,0.6616,YES
hptm7193.jpg,0.5457,NO
hptm7194.jpg,0.5298,NO
hptm7195.jpg,0.5309,NO
hptm7196.jpg,0.7492,YES
hptm7197.jpg,0.7777,YES
hptm7199.jpg,0.6855,YES
hptm7200.jpg,0.6174,YES
hptm7202.jpg,0.3606,NO
hptm7203.jpg,0.7032,YES
hptm7204.jpg,0.5431,NO
hptm7205.jpg,0.4039,NO
hptm7206.jpg,0.5830,NO
hptm7208.jpg,0.7875,YES
hptm7209.jpg,0.7440,YES
hptm721.jpg,0.6653,YES
hptm7210.jpg,0.6136,YES
hptm7211.jpg,0.7240,YES
hptm7216.jpg,0.5767,NO
hptm7212.jpg,0.4426,NO
hptm7217.jpg,0.6344,YES
hptm7218.jpg,0.5208,NO
hptm722.jpg,0.3769,NO
hptm7220.jpg,0.6191,YES
hptm7221.jpg,0.6687,YES
hptm7222.jpg,0.6432,YES
hptm7224.jpg,0.6336,YES
hptm7223.jpg,0.6658,YES
hptm7225.jpg,0.6175,YES
hptm7227.jpg,0.6267,YES
hptm7228.jpg,0.4557,NO
hptm7229.jpg,0.6545,YES
hptm723.jpg,0.3924,NO
hptm7231.jpg,0.2768,NO
hptm7233.jpg,0.5707,NO
hptm7232.jpg,0.5898,NO
hptm7234.jpg,0.5160,NO
hptm7235.jpg,0.3855,NO
hptm7236.jpg,0.7133,YES
hptm7237.jpg,0.5599,NO
hptm7238.jpg,0.3648,NO
hptm7239.jpg,0.4288,NO
hptm7240.jpg,0.4359,NO
hptm724.jpg,0.6929,YES
hptm7241.jpg,0.4036,NO
hptm7242.jpg,0.3566,NO
hptm7243.jpg,0.3549,NO
hptm7244.jpg,0.6817,YES
hptm7245.jpg,0.7237,YES
hptm7246.jpg,0.7178,YES
hptm7248.jpg,0.3156,NO
hptm7247.jpg,0.6104,YES
hptm7249.jpg,0.5908,NO
hptm725.jpg,0.4115,NO
hptm7250.jpg,0.6155,YES
hptm7251.jpg,0.7456,YES
hptm7252.jpg,0.7491,YES
hptm7253.jpg,0.7047,YES
hptm7254.jpg,0.7517,YES
hptm7256.jpg,0.7355,YES
hptm7257.jpg,0.7134,YES
hptm7258.jpg,0.7511,YES
hptm7259.jpg,0.7040,YES
hptm7262.jpg,0.7099,YES
hptm7261.jpg,0.7238,YES
hptm7263.jpg,0.6826,YES
hptm7264.jpg,0.7012,YES
hptm7265.jpg,0.7056,YES
hptm7266.jpg,0.6752,YES
hptm7267.jpg,0.7289,YES
hptm7268.jpg,0.6888,YES
hptm7269.jpg,0.7146,YES
hptm727.jpg,0.5716,NO
hptm7270.jpg,0.7528,YES
hptm7271.jpg,0.6620,YES
hptm7272.jpg,0.7346,YES
hptm7273.jpg,0.7198,YES
hptm7274.jpg,0.7141,YES
hptm7276.jpg,0.7149,YES
hptm7277.jpg,0.4459,NO
hptm7278.jpg,0.5697,NO
hptm7279.jpg,0.6793,YES
hptm728.jpg,0.6888,YES
hptm7280.jpg,0.5722,NO
hptm7281.jpg,0.6004,YES
hptm7282.jpg,0.6820,YES
hptm7283.jpg,0.6157,YES
hptm7286.jpg,0.5758,NO
hptm7284.jpg,0.6006,YES
hptm7288.jpg,0.6197,YES
hptm7285.jpg,0.6716,YES
hptm7289.jpg,0.6552,YES
hptm729.jpg,0.4230,NO
hptm7291.jpg,0.6467,YES
hptm7290.jpg,0.6523,YES
hptm7293.jpg,0.6701,YES
hptm7294.jpg,0.6485,YES
hptm7295.jpg,0.6587,YES
hptm7297.jpg,0.6131,YES
hptm7298.jpg,0.6675,YES
hptm7299.jpg,0.7645,YES
hptm730.jpg,0.4029,NO
hptm73.jpg,0.3973,NO
hptm7300.jpg,0.7538,YES
hptm7301.jpg,0.7285,YES
hptm7304.jpg,0.6802,YES
hptm7303.jpg,0.7219,YES
hptm7302.jpg,0.7308,YES
hptm7305.jpg,0.7031,YES
hptm7306.jpg,0.7372,YES
hptm7307.jpg,0.6681,YES
hptm731.jpg,0.6196,YES
hptm7312.jpg,0.7296,YES
hptm7314.jpg,0.6853,YES
hptm7309.jpg,0.6175,YES
hptm7313.jpg,0.7418,YES
hptm7315.jpg,0.6612,YES
hptm7316.jpg,0.7378,YES
hptm7317.jpg,0.7542,YES
hptm7318.jpg,0.6916,YES
hptm732.jpg,0.5538,NO
hptm7320.jpg,0.7334,YES
hptm7319.jpg,0.6929,YES
hptm7321.jpg,0.7414,YES
hptm7322.jpg,0.7106,YES
hptm7323.jpg,0.7294,YES
hptm7324.jpg,0.6954,YES
hptm7325.jpg,0.7578,YES
hptm7326.jpg,0.6771,YES
hptm7327.jpg,0.6958,YES
hptm7328.jpg,0.6208,YES
hptm7329.jpg,0.7396,YES
hptm733.jpg,0.4670,NO
hptm7330.jpg,0.4994,NO
hptm7331.jpg,0.5338,NO
hptm7335.jpg,0.5430,NO
hptm7334.jpg,0.6348,YES
hptm7333.jpg,0.6229,YES
hptm7336.jpg,0.4761,NO
hptm7337.jpg,0.7012,YES
hptm7338.jpg,0.4457,NO
hptm734.jpg,0.4484,NO
hptm7339.jpg,0.4962,NO
hptm7340.jpg,0.4080,NO
hptm7343.jpg,0.6573,YES
hptm7341.jpg,0.7263,YES
hptm7342.jpg,0.7727,YES
hptm7344.jpg,0.7472,YES
hptm7346.jpg,0.7425,YES
hptm7347.jpg,0.7242,YES
hptm7349.jpg,0.6857,YES
hptm735.jpg,0.7298,YES
hptm7351.jpg,0.7117,YES
hptm7353.jpg,0.7167,YES
hptm7352.jpg,0.7059,YES
hptm7354.jpg,0.7371,YES
hptm7355.jpg,0.6826,YES
hptm7356.jpg,0.6909,YES
hptm7357.jpg,0.6939,YES
hptm7359.jpg,0.2265,NO
hptm7360.jpg,0.6441,YES
hptm7361.jpg,0.6917,YES
hptm7362.jpg,0.7151,YES
hptm7363.jpg,0.6575,YES
hptm7364.jpg,0.6080,YES
hptm7366.jpg,0.5834,NO
hptm7365.jpg,0.5863,NO
hptm7367.jpg,0.5701,NO
hptm7368.jpg,0.6799,YES
hptm7369.jpg,0.6335,YES
hptm7370.jpg,0.6897,YES
hptm737.jpg,0.3123,NO
hptm7371.jpg,0.6310,YES
hptm7372.jpg,0.6180,YES
hptm7373.jpg,0.6664,YES
hptm7374.jpg,0.6621,YES
hptm7375.jpg,0.6855,YES
hptm7376.jpg,0.6529,YES
hptm7377.jpg,0.6678,YES
hptm7378.jpg,0.6713,YES
hptm7379.jpg,0.7248,YES
hptm738.jpg,0.3445,NO
hptm7380.jpg,0.7227,YES
hptm7381.jpg,0.6965,YES
hptm7382.jpg,0.6909,YES
hptm7383.jpg,0.6857,YES
hptm7384.jpg,0.7311,YES
hptm7385.jpg,0.7436,YES
hptm7387.jpg,0.7124,YES
hptm7388.jpg,0.7019,YES
hptm7389.jpg,0.7004,YES
hptm739.jpg,0.6273,YES
hptm7390.jpg,0.6862,YES
hptm7391.jpg,0.6867,YES
hptm7392.jpg,0.6930,YES
hptm7393.jpg,0.6838,YES
hptm7395.jpg,0.7460,YES
hptm7396.jpg,0.7381,YES
hptm7398.jpg,0.7331,YES
hptm7399.jpg,0.7043,YES
hptm740.jpg,0.4044,NO
hptm7400.jpg,0.7437,YES
hptm7401.jpg,0.7404,YES
hptm7402.jpg,0.7384,YES
hptm7403.jpg,0.7384,YES
hptm7405.jpg,0.6995,YES
hptm7406.jpg,0.7518,YES
hptm7407.jpg,0.6896,YES
hptm7408.jpg,0.7059,YES
hptm7409.jpg,0.6977,YES
hptm741.jpg,0.4216,NO
hptm7410.jpg,0.7569,YES
hptm7411.jpg,0.7230,YES
hptm7412.jpg,0.7232,YES
hptm7413.jpg,0.7127,YES
hptm7415.jpg,0.6518,YES
hptm7414.jpg,0.7195,YES
hptm7416.jpg,0.7256,YES
hptm7417.jpg,0.7035,YES
hptm7419.jpg,0.7346,YES
hptm742.jpg,0.6968,YES
hptm7420.jpg,0.7448,YES
hptm7421.jpg,0.7100,YES
hptm7422.jpg,0.7162,YES
hptm7424.jpg,0.7527,YES
hptm7425.jpg,0.7403,YES
hptm7426.jpg,0.3054,NO
hptm7427.jpg,0.5445,NO
hptm7428.jpg,0.3090,NO
hptm7429.jpg,0.3857,NO
hptm7430.jpg,0.4360,NO
hptm7431.jpg,0.3941,NO
hptm7432.jpg,0.4042,NO
hptm7433.jpg,0.4354,NO
hptm7434.jpg,0.5060,NO
hptm7436.jpg,0.6014,YES
hptm7435.jpg,0.6746,YES
hptm7437.jpg,0.4160,NO
hptm7438.jpg,0.6213,YES
hptm7439.jpg,0.6117,YES
hptm744.jpg,0.4196,NO
hptm7440.jpg,0.5062,NO
hptm7441.jpg,0.6062,YES
hptm7442.jpg,0.6535,YES
hptm7443.jpg,0.6855,YES
hptm7444.jpg,0.6270,YES
hptm7446.jpg,0.3918,NO
hptm7445.jpg,0.5803,NO
hptm7447.jpg,0.6425,YES
hptm7449.jpg,0.5223,NO
hptm745.jpg,0.5060,NO
hptm7450.jpg,0.4324,NO
hptm7451.jpg,0.2319,NO
hptm7453.jpg,0.4231,NO
hptm7454.jpg,0.6204,YES
hptm7455.jpg,0.5706,NO
hptm7456.jpg,0.5603,NO
hptm7457.jpg,0.7131,YES
hptm7458.jpg,0.5511,NO
hptm7459.jpg,0.6594,YES
hptm746.jpg,0.7204,YES
hptm7460.jpg,0.5788,NO
hptm7461.jpg,0.5330,NO
hptm7462.jpg,0.6254,YES
hptm7463.jpg,0.6660,YES
hptm7464.jpg,0.5732,NO
hptm7465.jpg,0.5556,NO
hptm7466.jpg,0.6260,YES
hptm7468.jpg,0.5430,NO
hptm7467.jpg,0.6102,YES
hptm7469.jpg,0.5650,NO
hptm7470.jpg,0.2087,NO
hptm747.jpg,0.6030,YES
hptm7471.jpg,0.4756,NO
hptm7474.jpg,0.4172,NO
hptm7475.jpg,0.6171,YES
hptm7476.jpg,0.6317,YES
hptm7477.jpg,0.6341,YES
hptm7478.jpg,0.5681,NO
hptm7479.jpg,0.5954,NO
hptm748.jpg,0.4200,NO
hptm7480.jpg,0.5868,NO
hptm7482.jpg,0.4737,NO
hptm7483.jpg,0.4144,NO
hptm7484.jpg,0.3729,NO
hptm7485.jpg,0.3693,NO
hptm7486.jpg,0.4444,NO
hptm7487.jpg,0.6227,YES
hptm7489.jpg,0.6566,YES
hptm749.jpg,0.7127,YES
hptm7491.jpg,0.4100,NO
hptm7492.jpg,0.5965,NO
hptm7493.jpg,0.4546,NO
hptm7494.jpg,0.2848,NO
hptm7495.jpg,0.6737,YES
hptm7496.jpg,0.5598,NO
hptm7497.jpg,0.6134,YES
hptm7498.jpg,0.6246,YES
hptm75.jpg,0.6037,YES
hptm750.jpg,0.3948,NO
hptm7500.jpg,0.3178,NO
hptm7501.jpg,0.7353,YES
hptm7503.jpg,0.6835,YES
hptm7502.jpg,0.6645,YES
hptm7504.jpg,0.4587,NO
hptm7505.jpg,0.6569,YES
hptm7506.jpg,0.6564,YES
hptm7507.jpg,0.6512,YES
hptm7508.jpg,0.6496,YES
hptm7509.jpg,0.6647,YES
hptm751.jpg,0.3741,NO
hptm7510.jpg,0.6938,YES
hptm7511.jpg,0.6673,YES
hptm7512.jpg,0.6467,YES
hptm7513.jpg,0.6944,YES
hptm7514.jpg,0.6967,YES
hptm7515.jpg,0.4439,NO
hptm7516.jpg,0.6776,YES
hptm7517.jpg,0.6941,YES
hptm7519.jpg,0.3752,NO
hptm752.jpg,0.3640,NO
hptm7520.jpg,0.3435,NO
hptm7521.jpg,0.3556,NO
hptm7522.jpg,0.3267,NO
hptm7523.jpg,0.2940,NO
hptm7524.jpg,0.2964,NO
hptm7525.jpg,0.3492,NO
hptm7526.jpg,0.6003,YES
hptm7527.jpg,0.3372,NO
hptm7529.jpg,0.3284,NO
hptm753.jpg,0.3853,NO
hptm7530.jpg,0.3637,NO
hptm7531.jpg,0.4530,NO
hptm7533.jpg,0.3983,NO
hptm7532.jpg,0.3908,NO
hptm7534.jpg,0.4862,NO
hptm7535.jpg,0.6101,YES
hptm7536.jpg,0.6413,YES
hptm7537.jpg,0.5664,NO
hptm7538.jpg,0.6180,YES
hptm7539.jpg,0.5831,NO
hptm754.jpg,0.4367,NO
hptm7540.jpg,0.6261,YES
hptm7541.jpg,0.5871,NO
hptm7542.jpg,0.5611,NO
hptm7543.jpg,0.6332,YES
hptm7544.jpg,0.6217,YES
hptm7545.jpg,0.6014,YES
hptm7547.jpg,0.5677,NO
hptm7548.jpg,0.5798,NO
hptm7549.jpg,0.5499,NO
hptm7550.jpg,0.5771,NO
hptm7551.jpg,0.5638,NO
hptm7552.jpg,0.5912,NO
hptm7553.jpg,0.5871,NO
hptm7554.jpg,0.6469,YES
hptm7556.jpg,0.6109,YES
hptm7557.jpg,0.5749,NO
hptm7558.jpg,0.5950,NO
hptm7559.jpg,0.6072,YES
hptm756.jpg,0.7263,YES
hptm7560.jpg,0.5781,NO
hptm7561.jpg,0.5680,NO
hptm7562.jpg,0.5924,NO
hptm7563.jpg,0.6280,YES
hptm7564.jpg,0.5238,NO
hptm7565.jpg,0.5903,NO
hptm7567.jpg,0.5743,NO
hptm7568.jpg,0.5509,NO
hptm7569.jpg,0.5551,NO
hptm757.jpg,0.7090,YES
hptm7570.jpg,0.5517,NO
hptm7571.jpg,0.6335,YES
hptm7572.jpg,0.6146,YES
hptm7573.jpg,0.5834,NO
hptm7574.jpg,0.6168,YES
hptm7575.jpg,0.6323,YES
hptm7576.jpg,0.4602,NO
hptm7577.jpg,0.4310,NO
hptm7578.jpg,0.4218,NO
hptm7579.jpg,0.6547,YES
hptm7580.jpg,0.6168,YES
hptm7581.jpg,0.3653,NO
hptm7582.jpg,0.1949,NO
hptm7583.jpg,0.6360,YES
hptm7584.jpg,0.6157,YES
hptm7585.jpg,0.6693,YES
hptm7586.jpg,0.6431,YES
hptm7587.jpg,0.6229,YES
hptm7589.jpg,0.6890,YES
hptm759.jpg,0.4529,NO
hptm7590.jpg,0.6825,YES
hptm7591.jpg,0.6564,YES
hptm7593.jpg,0.6692,YES
hptm7594.jpg,0.6515,YES
hptm7595.jpg,0.6609,YES
hptm7596.jpg,0.6503,YES
hptm7597.jpg,0.5799,NO
hptm7599.jpg,0.4006,NO
hptm7598.jpg,0.4730,NO
hptm760.jpg,0.3735,NO
hptm7600.jpg,0.3858,NO
hptm7602.jpg,0.2981,NO
hptm7603.jpg,0.4688,NO
hptm7604.jpg,0.2890,NO
hptm7605.jpg,0.6828,YES
hptm7607.jpg,0.3656,NO
hptm7608.jpg,0.2073,NO
hptm7609.jpg,0.3624,NO
hptm761.jpg,0.3826,NO
hptm7611.jpg,0.6144,YES
hptm7612.jpg,0.4965,NO
hptm7613.jpg,0.6134,YES
hptm7615.jpg,0.6342,YES
hptm7614.jpg,0.2646,NO
hptm7616.jpg,0.6312,YES
hptm7617.jpg,0.6428,YES
hptm7618.jpg,0.6138,YES
hptm7619.jpg,0.5478,NO
hptm762.jpg,0.7077,YES
hptm7620.jpg,0.6856,YES
hptm7621.jpg,0.6473,YES
hptm7622.jpg,0.3641,NO
hptm7624.jpg,0.6934,YES
hptm7623.jpg,0.6478,YES
hptm7625.jpg,0.4228,NO
hptm7626.jpg,0.6507,YES
hptm7627.jpg,0.6756,YES
hptm7628.jpg,0.5824,NO
hptm7629.jpg,0.2542,NO
hptm763.jpg,0.6729,YES
hptm7631.jpg,0.3647,NO
hptm7632.jpg,0.2690,NO
hptm7633.jpg,0.4801,NO
hptm7634.jpg,0.6201,YES
hptm7636.jpg,0.4656,NO
hptm7637.jpg,0.6378,YES
hptm7639.jpg,0.6016,YES
hptm7638.jpg,0.6567,YES
hptm764.jpg,0.6808,YES
hptm7640.jpg,0.4949,NO
hptm7641.jpg,0.6273,YES
hptm7642.jpg,0.6860,YES
hptm7644.jpg,0.6177,YES
hptm7645.jpg,0.5821,NO
hptm7646.jpg,0.4728,NO
hptm7648.jpg,0.2665,NO
hptm765.jpg,0.6266,YES
hptm7649.jpg,0.6492,YES
hptm7651.jpg,0.3801,NO
hptm7652.jpg,0.1460,NO
hptm7653.jpg,0.6342,YES
hptm7654.jpg,0.6402,YES
hptm7655.jpg,0.6299,YES
hptm7656.jpg,0.7127,YES
hptm7657.jpg,0.5554,NO
hptm7658.jpg,0.4260,NO
hptm7659.jpg,0.4419,NO
hptm766.jpg,0.6439,YES
hptm7660.jpg,0.6532,YES
hptm7661.jpg,0.5513,NO
hptm7662.jpg,0.6533,YES
hptm7663.jpg,0.6644,YES
hptm7664.jpg,0.7084,YES
hptm7665.jpg,0.6617,YES
hptm7666.jpg,0.6479,YES
hptm7667.jpg,0.6457,YES
hptm7668.jpg,0.6624,YES
hptm7669.jpg,0.6900,YES
hptm767.jpg,0.7605,YES
hptm7671.jpg,0.6664,YES
hptm7673.jpg,0.7502,YES
hptm7674.jpg,0.7222,YES
hptm7675.jpg,0.7630,YES
hptm7677.jpg,0.7769,YES
hptm7678.jpg,0.7933,YES
hptm7679.jpg,0.5304,NO
hptm768.jpg,0.5975,NO
hptm7681.jpg,0.7937,YES
hptm7682.jpg,0.6477,YES
hptm7684.jpg,0.7862,YES
hptm7687.jpg,0.7847,YES
hptm7688.jpg,0.7343,YES
hptm7689.jpg,0.7605,YES
hptm769.jpg,0.2849,NO
hptm7690.jpg,0.7514,YES
hptm7691.jpg,0.7658,YES
hptm7693.jpg,0.1915,NO
hptm7694.jpg,0.6584,YES
hptm7695.jpg,0.7632,YES
hptm7696.jpg,0.7681,YES
hptm7697.jpg,0.7537,YES
hptm7699.jpg,0.7840,YES
hptm770.jpg,0.6379,YES
hptm7700.jpg,0.7331,YES
hptm7701.jpg,0.7796,YES
hptm7702.jpg,0.7560,YES
hptm7703.jpg,0.7999,YES
hptm7704.jpg,0.7560,YES
hptm7705.jpg,0.6827,YES
hptm7706.jpg,0.7836,YES
hptm7707.jpg,0.8032,YES
hptm7708.jpg,0.8052,YES
hptm7709.jpg,0.7467,YES
hptm771.jpg,0.2388,NO
hptm7712.jpg,0.7765,YES
hptm7713.jpg,0.7597,YES
hptm7715.jpg,0.7690,YES
hptm7714.jpg,0.7951,YES
hptm7716.jpg,0.6587,YES
hptm7717.jpg,0.7844,YES
hptm7718.jpg,0.7536,YES
hptm7719.jpg,0.7603,YES
hptm772.jpg,0.5943,NO
hptm7720.jpg,0.7732,YES
hptm7721.jpg,0.7608,YES
hptm7723.jpg,0.7966,YES
hptm7722.jpg,0.7583,YES
hptm7724.jpg,0.7656,YES
hptm7725.jpg,0.7946,YES
hptm7726.jpg,0.7654,YES
hptm7727.jpg,0.6428,YES
hptm7728.jpg,0.7507,YES
hptm7729.jpg,0.7882,YES
hptm7733.jpg,0.7833,YES
hptm7735.jpg,0.7659,YES
hptm7730.jpg,0.7721,YES
hptm7736.jpg,0.7663,YES
hptm7737.jpg,0.7622,YES
hptm7738.jpg,0.6389,YES
hptm7739.jpg,0.8120,YES
hptm7740.jpg,0.7816,YES
hptm7742.jpg,0.7513,YES
hptm7743.jpg,0.7501,YES
hptm7744.jpg,0.7868,YES
hptm7745.jpg,0.7451,YES
hptm7741.jpg,0.7888,YES
hptm7747.jpg,0.7107,YES
hptm7748.jpg,0.7841,YES
hptm7749.jpg,0.6313,YES
hptm775.jpg,0.5760,NO
hptm7750.jpg,0.8027,YES
hptm7751.jpg,0.8068,YES
hptm7752.jpg,0.7769,YES
hptm7753.jpg,0.8047,YES
hptm7754.jpg,0.7667,YES
hptm7755.jpg,0.8038,YES
hptm7757.jpg,0.7276,YES
hptm7758.jpg,0.7732,YES
hptm776.jpg,0.6123,YES
hptm7759.jpg,0.8155,YES
hptm7760.jpg,0.6725,YES
hptm7761.jpg,0.7874,YES
hptm7762.jpg,0.7267,YES
hptm7764.jpg,0.7816,YES
hptm7763.jpg,0.7759,YES
hptm7765.jpg,0.7901,YES
hptm7766.jpg,0.7602,YES
hptm7768.jpg,0.7859,YES
hptm7769.jpg,0.7352,YES
hptm777.jpg,0.5295,NO
hptm7770.jpg,0.7591,YES
hptm7771.jpg,0.6742,YES
hptm7773.jpg,0.7588,YES
hptm7772.jpg,0.7418,YES
hptm7774.jpg,0.7564,YES
hptm7775.jpg,0.7819,YES
hptm7777.jpg,0.8043,YES
hptm7776.jpg,0.7808,YES
hptm7778.jpg,0.7262,YES
hptm7779.jpg,0.7661,YES
hptm7782.jpg,0.6326,YES
hptm7787.jpg,0.6561,YES
hptm779.jpg,0.4364,NO
hptm7790.jpg,0.6586,YES
hptm7791.jpg,0.6412,YES
hptm7792.jpg,0.6800,YES
hptm7793.jpg,0.6179,YES
hptm7794.jpg,0.6333,YES
hptm7795.jpg,0.6830,YES
hptm7796.jpg,0.6322,YES
hptm7797.jpg,0.5507,NO
hptm7798.jpg,0.7017,YES
hptm780.jpg,0.6716,YES
hptm7800.jpg,0.6560,YES
hptm7801.jpg,0.8093,YES
hptm7802.jpg,0.7388,YES
hptm7803.jpg,0.6734,YES
hptm7804.jpg,0.1903,NO
hptm7806.jpg,0.7626,YES
hptm7805.jpg,0.6339,YES
hptm7807.jpg,0.6828,YES
hptm7809.jpg,0.7830,YES
hptm781.jpg,0.5415,NO
hptm7810.jpg,0.7901,YES
hptm7812.jpg,0.7079,YES
hptm7813.jpg,0.6791,YES
hptm7815.jpg,0.6957,YES
hptm7814.jpg,0.7344,YES
hptm7816.jpg,0.6512,YES
hptm7817.jpg,0.7507,YES
hptm7818.jpg,0.8005,YES
hptm7819.jpg,0.7415,YES
hptm782.jpg,0.6460,YES
hptm7820.jpg,0.8081,YES
hptm7821.jpg,0.8123,YES
hptm7822.jpg,0.7381,YES
hptm7823.jpg,0.7632,YES
hptm7824.jpg,0.7621,YES
hptm7826.jpg,0.7869,YES
hptm7827.jpg,0.6228,YES
hptm7828.jpg,0.7805,YES
hptm7829.jpg,0.8028,YES
hptm7830.jpg,0.7808,YES
hptm783.jpg,0.7101,YES
hptm7831.jpg,0.7765,YES
hptm7832.jpg,0.7669,YES
hptm7833.jpg,0.7512,YES
hptm7835.jpg,0.7150,YES
hptm7836.jpg,0.7816,YES
hptm7837.jpg,0.7866,YES
hptm7839.jpg,0.7703,YES
hptm7838.jpg,0.6889,YES
hptm7840.jpg,0.8090,YES
hptm784.jpg,0.7034,YES
hptm7841.jpg,0.7947,YES
hptm7842.jpg,0.7677,YES
hptm7843.jpg,0.7898,YES
hptm7844.jpg,0.7713,YES
hptm7845.jpg,0.8062,YES
hptm7846.jpg,0.7319,YES
hptm7847.jpg,0.8014,YES
hptm7848.jpg,0.8059,YES
hptm7849.jpg,0.6868,YES
hptm785.jpg,0.3589,NO
hptm7850.jpg,0.7932,YES
hptm7852.jpg,0.7972,YES
hptm7851.jpg,0.8055,YES
hptm7854.jpg,0.7696,YES
hptm7853.jpg,0.8019,YES
hptm7856.jpg,0.7873,YES
hptm7855.jpg,0.7679,YES
hptm7857.jpg,0.7812,YES
hptm7858.jpg,0.7598,YES
hptm786.jpg,0.6832,YES
hptm7859.jpg,0.7416,YES
hptm7861.jpg,0.7452,YES
hptm7862.jpg,0.7841,YES
hptm7863.jpg,0.7689,YES
hptm7864.jpg,0.7654,YES
hptm7865.jpg,0.8031,YES
hptm7866.jpg,0.7746,YES
hptm7868.jpg,0.7673,YES
hptm7867.jpg,0.7613,YES
hptm7869.jpg,0.7790,YES
hptm787.jpg,0.3629,NO
hptm7870.jpg,0.7506,YES
hptm7871.jpg,0.6612,YES
hptm7872.jpg,0.7456,YES
hptm7873.jpg,0.7756,YES
hptm7874.jpg,0.7767,YES
hptm7875.jpg,0.7467,YES
hptm7876.jpg,0.7499,YES
hptm7877.jpg,0.7155,YES
hptm7878.jpg,0.6790,YES
hptm7879.jpg,0.6956,YES
hptm788.jpg,0.3002,NO
hptm7881.jpg,0.6515,YES
hptm7882.jpg,0.6933,YES
hptm7883.jpg,0.6624,YES
hptm7884.jpg,0.7014,YES
hptm7885.jpg,0.4970,NO
hptm7887.jpg,0.6659,YES
hptm7886.jpg,0.6746,YES
hptm7888.jpg,0.6213,YES
hptm789.jpg,0.3292,NO
hptm7890.jpg,0.5657,NO
hptm7891.jpg,0.7123,YES
hptm7892.jpg,0.6908,YES
hptm7893.jpg,0.5549,NO
hptm7894.jpg,0.6398,YES
hptm7895.jpg,0.7546,YES
hptm7896.jpg,0.7565,YES
hptm7897.jpg,0.6372,YES
hptm7899.jpg,0.7380,YES
hptm7898.jpg,0.7374,YES
hptm790.jpg,0.3303,NO
hptm7900.jpg,0.7249,YES
hptm7901.jpg,0.6935,YES
hptm7902.jpg,0.7128,YES
hptm7903.jpg,0.6898,YES
hptm7904.jpg,0.5886,NO
hptm7905.jpg,0.7277,YES
hptm7906.jpg,0.7272,YES
hptm7907.jpg,0.2997,NO
hptm7908.jpg,0.6580,YES
hptm7909.jpg,0.5797,NO
hptm791.jpg,0.6663,YES
hptm7910.jpg,0.6036,YES
hptm7911.jpg,0.7047,YES
hptm7915.jpg,0.1815,NO
hptm7916.jpg,0.5349,NO
hptm7917.jpg,0.7589,YES
hptm7918.jpg,0.7442,YES
hptm7919.jpg,0.6423,YES
hptm792.jpg,0.4599,NO
hptm7921.jpg,0.7610,YES
hptm7922.jpg,0.6744,YES
hptm7923.jpg,0.6792,YES
hptm7924.jpg,0.7734,YES
hptm7926.jpg,0.7005,YES
hptm7927.jpg,0.7712,YES
hptm7928.jpg,0.6617,YES
hptm7929.jpg,0.7316,YES
hptm793.jpg,0.3076,NO
hptm7930.jpg,0.6454,YES
hptm7933.jpg,0.4144,NO
hptm7932.jpg,0.3578,NO
hptm7934.jpg,0.7910,YES
hptm7936.jpg,0.7351,YES
hptm7937.jpg,0.7692,YES
hptm7935.jpg,0.6875,YES
hptm7938.jpg,0.2398,NO
hptm7939.jpg,0.8082,YES
hptm794.jpg,0.6056,YES
hptm7941.jpg,0.8193,YES
hptm7942.jpg,0.7411,YES
hptm7943.jpg,0.8230,YES
hptm7944.jpg,0.7507,YES
hptm7945.jpg,0.7871,YES
hptm7946.jpg,0.7564,YES
hptm7947.jpg,0.7832,YES
hptm7949.jpg,0.1813,NO
hptm795.jpg,0.5713,NO
hptm7950.jpg,0.7665,YES
hptm7951.jpg,0.7339,YES
hptm7952.jpg,0.7923,YES
hptm7953.jpg,0.7957,YES
hptm7954.jpg,0.7814,YES
hptm7956.jpg,0.7955,YES
hptm7957.jpg,0.8002,YES
hptm7958.jpg,0.7913,YES
hptm796.jpg,0.3931,NO
hptm7960.jpg,0.1983,NO
hptm7963.jpg,0.6929,YES
hptm7964.jpg,0.7265,YES
hptm7965.jpg,0.7937,YES
hptm7966.jpg,0.7669,YES
hptm7968.jpg,0.7512,YES
hptm7969.jpg,0.7793,YES
hptm797.jpg,0.6133,YES
hptm7972.jpg,0.7780,YES
hptm7971.jpg,0.3512,NO
hptm7970.jpg,0.7435,YES
hptm7973.jpg,0.8130,YES
hptm7974.jpg,0.7856,YES
hptm7977.jpg,0.7852,YES
hptm7978.jpg,0.6854,YES
hptm7975.jpg,0.6838,YES
hptm7979.jpg,0.7055,YES
hptm798.jpg,0.6591,YES
hptm7980.jpg,0.7456,YES
hptm7981.jpg,0.7634,YES
hptm7982.jpg,0.5209,NO
hptm7983.jpg,0.6878,YES
hptm7984.jpg,0.5382,NO
hptm7985.jpg,0.6721,YES
hptm7986.jpg,0.7666,YES
hptm7987.jpg,0.7794,YES
hptm7988.jpg,0.7455,YES
hptm7989.jpg,0.7280,YES
hptm7990.jpg,0.7714,YES
hptm7991.jpg,0.7306,YES
hptm7992.jpg,0.7796,YES
hptm7993.jpg,0.2348,NO
hptm7994.jpg,0.7619,YES
hptm7995.jpg,0.7509,YES
hptm7996.jpg,0.7447,YES
hptm7997.jpg,0.7890,YES
hptm7998.jpg,0.8072,YES
hptm7999.jpg,0.8002,YES
hptm80.jpg,0.7303,YES
hptm800.jpg,0.7570,YES
hptm8000.jpg,0.7569,YES
hptm8001.jpg,0.7839,YES
hptm8002.jpg,0.7531,YES
hptm8004.jpg,0.5402,NO
hptm8005.jpg,0.7364,YES
hptm8006.jpg,0.7521,YES
hptm8007.jpg,0.7986,YES
hptm8008.jpg,0.8143,YES
hptm801.jpg,0.7653,YES
hptm8010.jpg,0.7693,YES
hptm8011.jpg,0.7017,YES
hptm8012.jpg,0.6855,YES
hptm8013.jpg,0.6024,YES
hptm8014.jpg,0.5936,NO
hptm8015.jpg,0.3312,NO
hptm8016.jpg,0.7078,YES
hptm8017.jpg,0.7035,YES
hptm8018.jpg,0.6793,YES
hptm8019.jpg,0.6625,YES
hptm802.jpg,0.7517,YES
hptm8020.jpg,0.6893,YES
hptm8021.jpg,0.7571,YES
hptm8022.jpg,0.7594,YES
hptm8023.jpg,0.7068,YES
hptm8024.jpg,0.7363,YES
hptm8025.jpg,0.7230,YES
hptm8026.jpg,0.2077,NO
hptm8027.jpg,0.3747,NO
hptm8028.jpg,0.6858,YES
hptm8029.jpg,0.7489,YES
hptm803.jpg,0.6820,YES
hptm8030.jpg,0.7600,YES
hptm8031.jpg,0.7377,YES
hptm8032.jpg,0.6982,YES
hptm8033.jpg,0.6581,YES
hptm8034.jpg,0.7110,YES
hptm8035.jpg,0.7125,YES
hptm8037.jpg,0.7080,YES
hptm8039.jpg,0.7332,YES
hptm804.jpg,0.7019,YES
hptm8036.jpg,0.7308,YES
hptm8040.jpg,0.7650,YES
hptm8042.jpg,0.7844,YES
hptm8043.jpg,0.7787,YES
hptm8044.jpg,0.7796,YES
hptm8046.jpg,0.7441,YES
hptm8045.jpg,0.7546,YES
hptm8048.jpg,0.7962,YES
hptm8049.jpg,0.5223,NO
hptm805.jpg,0.6663,YES
hptm8050.jpg,0.7876,YES
hptm8052.jpg,0.7650,YES
hptm8053.jpg,0.7497,YES
hptm8054.jpg,0.7837,YES
hptm8055.jpg,0.7696,YES
hptm8056.jpg,0.7533,YES
hptm8057.jpg,0.7206,YES
hptm8058.jpg,0.7898,YES
hptm8059.jpg,0.6871,YES
hptm806.jpg,0.2494,NO
hptm8060.jpg,0.6420,YES
hptm8061.jpg,0.6432,YES
hptm8062.jpg,0.7770,YES
hptm8064.jpg,0.7108,YES
hptm8065.jpg,0.7287,YES
hptm8066.jpg,0.6261,YES
hptm8067.jpg,0.5029,NO
hptm8068.jpg,0.6708,YES
hptm8069.jpg,0.5945,NO
hptm8070.jpg,0.7193,YES
hptm8071.jpg,0.5914,NO
hptm807.jpg,0.2502,NO
hptm8072.jpg,0.7624,YES
hptm8073.jpg,0.7408,YES
hptm8074.jpg,0.7814,YES
hptm8075.jpg,0.7631,YES
hptm8076.jpg,0.7748,YES
hptm8077.jpg,0.6831,YES
hptm8078.jpg,0.7269,YES
hptm808.jpg,0.1522,NO
hptm8080.jpg,0.7473,YES
hptm8081.jpg,0.7232,YES
hptm8082.jpg,0.5775,NO
hptm8084.jpg,0.7517,YES
hptm8085.jpg,0.6905,YES
hptm8086.jpg,0.6108,YES
hptm8087.jpg,0.7497,YES
hptm8088.jpg,0.6685,YES
hptm809.jpg,0.6210,YES
hptm8089.jpg,0.7675,YES
hptm8091.jpg,0.7978,YES
hptm8092.jpg,0.8088,YES
hptm8093.jpg,0.6057,YES
hptm8094.jpg,0.7406,YES
hptm8095.jpg,0.7603,YES
hptm8096.jpg,0.7771,YES
hptm8097.jpg,0.8190,YES
hptm8098.jpg,0.7761,YES
hptm8099.jpg,0.7936,YES
hptm810.jpg,0.3921,NO
hptm8100.jpg,0.8071,YES
hptm8101.jpg,0.8147,YES
hptm8102.jpg,0.7669,YES
hptm8103.jpg,0.7330,YES
hptm8104.jpg,0.6995,YES
hptm8105.jpg,0.7388,YES
hptm8106.jpg,0.8042,YES
hptm8107.jpg,0.7939,YES
hptm8108.jpg,0.7564,YES
hptm811.jpg,0.3973,NO
hptm8110.jpg,0.7919,YES
hptm8111.jpg,0.7504,YES
hptm8112.jpg,0.7404,YES
hptm8113.jpg,0.7189,YES
hptm8115.jpg,0.5963,NO
hptm8114.jpg,0.6927,YES
hptm8117.jpg,0.7059,YES
hptm8118.jpg,0.7023,YES
hptm8119.jpg,0.7604,YES
hptm812.jpg,0.3125,NO
hptm8120.jpg,0.7949,YES
hptm8121.jpg,0.7612,YES
hptm8122.jpg,0.6512,YES
hptm8123.jpg,0.7843,YES
hptm8124.jpg,0.7745,YES
hptm8125.jpg,0.7445,YES
hptm8127.jpg,0.7483,YES
hptm8128.jpg,0.7736,YES
hptm813.jpg,0.7739,YES
hptm8131.jpg,0.8029,YES
hptm8133.jpg,0.6720,YES
hptm8137.jpg,0.2605,NO
hptm8136.jpg,0.6769,YES
hptm8139.jpg,0.6426,YES
hptm814.jpg,0.5745,NO
hptm8140.jpg,0.6994,YES
hptm8141.jpg,0.7024,YES
hptm8142.jpg,0.6947,YES
hptm8143.jpg,0.5884,NO
hptm8144.jpg,0.4819,NO
hptm815.jpg,0.6416,YES
hptm8150.jpg,0.5900,NO
hptm8151.jpg,0.6315,YES
hptm8152.jpg,0.7237,YES
hptm8153.jpg,0.6499,YES
hptm8154.jpg,0.6859,YES
hptm8156.jpg,0.7543,YES
hptm8157.jpg,0.7605,YES
hptm8158.jpg,0.7528,YES
hptm8159.jpg,0.7819,YES
hptm816.jpg,0.7460,YES
hptm8161.jpg,0.6674,YES
hptm8162.jpg,0.7590,YES
hptm8163.jpg,0.7631,YES
hptm8164.jpg,0.7898,YES
hptm8165.jpg,0.7784,YES
hptm8166.jpg,0.7665,YES
hptm8167.jpg,0.7114,YES
hptm8168.jpg,0.7606,YES
hptm817.jpg,0.5619,NO
hptm8170.jpg,0.7809,YES
hptm8172.jpg,0.7237,YES
hptm8174.jpg,0.7487,YES
hptm8173.jpg,0.6891,YES
hptm8175.jpg,0.7879,YES
hptm8176.jpg,0.6757,YES
hptm8177.jpg,0.6848,YES
hptm8178.jpg,0.7558,YES
hptm8179.jpg,0.7429,YES
hptm818.jpg,0.6448,YES
hptm8180.jpg,0.7893,YES
hptm8181.jpg,0.7263,YES
hptm8182.jpg,0.5415,NO
hptm8183.jpg,0.7195,YES
hptm8186.jpg,0.6259,YES
hptm8187.jpg,0.6565,YES
hptm8188.jpg,0.5387,NO
hptm8189.jpg,0.6391,YES
hptm819.jpg,0.6325,YES
hptm8190.jpg,0.6059,YES
hptm8191.jpg,0.6912,YES
hptm8192.jpg,0.5478,NO
hptm8193.jpg,0.6768,YES
hptm8194.jpg,0.7586,YES
hptm8195.jpg,0.7019,YES
hptm8196.jpg,0.7332,YES
hptm8197.jpg,0.5932,NO
hptm8198.jpg,0.6555,YES
hptm8199.jpg,0.6095,YES
hptm82.jpg,0.5708,NO
hptm820.jpg,0.6241,YES
hptm8201.jpg,0.7406,YES
hptm8202.jpg,0.5617,NO
hptm8207.jpg,0.5930,NO
hptm8208.jpg,0.5914,NO
hptm8209.jpg,0.6295,YES
hptm821.jpg,0.5293,NO
hptm8210.jpg,0.6194,YES
hptm8211.jpg,0.5565,NO
hptm8213.jpg,0.6642,YES
hptm8215.jpg,0.6180,YES
hptm8216.jpg,0.6491,YES
hptm8219.jpg,0.6910,YES
hptm822.jpg,0.6988,YES
hptm8220.jpg,0.6343,YES
hptm8221.jpg,0.7144,YES
hptm8222.jpg,0.5633,NO
hptm8223.jpg,0.5273,NO
hptm8224.jpg,0.5063,NO
hptm8225.jpg,0.6884,YES
hptm8226.jpg,0.4440,NO
hptm8227.jpg,0.6832,YES
hptm8228.jpg,0.6907,YES
hptm8229.jpg,0.6961,YES
hptm823.jpg,0.6744,YES
hptm8230.jpg,0.7185,YES
hptm8231.jpg,0.7428,YES
hptm8233.jpg,0.6065,YES
hptm8232.jpg,0.6597,YES
hptm8235.jpg,0.7116,YES
hptm8236.jpg,0.5364,NO
hptm8237.jpg,0.5264,NO
hptm8238.jpg,0.7338,YES
hptm8239.jpg,0.6286,YES
hptm824.jpg,0.7646,YES
hptm8241.jpg,0.7178,YES
hptm8242.jpg,0.7689,YES
hptm8243.jpg,0.7116,YES
hptm8244.jpg,0.7299,YES
hptm8246.jpg,0.7803,YES
hptm8247.jpg,0.7730,YES
hptm8248.jpg,0.2615,NO
hptm8249.jpg,0.5269,NO
hptm825.jpg,0.6282,YES
hptm8250.jpg,0.7749,YES
hptm8251.jpg,0.7361,YES
hptm8252.jpg,0.7480,YES
hptm8253.jpg,0.7892,YES
hptm8254.jpg,0.7289,YES
hptm8255.jpg,0.7889,YES
hptm8256.jpg,0.6917,YES
hptm8258.jpg,0.6900,YES
hptm8257.jpg,0.7045,YES
hptm8259.jpg,0.7013,YES
hptm826.jpg,0.6265,YES
hptm8260.jpg,0.1747,NO
hptm8262.jpg,0.7141,YES
hptm8263.jpg,0.7090,YES
hptm8265.jpg,0.7546,YES
hptm8267.jpg,0.8079,YES
hptm8266.jpg,0.7099,YES
hptm8268.jpg,0.7656,YES
hptm8269.jpg,0.7752,YES
hptm827.jpg,0.6135,YES
hptm8272.jpg,0.7895,YES
hptm8273.jpg,0.7787,YES
hptm8274.jpg,0.7349,YES
hptm8275.jpg,0.7430,YES
hptm8277.jpg,0.6901,YES
hptm8278.jpg,0.6415,YES
hptm8279.jpg,0.6255,YES
hptm828.jpg,0.5967,NO
hptm8281.jpg,0.6976,YES
hptm8280.jpg,0.7013,YES
hptm8282.jpg,0.5448,NO
hptm8283.jpg,0.6443,YES
hptm8284.jpg,0.6764,YES
hptm8285.jpg,0.6715,YES
hptm8286.jpg,0.6608,YES
hptm8287.jpg,0.6262,YES
hptm8289.jpg,0.6445,YES
hptm829.jpg,0.6786,YES
hptm8291.jpg,0.6222,YES
hptm8292.jpg,0.6291,YES
hptm8293.jpg,0.5462,NO
hptm8294.jpg,0.5758,NO
hptm8295.jpg,0.6045,YES
hptm8296.jpg,0.6746,YES
hptm8297.jpg,0.5004,NO
hptm8298.jpg,0.7098,YES
hptm8299.jpg,0.6163,YES
hptm83.jpg,0.5960,NO
hptm830.jpg,0.5711,NO
hptm8300.jpg,0.5012,NO
hptm8301.jpg,0.5895,NO
hptm8302.jpg,0.6143,YES
hptm8303.jpg,0.6997,YES
hptm8304.jpg,0.4485,NO
hptm8306.jpg,0.5457,NO
hptm8307.jpg,0.5842,NO
hptm8308.jpg,0.5352,NO
hptm831.jpg,0.1117,NO
hptm8310.jpg,0.6037,YES
hptm8311.jpg,0.6109,YES
hptm8312.jpg,0.6122,YES
hptm8313.jpg,0.7236,YES
hptm8314.jpg,0.7760,YES
hptm8315.jpg,0.2545,NO
hptm8316.jpg,0.7395,YES
hptm8317.jpg,0.7374,YES
hptm8318.jpg,0.7524,YES
hptm8319.jpg,0.6139,YES
hptm832.jpg,0.6680,YES
hptm8320.jpg,0.6023,YES
hptm8321.jpg,0.6316,YES
hptm8322.jpg,0.6261,YES
hptm8323.jpg,0.7428,YES
hptm8324.jpg,0.6510,YES
hptm8325.jpg,0.5981,NO
hptm8326.jpg,0.5321,NO
hptm8327.jpg,0.5582,NO
hptm8328.jpg,0.5659,NO
hptm8329.jpg,0.6412,YES
hptm8330.jpg,0.6476,YES
hptm8331.jpg,0.6144,YES
hptm8332.jpg,0.6898,YES
hptm8333.jpg,0.4910,NO
hptm8334.jpg,0.3585,NO
hptm8335.jpg,0.3790,NO
hptm8336.jpg,0.5019,NO
hptm8337.jpg,0.5550,NO
hptm8339.jpg,0.3638,NO
hptm834.jpg,0.4569,NO
hptm8340.jpg,0.5056,NO
hptm8342.jpg,0.3913,NO
hptm8341.jpg,0.4747,NO
hptm8343.jpg,0.5278,NO
hptm8344.jpg,0.4763,NO
hptm8345.jpg,0.4219,NO
hptm8348.jpg,0.4781,NO
hptm8346.jpg,0.5623,NO
hptm8349.jpg,0.7263,YES
hptm835.jpg,0.7970,YES
hptm8350.jpg,0.5586,NO
hptm8351.jpg,0.6179,YES
hptm8352.jpg,0.6239,YES
hptm8353.jpg,0.6403,YES
hptm8354.jpg,0.6233,YES
hptm8355.jpg,0.6291,YES
hptm8356.jpg,0.5753,NO
hptm8357.jpg,0.5215,NO
hptm8358.jpg,0.5887,NO
hptm8359.jpg,0.2507,NO
hptm836.jpg,0.6177,YES
hptm8360.jpg,0.5600,NO
hptm8362.jpg,0.5548,NO
hptm8363.jpg,0.5958,NO
hptm8364.jpg,0.5194,NO
hptm8366.jpg,0.3721,NO
hptm8365.jpg,0.3988,NO
hptm8367.jpg,0.3721,NO
hptm8369.jpg,0.4541,NO
hptm8370.jpg,0.4019,NO
hptm8371.jpg,0.4821,NO
hptm8373.jpg,0.4095,NO
hptm8374.jpg,0.4460,NO
hptm8375.jpg,0.4971,NO
hptm8376.jpg,0.7031,YES
hptm8377.jpg,0.5431,NO
hptm8378.jpg,0.5180,NO
hptm8379.jpg,0.4411,NO
hptm838.jpg,0.6495,YES
hptm8380.jpg,0.5406,NO
hptm8381.jpg,0.5911,NO
hptm8383.jpg,0.4391,NO
hptm8385.jpg,0.4998,NO
hptm8386.jpg,0.4972,NO
hptm8387.jpg,0.4059,NO
hptm8388.jpg,0.4572,NO
hptm839.jpg,0.6680,YES
hptm8389.jpg,0.5670,NO
hptm8390.jpg,0.3390,NO
hptm8391.jpg,0.5658,NO
hptm8392.jpg,0.6958,YES
hptm8393.jpg,0.5433,NO
hptm8394.jpg,0.4729,NO
hptm8395.jpg,0.7586,YES
hptm8396.jpg,0.6434,YES
hptm8397.jpg,0.7869,YES
hptm8398.jpg,0.7075,YES
hptm840.jpg,0.5776,NO
hptm8399.jpg,0.7404,YES
hptm8400.jpg,0.6733,YES
hptm8401.jpg,0.6765,YES
hptm8402.jpg,0.6385,YES
hptm8403.jpg,0.5053,NO
hptm8405.jpg,0.5466,NO
hptm8406.jpg,0.5541,NO
hptm8407.jpg,0.6312,YES
hptm8408.jpg,0.5835,NO
hptm8409.jpg,0.5660,NO
hptm841.jpg,0.6719,YES
hptm8411.jpg,0.6020,YES
hptm8412.jpg,0.6207,YES
hptm8415.jpg,0.4749,NO
hptm8414.jpg,0.7037,YES
hptm8416.jpg,0.5246,NO
hptm8417.jpg,0.6274,YES
hptm8418.jpg,0.6009,YES
hptm8419.jpg,0.6870,YES
hptm8420.jpg,0.6888,YES
hptm842.jpg,0.5299,NO
hptm8421.jpg,0.7113,YES
hptm8422.jpg,0.5396,NO
hptm8423.jpg,0.6267,YES
hptm8424.jpg,0.6210,YES
hptm8425.jpg,0.5012,NO
hptm8426.jpg,0.6672,YES
hptm8428.jpg,0.6859,YES
hptm8427.jpg,0.0393,NO
hptm8429.jpg,0.6850,YES
hptm843.jpg,0.6078,YES
hptm8430.jpg,0.7100,YES
hptm8431.jpg,0.6965,YES
hptm8432.jpg,0.6666,YES
hptm8433.jpg,0.6840,YES
hptm8434.jpg,0.6710,YES
hptm8435.jpg,0.7404,YES
hptm8436.jpg,0.6154,YES
hptm8437.jpg,0.4538,NO
hptm8438.jpg,0.6880,YES
hptm8439.jpg,0.6820,YES
hptm844.jpg,0.3352,NO
hptm8441.jpg,0.5068,NO
hptm8442.jpg,0.5288,NO
hptm8443.jpg,0.6755,YES
hptm8444.jpg,0.4152,NO
hptm8446.jpg,0.6274,YES
hptm8449.jpg,0.6668,YES
hptm8445.jpg,0.6087,YES
hptm845.jpg,0.6308,YES
hptm8450.jpg,0.5391,NO
hptm8451.jpg,0.6586,YES
hptm8452.jpg,0.7711,YES
hptm8454.jpg,0.6264,YES
hptm8453.jpg,0.7757,YES
hptm8455.jpg,0.6589,YES
hptm8456.jpg,0.5863,NO
hptm8458.jpg,0.5845,NO
hptm8457.jpg,0.6234,YES
hptm8459.jpg,0.4248,NO
hptm8460.jpg,0.6750,YES
hptm8462.jpg,0.6099,YES
hptm8463.jpg,0.6383,YES
hptm8464.jpg,0.5878,NO
hptm8465.jpg,0.5802,NO
hptm8466.jpg,0.6323,YES
hptm8467.jpg,0.5753,NO
hptm8468.jpg,0.5852,NO
hptm8469.jpg,0.5299,NO
hptm847.jpg,0.6201,YES
hptm8471.jpg,0.4793,NO
hptm8472.jpg,0.6212,YES
hptm8473.jpg,0.6245,YES
hptm8474.jpg,0.4723,NO
hptm8476.jpg,0.5249,NO
hptm8478.jpg,0.5954,NO
hptm8477.jpg,0.5714,NO
hptm848.jpg,0.6041,YES
hptm8479.jpg,0.5234,NO
hptm8480.jpg,0.5890,NO
hptm8482.jpg,0.5184,NO
hptm8481.jpg,0.6483,YES
hptm8484.jpg,0.7721,YES
hptm8485.jpg,0.7096,YES
hptm8486.jpg,0.2012,NO
hptm8487.jpg,0.6009,YES
hptm8488.jpg,0.6953,YES
hptm8489.jpg,0.6777,YES
hptm849.jpg,0.5663,NO
hptm8491.jpg,0.6873,YES
hptm8490.jpg,0.5235,NO
hptm8492.jpg,0.7374,YES
hptm8494.jpg,0.7381,YES
hptm8495.jpg,0.6939,YES
hptm8497.jpg,0.6332,YES
hptm8499.jpg,0.4640,NO
hptm8498.jpg,0.5977,NO
hptm850.jpg,0.5929,NO
hptm8500.jpg,0.5276,NO
hptm8501.jpg,0.5949,NO
hptm8502.jpg,0.4959,NO
hptm8503.jpg,0.4651,NO
hptm8504.jpg,0.6012,YES
hptm8505.jpg,0.5140,NO
hptm8506.jpg,0.6022,YES
hptm8507.jpg,0.5415,NO
hptm8508.jpg,0.6940,YES
hptm8509.jpg,0.7418,YES
hptm851.jpg,0.5291,NO
hptm8510.jpg,0.6890,YES
hptm8511.jpg,0.6129,YES
hptm8513.jpg,0.5547,NO
hptm8512.jpg,0.5939,NO
hptm8514.jpg,0.6013,YES
hptm8515.jpg,0.5722,NO
hptm8516.jpg,0.6489,YES
hptm8518.jpg,0.7349,YES
hptm8517.jpg,0.7721,YES
hptm8519.jpg,0.7420,YES
hptm852.jpg,0.6173,YES
hptm8521.jpg,0.7197,YES
hptm8520.jpg,0.7280,YES
hptm8522.jpg,0.7263,YES
hptm8523.jpg,0.7313,YES
hptm8524.jpg,0.7098,YES
hptm8526.jpg,0.5247,NO
hptm8525.jpg,0.7497,YES
hptm8527.jpg,0.6666,YES
hptm8528.jpg,0.6529,YES
hptm8529.jpg,0.6811,YES
hptm853.jpg,0.4740,NO
hptm8530.jpg,0.5935,NO
hptm8531.jpg,0.5475,NO
hptm8532.jpg,0.5637,NO
hptm8533.jpg,0.7046,YES
hptm8534.jpg,0.6078,YES
hptm8535.jpg,0.7009,YES
hptm8536.jpg,0.6722,YES
hptm8537.jpg,0.6304,YES
hptm8539.jpg,0.6685,YES
hptm8540.jpg,0.5511,NO
hptm8541.jpg,0.6179,YES
hptm8542.jpg,0.5962,NO
hptm8543.jpg,0.4914,NO
hptm8544.jpg,0.7836,YES
hptm8545.jpg,0.6447,YES
hptm8546.jpg,0.6894,YES
hptm8547.jpg,0.7901,YES
hptm8548.jpg,0.5754,NO
hptm8549.jpg,0.7727,YES
hptm855.jpg,0.3191,NO
hptm8550.jpg,0.6934,YES
hptm8551.jpg,0.6474,YES
hptm8552.jpg,0.6209,YES
hptm8553.jpg,0.5741,NO
hptm8555.jpg,0.6027,YES
hptm8557.jpg,0.7173,YES
hptm8558.jpg,0.5478,NO
hptm8559.jpg,0.5441,NO
hptm8560.jpg,0.4360,NO
hptm8561.jpg,0.3416,NO
hptm8562.jpg,0.6455,YES
hptm8563.jpg,0.6222,YES
hptm8564.jpg,0.6910,YES
hptm8565.jpg,0.6522,YES
hptm8566.jpg,0.5835,NO
hptm8567.jpg,0.4941,NO
hptm8568.jpg,0.6243,YES
hptm8569.jpg,0.5452,NO
hptm857.jpg,0.7619,YES
hptm8570.jpg,0.5980,NO
hptm8571.jpg,0.5226,NO
hptm8572.jpg,0.5009,NO
hptm8574.jpg,0.5180,NO
hptm8575.jpg,0.6943,YES
hptm8577.jpg,0.5033,NO
hptm8576.jpg,0.6302,YES
hptm8578.jpg,0.5053,NO
hptm8579.jpg,0.5469,NO
hptm8580.jpg,0.5473,NO
hptm858.jpg,0.3167,NO
hptm8582.jpg,0.4470,NO
hptm8583.jpg,0.6683,YES
hptm8584.jpg,0.6310,YES
hptm8585.jpg,0.5455,NO
hptm8588.jpg,0.7760,YES
hptm8589.jpg,0.7403,YES
hptm859.jpg,0.2784,NO
hptm8590.jpg,0.7370,YES
hptm8592.jpg,0.5593,NO
hptm8593.jpg,0.5785,NO
hptm8594.jpg,0.7581,YES
hptm8595.jpg,0.7083,YES
hptm8596.jpg,0.6772,YES
hptm8597.jpg,0.7248,YES
hptm8598.jpg,0.5288,NO
hptm8599.jpg,0.5847,NO
hptm86.jpg,0.3131,NO
hptm860.jpg,0.4057,NO
hptm8600.jpg,0.6420,YES
hptm8601.jpg,0.7249,YES
hptm8602.jpg,0.7137,YES
hptm8603.jpg,0.5654,NO
hptm8604.jpg,0.6461,YES
hptm8605.jpg,0.6854,YES
hptm8606.jpg,0.7465,YES
hptm8607.jpg,0.7012,YES
hptm861.jpg,0.3629,NO
hptm8610.jpg,0.5713,NO
hptm8611.jpg,0.6706,YES
hptm8612.jpg,0.6702,YES
hptm8613.jpg,0.7244,YES
hptm8614.jpg,0.6069,YES
hptm8615.jpg,0.7214,YES
hptm8616.jpg,0.7045,YES
hptm8618.jpg,0.6355,YES
hptm8619.jpg,0.6504,YES
hptm8617.jpg,0.6960,YES
hptm862.jpg,0.4233,NO
hptm8621.jpg,0.5374,NO
hptm8622.jpg,0.5391,NO
hptm8623.jpg,0.4751,NO
hptm8624.jpg,0.5597,NO
hptm8625.jpg,0.5927,NO
hptm8626.jpg,0.7379,YES
hptm8627.jpg,0.6663,YES
hptm8628.jpg,0.4703,NO
hptm8629.jpg,0.3936,NO
hptm863.jpg,0.5233,NO
hptm8631.jpg,0.2745,NO
hptm8632.jpg,0.3143,NO
hptm8633.jpg,0.3247,NO
hptm8634.jpg,0.4523,NO
hptm8635.jpg,0.5982,NO
hptm8637.jpg,0.6915,YES
hptm8638.jpg,0.6433,YES
hptm8639.jpg,0.5854,NO
hptm8640.jpg,0.7365,YES
hptm8641.jpg,0.6477,YES
hptm8643.jpg,0.7064,YES
hptm8642.jpg,0.7362,YES
hptm8644.jpg,0.6671,YES
hptm8645.jpg,0.7091,YES
hptm8646.jpg,0.7439,YES
hptm8647.jpg,0.7143,YES
hptm8648.jpg,0.3211,NO
hptm8649.jpg,0.6419,YES
hptm865.jpg,0.2249,NO
hptm8650.jpg,0.7497,YES
hptm8651.jpg,0.5968,NO
hptm8652.jpg,0.7451,YES
hptm8653.jpg,0.6392,YES
hptm8654.jpg,0.5951,NO
hptm8655.jpg,0.4648,NO
hptm8656.jpg,0.4430,NO
hptm8657.jpg,0.5942,NO
hptm8658.jpg,0.6337,YES
hptm866.jpg,0.1023,NO
hptm8660.jpg,0.6560,YES
hptm8661.jpg,0.6534,YES
hptm8662.jpg,0.5804,NO
hptm8663.jpg,0.6116,YES
hptm8664.jpg,0.6000,YES
hptm8665.jpg,0.5646,NO
hptm8667.jpg,0.4761,NO
hptm8668.jpg,0.4902,NO
hptm8669.jpg,0.4822,NO
hptm8671.jpg,0.4103,NO
hptm867.jpg,0.0114,NO
hptm8672.jpg,0.3981,NO
hptm8674.jpg,0.5246,NO
hptm8675.jpg,0.6615,YES
hptm8676.jpg,0.6857,YES
hptm8677.jpg,0.7269,YES
hptm8678.jpg,0.7490,YES
hptm8679.jpg,0.6968,YES
hptm868.jpg,0.7831,YES
hptm8680.jpg,0.7521,YES
hptm8682.jpg,0.5571,NO
hptm8684.jpg,0.5058,NO
hptm8685.jpg,0.5379,NO
hptm8686.jpg,0.5684,NO
hptm8687.jpg,0.5547,NO
hptm8688.jpg,0.4845,NO
hptm8689.jpg,0.5041,NO
hptm869.jpg,0.5954,NO
hptm8690.jpg,0.4344,NO
hptm8691.jpg,0.3365,NO
hptm8692.jpg,0.3857,NO
hptm8695.jpg,0.4298,NO
hptm8693.jpg,0.7405,YES
hptm8697.jpg,0.2907,NO
hptm8698.jpg,0.3389,NO
hptm8699.jpg,0.6663,YES
hptm87.jpg,0.2977,NO
hptm870.jpg,0.5953,NO
hptm8700.jpg,0.5269,NO
hptm8701.jpg,0.5824,NO
hptm8702.jpg,0.7463,YES
hptm8703.jpg,0.7563,YES
hptm8704.jpg,0.6513,YES
hptm8705.jpg,0.5168,NO
hptm8708.jpg,0.7088,YES
hptm8709.jpg,0.7309,YES
hptm871.jpg,0.1056,NO
hptm8710.jpg,0.7619,YES
hptm8711.jpg,0.7269,YES
hptm8712.jpg,0.5810,NO
hptm8713.jpg,0.7234,YES
hptm8714.jpg,0.6140,YES
hptm8717.jpg,0.7095,YES
hptm8718.jpg,0.7711,YES
hptm8719.jpg,0.7161,YES
hptm872.jpg,0.3573,NO
hptm8720.jpg,0.6299,YES
hptm8722.jpg,0.6649,YES
hptm8721.jpg,0.6846,YES
hptm8724.jpg,0.6237,YES
hptm8725.jpg,0.7102,YES
hptm8726.jpg,0.6737,YES
hptm8727.jpg,0.6240,YES
hptm8728.jpg,0.6383,YES
hptm8729.jpg,0.7151,YES
hptm873.jpg,0.3757,NO
hptm8730.jpg,0.7441,YES
hptm8731.jpg,0.7267,YES
hptm8732.jpg,0.7062,YES
hptm8733.jpg,0.7473,YES
hptm8735.jpg,0.5974,NO
hptm8736.jpg,0.6050,YES
hptm8737.jpg,0.5916,NO
hptm8738.jpg,0.6421,YES
hptm8739.jpg,0.6906,YES
hptm874.jpg,0.3825,NO
hptm8740.jpg,0.5810,NO
hptm8741.jpg,0.5196,NO
hptm8742.jpg,0.5880,NO
hptm8743.jpg,0.5687,NO
hptm8744.jpg,0.5647,NO
hptm8745.jpg,0.5897,NO
hptm8747.jpg,0.6805,YES
hptm8748.jpg,0.7005,YES
hptm8749.jpg,0.6050,YES
hptm8750.jpg,0.7568,YES
hptm8751.jpg,0.6930,YES
hptm8752.jpg,0.7858,YES
hptm8753.jpg,0.7312,YES
hptm8754.jpg,0.7566,YES
hptm8755.jpg,0.7655,YES
hptm8756.jpg,0.7494,YES
hptm8757.jpg,0.7749,YES
hptm8759.jpg,0.7741,YES
hptm8760.jpg,0.5364,NO
hptm8761.jpg,0.7807,YES
hptm8762.jpg,0.8071,YES
hptm8763.jpg,0.7663,YES
hptm8764.jpg,0.7779,YES
hptm8765.jpg,0.7738,YES
hptm8766.jpg,0.7428,YES
hptm8767.jpg,0.7398,YES
hptm8768.jpg,0.7893,YES
hptm8769.jpg,0.7453,YES
hptm8770.jpg,0.7207,YES
hptm8771.jpg,0.5900,NO
hptm8772.jpg,0.7850,YES
hptm8773.jpg,0.7727,YES
hptm8774.jpg,0.8029,YES
hptm8775.jpg,0.7016,YES
hptm8776.jpg,0.7173,YES
hptm8777.jpg,0.7928,YES
hptm8778.jpg,0.7901,YES
hptm8779.jpg,0.6541,YES
hptm878.jpg,0.6547,YES
hptm8780.jpg,0.6286,YES
hptm8781.jpg,0.6956,YES
hptm8783.jpg,0.7178,YES
hptm8784.jpg,0.7055,YES
hptm8785.jpg,0.7698,YES
hptm8786.jpg,0.7046,YES
hptm8787.jpg,0.7921,YES
hptm8788.jpg,0.6153,YES
hptm8789.jpg,0.7756,YES
hptm879.jpg,0.7559,YES
hptm8790.jpg,0.7513,YES
hptm8791.jpg,0.6816,YES
hptm8793.jpg,0.6823,YES
hptm8794.jpg,0.7195,YES
hptm8795.jpg,0.6972,YES
hptm8796.jpg,0.7406,YES
hptm8797.jpg,0.7775,YES
hptm8798.jpg,0.7619,YES
hptm8799.jpg,0.7812,YES
hptm8800.jpg,0.7717,YES
hptm8801.jpg,0.7492,YES
hptm8802.jpg,0.7744,YES
hptm8803.jpg,0.7800,YES
hptm8804.jpg,0.5537,NO
hptm8805.jpg,0.6753,YES
hptm8806.jpg,0.7292,YES
hptm8807.jpg,0.7827,YES
hptm8808.jpg,0.7522,YES
hptm8809.jpg,0.7826,YES
hptm8811.jpg,0.6015,YES
hptm8812.jpg,0.7615,YES
hptm8813.jpg,0.6549,YES
hptm8814.jpg,0.1156,NO
hptm8816.jpg,0.6919,YES
hptm8817.jpg,0.4514,NO
hptm8818.jpg,0.6618,YES
hptm882.jpg,0.5622,NO
hptm8819.jpg,0.5879,NO
hptm8820.jpg,0.7555,YES
hptm8821.jpg,0.6754,YES
hptm8822.jpg,0.7470,YES
hptm8824.jpg,0.7497,YES
hptm8823.jpg,0.6512,YES
hptm8825.jpg,0.7658,YES
hptm8826.jpg,0.7285,YES
hptm8828.jpg,0.7169,YES
hptm8827.jpg,0.8011,YES
hptm8829.jpg,0.7399,YES
hptm883.jpg,0.5207,NO
hptm8831.jpg,0.6839,YES
hptm8830.jpg,0.7468,YES
hptm8832.jpg,0.6360,YES
hptm8834.jpg,0.6895,YES
hptm8835.jpg,0.5866,NO
hptm8836.jpg,0.5827,NO
hptm8837.jpg,0.3878,NO
hptm8839.jpg,0.5323,NO
hptm8840.jpg,0.7076,YES
hptm884.jpg,0.4460,NO
hptm8841.jpg,0.5286,NO
hptm8842.jpg,0.4785,NO
hptm8845.jpg,0.7401,YES
hptm8847.jpg,0.7653,YES
hptm8848.jpg,0.6205,YES
hptm8849.jpg,0.6629,YES
hptm885.jpg,0.5433,NO
hptm8850.jpg,0.6972,YES
hptm8851.jpg,0.6889,YES
hptm8852.jpg,0.6767,YES
hptm8853.jpg,0.6761,YES
hptm8855.jpg,0.6052,YES
hptm8856.jpg,0.6672,YES
hptm8857.jpg,0.6944,YES
hptm8858.jpg,0.7233,YES
hptm8859.jpg,0.6948,YES
hptm8862.jpg,0.7004,YES
hptm8863.jpg,0.7219,YES
hptm8864.jpg,0.7128,YES
hptm8866.jpg,0.6947,YES
hptm8867.jpg,0.7495,YES
hptm8868.jpg,0.7341,YES
hptm8869.jpg,0.8000,YES
hptm887.jpg,0.5023,NO
hptm8870.jpg,0.6757,YES
hptm8871.jpg,0.6115,YES
hptm8873.jpg,0.6545,YES
hptm8874.jpg,0.7274,YES
hptm8875.jpg,0.6235,YES
hptm8876.jpg,0.5494,NO
hptm8877.jpg,0.6640,YES
hptm8878.jpg,0.7599,YES
hptm8879.jpg,0.6428,YES
hptm888.jpg,0.6407,YES
hptm8880.jpg,0.6461,YES
hptm8881.jpg,0.7182,YES
hptm8883.jpg,0.6958,YES
hptm8884.jpg,0.7136,YES
hptm8885.jpg,0.6995,YES
hptm8886.jpg,0.4605,NO
hptm8888.jpg,0.5559,NO
hptm8887.jpg,0.4320,NO
hptm8890.jpg,0.4311,NO
hptm8893.jpg,0.7666,YES
hptm8895.jpg,0.4441,NO
hptm8897.jpg,0.6040,YES
hptm8898.jpg,0.6738,YES
hptm890.jpg,0.7469,YES
hptm8900.jpg,0.6243,YES
hptm8901.jpg,0.5503,NO
hptm8902.jpg,0.5688,NO
hptm8904.jpg,0.7830,YES
hptm8903.jpg,0.6298,YES
hptm8905.jpg,0.6685,YES
hptm8907.jpg,0.6813,YES
hptm8908.jpg,0.6777,YES
hptm891.jpg,0.7721,YES
hptm8909.jpg,0.7144,YES
hptm8910.jpg,0.6705,YES
hptm8911.jpg,0.7653,YES
hptm8912.jpg,0.7441,YES
hptm8913.jpg,0.7363,YES
hptm8914.jpg,0.6583,YES
hptm8915.jpg,0.3823,NO
hptm8917.jpg,0.6579,YES
hptm8916.jpg,0.7943,YES
hptm8918.jpg,0.4938,NO
hptm892.jpg,0.6894,YES
hptm8920.jpg,0.6711,YES
hptm8921.jpg,0.6809,YES
hptm8923.jpg,0.6622,YES
hptm8924.jpg,0.6729,YES
hptm8925.jpg,0.6607,YES
hptm8926.jpg,0.7044,YES
hptm8927.jpg,0.2727,NO
hptm8928.jpg,0.6541,YES
hptm8929.jpg,0.6144,YES
hptm893.jpg,0.4649,NO
hptm8930.jpg,0.5107,NO
hptm8931.jpg,0.5352,NO
hptm8934.jpg,0.3379,NO
hptm8932.jpg,0.4889,NO
hptm8935.jpg,0.4135,NO
hptm8936.jpg,0.5159,NO
hptm8937.jpg,0.6905,YES
hptm8938.jpg,0.2411,NO
hptm8939.jpg,0.6747,YES
hptm894.jpg,0.4434,NO
hptm8941.jpg,0.7044,YES
hptm8942.jpg,0.7079,YES
hptm8943.jpg,0.6509,YES
hptm8944.jpg,0.7018,YES
hptm8945.jpg,0.6707,YES
hptm8946.jpg,0.6448,YES
hptm8947.jpg,0.7054,YES
hptm8948.jpg,0.6017,YES
hptm8949.jpg,0.2125,NO
hptm8950.jpg,0.6381,YES
hptm895.jpg,0.7694,YES
hptm8951.jpg,0.7149,YES
hptm8952.jpg,0.7032,YES
hptm8953.jpg,0.5325,NO
hptm8954.jpg,0.6758,YES
hptm8955.jpg,0.5889,NO
hptm8956.jpg,0.5927,NO
hptm8957.jpg,0.6528,YES
hptm8958.jpg,0.5334,NO
hptm8959.jpg,0.5029,NO
hptm8960.jpg,0.2424,NO
hptm8961.jpg,0.5834,NO
hptm896.jpg,0.0655,NO
hptm8962.jpg,0.6318,YES
hptm8963.jpg,0.6597,YES
hptm8965.jpg,0.6911,YES
hptm8966.jpg,0.7424,YES
hptm8967.jpg,0.5773,NO
hptm8964.jpg,0.6846,YES
hptm897.jpg,0.6737,YES
hptm8975.jpg,0.5093,NO
hptm8968.jpg,0.4324,NO
hptm8976.jpg,0.3063,NO
hptm8977.jpg,0.3275,NO
hptm8978.jpg,0.4635,NO
hptm8979.jpg,0.3808,NO
hptm898.jpg,0.5179,NO
hptm8980.jpg,0.4684,NO
hptm8981.jpg,0.5094,NO
hptm8982.jpg,0.4832,NO
hptm8983.jpg,0.6287,YES
hptm8984.jpg,0.6954,YES
hptm8985.jpg,0.4841,NO
hptm8986.jpg,0.4642,NO
hptm8987.jpg,0.6351,YES
hptm8988.jpg,0.7154,YES
hptm8989.jpg,0.7992,YES
hptm899.jpg,0.5806,NO
hptm8990.jpg,0.8015,YES
hptm8991.jpg,0.7399,YES
hptm8992.jpg,0.7142,YES
hptm8993.jpg,0.6598,YES
hptm8994.jpg,0.7810,YES
hptm8997.jpg,0.7875,YES
hptm8996.jpg,0.7137,YES
hptm8995.jpg,0.7619,YES
hptm8998.jpg,0.7669,YES
hptm8999.jpg,0.7953,YES
hptm900.jpg,0.6389,YES
hptm9001.jpg,0.7390,YES
hptm90.jpg,0.5630,NO
hptm9002.jpg,0.7038,YES
hptm9003.jpg,0.6871,YES
hptm9004.jpg,0.6405,YES
hptm9005.jpg,0.6454,YES
hptm9007.jpg,0.6758,YES
hptm9009.jpg,0.6168,YES
hptm9010.jpg,0.5195,NO
hptm901.jpg,0.3693,NO
hptm9011.jpg,0.4496,NO
hptm9012.jpg,0.6857,YES
hptm9015.jpg,0.6865,YES
hptm9014.jpg,0.7733,YES
hptm9016.jpg,0.7552,YES
hptm9017.jpg,0.6645,YES
hptm9018.jpg,0.6308,YES
hptm9019.jpg,0.5378,NO
hptm9020.jpg,0.6742,YES
hptm9021.jpg,0.6237,YES
hptm9023.jpg,0.6339,YES
hptm9024.jpg,0.6329,YES
hptm9025.jpg,0.4569,NO
hptm9027.jpg,0.6991,YES
hptm9028.jpg,0.4441,NO
hptm903.jpg,0.4781,NO
hptm9030.jpg,0.7434,YES
hptm9031.jpg,0.7211,YES
hptm9032.jpg,0.7524,YES
hptm9034.jpg,0.7941,YES
hptm9033.jpg,0.7492,YES
hptm9035.jpg,0.7458,YES
hptm9036.jpg,0.7162,YES
hptm9037.jpg,0.7185,YES
hptm9038.jpg,0.6644,YES
hptm9039.jpg,0.7036,YES
hptm904.jpg,0.5578,NO
hptm9040.jpg,0.7538,YES
hptm9041.jpg,0.7373,YES
hptm9042.jpg,0.7264,YES
hptm9043.jpg,0.7970,YES
hptm9044.jpg,0.6950,YES
hptm9046.jpg,0.7179,YES
hptm9047.jpg,0.5893,NO
hptm9048.jpg,0.6365,YES
hptm9049.jpg,0.3825,NO
hptm9050.jpg,0.5965,NO
hptm9051.jpg,0.6562,YES
hptm9052.jpg,0.6592,YES
hptm9053.jpg,0.6559,YES
hptm9054.jpg,0.6992,YES
hptm9055.jpg,0.7002,YES
hptm9056.jpg,0.5727,NO
hptm9059.jpg,0.6705,YES
hptm9060.jpg,0.6881,YES
hptm9061.jpg,0.6675,YES
hptm9062.jpg,0.4101,NO
hptm9064.jpg,0.3920,NO
hptm9065.jpg,0.6887,YES
hptm9066.jpg,0.7333,YES
hptm9067.jpg,0.5997,NO
hptm9068.jpg,0.6879,YES
hptm9069.jpg,0.7380,YES
hptm9070.jpg,0.7499,YES
hptm9071.jpg,0.7554,YES
hptm9073.jpg,0.7546,YES
hptm9074.jpg,0.5613,NO
hptm9076.jpg,0.7544,YES
hptm9077.jpg,0.7174,YES
hptm9078.jpg,0.7645,YES
hptm908.jpg,0.6375,YES
hptm9079.jpg,0.7843,YES
hptm9080.jpg,0.7503,YES
hptm9081.jpg,0.7872,YES
hptm9084.jpg,0.7852,YES
hptm9085.jpg,0.7358,YES
hptm9086.jpg,0.8035,YES
hptm9089.jpg,0.7524,YES
hptm909.jpg,0.4474,NO
hptm9090.jpg,0.7576,YES
hptm9091.jpg,0.7632,YES
hptm9092.jpg,0.7553,YES
hptm9093.jpg,0.7926,YES
hptm9094.jpg,0.7568,YES
hptm9095.jpg,0.7770,YES
hptm9096.jpg,0.7346,YES
hptm9098.jpg,0.7673,YES
hptm9099.jpg,0.7640,YES
hptm910.jpg,0.3942,NO
hptm9100.jpg,0.7397,YES
hptm9101.jpg,0.7055,YES
hptm9102.jpg,0.5943,NO
hptm9104.jpg,0.4565,NO
hptm9103.jpg,0.5613,NO
hptm9105.jpg,0.3259,NO
hptm9106.jpg,0.4370,NO
hptm9107.jpg,0.6241,YES
hptm9109.jpg,0.5773,NO
hptm911.jpg,0.6899,YES
hptm9110.jpg,0.5752,NO
hptm9111.jpg,0.6827,YES
hptm9113.jpg,0.4754,NO
hptm9114.jpg,0.4544,NO
hptm9115.jpg,0.3076,NO
hptm9116.jpg,0.3449,NO
hptm9117.jpg,0.3475,NO
hptm9118.jpg,0.3132,NO
hptm912.jpg,0.6755,YES
hptm9120.jpg,0.2057,NO
hptm9121.jpg,0.1969,NO
hptm9122.jpg,0.2539,NO
hptm9124.jpg,0.5512,NO
hptm9125.jpg,0.0978,NO
hptm9126.jpg,0.6242,YES
hptm9127.jpg,0.6166,YES
hptm9129.jpg,0.3658,NO
hptm9128.jpg,0.6730,YES
hptm913.jpg,0.5826,NO
hptm9130.jpg,0.3275,NO
hptm9132.jpg,0.7516,YES
hptm9133.jpg,0.8003,YES
hptm9134.jpg,0.8001,YES
hptm9135.jpg,0.7471,YES
hptm9136.jpg,0.7763,YES
hptm9137.jpg,0.7666,YES
hptm9138.jpg,0.7786,YES
hptm9139.jpg,0.7289,YES
hptm914.jpg,0.5529,NO
hptm9140.jpg,0.7017,YES
hptm9141.jpg,0.4682,NO
hptm9142.jpg,0.6948,YES
hptm9143.jpg,0.2600,NO
hptm9144.jpg,0.6541,YES
hptm9145.jpg,0.2616,NO
hptm9146.jpg,0.6738,YES
hptm9147.jpg,0.6772,YES
hptm9149.jpg,0.6446,YES
hptm915.jpg,0.5871,NO
hptm9150.jpg,0.7480,YES
hptm9151.jpg,0.2648,NO
hptm9152.jpg,0.3331,NO
hptm9153.jpg,0.2253,NO
hptm9154.jpg,0.6355,YES
hptm9155.jpg,0.3879,NO
hptm9156.jpg,0.3765,NO
hptm9157.jpg,0.6341,YES
hptm9158.jpg,0.4016,NO
hptm9159.jpg,0.3146,NO
hptm9160.jpg,0.6757,YES
hptm916.jpg,0.7228,YES
hptm9161.jpg,0.3673,NO
hptm9162.jpg,0.4984,NO
hptm9163.jpg,0.2983,NO
hptm9164.jpg,0.5566,NO
hptm9165.jpg,0.4586,NO
hptm9166.jpg,0.5364,NO
hptm9167.jpg,0.6422,YES
hptm9168.jpg,0.5158,NO
hptm9169.jpg,0.5268,NO
hptm9170.jpg,0.7356,YES
hptm917.jpg,0.7815,YES
hptm9171.jpg,0.7694,YES
hptm9172.jpg,0.6387,YES
hptm9173.jpg,0.6817,YES
hptm9174.jpg,0.2885,NO
hptm9175.jpg,0.7378,YES
hptm9176.jpg,0.7279,YES
hptm9177.jpg,0.7008,YES
hptm9178.jpg,0.7428,YES
hptm918.jpg,0.6417,YES
hptm9180.jpg,0.4853,NO
hptm9181.jpg,0.6790,YES
hptm9182.jpg,0.3908,NO
hptm9183.jpg,0.3257,NO
hptm9184.jpg,0.3215,NO
hptm9186.jpg,0.3935,NO
hptm9187.jpg,0.3208,NO
hptm9188.jpg,0.3615,NO
hptm9189.jpg,0.3373,NO
hptm919.jpg,0.3071,NO
hptm9190.jpg,0.3270,NO
hptm9192.jpg,0.3441,NO
hptm9191.jpg,0.3156,NO
hptm9193.jpg,0.4206,NO
hptm9194.jpg,0.4384,NO
hptm9195.jpg,0.6574,YES
hptm9196.jpg,0.6164,YES
hptm9197.jpg,0.3340,NO
hptm9198.jpg,0.3237,NO
hptm92.jpg,0.6669,YES
hptm9199.jpg,0.6690,YES
hptm920.jpg,0.6019,YES
hptm9201.jpg,0.5980,NO
hptm9200.jpg,0.6596,YES
hptm9203.jpg,0.4699,NO
hptm9204.jpg,0.6575,YES
hptm9205.jpg,0.6970,YES
hptm9207.jpg,0.5429,NO
hptm9206.jpg,0.6768,YES
hptm9208.jpg,0.4868,NO
hptm9209.jpg,0.4500,NO
hptm9211.jpg,0.7126,YES
hptm9212.jpg,0.7358,YES
hptm9213.jpg,0.5311,NO
hptm9214.jpg,0.7066,YES
hptm9215.jpg,0.4850,NO
hptm9216.jpg,0.7758,YES
hptm9218.jpg,0.6491,YES
hptm9219.jpg,0.7795,YES
hptm9221.jpg,0.7327,YES
hptm9222.jpg,0.7534,YES
hptm9223.jpg,0.7394,YES
hptm9224.jpg,0.6871,YES
hptm9225.jpg,0.6082,YES
hptm9226.jpg,0.6632,YES
hptm9227.jpg,0.7805,YES
hptm9228.jpg,0.2300,NO
hptm9229.jpg,0.6505,YES
hptm9230.jpg,0.5523,NO
hptm9233.jpg,0.6326,YES
hptm9234.jpg,0.4892,NO
hptm9235.jpg,0.4500,NO
hptm9236.jpg,0.3858,NO
hptm9237.jpg,0.3625,NO
hptm9238.jpg,0.4548,NO
hptm9239.jpg,0.5240,NO
hptm924.jpg,0.5381,NO
hptm9240.jpg,0.3863,NO
hptm9241.jpg,0.6668,YES
hptm9242.jpg,0.5938,NO
hptm9243.jpg,0.5210,NO
hptm9244.jpg,0.5596,NO
hptm9246.jpg,0.4976,NO
hptm9247.jpg,0.5584,NO
hptm9248.jpg,0.5472,NO
hptm9249.jpg,0.5799,NO
hptm9250.jpg,0.4519,NO
hptm9252.jpg,0.7148,YES
hptm9254.jpg,0.4111,NO
hptm9255.jpg,0.3522,NO
hptm9256.jpg,0.4168,NO
hptm9257.jpg,0.3616,NO
hptm9258.jpg,0.2932,NO
hptm9259.jpg,0.7242,YES
hptm926.jpg,0.4509,NO
hptm9260.jpg,0.7329,YES
hptm9262.jpg,0.7352,YES
hptm9264.jpg,0.7495,YES
hptm9265.jpg,0.7746,YES
hptm9266.jpg,0.7542,YES
hptm9267.jpg,0.7503,YES
hptm9269.jpg,0.6861,YES
hptm9270.jpg,0.5469,NO
hptm9271.jpg,0.6489,YES
hptm9272.jpg,0.5230,NO
hptm9273.jpg,0.7111,YES
hptm9274.jpg,0.6594,YES
hptm9275.jpg,0.7067,YES
hptm9276.jpg,0.7308,YES
hptm9277.jpg,0.6730,YES
hptm9278.jpg,0.7340,YES
hptm9280.jpg,0.3478,NO
hptm9281.jpg,0.3713,NO
hptm9279.jpg,0.4954,NO
hptm9282.jpg,0.4228,NO
hptm9283.jpg,0.4291,NO
hptm9284.jpg,0.3834,NO
hptm9285.jpg,0.6588,YES
hptm9286.jpg,0.5165,NO
hptm9287.jpg,0.6283,YES
hptm9288.jpg,0.5890,NO
hptm9290.jpg,0.5241,NO
hptm9291.jpg,0.5764,NO
hptm9292.jpg,0.6910,YES
hptm9295.jpg,0.6499,YES
hptm9296.jpg,0.6775,YES
hptm9297.jpg,0.7030,YES
hptm9298.jpg,0.2623,NO
hptm9299.jpg,0.3074,NO
hptm9302.jpg,0.6279,YES
hptm9303.jpg,0.4815,NO
hptm9304.jpg,0.3452,NO
hptm9305.jpg,0.3169,NO
hptm9306.jpg,0.3111,NO
hptm9307.jpg,0.6555,YES
hptm9308.jpg,0.2451,NO
hptm9309.jpg,0.2798,NO
hptm931.jpg,0.6771,YES
hptm9310.jpg,0.2904,NO
hptm9311.jpg,0.2484,NO
hptm9312.jpg,0.2429,NO
hptm9313.jpg,0.2278,NO
hptm9314.jpg,0.2399,NO
hptm9315.jpg,0.2785,NO
hptm9316.jpg,0.2543,NO
hptm9317.jpg,0.2371,NO
hptm9318.jpg,0.6774,YES
hptm932.jpg,0.5861,NO
hptm9319.jpg,0.2205,NO
hptm9320.jpg,0.2159,NO
hptm9321.jpg,0.2193,NO
hptm9323.jpg,0.2436,NO
hptm9322.jpg,0.2438,NO
hptm9324.jpg,0.2345,NO
hptm9328.jpg,0.7212,YES
hptm9327.jpg,0.7268,YES
hptm9329.jpg,0.6734,YES
hptm933.jpg,0.5515,NO
hptm9330.jpg,0.6348,YES
hptm9331.jpg,0.7219,YES
hptm9332.jpg,0.7435,YES
hptm9333.jpg,0.5029,NO
hptm9334.jpg,0.5881,NO
hptm9335.jpg,0.5356,NO
hptm9336.jpg,0.6677,YES
hptm9338.jpg,0.7443,YES
hptm9339.jpg,0.7551,YES
hptm934.jpg,0.5785,NO
hptm9340.jpg,0.6553,YES
hptm9341.jpg,0.7391,YES
hptm9342.jpg,0.7053,YES
hptm9343.jpg,0.6911,YES
hptm9344.jpg,0.7050,YES
hptm9345.jpg,0.7386,YES
hptm9346.jpg,0.6230,YES
hptm9347.jpg,0.5318,NO
hptm9348.jpg,0.4841,NO
hptm9349.jpg,0.7309,YES
hptm935.jpg,0.4740,NO
hptm936.jpg,0.5222,NO
hptm937.jpg,0.6316,YES
hptm938.jpg,0.4746,NO
hptm939.jpg,0.6224,YES
hptm940.jpg,0.5973,NO
hptm941.jpg,0.3222,NO
hptm942.jpg,0.5681,NO
hptm943.jpg,0.6117,YES
hptm944.jpg,0.6015,YES
hptm946.jpg,0.6860,YES
hptm947.jpg,0.6647,YES
hptm948.jpg,0.4815,NO
hptm949.jpg,0.4879,NO
hptm950.jpg,0.5038,NO
hptm95.jpg,0.4620,NO
hptm951.jpg,0.6138,YES
hptm952.jpg,0.6593,YES
hptm953.jpg,0.6472,YES
hptm954.jpg,0.7412,YES
hptm955.jpg,0.7462,YES
hptm956.jpg,0.7020,YES
hptm957.jpg,0.5960,NO
hptm964.jpg,0.6236,YES
hptm965.jpg,0.6389,YES
hptm966.jpg,0.4567,NO
hptm968.jpg,0.4333,NO
hptm969.jpg,0.6886,YES
hptm97.jpg,0.5906,NO
hptm970.jpg,0.5223,NO
hptm971.jpg,0.5317,NO
hptm972.jpg,0.3950,NO
hptm973.jpg,0.6363,YES
hptm974.jpg,0.7284,YES
hptm975.jpg,0.4155,NO
hptm976.jpg,0.6675,YES
hptm977.jpg,0.6325,YES
hptm978.jpg,0.4185,NO
hptm979.jpg,0.6462,YES
hptm981.jpg,0.6589,YES
hptm980.jpg,0.4055,NO
hptm982.jpg,0.3014,NO
hptm983.jpg,0.4503,NO
hptm984.jpg,0.6794,YES
hptm985.jpg,0.7509,YES
hptm986.jpg,0.6845,YES
hptm987.jpg,0.6975,YES
hptm988.jpg,0.4137,NO
hptm989.jpg,0.3083,NO
hptm990.jpg,0.2756,NO
hptm991.jpg,0.2971,NO
hptm992.jpg,0.3826,NO
sz196.jpg,0.4303,NO
hptm994.jpg,0.6718,YES
hptm995.jpg,0.6341,YES
sz192.jpg,0.7382,YES
hptm997.jpg,0.6572,YES
sz201.jpg,0.6767,YES
hptm998.jpg,0.5166,NO
sz193.jpg,0.5825,NO
sz202.jpg,0.6758,YES
sz210.jpg,0.7720,YES
sz211.jpg,0.7989,YES
sz212.jpg,0.6090,YES
hptm999.jpg,0.5573,NO
sz197.jpg,0.5547,NO
sz199.jpg,0.7617,YES
sz204.jpg,0.7387,YES
sz220.jpg,0.6029,YES
sz221.jpg,0.7911,YES
sz222.jpg,0.7339,YES
sz225.jpg,0.8249,YES
sz240.jpg,0.5578,NO
sz241.jpg,0.4979,NO
sz226.jpg,0.8335,YES
sz249.jpg,0.6666,YES
sz253.jpg,0.5404,NO
sz252.jpg,0.1856,NO
sz258.jpg,0.6136,YES
sz209.jpg,0.8028,YES
sz261.jpg,0.5876,NO
sz265.jpg,0.7329,YES
sz233.jpg,0.7188,YES
sz235.jpg,0.7284,YES
sz242.jpg,0.8214,YES
sz250.jpg,0.7861,YES
sz234.jpg,0.6909,YES
sz262.jpg,0.8366,YES
sz263.jpg,0.7977,YES
sz277.jpg,0.7181,YES
sz283.jpg,0.7356,YES
sz276.jpg,0.6451,YES
sz284.jpg,0.6141,YES
sz285.jpg,0.2417,NO
sz286.jpg,0.5333,NO
yf01.jpg,0.5033,NO
sz315.jpg,0.8376,YES
yf03.jpg,0.8173,YES
yf05.jpg,0.8251,YES
yf06.jpg,0.8347,YES
yf07.jpg,0.7841,YES
yf04.jpg,0.8463,YES
yf08.jpg,0.6933,YES
yf09.jpg,0.7406,YES
yf10.jpg,0.7123,YES
yf1001.jpg,0.7189,YES
yf1002.jpg,0.6795,YES
yf1003.jpg,0.6582,YES
yf1004.jpg,0.6150,YES
yf1005.jpg,0.7146,YES
yf1007.jpg,0.5422,NO
yf1009.jpg,0.7963,YES
yf101.jpg,0.4031,NO
yf1010.jpg,0.6026,YES
yf1011.jpg,0.3989,NO
yf1012.jpg,0.6886,YES
yf1013.jpg,0.2916,NO
yf1014.jpg,0.6811,YES
yf1015.jpg,0.0113,NO
yf1016.jpg,0.6618,YES
yf1017.jpg,0.6239,YES
yf1018.jpg,0.6992,YES
yf1019.jpg,0.7318,YES
yf1021.jpg,0.7916,YES
yf1020.jpg,0.0333,NO
yf11.jpg,0.7078,YES
yf112.jpg,0.5735,NO
yf113.jpg,0.4273,NO
yf12.jpg,0.6974,YES
yf124.jpg,0.4950,NO
yf133.jpg,0.5888,NO
yf134.jpg,0.4885,NO
yf135.jpg,0.4542,NO
yf136.jpg,0.5496,NO
yf137.jpg,0.5563,NO
yf15.jpg,0.6912,YES
yf152.jpg,0.5454,NO
yf153.jpg,0.6249,YES
yf154.jpg,0.5962,NO
yf155.jpg,0.4333,NO
yf158.jpg,0.6846,YES
yf159.jpg,0.5917,NO
yf16.jpg,0.7612,YES
yf163.jpg,0.4801,NO
yf165.jpg,0.7163,YES
yf138.jpg,0.6404,YES
yf139.jpg,0.6348,YES
yf166.jpg,0.7924,YES
yf167.jpg,0.6359,YES
yf17.jpg,0.2526,NO
yf169.jpg,0.5801,NO
yf170.jpg,0.5604,NO
yf156.jpg,0.6788,YES
yf171.jpg,0.5742,NO
yf172.jpg,0.6184,YES
yf18.jpg,0.6838,YES
yf180.jpg,0.6218,YES
yf181.jpg,0.6414,YES
yf182.jpg,0.7186,YES
yf187.jpg,0.6759,YES
yf19.jpg,0.6655,YES
yf193.jpg,0.3561,NO
yf195.jpg,0.5366,NO
yf20.jpg,0.8250,YES
yf209.jpg,0.5929,NO
yf21.jpg,0.8222,YES
yf210.jpg,0.3376,NO
yf211.jpg,0.3625,NO
yf215.jpg,0.6495,YES
yf216.jpg,0.4485,NO
yf217.jpg,0.4608,NO
yf22.jpg,0.8204,YES
yf226.jpg,0.6077,YES
yf227.jpg,0.5680,NO
yf229.jpg,0.5724,NO
yf23.jpg,0.7488,YES
yf194.jpg,0.5624,NO
yf230.jpg,0.5831,NO
yf231.jpg,0.6024,YES
yf233.jpg,0.6472,YES
yf234.jpg,0.5451,NO
yf232.jpg,0.5927,NO
yf236.jpg,0.5640,NO
yf237.jpg,0.5632,NO
yf238.jpg,0.6680,YES
yf247.jpg,0.7754,YES
yf245.jpg,0.7718,YES
yf249.jpg,0.6866,YES
yf244.jpg,0.7541,YES
yf25.jpg,0.7671,YES
yf251.jpg,0.6566,YES
yf252.jpg,0.5971,NO
yf256.jpg,0.4693,NO
yf258.jpg,0.4882,NO
yf261.jpg,0.6354,YES
yf26.jpg,0.7924,YES
yf262.jpg,0.5930,NO
yf263.jpg,0.6334,YES
yf239.jpg,0.6925,YES
yf264.jpg,0.6384,YES
yf265.jpg,0.5690,NO
yf266.jpg,0.5046,NO
yf267.jpg,0.4753,NO
yf269.jpg,0.4099,NO
yf27.jpg,0.2881,NO
yf270.jpg,0.5608,NO
yf271.jpg,0.5577,NO
yf272.jpg,0.4620,NO
yf273.jpg,0.4445,NO
yf275.jpg,0.5831,NO
yf274.jpg,0.5523,NO
yf279.jpg,0.6368,YES
yf28.jpg,0.4550,NO
yf282.jpg,0.2500,NO
yf283.jpg,0.3495,NO
yf284.jpg,0.6290,YES
yf285.jpg,0.5138,NO
yf286.jpg,0.6090,YES
yf287.jpg,0.5753,NO
yf289.jpg,0.6269,YES
yf29.jpg,0.5250,NO
yf296.jpg,0.4458,NO
yf297.jpg,0.5183,NO
yf298.jpg,0.5328,NO
yf299.jpg,0.6183,YES
yf302.jpg,0.6293,YES
yf30.jpg,0.7499,YES
yf304.jpg,0.6332,YES
yf305.jpg,0.6550,YES
yf308.jpg,0.6358,YES
yf309.jpg,0.5489,NO
yf31.jpg,0.5872,NO
yf310.jpg,0.5415,NO
yf311.jpg,0.5475,NO
yf32.jpg,0.6570,YES
yf322.jpg,0.6944,YES
yf324.jpg,0.5945,NO
yf325.jpg,0.5890,NO
yf326.jpg,0.5802,NO
yf327.jpg,0.4839,NO
yf328.jpg,0.6485,YES
yf329.jpg,0.5245,NO
yf33.jpg,0.6131,YES
yf330.jpg,0.5384,NO
yf331.jpg,0.5936,NO
yf332.jpg,0.4889,NO
yf333.jpg,0.4517,NO
yf336.jpg,0.6774,YES
yf337.jpg,0.6361,YES
yf338.jpg,0.7892,YES
yf339.jpg,0.8038,YES
yf34.jpg,0.6312,YES
yf340.jpg,0.6922,YES
yf341.jpg,0.3883,NO
yf349.jpg,0.7391,YES
yf350.jpg,0.4190,NO
yf357.jpg,0.5928,NO
yf359.jpg,0.6247,YES
yf36.jpg,0.6981,YES
yf37.jpg,0.6427,YES
yf371.jpg,0.7463,YES
yf373.jpg,0.5775,NO
yf372.jpg,0.3616,NO
yf374.jpg,0.2405,NO
yf375.jpg,0.4780,NO
yf376.jpg,0.5568,NO
yf379.jpg,0.6611,YES
yf383.jpg,0.7393,YES
yf38.jpg,0.5286,NO
yf384.jpg,0.6454,YES
yf385.jpg,0.4833,NO
yf387.jpg,0.4304,NO
yf39.jpg,0.5994,NO
yf390.jpg,0.6134,YES
yf392.jpg,0.7300,YES
yf393.jpg,0.4463,NO
yf394.jpg,0.5339,NO
yf395.jpg,0.6328,YES
yf396.jpg,0.5885,NO
yf397.jpg,0.4459,NO
yf399.jpg,0.6641,YES
yf398.jpg,0.5668,NO
yf40.jpg,0.3597,NO
yf400.jpg,0.6272,YES
yf402.jpg,0.6439,YES
yf403.jpg,0.7647,YES
yf404.jpg,0.7207,YES
yf405.jpg,0.6930,YES
yf406.jpg,0.4619,NO
yf407.jpg,0.6823,YES
yf408.jpg,0.6620,YES
yf409.jpg,0.4799,NO
yf412.jpg,0.5369,NO
yf413.jpg,0.4751,NO
yf414.jpg,0.2145,NO
yf42.jpg,0.6016,YES
yf420.jpg,0.1526,NO
yf421.jpg,0.1367,NO
yf422.jpg,0.1314,NO
yf423.jpg,0.3877,NO
yf428.jpg,0.2257,NO
yf429.jpg,0.2299,NO
yf43.jpg,0.4654,NO
yf430.jpg,0.1566,NO
yf432.jpg,0.5885,NO
yf431.jpg,0.7238,YES
yf433.jpg,0.6749,YES
yf434.jpg,0.5462,NO
yf435.jpg,0.6575,YES
yf436.jpg,0.6330,YES
yf437.jpg,0.3940,NO
yf438.jpg,0.6207,YES
yf439.jpg,0.5176,NO
yf44.jpg,0.2024,NO
yf441.jpg,0.6187,YES
yf442.jpg,0.6802,YES
yf443.jpg,0.4326,NO
yf446.jpg,0.5527,NO
yf447.jpg,0.7138,YES
yf449.jpg,0.5999,NO
yf450.jpg,0.6171,YES
yf453.jpg,0.5900,NO
yf455.jpg,0.5209,NO
yf456.jpg,0.4312,NO
yf458.jpg,0.3970,NO
yf459.jpg,0.4680,NO
yf468.jpg,0.5902,NO
yf469.jpg,0.5008,NO
yf47.jpg,0.6716,YES
yf470.jpg,0.5372,NO
yf471.jpg,0.4926,NO
yf472.jpg,0.4779,NO
yf474.jpg,0.5358,NO
yf475.jpg,0.4962,NO
yf476.jpg,0.4768,NO
yf477.jpg,0.4988,NO
yf478.jpg,0.4907,NO
yf479.jpg,0.5493,NO
yf48.jpg,0.3936,NO
yf480.jpg,0.5576,NO
yf482.jpg,0.0695,NO
yf483.jpg,0.6541,YES
yf484.jpg,0.3464,NO
yf485.jpg,0.6929,YES
yf49.jpg,0.6228,YES
yf491.jpg,0.7322,YES
yf492.jpg,0.7239,YES
yf493.jpg,0.5920,NO
yf497.jpg,0.4510,NO
yf50.jpg,0.6579,YES
yf500.jpg,0.6322,YES
yf502.jpg,0.3802,NO
yf503.jpg,0.5961,NO
yf506.jpg,0.6421,YES
yf507.jpg,0.5087,NO
yf508.jpg,0.6242,YES
yf509.jpg,0.6643,YES
yf51.jpg,0.6879,YES
yf510.jpg,0.4305,NO
yf511.jpg,0.7416,YES
yf513.jpg,0.7166,YES
yf514.jpg,0.7415,YES
yf515.jpg,0.6540,YES
yf516.jpg,0.3906,NO
yf518.jpg,0.7351,YES
yf517.jpg,0.6927,YES
yf521.jpg,0.6774,YES
yf522.jpg,0.6511,YES
yf524.jpg,0.6999,YES
yf525.jpg,0.6223,YES
yf526.jpg,0.6497,YES
yf527.jpg,0.6486,YES
yf528.jpg,0.5441,NO
yf529.jpg,0.6006,YES
yf537.jpg,0.4566,NO
yf538.jpg,0.5350,NO
yf539.jpg,0.3741,NO
yf540.jpg,0.6438,YES
yf542.jpg,0.6008,YES
yf543.jpg,0.4883,NO
yf544.jpg,0.7307,YES
yf546.jpg,0.6174,YES
yf547.jpg,0.3382,NO
yf548.jpg,0.0239,NO
yf549.jpg,0.6754,YES
yf55.jpg,0.5697,NO
yf551.jpg,0.4346,NO
yf550.jpg,0.2908,NO
yf552.jpg,0.4551,NO
yf553.jpg,0.5846,NO
yf555.jpg,0.3771,NO
yf559.jpg,0.1921,NO
yf56.jpg,0.4592,NO
yf560.jpg,0.5181,NO
yf561.jpg,0.6251,YES
yf562.jpg,0.5542,NO
yf563.jpg,0.6179,YES
yf57.jpg,0.5830,NO
yf570.jpg,0.4957,NO
yf571.jpg,0.6106,YES
yf573.jpg,0.6500,YES
yf574.jpg,0.6543,YES
yf575.jpg,0.6065,YES
yf576.jpg,0.6544,YES
yf577.jpg,0.6739,YES
yf579.jpg,0.7071,YES
yf58.jpg,0.5184,NO
yf581.jpg,0.2894,NO
yf582.jpg,0.4173,NO
yf589.jpg,0.4722,NO
yf59.jpg,0.4320,NO
yf591.jpg,0.4454,NO
yf593.jpg,0.5420,NO
yf572.jpg,0.6746,YES
yf595.jpg,0.5691,NO
yf597.jpg,0.4081,NO
yf598.jpg,0.5448,NO
yf599.jpg,0.3258,NO
yf60.jpg,0.1115,NO
yf600.jpg,0.5289,NO
yf602.jpg,0.5863,NO
yf603.jpg,0.5153,NO
yf604.jpg,0.5894,NO
yf605.jpg,0.5828,NO
yf61.jpg,0.5566,NO
yf613.jpg,0.4673,NO
yf614.jpg,0.5271,NO
yf62.jpg,0.6437,YES
yf624.jpg,0.5874,NO
yf625.jpg,0.6285,YES
yf628.jpg,0.4904,NO
yf629.jpg,0.6248,YES
yf63.jpg,0.4652,NO
yf632.jpg,0.6603,YES
yf633.jpg,0.6157,YES
yf635.jpg,0.7411,YES
yf64.jpg,0.5475,NO
yf646.jpg,0.6314,YES
yf647.jpg,0.5979,NO
yf648.jpg,0.5826,NO
yf65.jpg,0.4330,NO
yf654.jpg,0.5951,NO
yf66.jpg,0.5041,NO
yf666.jpg,0.4827,NO
yf67.jpg,0.5382,NO
yf672.jpg,0.7260,YES
yf673.jpg,0.5303,NO
yf676.jpg,0.6901,YES
yf679.jpg,0.5854,NO
yf68.jpg,0.6228,YES
yf682.jpg,0.6725,YES
yf683.jpg,0.3262,NO
yf684.jpg,0.7591,YES
yf685.jpg,0.5841,NO
yf69.jpg,0.6157,YES
yf698.jpg,0.5858,NO
yf702.jpg,0.5342,NO
yf700.jpg,0.4206,NO
yf704.jpg,0.4578,NO
yf71.jpg,0.5431,NO
yf714.jpg,0.6079,YES
yf715.jpg,0.4762,NO
yf716.jpg,0.4795,NO
yf717.jpg,0.3961,NO
yf718.jpg,0.5889,NO
yf726.jpg,0.4350,NO
yf72.jpg,0.4231,NO
yf727.jpg,0.5926,NO
yf73.jpg,0.2818,NO
yf732.jpg,0.4866,NO
yf733.jpg,0.7036,YES
yf735.jpg,0.6560,YES
yf74.jpg,0.5158,NO
yf744.jpg,0.5300,NO
yf747.jpg,0.5587,NO
yf748.jpg,0.5074,NO
yf749.jpg,0.5030,NO
yf75.jpg,0.5206,NO
yf751.jpg,0.4234,NO
yf752.jpg,0.5810,NO
yf753.jpg,0.5239,NO
yf754.jpg,0.5823,NO
yf758.jpg,0.6084,YES
yf759.jpg,0.4627,NO
yf769.jpg,0.5611,NO
yf770.jpg,0.6194,YES
yf771.jpg,0.6106,YES
yf772.jpg,0.6130,YES
yf773.jpg,0.5939,NO
yf780.jpg,0.7356,YES
yf781.jpg,0.6173,YES
yf787.jpg,0.8120,YES
yf788.jpg,0.2764,NO
yf790.jpg,0.6039,YES
yf791.jpg,0.3562,NO
yf792.jpg,0.6468,YES
yf793.jpg,0.7177,YES
yf794.jpg,0.1797,NO
yf796.jpg,0.8162,YES
yf797.jpg,0.3807,NO
yf798.jpg,0.8195,YES
yf795.jpg,0.7601,YES
yf80.jpg,0.4801,NO
yf802.jpg,0.6366,YES
yf803.jpg,0.5992,NO
yf804.jpg,0.5765,NO
yf806.jpg,0.6416,YES
yf807.jpg,0.5137,NO
yf808.jpg,0.6219,YES
yf809.jpg,0.6335,YES
yf81.jpg,0.5034,NO
yf810.jpg,0.6096,YES
yf811.jpg,0.5976,NO
yf812.jpg,0.5448,NO
yf813.jpg,0.6316,YES
yf815.jpg,0.5663,NO
yf816.jpg,0.5707,NO
yf817.jpg,0.6445,YES
yf818.jpg,0.6580,YES
yf819.jpg,0.7223,YES
yf82.jpg,0.5297,NO
yf820.jpg,0.6588,YES
yf822.jpg,0.6930,YES
yf824.jpg,0.7980,YES
yf825.jpg,0.8108,YES
yf826.jpg,0.6919,YES
yf827.jpg,0.6681,YES
yf828.jpg,0.6990,YES
yf829.jpg,0.7702,YES
yf83.jpg,0.6078,YES
yf830.jpg,0.7698,YES
yf832.jpg,0.6220,YES
yf834.jpg,0.5134,NO
yf833.jpg,0.7846,YES
yf835.jpg,0.7440,YES
yf836.jpg,0.7365,YES
yf838.jpg,0.7454,YES
yf837.jpg,0.7686,YES
yf839.jpg,0.7319,YES
yf84.jpg,0.5472,NO
yf840.jpg,0.6401,YES
yf841.jpg,0.7636,YES
yf842.jpg,0.7460,YES
yf844.jpg,0.5936,NO
yf845.jpg,0.5434,NO
yf846.jpg,0.7572,YES
yf847.jpg,0.7116,YES
yf85.jpg,0.5960,NO
yf851.jpg,0.5846,NO
yf852.jpg,0.6460,YES
yf853.jpg,0.7017,YES
yf854.jpg,0.7883,YES
yf855.jpg,0.7727,YES
yf857.jpg,0.8340,YES
yf858.jpg,0.7981,YES
yf859.jpg,0.8134,YES
yf86.jpg,0.7129,YES
yf860.jpg,0.7773,YES
yf861.jpg,0.7462,YES
yf863.jpg,0.6204,YES
yf865.jpg,0.6348,YES
yf866.jpg,0.3729,NO
yf868.jpg,0.6828,YES
yf867.jpg,0.3802,NO
yf870.jpg,0.4279,NO
yf871.jpg,0.6446,YES
yf876.jpg,0.4020,NO
yf878.jpg,0.6012,YES
yf877.jpg,0.6988,YES
yf879.jpg,0.7015,YES
yf880.jpg,0.6729,YES
yf881.jpg,0.7086,YES
yf882.jpg,0.7724,YES
yf883.jpg,0.5313,NO
yf884.jpg,0.7349,YES
yf885.jpg,0.7052,YES
yf886.jpg,0.7682,YES
yf887.jpg,0.7724,YES
yf888.jpg,0.7956,YES
yf89.jpg,0.5393,NO
yf890.jpg,0.7806,YES
yf891.jpg,0.7885,YES
yf894.jpg,0.6424,YES
yf893.jpg,0.6591,YES
yf892.jpg,0.8193,YES
yf896.jpg,0.6891,YES
yf897.jpg,0.3516,NO
yf898.jpg,0.6701,YES
yf899.jpg,0.7107,YES
yf90.jpg,0.6013,YES
yf904.jpg,0.6574,YES
yf902.jpg,0.7464,YES
yf903.jpg,0.8175,YES
yf905.jpg,0.7757,YES
yf906.jpg,0.6964,YES
yf907.jpg,0.6619,YES
yf91.jpg,0.5270,NO
yf911.jpg,0.4345,NO
yf913.jpg,0.7065,YES
yf914.jpg,0.7735,YES
yf915.jpg,0.7352,YES
yf916.jpg,0.6828,YES
yf917.jpg,0.7643,YES
yf919.jpg,0.8319,YES
yf92.jpg,0.5635,NO
yf920.jpg,0.7937,YES
yf922.jpg,0.3871,NO
yf921.jpg,0.7619,YES
yf924.jpg,0.3431,NO
yf925.jpg,0.7407,YES
yf927.jpg,0.7674,YES
yf926.jpg,0.7230,YES
yf928.jpg,0.7140,YES
yf930.jpg,0.6298,YES
yf931.jpg,0.6271,YES
yf932.jpg,0.7387,YES
yf934.jpg,0.4533,NO
yf935.jpg,0.6760,YES
yf936.jpg,0.8184,YES
yf937.jpg,0.8152,YES
yf938.jpg,0.8127,YES
yf939.jpg,0.8274,YES
yf941.jpg,0.7857,YES
yf942.jpg,0.7827,YES
yf946.jpg,0.6677,YES
yf947.jpg,0.8194,YES
yf951.jpg,0.4300,NO
yf948.jpg,0.3239,NO
yf952.jpg,0.7232,YES
yf953.jpg,0.7944,YES
yf954.jpg,0.7788,YES
yf955.jpg,0.7723,YES
yf957.jpg,0.8159,YES
yf958.jpg,0.8030,YES
yf959.jpg,0.5424,NO
yf960.jpg,0.6053,YES
yf961.jpg,0.6343,YES
yf962.jpg,0.6006,YES
yf963.jpg,0.6007,YES
yf964.jpg,0.6201,YES
yf965.jpg,0.5645,NO
yf966.jpg,0.6177,YES
yf968.jpg,0.6843,YES
yf969.jpg,0.6142,YES
yf970.jpg,0.6517,YES
yf971.jpg,0.6582,YES
yf972.jpg,0.6627,YES
yf973.jpg,0.4523,NO
yf974.jpg,0.5694,NO
yf975.jpg,0.7619,YES
yf976.jpg,0.5393,NO
yf977.jpg,0.5468,NO
yf979.jpg,0.6277,YES
yf980.jpg,0.5206,NO
yf981.jpg,0.5946,NO
yf982.jpg,0.4903,NO
yf983.jpg,0.6870,YES
yf985.jpg,0.7078,YES
yf984.jpg,0.6390,YES
yf987.jpg,0.6597,YES
zl263.jpg,0.7155,YES
yf988.jpg,0.5041,NO
zl265.jpg,0.7551,YES
yf990.jpg,0.1442,NO
zl264.jpg,0.7899,YES
zl266.jpg,0.5349,NO
zl268.jpg,0.3654,NO
zl269.jpg,0.7562,YES
yf991.jpg,0.6198,YES
zl271.jpg,0.7385,YES
yf995.jpg,0.6452,YES
zl274.jpg,0.7481,YES
zl279.jpg,0.4671,NO
yf996.jpg,0.5976,NO
yf998.jpg,0.6133,YES
zl270.jpg,0.7925,YES
yf999.jpg,0.6860,YES
zl284.jpg,0.8250,YES
zl273.jpg,0.7740,YES
zl285.jpg,0.8078,YES
zl278.jpg,0.8101,YES
zl290.jpg,0.5919,NO
zl292.jpg,0.7755,YES
zl297.jpg,0.7733,YES
zl282.jpg,0.8101,YES
zl291.jpg,0.7962,YES
zl283.jpg,0.6869,YES
zl295.jpg,0.7915,YES
zl296.jpg,0.6950,YES
zl300.jpg,0.7343,YES
zl306.jpg,0.7822,YES
zl289.jpg,0.7806,YES
zl302.jpg,0.6935,YES
zl309.jpg,0.7620,YES
zl299.jpg,0.6185,YES
zl316.jpg,0.6724,YES
zl307.jpg,0.3421,NO
zl314.jpg,0.7551,YES
zl317.jpg,0.8184,YES
zl318.jpg,0.4776,NO
zl308.jpg,0.8080,YES
zl319.jpg,0.7773,YES
zl323.jpg,0.7239,YES
zl315.jpg,0.7774,YES
zl305.jpg,0.4198,NO
zl322.jpg,0.6558,YES
