ref_id,ssim,batch_file,quality
0004850,0.5820557281773154,batch_0-100.arrow,HIGH
0004851,0.7190219756605272,batch_0-100.arrow,HIGH
0004852,0.7009529883229373,batch_0-100.arrow,HIGH
0004853,0.7045351571752937,batch_0-100.arrow,HIGH
0004854,0.7309323775922691,batch_0-100.arrow,HIGH
0004856,0.6651582774997371,batch_0-100.arrow,HIGH
0004857,0.282570788659512,batch_0-100.arrow,LOW
0004858,0.690065894336014,batch_0-100.arrow,HIGH
0004859,0.20467966166184184,batch_0-100.arrow,LOW
0004860,0.6098083878339485,batch_0-100.arrow,HIGH
0004861,0.7653473757639118,batch_0-100.arrow,HIGH
0004864,0.7970812173557227,batch_0-100.arrow,HIGH
0004866,0.22740365800029627,batch_0-100.arrow,LOW
0004868,0.7187434066762904,batch_0-100.arrow,HIGH
0004869,0.6978767329176551,batch_0-100.arrow,HIGH
0004870,0.2562126230336834,batch_0-100.arrow,LOW
0004872,0.46889060331559396,batch_0-100.arrow,LOW
0004873,0.047908691136102945,batch_0-100.arrow,LOW
0004874,0.7876353024090155,batch_0-100.arrow,HIGH
0004876,0.6364458359764652,batch_0-100.arrow,HIGH
0004877,0.4143240531340382,batch_0-100.arrow,LOW
0004879,0.6565928072956954,batch_0-100.arrow,HIGH
0004881,0.6384356194626589,batch_0-100.arrow,HIGH
0004882,0.46796294132575306,batch_0-100.arrow,LOW
0004883,0.7254205671040751,batch_0-100.arrow,HIGH
0004884,0.6851693353338993,batch_0-100.arrow,HIGH
0004885,0.678672079788325,batch_0-100.arrow,HIGH
0004887,0.7583797464415833,batch_0-100.arrow,HIGH
0004888,0.6914889031433096,batch_0-100.arrow,HIGH
0004889,0.7087027287883286,batch_0-100.arrow,HIGH
0004890,0.837126466847542,batch_0-100.arrow,HIGH
0004892,0.608963558999707,batch_0-100.arrow,HIGH
0004893,0.7139946567113781,batch_0-100.arrow,HIGH
0004895,0.20134911931691654,batch_0-100.arrow,LOW
0004898,0.5834654735069028,batch_0-100.arrow,HIGH
0004899,0.751793678986871,batch_0-100.arrow,HIGH
0004900,0.007310110844139188,batch_0-100.arrow,LOW
0004901,0.6365715976791709,batch_0-100.arrow,HIGH
0004902,0.6765594165663303,batch_0-100.arrow,HIGH
0004903,0.3034873102216579,batch_0-100.arrow,LOW
0004904,0.694293688560582,batch_0-100.arrow,HIGH
0004905,0.5941676222511024,batch_0-100.arrow,HIGH
0004906,0.5463515462684362,batch_0-100.arrow,HIGH
0004908,0.5252972530396535,batch_0-100.arrow,HIGH
0004909,0.7764432206271771,batch_0-100.arrow,HIGH
0004910,0.274097518255967,batch_0-100.arrow,LOW
0004913,0.6840056291385931,batch_0-100.arrow,HIGH
0004914,0.760207964223472,batch_0-100.arrow,HIGH
0004918,0.5835515064831834,batch_0-100.arrow,HIGH
0004920,0.6552676362445372,batch_0-100.arrow,HIGH
0004921,0.5407003266658251,batch_0-100.arrow,HIGH
0004923,0.7646170433951762,batch_0-100.arrow,HIGH
0004925,0.7398004476861164,batch_0-100.arrow,HIGH
0004928,0.37199163899220494,batch_0-100.arrow,LOW
0004932,0.7434237666234171,batch_0-100.arrow,HIGH
0004933,0.42335864232301273,batch_0-100.arrow,LOW
0004936,0.643256356197306,batch_0-100.arrow,HIGH
0004937,0.6817261429524297,batch_0-100.arrow,HIGH
0004939,0.6040239062510239,batch_0-100.arrow,HIGH
0004941,0.6878005484085418,batch_0-100.arrow,HIGH
0004942,0.7064056358100718,batch_0-100.arrow,HIGH
0004943,0.41310602751957565,batch_0-100.arrow,LOW
0004944,0.7013184654341019,batch_0-100.arrow,HIGH
0004945,0.6438009599039386,batch_0-100.arrow,HIGH
0004948,0.1437225589453446,batch_0-100.arrow,LOW
0004949,0.14682342697150516,batch_0-100.arrow,LOW
0004951,0.7442764870432971,batch_0-100.arrow,HIGH
0004953,0.7377802685010426,batch_0-100.arrow,HIGH
0004955,0.7419280461501359,batch_0-100.arrow,HIGH
0004957,0.3161807366668463,batch_0-100.arrow,LOW
0004958,0.6024789732043172,batch_0-100.arrow,HIGH
0004960,0.5597573479632691,batch_0-100.arrow,HIGH
0004966,0.7850233902931166,batch_0-100.arrow,HIGH
0004967,0.6637685834891244,batch_0-100.arrow,HIGH
0004968,0.5711867966228674,batch_0-100.arrow,HIGH
0004969,0.43122388970580167,batch_0-100.arrow,LOW
0004972,0.1579279435461106,batch_0-100.arrow,LOW
0004973,0.6052194736941856,batch_0-100.arrow,HIGH
0004974,0.45218655608490727,batch_0-100.arrow,LOW
0004975,0.6349021075232263,batch_0-100.arrow,HIGH
0004976,0.6711729104382015,batch_0-100.arrow,HIGH
0004977,0.15414386844806563,batch_0-100.arrow,LOW
0004978,0.6902943920523749,batch_0-100.arrow,HIGH
0004979,0.6398782094956842,batch_0-100.arrow,HIGH
0004980,0.4056926166004857,batch_0-100.arrow,LOW
0004982,0.6838828169090333,batch_0-100.arrow,HIGH
0004983,0.6563647262279543,batch_0-100.arrow,HIGH
0004984,0.1955262740346689,batch_0-100.arrow,LOW
0004985,0.3172562736426255,batch_0-100.arrow,LOW
0004986,0.8112157801563442,batch_0-100.arrow,HIGH
0004987,0.6789549012672292,batch_0-100.arrow,HIGH
0004990,0.7853862616255819,batch_0-100.arrow,HIGH
0004991,0.7610575965916381,batch_0-100.arrow,HIGH
0004993,0.6647885739483548,batch_0-100.arrow,HIGH
0004994,0.33427244488425084,batch_0-100.arrow,LOW
0004996,0.6599261505838475,batch_0-100.arrow,HIGH
0004997,0.6556182923767945,batch_0-100.arrow,HIGH
0004999,0.6087207511725387,batch_0-100.arrow,HIGH
0005000,0.7310977461791861,batch_100-200.arrow,HIGH
0005001,0.5804161692079649,batch_100-200.arrow,HIGH
0005002,0.6857702898562855,batch_100-200.arrow,HIGH
0005003,0.7124557158427068,batch_100-200.arrow,HIGH
0005004,0.4553660179262445,batch_100-200.arrow,LOW
0005005,0.6691862631533868,batch_100-200.arrow,HIGH
0005007,0.7075970245308278,batch_100-200.arrow,HIGH
0005008,0.40256884980110524,batch_100-200.arrow,LOW
0005009,0.2502518093270387,batch_100-200.arrow,LOW
0005010,0.7845317539141186,batch_100-200.arrow,HIGH
0005011,0.2061824636360059,batch_100-200.arrow,LOW
0005012,0.36126568037174644,batch_100-200.arrow,LOW
0005013,0.7889957656665899,batch_100-200.arrow,HIGH
0005014,0.27822251347578203,batch_100-200.arrow,LOW
0005015,0.71288304361688,batch_100-200.arrow,HIGH
0005017,0.724335927609984,batch_100-200.arrow,HIGH
0005018,0.5997674082084278,batch_100-200.arrow,HIGH
0005019,0.3714468475265507,batch_100-200.arrow,LOW
0005020,0.5767190900946148,batch_100-200.arrow,HIGH
0005021,0.5784238285885089,batch_100-200.arrow,HIGH
0005024,0.6587868282156631,batch_100-200.arrow,HIGH
0005025,0.7104076408526389,batch_100-200.arrow,HIGH
0005028,0.3570408185794336,batch_100-200.arrow,LOW
0005029,0.34138080154583955,batch_100-200.arrow,LOW
0005030,0.3463773514525837,batch_100-200.arrow,LOW
0005031,0.7375137451634055,batch_100-200.arrow,HIGH
0005032,0.18130546262661631,batch_100-200.arrow,LOW
0005035,0.6287319231847848,batch_100-200.arrow,HIGH
0005037,0.6837076541909455,batch_100-200.arrow,HIGH
0005039,0.20240206091724847,batch_100-200.arrow,LOW
0005040,0.669780982046356,batch_100-200.arrow,HIGH
0005041,0.6183438798665732,batch_100-200.arrow,HIGH
0005043,0.5465257747078774,batch_100-200.arrow,HIGH
0005045,0.7204830189878008,batch_100-200.arrow,HIGH
0005046,0.6353500998660953,batch_100-200.arrow,HIGH
0005047,0.5500599973959148,batch_100-200.arrow,HIGH
0005048,0.7583713518991452,batch_100-200.arrow,HIGH
0005049,0.7854501251037984,batch_100-200.arrow,HIGH
0005051,0.7308630336097078,batch_100-200.arrow,HIGH
0005054,0.616587100832582,batch_100-200.arrow,HIGH
0005056,0.6378823762972204,batch_100-200.arrow,HIGH
0005057,0.8048973373630569,batch_100-200.arrow,HIGH
0005059,0.3651452210680312,batch_100-200.arrow,LOW
0005060,0.7197415701704193,batch_100-200.arrow,HIGH
0005061,0.6580264414709621,batch_100-200.arrow,HIGH
0005063,0.699613599956889,batch_100-200.arrow,HIGH
0005064,0.6920490633438717,batch_100-200.arrow,HIGH
0005065,0.12540863684470288,batch_100-200.arrow,LOW
0005066,0.29505163029396037,batch_100-200.arrow,LOW
0005069,0.7205512651306386,batch_100-200.arrow,HIGH
0005071,0.5525889339262057,batch_100-200.arrow,HIGH
0005072,0.6080015027881611,batch_100-200.arrow,HIGH
0005073,0.6192588328392615,batch_100-200.arrow,HIGH
0005074,0.7389845147292325,batch_100-200.arrow,HIGH
0005076,0.5787547568228278,batch_100-200.arrow,HIGH
0005078,0.3490594311543584,batch_100-200.arrow,LOW
0005080,0.5674683812317869,batch_100-200.arrow,HIGH
0005081,0.3547663797339719,batch_100-200.arrow,LOW
0005083,0.4277984109042882,batch_100-200.arrow,LOW
0005084,0.7260380951704284,batch_100-200.arrow,HIGH
0005085,0.7010337507867598,batch_100-200.arrow,HIGH
0005086,0.8049437950456557,batch_100-200.arrow,HIGH
0005087,0.6711543942723677,batch_100-200.arrow,HIGH
0005088,0.6189304297341756,batch_100-200.arrow,HIGH
0005091,0.6532040318108402,batch_100-200.arrow,HIGH
0005092,0.17098254510115582,batch_100-200.arrow,LOW
0005096,0.7715799000470334,batch_100-200.arrow,HIGH
0005097,0.7805275905602197,batch_100-200.arrow,HIGH
0005098,0.6081396577862402,batch_100-200.arrow,HIGH
0005099,0.2018134556507772,batch_100-200.arrow,LOW
0005100,0.2330611360222815,batch_100-200.arrow,LOW
0005101,0.654526715384285,batch_100-200.arrow,HIGH
0005102,0.6676415531514587,batch_100-200.arrow,HIGH
0005103,0.7501404025197287,batch_100-200.arrow,HIGH
0005105,0.7030368021891421,batch_100-200.arrow,HIGH
0005106,0.5258814710073266,batch_100-200.arrow,HIGH
0005108,0.74545616776715,batch_100-200.arrow,HIGH
0005111,0.6193137703433994,batch_100-200.arrow,HIGH
0005112,0.7246658577353943,batch_100-200.arrow,HIGH
0005113,0.4391490940664143,batch_100-200.arrow,LOW
0005114,0.09267739137579752,batch_100-200.arrow,LOW
0005115,0.6252159431660063,batch_100-200.arrow,HIGH
0005116,0.6090862152461817,batch_100-200.arrow,HIGH
0005118,0.7902584113390558,batch_100-200.arrow,HIGH
0005119,0.6063108279677433,batch_100-200.arrow,HIGH
0005120,0.6281800708985196,batch_100-200.arrow,HIGH
0005122,0.045275654187040236,batch_100-200.arrow,LOW
0005124,0.6550466376523829,batch_100-200.arrow,HIGH
0005125,0.49357211705049675,batch_100-200.arrow,LOW
0005128,0.46121862178357764,batch_100-200.arrow,LOW
0005129,0.831316995666073,batch_100-200.arrow,HIGH
0005131,0.11787625909003689,batch_100-200.arrow,LOW
0005132,0.5531742293686134,batch_100-200.arrow,HIGH
0005133,0.20441372471205166,batch_100-200.arrow,LOW
0006277,0.7276443064020839,batch_1000-1100.arrow,HIGH
0006278,0.7800482002846091,batch_1000-1100.arrow,HIGH
0006282,0.6623427939002768,batch_1000-1100.arrow,HIGH
0006283,0.549748761845034,batch_1000-1100.arrow,HIGH
0006284,0.5712505674126676,batch_1000-1100.arrow,HIGH
0006285,0.767910383726505,batch_1000-1100.arrow,HIGH
0006288,0.6573172563941188,batch_1000-1100.arrow,HIGH
0006289,0.5563947137029328,batch_1000-1100.arrow,HIGH
0006290,0.2608350944536501,batch_1000-1100.arrow,LOW
0006291,0.6367479518318849,batch_1000-1100.arrow,HIGH
0006292,0.7629220208692212,batch_1000-1100.arrow,HIGH
0006293,0.7546090769877658,batch_1000-1100.arrow,HIGH
0006294,0.7396422374141234,batch_1000-1100.arrow,HIGH
0006295,0.2215859141343607,batch_1000-1100.arrow,LOW
0006296,0.15055323440398963,batch_1000-1100.arrow,LOW
0006299,0.38146022266523355,batch_1000-1100.arrow,LOW
0006301,0.8067603517866693,batch_1000-1100.arrow,HIGH
0006304,0.714216120254385,batch_1000-1100.arrow,HIGH
0006305,0.6694768974823289,batch_1000-1100.arrow,HIGH
0006306,0.5962509033462368,batch_1000-1100.arrow,HIGH
0006307,0.6250728207326856,batch_1000-1100.arrow,HIGH
0006309,0.20742384298460662,batch_1000-1100.arrow,LOW
0006310,0.3891342927685845,batch_1000-1100.arrow,LOW
0006313,0.5263593360114807,batch_1000-1100.arrow,HIGH
0006314,0.668508340941751,batch_1000-1100.arrow,HIGH
0006315,0.6650208341406616,batch_1000-1100.arrow,HIGH
0006318,0.7710629640410005,batch_1000-1100.arrow,HIGH
0006319,0.624373040502017,batch_1000-1100.arrow,HIGH
0006320,0.6761786948012162,batch_1000-1100.arrow,HIGH
0006323,0.6980463265036342,batch_1000-1100.arrow,HIGH
0006324,0.7038204198019701,batch_1000-1100.arrow,HIGH
0006325,0.8169766055243605,batch_1000-1100.arrow,HIGH
0006326,0.2622350955358246,batch_1000-1100.arrow,LOW
0006327,0.661059080245891,batch_1000-1100.arrow,HIGH
0006329,0.5460841000041518,batch_1000-1100.arrow,HIGH
0006330,0.6181798385200009,batch_1000-1100.arrow,HIGH
0006332,0.7401500331917452,batch_1000-1100.arrow,HIGH
0006333,0.6300412317900587,batch_1000-1100.arrow,HIGH
0006335,0.6426069106137411,batch_1000-1100.arrow,HIGH
0006336,0.7503590222323299,batch_1000-1100.arrow,HIGH
0006337,0.5994557747712145,batch_1000-1100.arrow,HIGH
0006339,0.7569085482844095,batch_1000-1100.arrow,HIGH
0006340,0.5767757959700687,batch_1000-1100.arrow,HIGH
0006342,0.09749896457558539,batch_1000-1100.arrow,LOW
0006343,0.7926009363708374,batch_1000-1100.arrow,HIGH
0006344,0.7276046848208995,batch_1000-1100.arrow,HIGH
0006345,0.6356745980078222,batch_1000-1100.arrow,HIGH
0006346,0.7815217605179501,batch_1000-1100.arrow,HIGH
0006347,0.7434351234604833,batch_1000-1100.arrow,HIGH
0006348,0.660133100957847,batch_1000-1100.arrow,HIGH
0006349,0.10095655402919944,batch_1000-1100.arrow,LOW
0006353,0.7382399357162357,batch_1000-1100.arrow,HIGH
0006354,0.6667582987527224,batch_1000-1100.arrow,HIGH
0006362,0.5382442529398298,batch_1000-1100.arrow,HIGH
0006364,0.8126884301426891,batch_1000-1100.arrow,HIGH
0006365,0.5762673758629139,batch_1000-1100.arrow,HIGH
0006366,0.7185314369542984,batch_1000-1100.arrow,HIGH
0006367,0.7012583317913214,batch_1000-1100.arrow,HIGH
0006368,0.6163562902233014,batch_1000-1100.arrow,HIGH
0006369,0.49978865876392753,batch_1000-1100.arrow,LOW
0006373,0.11542069905737269,batch_1000-1100.arrow,LOW
0006375,0.6852467652055717,batch_1000-1100.arrow,HIGH
0006376,0.6728575482322472,batch_1000-1100.arrow,HIGH
0006377,0.5354322720340745,batch_1000-1100.arrow,HIGH
0006378,0.6357775746237341,batch_1000-1100.arrow,HIGH
0006381,0.6401323789757133,batch_1000-1100.arrow,HIGH
0006384,0.7368204513997639,batch_1000-1100.arrow,HIGH
0006385,0.10341666973880005,batch_1000-1100.arrow,LOW
0006386,0.1776241937686375,batch_1000-1100.arrow,LOW
0006387,0.6377648119035406,batch_1000-1100.arrow,HIGH
0006388,0.30033753188605317,batch_1000-1100.arrow,LOW
0006389,0.6624700371591014,batch_1000-1100.arrow,HIGH
0006390,0.540916299605531,batch_1000-1100.arrow,HIGH
0006391,0.7039501538185604,batch_1000-1100.arrow,HIGH
0006392,0.30678965993741186,batch_1000-1100.arrow,LOW
0006393,0.6395260503440502,batch_1000-1100.arrow,HIGH
0006395,0.04885858967420872,batch_1000-1100.arrow,LOW
0006396,0.6211691996543159,batch_1000-1100.arrow,HIGH
0006398,0.6909464335345636,batch_1000-1100.arrow,HIGH
0006399,0.691937891505889,batch_1000-1100.arrow,HIGH
0006400,0.6914577308888828,batch_1000-1100.arrow,HIGH
0006401,0.7211132990399162,batch_1000-1100.arrow,HIGH
0006402,0.7194039722060371,batch_1000-1100.arrow,HIGH
0006403,0.751701769897598,batch_1000-1100.arrow,HIGH
0006404,0.7196640098496402,batch_1000-1100.arrow,HIGH
0006405,0.7709700979482057,batch_1000-1100.arrow,HIGH
0006406,0.7360663467260623,batch_1000-1100.arrow,HIGH
0006408,0.14651910329387505,batch_1000-1100.arrow,LOW
0006409,0.514193970315429,batch_1000-1100.arrow,HIGH
0006410,0.7355645328919378,batch_1000-1100.arrow,HIGH
0006411,0.6174181717768038,batch_1000-1100.arrow,HIGH
0006412,0.7063420275833128,batch_1000-1100.arrow,HIGH
0006413,0.05468104802425194,batch_1000-1100.arrow,LOW
0006415,0.7351091425989952,batch_1000-1100.arrow,HIGH
0006416,0.729761688118637,batch_1000-1100.arrow,HIGH
0006417,0.17069448075205887,batch_1000-1100.arrow,LOW
0006418,0.559493614670245,batch_1100-1200.arrow,HIGH
0006419,0.7196958822869056,batch_1100-1200.arrow,HIGH
0006420,0.6752906744924014,batch_1100-1200.arrow,HIGH
0006421,0.2011508874846334,batch_1100-1200.arrow,LOW
0006422,0.22741089079759116,batch_1100-1200.arrow,LOW
0006424,0.5839823190414765,batch_1100-1200.arrow,HIGH
0006426,0.12119341362724034,batch_1100-1200.arrow,LOW
0006427,0.6660815285897571,batch_1100-1200.arrow,HIGH
0006429,0.4228614978067002,batch_1100-1200.arrow,LOW
0006430,0.739684763503314,batch_1100-1200.arrow,HIGH
0006432,0.7451997883233537,batch_1100-1200.arrow,HIGH
0006433,0.5348161803820926,batch_1100-1200.arrow,HIGH
0006434,0.7802507915824783,batch_1100-1200.arrow,HIGH
0006435,0.6487891699629105,batch_1100-1200.arrow,HIGH
0006437,0.6857867514900268,batch_1100-1200.arrow,HIGH
0006438,0.6922582990954561,batch_1100-1200.arrow,HIGH
0006439,0.49349011887293465,batch_1100-1200.arrow,LOW
0006440,0.15928612740463066,batch_1100-1200.arrow,LOW
0006441,0.6471808807186298,batch_1100-1200.arrow,HIGH
0006445,0.5962213532323885,batch_1100-1200.arrow,HIGH
0006446,0.7111749400355465,batch_1100-1200.arrow,HIGH
0006447,0.7564632134226881,batch_1100-1200.arrow,HIGH
0006449,0.6728546907054493,batch_1100-1200.arrow,HIGH
0006450,0.6960497984410257,batch_1100-1200.arrow,HIGH
0006451,0.3924601797380935,batch_1100-1200.arrow,LOW
0006452,0.08221271548996639,batch_1100-1200.arrow,LOW
0006453,0.6384792687749629,batch_1100-1200.arrow,HIGH
0006454,0.34703867908610236,batch_1100-1200.arrow,LOW
0006456,0.802503522836155,batch_1100-1200.arrow,HIGH
0006458,0.7239317616367988,batch_1100-1200.arrow,HIGH
0006459,0.5318108709740477,batch_1100-1200.arrow,HIGH
0006460,0.7311023419626478,batch_1100-1200.arrow,HIGH
0006461,0.7511265748726886,batch_1100-1200.arrow,HIGH
0006463,0.6885516569432589,batch_1100-1200.arrow,HIGH
0006464,0.5270469706969547,batch_1100-1200.arrow,HIGH
0006465,0.779547858581151,batch_1100-1200.arrow,HIGH
0006466,0.07446863701314253,batch_1100-1200.arrow,LOW
0006467,0.7486780782854238,batch_1100-1200.arrow,HIGH
0006468,0.7401684914097449,batch_1100-1200.arrow,HIGH
0006469,0.7516620274501093,batch_1100-1200.arrow,HIGH
0006471,0.6551214612692395,batch_1100-1200.arrow,HIGH
0006472,0.6470888962951852,batch_1100-1200.arrow,HIGH
0006473,0.7026810154476472,batch_1100-1200.arrow,HIGH
0006474,0.6107470357326328,batch_1100-1200.arrow,HIGH
0006475,0.6959692503209682,batch_1100-1200.arrow,HIGH
0006476,0.7511825809252907,batch_1100-1200.arrow,HIGH
0006478,0.7470825081012893,batch_1100-1200.arrow,HIGH
0006479,0.6870990650238261,batch_1100-1200.arrow,HIGH
0006480,0.6355583673674622,batch_1100-1200.arrow,HIGH
0006481,0.6002851249275057,batch_1100-1200.arrow,HIGH
0006482,0.7372701782071095,batch_1100-1200.arrow,HIGH
0006483,0.6833726361801981,batch_1100-1200.arrow,HIGH
0006485,0.08963981814988016,batch_1100-1200.arrow,LOW
0006487,0.723381343578493,batch_1100-1200.arrow,HIGH
0006491,0.599233124827618,batch_1100-1200.arrow,HIGH
0006492,0.7735002269721685,batch_1100-1200.arrow,HIGH
0006494,0.20980801941557023,batch_1100-1200.arrow,LOW
0006497,0.6179905535764573,batch_1100-1200.arrow,HIGH
0006499,0.6744803479761452,batch_1100-1200.arrow,HIGH
0006500,0.3277767691068703,batch_1100-1200.arrow,LOW
0006502,0.6979119981839043,batch_1100-1200.arrow,HIGH
0006503,0.7944262814167106,batch_1100-1200.arrow,HIGH
0006505,0.5919682366464991,batch_1100-1200.arrow,HIGH
0006507,0.2410584161353719,batch_1100-1200.arrow,LOW
0006508,0.6618635204829908,batch_1100-1200.arrow,HIGH
0006510,0.5991553714622933,batch_1100-1200.arrow,HIGH
0006512,0.5931542774415198,batch_1100-1200.arrow,HIGH
0006515,0.7463431922923482,batch_1100-1200.arrow,HIGH
0006516,0.21231651805565158,batch_1100-1200.arrow,LOW
0006518,0.7970975168930727,batch_1100-1200.arrow,HIGH
0006521,0.15118996774355978,batch_1100-1200.arrow,LOW
0006528,0.68012326411978,batch_1100-1200.arrow,HIGH
0006529,0.5302819528626971,batch_1100-1200.arrow,HIGH
0006530,0.25093932430768784,batch_1100-1200.arrow,LOW
0006531,0.5128632213765565,batch_1100-1200.arrow,HIGH
0006532,0.6774154159092971,batch_1100-1200.arrow,HIGH
0006533,0.24392897157176552,batch_1100-1200.arrow,LOW
0006534,0.7214449476466595,batch_1100-1200.arrow,HIGH
0006535,0.6759660346485067,batch_1100-1200.arrow,HIGH
0006536,0.609030263048865,batch_1100-1200.arrow,HIGH
0006537,0.7808441947834833,batch_1100-1200.arrow,HIGH
0006538,0.5891737703286487,batch_1100-1200.arrow,HIGH
0006540,0.7032301552913119,batch_1100-1200.arrow,HIGH
0006541,0.2474446888650983,batch_1100-1200.arrow,LOW
0006542,0.689968153896458,batch_1100-1200.arrow,HIGH
0006544,0.46832228922115754,batch_1100-1200.arrow,LOW
0006545,0.2639681675334926,batch_1100-1200.arrow,LOW
0006546,0.3933905114881524,batch_1100-1200.arrow,LOW
0006547,0.4682674935472368,batch_1100-1200.arrow,LOW
0006549,0.10771033814757729,batch_1100-1200.arrow,LOW
0006551,0.7820995126827515,batch_1100-1200.arrow,HIGH
0006554,0.5887369354282155,batch_1100-1200.arrow,HIGH
0006555,0.7031455404618608,batch_1100-1200.arrow,HIGH
0006556,0.6791464563545756,batch_1100-1200.arrow,HIGH
0006558,0.6818572571173712,batch_1200-1300.arrow,HIGH
0006559,0.5712014036988174,batch_1200-1300.arrow,HIGH
0006560,0.24985823049495362,batch_1200-1300.arrow,LOW
0006561,0.6639248080980954,batch_1200-1300.arrow,HIGH
0006562,0.6922202173025168,batch_1200-1300.arrow,HIGH
0006563,0.6904661789397134,batch_1200-1300.arrow,HIGH
0006564,0.7562991340232216,batch_1200-1300.arrow,HIGH
0006566,0.4259254261125213,batch_1200-1300.arrow,LOW
0006567,0.6754145650528688,batch_1200-1300.arrow,HIGH
0006568,0.32082663413480955,batch_1200-1300.arrow,LOW
0006569,0.7097011284132059,batch_1200-1300.arrow,HIGH
0006573,0.34043581179365856,batch_1200-1300.arrow,LOW
0006574,0.42250518206946985,batch_1200-1300.arrow,LOW
0006575,0.5068273477795392,batch_1200-1300.arrow,HIGH
0006576,0.7372655162617585,batch_1200-1300.arrow,HIGH
0006577,0.19576405709546152,batch_1200-1300.arrow,LOW
0006578,0.15900465494209637,batch_1200-1300.arrow,LOW
0006579,0.6486812679032142,batch_1200-1300.arrow,HIGH
0006580,0.7257226615246396,batch_1200-1300.arrow,HIGH
0006585,0.35311109313732386,batch_1200-1300.arrow,LOW
0006586,0.6382909017184161,batch_1200-1300.arrow,HIGH
0006589,0.7467853469846749,batch_1200-1300.arrow,HIGH
0006590,0.2791187699248702,batch_1200-1300.arrow,LOW
0006592,0.7803407251291334,batch_1200-1300.arrow,HIGH
0006593,0.6954206734183687,batch_1200-1300.arrow,HIGH
0006594,0.8148661428423584,batch_1200-1300.arrow,HIGH
0006595,0.22681673643374664,batch_1200-1300.arrow,LOW
0006596,0.6150647008714517,batch_1200-1300.arrow,HIGH
0006597,0.6144439275211411,batch_1200-1300.arrow,HIGH
0006598,0.8291847698949913,batch_1200-1300.arrow,HIGH
0006599,0.6729126244504325,batch_1200-1300.arrow,HIGH
0006600,0.7105764204981654,batch_1200-1300.arrow,HIGH
0006601,0.641038747040619,batch_1200-1300.arrow,HIGH
0006602,0.6521593530783073,batch_1200-1300.arrow,HIGH
0006604,0.7713507627652967,batch_1200-1300.arrow,HIGH
0006605,0.7315703394171909,batch_1200-1300.arrow,HIGH
0006606,0.26531493328903283,batch_1200-1300.arrow,LOW
0006607,0.6868745015493104,batch_1200-1300.arrow,HIGH
0006608,0.798215675588717,batch_1200-1300.arrow,HIGH
0006610,0.051199413984237906,batch_1200-1300.arrow,LOW
0006611,0.5405849703527172,batch_1200-1300.arrow,HIGH
0006612,0.5523517426190936,batch_1200-1300.arrow,HIGH
0006613,0.5943177138971323,batch_1200-1300.arrow,HIGH
0006614,0.6773389226459953,batch_1200-1300.arrow,HIGH
0006615,0.7311558226377656,batch_1200-1300.arrow,HIGH
0006616,0.2874413268591847,batch_1200-1300.arrow,LOW
0006617,0.5439360773566205,batch_1200-1300.arrow,HIGH
0006618,0.7741961442421222,batch_1200-1300.arrow,HIGH
0006619,0.37650445243294045,batch_1200-1300.arrow,LOW
0006620,0.7971841204608783,batch_1200-1300.arrow,HIGH
0006621,0.7744148358794138,batch_1200-1300.arrow,HIGH
0006622,0.7388091501948327,batch_1200-1300.arrow,HIGH
0006623,0.5817416670070484,batch_1200-1300.arrow,HIGH
0006624,0.2518146397632131,batch_1200-1300.arrow,LOW
0006625,0.5608643943369797,batch_1200-1300.arrow,HIGH
0006628,0.39143484870986117,batch_1200-1300.arrow,LOW
0006629,0.12599983384276317,batch_1200-1300.arrow,LOW
0006631,0.6895388434336046,batch_1200-1300.arrow,HIGH
0006632,0.7078409649362891,batch_1200-1300.arrow,HIGH
0006634,0.41904131928899035,batch_1200-1300.arrow,LOW
0006635,0.5375597795624943,batch_1200-1300.arrow,HIGH
0006636,0.6533889649626704,batch_1200-1300.arrow,HIGH
0006637,0.6729123659791587,batch_1200-1300.arrow,HIGH
0006638,0.7543201762044269,batch_1200-1300.arrow,HIGH
0006639,0.15524238117382302,batch_1200-1300.arrow,LOW
0006641,0.11101053966347586,batch_1200-1300.arrow,LOW
0006643,0.6928514665374638,batch_1200-1300.arrow,HIGH
0006645,0.7175653590962782,batch_1200-1300.arrow,HIGH
0006646,0.5598296330173952,batch_1200-1300.arrow,HIGH
0006648,0.7402898310307143,batch_1200-1300.arrow,HIGH
0006649,0.7638068489811566,batch_1200-1300.arrow,HIGH
0006651,0.4059611097689097,batch_1200-1300.arrow,LOW
0006653,0.6589967881038024,batch_1200-1300.arrow,HIGH
0006655,0.36660010814827887,batch_1200-1300.arrow,LOW
0006656,0.5381361986381973,batch_1200-1300.arrow,HIGH
0006657,0.45653360068786747,batch_1200-1300.arrow,LOW
0006660,0.7579245302529364,batch_1200-1300.arrow,HIGH
0006661,0.6621549217084711,batch_1200-1300.arrow,HIGH
0006663,0.5954051781776163,batch_1200-1300.arrow,HIGH
0006664,0.6501089624076251,batch_1200-1300.arrow,HIGH
0006666,0.696317354737286,batch_1200-1300.arrow,HIGH
0006667,0.545670799628386,batch_1200-1300.arrow,HIGH
0006668,0.04852458821426083,batch_1200-1300.arrow,LOW
0006669,0.626998199942416,batch_1200-1300.arrow,HIGH
0006672,0.5059818709863872,batch_1200-1300.arrow,HIGH
0006673,0.3061729068933074,batch_1200-1300.arrow,LOW
0006674,0.6780448402673499,batch_1200-1300.arrow,HIGH
0006675,0.6364158714557387,batch_1200-1300.arrow,HIGH
0006676,0.5415704149424468,batch_1200-1300.arrow,HIGH
0006677,0.7083926977804936,batch_1200-1300.arrow,HIGH
0006678,0.6787011530342172,batch_1200-1300.arrow,HIGH
0006679,0.671866412088652,batch_1200-1300.arrow,HIGH
0006680,0.7268216601602772,batch_1200-1300.arrow,HIGH
0006682,0.31361091377541345,batch_1200-1300.arrow,LOW
0006684,0.2253028019768645,batch_1200-1300.arrow,LOW
0006686,0.6933294030947179,batch_1200-1300.arrow,HIGH
0006687,0.7191811668501544,batch_1200-1300.arrow,HIGH
0006688,0.5933273025472344,batch_1200-1300.arrow,HIGH
0006689,0.7137546246226855,batch_1300-1400.arrow,HIGH
0006690,0.6502644321198386,batch_1300-1400.arrow,HIGH
0006691,0.6165394857432159,batch_1300-1400.arrow,HIGH
0006692,0.128633795912277,batch_1300-1400.arrow,LOW
0006693,0.7708588840167262,batch_1300-1400.arrow,HIGH
0006694,0.5630711720059318,batch_1300-1400.arrow,HIGH
0006696,0.7019938508909385,batch_1300-1400.arrow,HIGH
0006697,0.5839737962122812,batch_1300-1400.arrow,HIGH
0006698,0.6068598938557122,batch_1300-1400.arrow,HIGH
0006700,0.7183340695056186,batch_1300-1400.arrow,HIGH
0006701,0.7884405385071195,batch_1300-1400.arrow,HIGH
0006702,0.5640947344904306,batch_1300-1400.arrow,HIGH
0006705,0.746575390057183,batch_1300-1400.arrow,HIGH
0006706,0.5589747717953886,batch_1300-1400.arrow,HIGH
0006708,0.7032436211065782,batch_1300-1400.arrow,HIGH
0006710,0.6227015114494991,batch_1300-1400.arrow,HIGH
0006711,0.6467549407445028,batch_1300-1400.arrow,HIGH
0006713,0.7089348484144301,batch_1300-1400.arrow,HIGH
0006714,0.4594737755017884,batch_1300-1400.arrow,LOW
0006715,0.7940846557623885,batch_1300-1400.arrow,HIGH
0006716,0.6862965655586278,batch_1300-1400.arrow,HIGH
0006717,0.6531806277210045,batch_1300-1400.arrow,HIGH
0006719,0.583314945433442,batch_1300-1400.arrow,HIGH
0006720,0.36369336903399674,batch_1300-1400.arrow,LOW
0006721,0.6606758246729242,batch_1300-1400.arrow,HIGH
0006722,0.7936079889066704,batch_1300-1400.arrow,HIGH
0006723,0.4883779893080513,batch_1300-1400.arrow,LOW
0006724,0.6116585781979503,batch_1300-1400.arrow,HIGH
0006725,0.633266371625908,batch_1300-1400.arrow,HIGH
0006726,0.6361539437864961,batch_1300-1400.arrow,HIGH
0006727,0.3905483567185366,batch_1300-1400.arrow,LOW
0006728,0.7545315682790933,batch_1300-1400.arrow,HIGH
0006729,0.3501502433718742,batch_1300-1400.arrow,LOW
0006730,0.07474971208740595,batch_1300-1400.arrow,LOW
0006731,0.1936515044571349,batch_1300-1400.arrow,LOW
0006734,0.7008674693439155,batch_1300-1400.arrow,HIGH
0006736,0.46067208139462784,batch_1300-1400.arrow,LOW
0006737,0.5144748104697093,batch_1300-1400.arrow,HIGH
0006738,0.26168096423463616,batch_1300-1400.arrow,LOW
0006739,0.5560628998824121,batch_1300-1400.arrow,HIGH
0006740,0.058435373656762525,batch_1300-1400.arrow,LOW
0006741,0.7400237608652508,batch_1300-1400.arrow,HIGH
0006742,0.705197817107821,batch_1300-1400.arrow,HIGH
0006743,0.5602216380412842,batch_1300-1400.arrow,HIGH
0006744,0.7930644227232436,batch_1300-1400.arrow,HIGH
0006745,0.31764485203639087,batch_1300-1400.arrow,LOW
0006747,0.3717422045387428,batch_1300-1400.arrow,LOW
0006750,0.5682687834506738,batch_1300-1400.arrow,HIGH
0006751,0.03194958323875923,batch_1300-1400.arrow,LOW
0006752,0.3514388048705039,batch_1300-1400.arrow,LOW
0006753,0.5665985962660542,batch_1300-1400.arrow,HIGH
0006754,0.751327974363957,batch_1300-1400.arrow,HIGH
0006756,0.6384209367314865,batch_1300-1400.arrow,HIGH
0006757,0.2159146618060531,batch_1300-1400.arrow,LOW
0006758,0.09497466972953045,batch_1300-1400.arrow,LOW
0006761,0.5841445905425539,batch_1300-1400.arrow,HIGH
0006762,0.7424619659432686,batch_1300-1400.arrow,HIGH
0006763,0.7546447417569023,batch_1300-1400.arrow,HIGH
0006764,0.5305570387454123,batch_1300-1400.arrow,HIGH
0006765,0.4470553768411039,batch_1300-1400.arrow,LOW
0006766,0.651923509526381,batch_1300-1400.arrow,HIGH
0006767,0.07567637449420213,batch_1300-1400.arrow,LOW
0006768,0.5358710645412523,batch_1300-1400.arrow,HIGH
0006769,0.3448367815641174,batch_1300-1400.arrow,LOW
0006770,0.7982257604208889,batch_1300-1400.arrow,HIGH
0006771,0.08299000555073753,batch_1300-1400.arrow,LOW
0006772,0.6105794791102538,batch_1300-1400.arrow,HIGH
0006774,0.663372597225358,batch_1300-1400.arrow,HIGH
0006775,0.23349956918602496,batch_1300-1400.arrow,LOW
0006776,0.7281168337243175,batch_1300-1400.arrow,HIGH
0006778,0.6525362631079419,batch_1300-1400.arrow,HIGH
0006779,0.157675808239455,batch_1300-1400.arrow,LOW
0006780,0.3327908220505396,batch_1300-1400.arrow,LOW
0006782,0.7057694378727168,batch_1300-1400.arrow,HIGH
0006784,0.5903846682623795,batch_1300-1400.arrow,HIGH
0006785,0.6464139390455951,batch_1300-1400.arrow,HIGH
0006786,0.7598070924192389,batch_1300-1400.arrow,HIGH
0006787,0.6511480133632078,batch_1300-1400.arrow,HIGH
0006788,0.6375975001204081,batch_1300-1400.arrow,HIGH
0006790,0.6967757490758726,batch_1300-1400.arrow,HIGH
0006791,0.19348472686935128,batch_1300-1400.arrow,LOW
0006792,0.48304632484395277,batch_1300-1400.arrow,LOW
0006794,0.5963761135602611,batch_1300-1400.arrow,HIGH
0006795,0.6526117629289342,batch_1300-1400.arrow,HIGH
0006796,0.16039061752128295,batch_1300-1400.arrow,LOW
0006797,0.5781847450844929,batch_1300-1400.arrow,HIGH
0006798,0.544007112135466,batch_1300-1400.arrow,HIGH
0006799,0.7910649557159797,batch_1300-1400.arrow,HIGH
0006800,0.6955566897504503,batch_1300-1400.arrow,HIGH
0006801,0.5101318201543904,batch_1300-1400.arrow,HIGH
0006803,0.2931436482980225,batch_1300-1400.arrow,LOW
0006805,0.5433673587112297,batch_1300-1400.arrow,HIGH
0006806,0.6721345730154934,batch_1300-1400.arrow,HIGH
0006807,0.754505969720376,batch_1300-1400.arrow,HIGH
0006808,0.784289520157444,batch_1300-1400.arrow,HIGH
0006809,0.6835171140648466,batch_1300-1400.arrow,HIGH
0006810,0.6905253024752486,batch_1300-1400.arrow,HIGH
0006811,0.5062268390833097,batch_1300-1400.arrow,HIGH
0006935,0.813081070511256,batch_1500-1600.arrow,HIGH
0006936,0.5846155480868728,batch_1500-1600.arrow,HIGH
0006937,0.543688795762576,batch_1500-1600.arrow,HIGH
0006938,0.7278055658355241,batch_1500-1600.arrow,HIGH
0006939,0.59353270402129,batch_1500-1600.arrow,HIGH
0006940,0.461646244549854,batch_1500-1600.arrow,LOW
0006941,0.6726920933879391,batch_1500-1600.arrow,HIGH
0006942,0.26468755092612123,batch_1500-1600.arrow,LOW
0006944,0.7052446918553236,batch_1500-1600.arrow,HIGH
0006946,0.7650428493601563,batch_1500-1600.arrow,HIGH
0006947,0.6274273726092569,batch_1500-1600.arrow,HIGH
0006948,0.7131303009826815,batch_1500-1600.arrow,HIGH
0006951,0.7237270617578657,batch_1500-1600.arrow,HIGH
0006952,0.7196230662604567,batch_1500-1600.arrow,HIGH
0006953,0.6853164089109213,batch_1500-1600.arrow,HIGH
0006954,0.7218025555237801,batch_1500-1600.arrow,HIGH
0006955,0.5915657432972092,batch_1500-1600.arrow,HIGH
0006956,0.7414298866233651,batch_1500-1600.arrow,HIGH
0006957,0.48192624805896417,batch_1500-1600.arrow,LOW
0006958,0.7258698301061499,batch_1500-1600.arrow,HIGH
0006959,0.7809407127931575,batch_1500-1600.arrow,HIGH
0006960,0.27095771538101054,batch_1500-1600.arrow,LOW
0006961,0.11525367876408067,batch_1500-1600.arrow,LOW
0006962,0.13802103280576916,batch_1500-1600.arrow,LOW
0006964,0.7145029675108235,batch_1500-1600.arrow,HIGH
0006966,0.5098435216395335,batch_1500-1600.arrow,HIGH
0006967,0.08273155514880604,batch_1500-1600.arrow,LOW
0006968,0.5580754142933159,batch_1500-1600.arrow,HIGH
0006969,0.7807516322970504,batch_1500-1600.arrow,HIGH
0006970,0.6594572309669445,batch_1500-1600.arrow,HIGH
0006972,0.6695412951752301,batch_1500-1600.arrow,HIGH
0006973,0.15223624064734695,batch_1500-1600.arrow,LOW
0006974,0.746804877333644,batch_1500-1600.arrow,HIGH
0006975,0.6738655227556625,batch_1500-1600.arrow,HIGH
0006977,0.10621582593013112,batch_1500-1600.arrow,LOW
0006979,0.6648740531273514,batch_1500-1600.arrow,HIGH
0006980,0.6754676947391727,batch_1500-1600.arrow,HIGH
0006981,0.7714192300173893,batch_1500-1600.arrow,HIGH
0006982,0.6997764674579442,batch_1500-1600.arrow,HIGH
0006983,0.7707921544897246,batch_1500-1600.arrow,HIGH
0006984,0.5824090898860989,batch_1500-1600.arrow,HIGH
0006985,0.6122321261834495,batch_1500-1600.arrow,HIGH
0006986,0.716853831286207,batch_1500-1600.arrow,HIGH
0006987,0.7193528799724668,batch_1500-1600.arrow,HIGH
0006988,0.7113716250045794,batch_1500-1600.arrow,HIGH
0006989,0.3373194538628483,batch_1500-1600.arrow,LOW
0006990,0.20041191394458355,batch_1500-1600.arrow,LOW
0006991,0.7383837769479845,batch_1500-1600.arrow,HIGH
0006992,0.05875012945981244,batch_1500-1600.arrow,LOW
0006993,0.7501738482960111,batch_1500-1600.arrow,HIGH
0006994,0.6117992480328066,batch_1500-1600.arrow,HIGH
0006995,0.7932259074884463,batch_1500-1600.arrow,HIGH
0006996,0.5769138016238116,batch_1500-1600.arrow,HIGH
0006997,0.7057944543855313,batch_1500-1600.arrow,HIGH
0006998,0.5996919923717955,batch_1500-1600.arrow,HIGH
0006999,0.6832360401836676,batch_1500-1600.arrow,HIGH
0007001,0.3085428250033347,batch_1500-1600.arrow,LOW
0007003,0.4245839208933378,batch_1500-1600.arrow,LOW
0007004,0.6665420677721912,batch_1500-1600.arrow,HIGH
0007005,0.5790869034282576,batch_1500-1600.arrow,HIGH
0007006,0.3296667779501145,batch_1500-1600.arrow,LOW
0007010,0.24987246496414803,batch_1500-1600.arrow,LOW
0007011,0.627467584162861,batch_1500-1600.arrow,HIGH
0007012,0.6156299677367233,batch_1500-1600.arrow,HIGH
0007013,0.6804258788727294,batch_1500-1600.arrow,HIGH
0007014,0.7806134318317008,batch_1500-1600.arrow,HIGH
0007015,0.7163573015735937,batch_1500-1600.arrow,HIGH
0007016,0.3764152954360251,batch_1500-1600.arrow,LOW
0007017,0.2712796228641192,batch_1500-1600.arrow,LOW
0007018,0.6477255994479404,batch_1500-1600.arrow,HIGH
0007019,0.6180108068460649,batch_1500-1600.arrow,HIGH
0007020,0.2352658679118769,batch_1500-1600.arrow,LOW
0007022,0.7567500658405844,batch_1500-1600.arrow,HIGH
0007023,0.7298907549608901,batch_1500-1600.arrow,HIGH
0007024,0.1384639753677754,batch_1500-1600.arrow,LOW
0007025,0.7609380672553541,batch_1500-1600.arrow,HIGH
0007026,0.5236187968672109,batch_1500-1600.arrow,HIGH
0007027,0.573374672413558,batch_1500-1600.arrow,HIGH
0007028,0.3355592391694077,batch_1500-1600.arrow,LOW
0007029,0.021191652606109817,batch_1500-1600.arrow,LOW
0007030,0.7573642240144727,batch_1500-1600.arrow,HIGH
0007032,0.7331337540428472,batch_1500-1600.arrow,HIGH
0007033,0.18358325826547825,batch_1500-1600.arrow,LOW
0007037,0.7040500360648748,batch_1500-1600.arrow,HIGH
0007039,0.5083065301260111,batch_1500-1600.arrow,HIGH
0007041,0.7124786926075649,batch_1500-1600.arrow,HIGH
0007043,0.7339210602954068,batch_1500-1600.arrow,HIGH
0007044,0.39746111726426725,batch_1500-1600.arrow,LOW
0007047,0.8057229200766033,batch_1500-1600.arrow,HIGH
0007048,0.7294543623623836,batch_1500-1600.arrow,HIGH
0007052,0.5621490314229989,batch_1500-1600.arrow,HIGH
0007053,0.6320328280742126,batch_1500-1600.arrow,HIGH
0007054,0.7241642385251591,batch_1500-1600.arrow,HIGH
0007057,0.7175426206868748,batch_1500-1600.arrow,HIGH
0007058,0.6324238137412411,batch_1500-1600.arrow,HIGH
0007059,0.6829480869172521,batch_1500-1600.arrow,HIGH
0007060,0.5916912518924587,batch_1500-1600.arrow,HIGH
0007061,0.7514907738091945,batch_1500-1600.arrow,HIGH
0007063,0.623923201147208,batch_1500-1600.arrow,HIGH
0007064,0.16687259165008597,batch_1600-1700.arrow,LOW
0007066,0.6467875093930331,batch_1600-1700.arrow,HIGH
0007067,0.6787454659920379,batch_1600-1700.arrow,HIGH
0007068,0.5368109170395592,batch_1600-1700.arrow,HIGH
0007069,0.2520859907413285,batch_1600-1700.arrow,LOW
0007071,0.6851464013272061,batch_1600-1700.arrow,HIGH
0007072,0.6385153491892773,batch_1600-1700.arrow,HIGH
0007073,0.5666616337068865,batch_1600-1700.arrow,HIGH
0007074,0.6782283931679731,batch_1600-1700.arrow,HIGH
0007075,0.6843465412561883,batch_1600-1700.arrow,HIGH
0007078,0.6916399894416645,batch_1600-1700.arrow,HIGH
0007079,0.42466572050684254,batch_1600-1700.arrow,LOW
0007080,0.5048315723714916,batch_1600-1700.arrow,HIGH
0007081,0.2006180173336066,batch_1600-1700.arrow,LOW
0007084,0.6653231151839419,batch_1600-1700.arrow,HIGH
0007085,0.07634763428951,batch_1600-1700.arrow,LOW
0007086,0.7409047050200561,batch_1600-1700.arrow,HIGH
0007087,0.5713448734455612,batch_1600-1700.arrow,HIGH
0007088,0.6314336893228397,batch_1600-1700.arrow,HIGH
0007089,0.725673537136997,batch_1600-1700.arrow,HIGH
0007091,0.6312078180459939,batch_1600-1700.arrow,HIGH
0007092,0.6975434741164962,batch_1600-1700.arrow,HIGH
0007094,0.7218888436338297,batch_1600-1700.arrow,HIGH
0007095,0.6242571184692983,batch_1600-1700.arrow,HIGH
0007096,0.685456666125385,batch_1600-1700.arrow,HIGH
0007097,0.6693362463808334,batch_1600-1700.arrow,HIGH
0007100,0.7832079798014574,batch_1600-1700.arrow,HIGH
0007101,0.7033646947577278,batch_1600-1700.arrow,HIGH
0007102,0.6403388528920289,batch_1600-1700.arrow,HIGH
0007105,0.6754841601517841,batch_1600-1700.arrow,HIGH
0007107,0.3855477530151192,batch_1600-1700.arrow,LOW
0007108,0.42416025972536686,batch_1600-1700.arrow,LOW
0007109,0.6054186909056125,batch_1600-1700.arrow,HIGH
0007110,0.413200646596046,batch_1600-1700.arrow,LOW
0007111,0.19981816649174702,batch_1600-1700.arrow,LOW
0007112,0.3203507414286965,batch_1600-1700.arrow,LOW
0007113,0.5507025453534115,batch_1600-1700.arrow,HIGH
0007114,0.1290600413925429,batch_1600-1700.arrow,LOW
0007115,0.5002354978207436,batch_1600-1700.arrow,HIGH
0007116,0.30359178292529193,batch_1600-1700.arrow,LOW
0007117,0.7753072781705734,batch_1600-1700.arrow,HIGH
0007118,0.8282619503298364,batch_1600-1700.arrow,HIGH
0007119,0.5032221111661205,batch_1600-1700.arrow,HIGH
0007122,0.6472407217671865,batch_1600-1700.arrow,HIGH
0007123,0.5995566040338832,batch_1600-1700.arrow,HIGH
0007124,0.6613505793867713,batch_1600-1700.arrow,HIGH
0007126,0.5279833737596317,batch_1600-1700.arrow,HIGH
0007128,0.5026406003010988,batch_1600-1700.arrow,HIGH
0007132,0.18779860426497988,batch_1600-1700.arrow,LOW
0007134,0.6931817102166612,batch_1600-1700.arrow,HIGH
0007135,0.7452430321701561,batch_1600-1700.arrow,HIGH
0007136,0.5915671980887972,batch_1600-1700.arrow,HIGH
0007137,0.7884289562415451,batch_1600-1700.arrow,HIGH
0007140,0.1548729404047825,batch_1600-1700.arrow,LOW
0007141,0.5943935700152461,batch_1600-1700.arrow,HIGH
0007142,0.21912902849561836,batch_1600-1700.arrow,LOW
0007143,0.5843791650383355,batch_1600-1700.arrow,HIGH
0007144,0.5350959922035129,batch_1600-1700.arrow,HIGH
0007145,0.72487902006423,batch_1600-1700.arrow,HIGH
0007146,0.22959929046479197,batch_1600-1700.arrow,LOW
0007148,0.6915746966497801,batch_1600-1700.arrow,HIGH
0007149,0.2915431793449533,batch_1600-1700.arrow,LOW
0007152,0.7163401345583402,batch_1600-1700.arrow,HIGH
0007154,0.12655985104415496,batch_1600-1700.arrow,LOW
0007155,0.7841820764989503,batch_1600-1700.arrow,HIGH
0007156,0.7682400209405346,batch_1600-1700.arrow,HIGH
0007157,0.45752608343051265,batch_1600-1700.arrow,LOW
0007158,0.7300928843513583,batch_1600-1700.arrow,HIGH
0007159,0.7968716414728364,batch_1600-1700.arrow,HIGH
0007160,0.7500937578468202,batch_1600-1700.arrow,HIGH
0007163,0.10563742155372675,batch_1600-1700.arrow,LOW
0007165,0.1501204378747929,batch_1600-1700.arrow,LOW
0007166,0.6788361683052982,batch_1600-1700.arrow,HIGH
0007167,0.6672181035200718,batch_1600-1700.arrow,HIGH
0007168,0.7532441109068996,batch_1600-1700.arrow,HIGH
0007170,0.24326774167158907,batch_1600-1700.arrow,LOW
0007171,0.6935175424767958,batch_1600-1700.arrow,HIGH
0007172,0.5180617394034824,batch_1600-1700.arrow,HIGH
0007174,0.7556850998550272,batch_1600-1700.arrow,HIGH
0007175,0.23292842225609012,batch_1600-1700.arrow,LOW
0007178,0.4410591576715805,batch_1600-1700.arrow,LOW
0007179,0.6075408479901986,batch_1600-1700.arrow,HIGH
0007180,0.5804529047521337,batch_1600-1700.arrow,HIGH
0007181,0.7070918454104627,batch_1600-1700.arrow,HIGH
0007182,0.6805947741017143,batch_1600-1700.arrow,HIGH
0007185,0.45564119686890575,batch_1600-1700.arrow,LOW
0007186,0.4308185879827921,batch_1600-1700.arrow,LOW
0007187,0.6511985177306996,batch_1600-1700.arrow,HIGH
0007188,0.17573478164016332,batch_1600-1700.arrow,LOW
0007189,0.6508263645691154,batch_1600-1700.arrow,HIGH
0007191,0.6755873385694576,batch_1600-1700.arrow,HIGH
0007192,0.678417664437705,batch_1600-1700.arrow,HIGH
0007193,0.7219140164926406,batch_1600-1700.arrow,HIGH
0007194,0.4955071070853821,batch_1600-1700.arrow,LOW
0007195,0.7496421661998744,batch_1600-1700.arrow,HIGH
0007196,0.7423805906131022,batch_1600-1700.arrow,HIGH
0007197,0.7301779923431084,batch_1600-1700.arrow,HIGH
0007198,0.27119883749257984,batch_1600-1700.arrow,LOW
0007199,0.6806151828059588,batch_1600-1700.arrow,HIGH
0007200,0.3582273099767439,batch_1700-1800.arrow,LOW
0007201,0.647455629726832,batch_1700-1800.arrow,HIGH
0007203,0.11562602970322006,batch_1700-1800.arrow,LOW
0007204,0.6742641708611025,batch_1700-1800.arrow,HIGH
0007205,0.6403723307381953,batch_1700-1800.arrow,HIGH
0007206,0.6998652121696401,batch_1700-1800.arrow,HIGH
0007211,0.373636374713397,batch_1700-1800.arrow,LOW
0007212,0.6856467781268742,batch_1700-1800.arrow,HIGH
0007213,0.17633916999113572,batch_1700-1800.arrow,LOW
0007214,0.5690485344908854,batch_1700-1800.arrow,HIGH
0007216,0.5578797261533796,batch_1700-1800.arrow,HIGH
0007218,0.6186294769304918,batch_1700-1800.arrow,HIGH
0007219,0.7639917829127718,batch_1700-1800.arrow,HIGH
0007220,0.5742831785770534,batch_1700-1800.arrow,HIGH
0007221,0.7145642740082679,batch_1700-1800.arrow,HIGH
0007222,0.6533824537001958,batch_1700-1800.arrow,HIGH
0007223,0.06008940654111414,batch_1700-1800.arrow,LOW
0007224,0.5867890757109365,batch_1700-1800.arrow,HIGH
0007226,0.46862550285918764,batch_1700-1800.arrow,LOW
0007227,0.7540245604777743,batch_1700-1800.arrow,HIGH
0007228,0.7324848905870365,batch_1700-1800.arrow,HIGH
0007229,0.2933780480755143,batch_1700-1800.arrow,LOW
0007231,0.3369073841371346,batch_1700-1800.arrow,LOW
0007232,0.7121876759444224,batch_1700-1800.arrow,HIGH
0007233,0.6811630188366734,batch_1700-1800.arrow,HIGH
0007235,0.6504593429764253,batch_1700-1800.arrow,HIGH
0007236,0.3085838779396126,batch_1700-1800.arrow,LOW
0007237,0.2949635529496614,batch_1700-1800.arrow,LOW
0007238,0.369255523343674,batch_1700-1800.arrow,LOW
0007239,0.6208124634945724,batch_1700-1800.arrow,HIGH
0007240,0.6159106855909531,batch_1700-1800.arrow,HIGH
0007241,0.4896452333290266,batch_1700-1800.arrow,LOW
0007242,0.7029167533730319,batch_1700-1800.arrow,HIGH
0007243,0.5796505824122462,batch_1700-1800.arrow,HIGH
0007245,0.7332687828632117,batch_1700-1800.arrow,HIGH
0007247,0.27699587292006644,batch_1700-1800.arrow,LOW
0007248,0.43774731446885423,batch_1700-1800.arrow,LOW
0007249,0.23178085980426985,batch_1700-1800.arrow,LOW
0007250,0.6888687410180298,batch_1700-1800.arrow,HIGH
0007253,0.5644856868516251,batch_1700-1800.arrow,HIGH
0007254,0.7118065027374167,batch_1700-1800.arrow,HIGH
0007255,0.6964286869055368,batch_1700-1800.arrow,HIGH
0007256,0.7029375751073036,batch_1700-1800.arrow,HIGH
0007257,0.36871277062622493,batch_1700-1800.arrow,LOW
0007258,0.7156751059742609,batch_1700-1800.arrow,HIGH
0007259,0.5086500454148662,batch_1700-1800.arrow,HIGH
0007260,0.6553811504548456,batch_1700-1800.arrow,HIGH
0007261,0.21254618688728447,batch_1700-1800.arrow,LOW
0007263,0.3100394946804693,batch_1700-1800.arrow,LOW
0007264,0.49780700017736246,batch_1700-1800.arrow,LOW
0007266,0.4367459799973603,batch_1700-1800.arrow,LOW
0007267,0.3373881933003009,batch_1700-1800.arrow,LOW
0007268,0.40252722315925943,batch_1700-1800.arrow,LOW
0007269,0.20131912135883193,batch_1700-1800.arrow,LOW
0007270,0.7477764921621848,batch_1700-1800.arrow,HIGH
0007271,0.5989972789455794,batch_1700-1800.arrow,HIGH
0007272,0.4475868275141253,batch_1700-1800.arrow,LOW
0007273,0.17484983023025025,batch_1700-1800.arrow,LOW
0007274,0.10857649854031654,batch_1700-1800.arrow,LOW
0007275,0.4890344627229361,batch_1700-1800.arrow,LOW
0007276,0.7601697136877119,batch_1700-1800.arrow,HIGH
0007277,0.5571390427095758,batch_1700-1800.arrow,HIGH
0007278,0.8086522435804002,batch_1700-1800.arrow,HIGH
0007280,0.6076294371608082,batch_1700-1800.arrow,HIGH
0007281,0.683069931669226,batch_1700-1800.arrow,HIGH
0007282,0.5328963730865052,batch_1700-1800.arrow,HIGH
0007283,0.22955580027516417,batch_1700-1800.arrow,LOW
0007284,0.7150011764742015,batch_1700-1800.arrow,HIGH
0007285,0.5081109496634221,batch_1700-1800.arrow,HIGH
0007286,0.1782251250292148,batch_1700-1800.arrow,LOW
0007287,0.7984506515883839,batch_1700-1800.arrow,HIGH
0007290,0.779387062625328,batch_1700-1800.arrow,HIGH
0007291,0.7004955290485206,batch_1700-1800.arrow,HIGH
0007292,0.6572538642153418,batch_1700-1800.arrow,HIGH
0007293,0.5932373618443992,batch_1700-1800.arrow,HIGH
0007294,0.764257264103212,batch_1700-1800.arrow,HIGH
0007295,0.796367531629448,batch_1700-1800.arrow,HIGH
0007296,0.7787300207953861,batch_1700-1800.arrow,HIGH
0007298,0.1350479180325469,batch_1700-1800.arrow,LOW
0007299,0.6470349484828573,batch_1700-1800.arrow,HIGH
0007301,0.6768147067659384,batch_1700-1800.arrow,HIGH
0007302,0.5909999713757362,batch_1700-1800.arrow,HIGH
0007303,0.469423388512662,batch_1700-1800.arrow,LOW
0007304,0.7021010605005914,batch_1700-1800.arrow,HIGH
0007305,0.6327007084089994,batch_1700-1800.arrow,HIGH
0007306,0.300384240605416,batch_1700-1800.arrow,LOW
0007308,0.6229478961930112,batch_1700-1800.arrow,HIGH
0007309,0.599309514580881,batch_1700-1800.arrow,HIGH
0007310,0.11256839288004401,batch_1700-1800.arrow,LOW
0007312,0.7339302331474432,batch_1700-1800.arrow,HIGH
0007313,0.7484656795702455,batch_1700-1800.arrow,HIGH
0007314,0.5174056222603837,batch_1700-1800.arrow,HIGH
0007315,0.7691159226125645,batch_1700-1800.arrow,HIGH
0007316,0.8035995298628311,batch_1700-1800.arrow,HIGH
0007317,0.6681711550154857,batch_1700-1800.arrow,HIGH
0007318,0.6028977916421954,batch_1700-1800.arrow,HIGH
0007320,0.6214422813900976,batch_1800-1900.arrow,HIGH
0007322,0.7337790426403972,batch_1800-1900.arrow,HIGH
0007323,0.5798532762171341,batch_1800-1900.arrow,HIGH
0007324,0.35124940570578583,batch_1800-1900.arrow,LOW
0007325,0.5501199762758623,batch_1800-1900.arrow,HIGH
0007326,0.7056894711736943,batch_1800-1900.arrow,HIGH
0007327,0.5039052201761142,batch_1800-1900.arrow,HIGH
0007328,0.557366933994962,batch_1800-1900.arrow,HIGH
0007330,0.3191597980353987,batch_1800-1900.arrow,LOW
0007331,0.6647844662227118,batch_1800-1900.arrow,HIGH
0007332,0.5939225023154595,batch_1800-1900.arrow,HIGH
0007333,0.791611203280044,batch_1800-1900.arrow,HIGH
0007334,0.21596853055395535,batch_1800-1900.arrow,LOW
0007335,0.7205528244212261,batch_1800-1900.arrow,HIGH
0007336,0.7579770319394344,batch_1800-1900.arrow,HIGH
0007337,0.053535737314614695,batch_1800-1900.arrow,LOW
0007338,0.6836197857595461,batch_1800-1900.arrow,HIGH
0007339,0.4353760861418654,batch_1800-1900.arrow,LOW
0007341,0.6285275326358043,batch_1800-1900.arrow,HIGH
0007344,0.7236182619924412,batch_1800-1900.arrow,HIGH
0007345,0.6633495444209296,batch_1800-1900.arrow,HIGH
0007346,0.17045738690715992,batch_1800-1900.arrow,LOW
0007347,0.6818356413256662,batch_1800-1900.arrow,HIGH
0007348,0.6375808279667846,batch_1800-1900.arrow,HIGH
0007349,0.7689697619061645,batch_1800-1900.arrow,HIGH
0007350,0.7373628957575203,batch_1800-1900.arrow,HIGH
0007352,0.6843994658797697,batch_1800-1900.arrow,HIGH
0007353,0.020489195080384135,batch_1800-1900.arrow,LOW
0007354,0.5011694521512172,batch_1800-1900.arrow,HIGH
0007356,0.5492587940032251,batch_1800-1900.arrow,HIGH
0007357,0.7392292664850029,batch_1800-1900.arrow,HIGH
0007358,0.6785432809116663,batch_1800-1900.arrow,HIGH
0007359,0.5469078730772724,batch_1800-1900.arrow,HIGH
0007360,0.7526268364247866,batch_1800-1900.arrow,HIGH
0007361,0.6728430021307311,batch_1800-1900.arrow,HIGH
0007363,0.6757754999508846,batch_1800-1900.arrow,HIGH
0007364,0.7567494855699374,batch_1800-1900.arrow,HIGH
0007365,0.6662088010084927,batch_1800-1900.arrow,HIGH
0007367,0.8181809553670524,batch_1800-1900.arrow,HIGH
0007368,0.6926955658297281,batch_1800-1900.arrow,HIGH
0007369,0.6579687702096196,batch_1800-1900.arrow,HIGH
0007370,0.030188578378968673,batch_1800-1900.arrow,LOW
0007372,0.6598718774794472,batch_1800-1900.arrow,HIGH
0007373,0.6328611217423084,batch_1800-1900.arrow,HIGH
0007374,0.17476768752764313,batch_1800-1900.arrow,LOW
0007375,0.4674221104325396,batch_1800-1900.arrow,LOW
0007377,0.6548613334863583,batch_1800-1900.arrow,HIGH
0007379,0.6547817609654513,batch_1800-1900.arrow,HIGH
0007381,0.2809698312267517,batch_1800-1900.arrow,LOW
0007382,0.1903351576447464,batch_1800-1900.arrow,LOW
0007384,0.6935868338109868,batch_1800-1900.arrow,HIGH
0007385,0.7435864665245893,batch_1800-1900.arrow,HIGH
0007386,0.7145487112039651,batch_1800-1900.arrow,HIGH
0007387,0.6856979003995861,batch_1800-1900.arrow,HIGH
0007388,0.6402713309493419,batch_1800-1900.arrow,HIGH
0007389,0.7012181492149147,batch_1800-1900.arrow,HIGH
0007390,0.6241496867041766,batch_1800-1900.arrow,HIGH
0007391,0.6805647484889102,batch_1800-1900.arrow,HIGH
0007393,0.6979256644922236,batch_1800-1900.arrow,HIGH
0007394,0.6471871071254088,batch_1800-1900.arrow,HIGH
0007396,0.7060447653191423,batch_1800-1900.arrow,HIGH
0007397,0.6854572055610112,batch_1800-1900.arrow,HIGH
0007398,0.6791181807387501,batch_1800-1900.arrow,HIGH
0007399,0.6088681623468276,batch_1800-1900.arrow,HIGH
0007400,0.12074465690441223,batch_1800-1900.arrow,LOW
0007401,0.5678064817749401,batch_1800-1900.arrow,HIGH
0007402,0.780898932138594,batch_1800-1900.arrow,HIGH
0007403,0.6564096315994253,batch_1800-1900.arrow,HIGH
0007405,0.7200501442539312,batch_1800-1900.arrow,HIGH
0007406,0.6651327060766737,batch_1800-1900.arrow,HIGH
0007407,0.6388180435424823,batch_1800-1900.arrow,HIGH
0007408,0.6557851114426068,batch_1800-1900.arrow,HIGH
0007409,0.15547072773875711,batch_1800-1900.arrow,LOW
0007410,0.27505068030429775,batch_1800-1900.arrow,LOW
0007411,0.6759328744021724,batch_1800-1900.arrow,HIGH
0007412,0.4215752109142843,batch_1800-1900.arrow,LOW
0007414,0.6861325331345062,batch_1800-1900.arrow,HIGH
0007417,0.7565608198679351,batch_1800-1900.arrow,HIGH
0007418,0.7103929657731213,batch_1800-1900.arrow,HIGH
0007420,0.7531213382909904,batch_1800-1900.arrow,HIGH
0007421,0.27030121904159526,batch_1800-1900.arrow,LOW
0007422,0.632905398483753,batch_1800-1900.arrow,HIGH
0007423,0.7044261462841278,batch_1800-1900.arrow,HIGH
0007426,0.6364592891706455,batch_1800-1900.arrow,HIGH
0007427,0.6864613071793747,batch_1800-1900.arrow,HIGH
0007428,0.6412060968043501,batch_1800-1900.arrow,HIGH
0007429,0.7981374364879953,batch_1800-1900.arrow,HIGH
0007430,0.4126422066540442,batch_1800-1900.arrow,LOW
0007431,0.7346021471087961,batch_1800-1900.arrow,HIGH
0007432,0.7424401635962822,batch_1800-1900.arrow,HIGH
0007433,0.6648256664409401,batch_1800-1900.arrow,HIGH
0007434,0.49442944331669453,batch_1800-1900.arrow,LOW
0007435,0.43871237788430273,batch_1800-1900.arrow,LOW
0007436,0.7689690856016355,batch_1800-1900.arrow,HIGH
0007437,0.7160630980856723,batch_1800-1900.arrow,HIGH
0007438,0.7924539469699344,batch_1800-1900.arrow,HIGH
0007439,0.713886026816657,batch_1800-1900.arrow,HIGH
0007440,0.4982884259739353,batch_1800-1900.arrow,LOW
0007441,0.6887844064623048,batch_1800-1900.arrow,HIGH
0007442,0.8276142428621798,batch_1900-2000.arrow,HIGH
0007443,0.6989378873336692,batch_1900-2000.arrow,HIGH
0007444,0.7478750070205885,batch_1900-2000.arrow,HIGH
0007445,0.7689499176439852,batch_1900-2000.arrow,HIGH
0007447,0.7751396993359081,batch_1900-2000.arrow,HIGH
0007448,0.5774577452936973,batch_1900-2000.arrow,HIGH
0007449,0.741618844940333,batch_1900-2000.arrow,HIGH
0007450,0.5878377465166844,batch_1900-2000.arrow,HIGH
0007452,0.7150593623562026,batch_1900-2000.arrow,HIGH
0007453,0.5741753882019256,batch_1900-2000.arrow,HIGH
0007457,0.6771071711654209,batch_1900-2000.arrow,HIGH
0007458,0.6744190196817473,batch_1900-2000.arrow,HIGH
0007459,0.24963167331679922,batch_1900-2000.arrow,LOW
0007460,0.7408635901198815,batch_1900-2000.arrow,HIGH
0007461,0.6939013535327566,batch_1900-2000.arrow,HIGH
0007464,0.8009692360541084,batch_1900-2000.arrow,HIGH
0007465,0.59085886280987,batch_1900-2000.arrow,HIGH
0007466,0.271113927424902,batch_1900-2000.arrow,LOW
0007467,0.5775193696053591,batch_1900-2000.arrow,HIGH
0007468,0.6862457855714911,batch_1900-2000.arrow,HIGH
0007469,0.41816815315411543,batch_1900-2000.arrow,LOW
0007471,0.7068023188435797,batch_1900-2000.arrow,HIGH
0007472,0.5479094379861646,batch_1900-2000.arrow,HIGH
0007473,0.8420197373647867,batch_1900-2000.arrow,HIGH
0007474,0.12231094823816929,batch_1900-2000.arrow,LOW
0007475,0.3272340766864102,batch_1900-2000.arrow,LOW
0007476,0.3125275479232534,batch_1900-2000.arrow,LOW
0007478,0.7247091919991101,batch_1900-2000.arrow,HIGH
0007479,0.7448332769239331,batch_1900-2000.arrow,HIGH
0007480,0.8511649343798293,batch_1900-2000.arrow,HIGH
0007481,0.6694405037670063,batch_1900-2000.arrow,HIGH
0007482,0.5202607510900048,batch_1900-2000.arrow,HIGH
0007483,0.6704761311442019,batch_1900-2000.arrow,HIGH
0007484,0.7820451697550048,batch_1900-2000.arrow,HIGH
0007485,0.07796254211988718,batch_1900-2000.arrow,LOW
0007486,0.33677921231452673,batch_1900-2000.arrow,LOW
0007487,0.59031970997289,batch_1900-2000.arrow,HIGH
0007488,0.5802210930162902,batch_1900-2000.arrow,HIGH
0007491,0.2099882625052749,batch_1900-2000.arrow,LOW
0007492,0.4028424554414071,batch_1900-2000.arrow,LOW
0007494,0.3636880742069377,batch_1900-2000.arrow,LOW
0007495,0.7013173946511837,batch_1900-2000.arrow,HIGH
0007496,0.4577985324609451,batch_1900-2000.arrow,LOW
0007497,0.6725209183043611,batch_1900-2000.arrow,HIGH
0007498,0.5290919811835589,batch_1900-2000.arrow,HIGH
0007501,0.8050361884537671,batch_1900-2000.arrow,HIGH
0007502,0.6698300358936938,batch_1900-2000.arrow,HIGH
0007503,0.6862663842967401,batch_1900-2000.arrow,HIGH
0007504,0.7154997387627263,batch_1900-2000.arrow,HIGH
0007505,0.6766427639406419,batch_1900-2000.arrow,HIGH
0007506,0.7392534284399247,batch_1900-2000.arrow,HIGH
0007507,0.5080328056331984,batch_1900-2000.arrow,HIGH
0007510,0.7208052652396967,batch_1900-2000.arrow,HIGH
0007511,0.6415256412089496,batch_1900-2000.arrow,HIGH
0007512,0.7357592614290002,batch_1900-2000.arrow,HIGH
0007513,0.5986735611361818,batch_1900-2000.arrow,HIGH
0007516,0.14434162727560695,batch_1900-2000.arrow,LOW
0007517,0.6158953439037286,batch_1900-2000.arrow,HIGH
0007519,0.161859014875905,batch_1900-2000.arrow,LOW
0007521,0.6652290195473102,batch_1900-2000.arrow,HIGH
0007522,0.5402440336480563,batch_1900-2000.arrow,HIGH
0007523,0.6256284640695863,batch_1900-2000.arrow,HIGH
0007524,0.8038392899779271,batch_1900-2000.arrow,HIGH
0007525,0.7127126574964496,batch_1900-2000.arrow,HIGH
0007526,0.24591243177716046,batch_1900-2000.arrow,LOW
0007527,0.3999488664694251,batch_1900-2000.arrow,LOW
0007529,0.7837436252146243,batch_1900-2000.arrow,HIGH
0007530,0.62239660039641,batch_1900-2000.arrow,HIGH
0007531,0.6734663003011687,batch_1900-2000.arrow,HIGH
0007532,0.7059411550507885,batch_1900-2000.arrow,HIGH
0007533,0.2048481478945302,batch_1900-2000.arrow,LOW
0007534,0.6817183394543056,batch_1900-2000.arrow,HIGH
0007535,0.6547001449763047,batch_1900-2000.arrow,HIGH
0007536,0.12087211194297404,batch_1900-2000.arrow,LOW
0007537,0.47076966623528277,batch_1900-2000.arrow,LOW
0007538,0.5642829554878349,batch_1900-2000.arrow,HIGH
0007541,0.7634510847347525,batch_1900-2000.arrow,HIGH
0007542,0.7285584788678586,batch_1900-2000.arrow,HIGH
0007543,0.7243859469114634,batch_1900-2000.arrow,HIGH
0007544,0.6805879345250885,batch_1900-2000.arrow,HIGH
0007545,0.8164422715678289,batch_1900-2000.arrow,HIGH
0007548,0.21785153165833773,batch_1900-2000.arrow,LOW
0007549,0.3700899720722965,batch_1900-2000.arrow,LOW
0007551,0.41152388114565747,batch_1900-2000.arrow,LOW
0007552,0.37051784837377766,batch_1900-2000.arrow,LOW
0007553,0.6879305844869562,batch_1900-2000.arrow,HIGH
0007554,0.5766559142848089,batch_1900-2000.arrow,HIGH
0007555,0.28762929439585544,batch_1900-2000.arrow,LOW
0007556,0.6770597980358971,batch_1900-2000.arrow,HIGH
0007557,0.5961565449536145,batch_1900-2000.arrow,HIGH
0007558,0.6688328208199747,batch_1900-2000.arrow,HIGH
0007559,0.5656125716105992,batch_1900-2000.arrow,HIGH
0007560,0.5290995009859457,batch_1900-2000.arrow,HIGH
0007561,0.64624805370229,batch_1900-2000.arrow,HIGH
0007562,0.7033703562532888,batch_1900-2000.arrow,HIGH
0007563,0.5676784035851269,batch_1900-2000.arrow,HIGH
0007564,0.5830543168273201,batch_1900-2000.arrow,HIGH
0005134,0.5320230876156676,batch_200-300.arrow,HIGH
0005137,0.44998521694336624,batch_200-300.arrow,LOW
0005139,0.5811896837762709,batch_200-300.arrow,HIGH
0005140,0.8162689782452984,batch_200-300.arrow,HIGH
0005141,0.4844426462632449,batch_200-300.arrow,LOW
0005142,0.7941134887309368,batch_200-300.arrow,HIGH
0005143,0.736468300538931,batch_200-300.arrow,HIGH
0005146,0.6622096356527073,batch_200-300.arrow,HIGH
0005147,0.6610622884601837,batch_200-300.arrow,HIGH
0005148,0.6697655684807634,batch_200-300.arrow,HIGH
0005149,0.6667836961416834,batch_200-300.arrow,HIGH
0005150,0.44598374336958363,batch_200-300.arrow,LOW
0005151,0.7348818999043446,batch_200-300.arrow,HIGH
0005153,0.6557358796719196,batch_200-300.arrow,HIGH
0005154,0.6570132546900911,batch_200-300.arrow,HIGH
0005155,0.722214417350553,batch_200-300.arrow,HIGH
0005156,0.7461708573141749,batch_200-300.arrow,HIGH
0005157,0.7750774118065792,batch_200-300.arrow,HIGH
0005158,0.7796094534632108,batch_200-300.arrow,HIGH
0005159,0.23719292510600734,batch_200-300.arrow,LOW
0005160,0.7719142050847226,batch_200-300.arrow,HIGH
0005162,0.7503467925444506,batch_200-300.arrow,HIGH
0005163,0.43235122936043097,batch_200-300.arrow,LOW
0005166,0.7883108681669254,batch_200-300.arrow,HIGH
0005167,0.5980545213239954,batch_200-300.arrow,HIGH
0005168,0.6558763568378575,batch_200-300.arrow,HIGH
0005169,0.6156998530245644,batch_200-300.arrow,HIGH
0005170,0.7872687997181561,batch_200-300.arrow,HIGH
0005171,0.7570613205342448,batch_200-300.arrow,HIGH
0005172,0.8309282714041523,batch_200-300.arrow,HIGH
0005173,0.49753437021666275,batch_200-300.arrow,LOW
0005174,0.27119741182092366,batch_200-300.arrow,LOW
0005175,0.30329785078950944,batch_200-300.arrow,LOW
0005176,0.5438132769889651,batch_200-300.arrow,HIGH
0005177,0.6919189005297927,batch_200-300.arrow,HIGH
0005179,0.8160832228118192,batch_200-300.arrow,HIGH
0005180,0.6694652458797646,batch_200-300.arrow,HIGH
0005181,0.33229861237232994,batch_200-300.arrow,LOW
0005182,0.25348217563521924,batch_200-300.arrow,LOW
0005184,0.7434168996863114,batch_200-300.arrow,HIGH
0005185,0.7711071238534836,batch_200-300.arrow,HIGH
0005189,0.18124004625145415,batch_200-300.arrow,LOW
0005191,0.7199976545623112,batch_200-300.arrow,HIGH
0005197,0.7271117114161273,batch_200-300.arrow,HIGH
0005198,0.7435334461516101,batch_200-300.arrow,HIGH
0005200,0.7693360465460207,batch_200-300.arrow,HIGH
0005202,0.2256511225409473,batch_200-300.arrow,LOW
0005204,0.2855543574996226,batch_200-300.arrow,LOW
0005205,0.2703734358203567,batch_200-300.arrow,LOW
0005206,0.4428832915329887,batch_200-300.arrow,LOW
0005209,0.4456518545734589,batch_200-300.arrow,LOW
0005212,0.7101145417869876,batch_200-300.arrow,HIGH
0005213,0.4496173355525109,batch_200-300.arrow,LOW
0005215,0.24968183552193057,batch_200-300.arrow,LOW
0005216,0.8054191405700731,batch_200-300.arrow,HIGH
0005218,0.7164310619968316,batch_200-300.arrow,HIGH
0005220,0.5837729279510916,batch_200-300.arrow,HIGH
0005221,0.4250892416574196,batch_200-300.arrow,LOW
0005222,0.7714231270257829,batch_200-300.arrow,HIGH
0005223,0.7911162176526841,batch_200-300.arrow,HIGH
0005224,0.5803905489898321,batch_200-300.arrow,HIGH
0005225,0.5490682022887498,batch_200-300.arrow,HIGH
0005226,0.507804191146096,batch_200-300.arrow,HIGH
0005227,0.5186228730939618,batch_200-300.arrow,HIGH
0005228,0.7802908915155801,batch_200-300.arrow,HIGH
0005229,0.6772182787927914,batch_200-300.arrow,HIGH
0005230,0.6586933871240944,batch_200-300.arrow,HIGH
0005231,0.3709697875976621,batch_200-300.arrow,LOW
0005233,0.6338227935494484,batch_200-300.arrow,HIGH
0005234,0.6889195375256424,batch_200-300.arrow,HIGH
0005237,0.5767721952807789,batch_200-300.arrow,HIGH
0005238,0.6896026046892964,batch_200-300.arrow,HIGH
0005239,0.3856151001834123,batch_200-300.arrow,LOW
0005240,0.5749448579240218,batch_200-300.arrow,HIGH
0005241,0.7186960067821735,batch_200-300.arrow,HIGH
0005242,0.3655285146664416,batch_200-300.arrow,LOW
0005244,0.6919707738787769,batch_200-300.arrow,HIGH
0005246,0.7401253203865134,batch_200-300.arrow,HIGH
0005248,0.47725846346848955,batch_200-300.arrow,LOW
0005249,0.7300025948935905,batch_200-300.arrow,HIGH
0005250,0.7520741260343363,batch_200-300.arrow,HIGH
0005251,0.7026416558763676,batch_200-300.arrow,HIGH
0005252,0.7861491521659327,batch_200-300.arrow,HIGH
0005255,0.7043098420669387,batch_200-300.arrow,HIGH
0005258,0.6024771245666843,batch_200-300.arrow,HIGH
0005261,0.6847206925717492,batch_200-300.arrow,HIGH
0005262,0.15628539185973217,batch_200-300.arrow,LOW
0005263,0.6207106052619337,batch_200-300.arrow,HIGH
0005264,0.7392992535779803,batch_200-300.arrow,HIGH
0005265,0.7730440299715279,batch_200-300.arrow,HIGH
0005266,0.7968710125299613,batch_200-300.arrow,HIGH
0005267,0.7937537898717357,batch_200-300.arrow,HIGH
0005269,0.6746003794430965,batch_200-300.arrow,HIGH
0005271,0.5431526860322816,batch_200-300.arrow,HIGH
0005272,0.7809174571728611,batch_200-300.arrow,HIGH
0005273,0.7657911340057022,batch_200-300.arrow,HIGH
0005274,0.5636329346291732,batch_200-300.arrow,HIGH
0005275,0.3307777118909642,batch_200-300.arrow,LOW
0005276,0.40823803791271235,batch_200-300.arrow,LOW
0007566,0.7133042049304782,batch_2000-2100.arrow,HIGH
0007567,0.5252609448051909,batch_2000-2100.arrow,HIGH
0007568,0.6181686654193235,batch_2000-2100.arrow,HIGH
0007569,0.08592305322533145,batch_2000-2100.arrow,LOW
0007571,0.7115483031805141,batch_2000-2100.arrow,HIGH
0007572,0.7115353548882916,batch_2000-2100.arrow,HIGH
0007576,0.5979264739968524,batch_2000-2100.arrow,HIGH
0007577,0.5842297136155385,batch_2000-2100.arrow,HIGH
0007578,0.7284092902452265,batch_2000-2100.arrow,HIGH
0007579,0.6016866420261254,batch_2000-2100.arrow,HIGH
0007580,0.5933565316590467,batch_2000-2100.arrow,HIGH
0007581,0.23538184876685875,batch_2000-2100.arrow,LOW
0007582,0.32979078371182663,batch_2000-2100.arrow,LOW
0007584,0.7755377384267,batch_2000-2100.arrow,HIGH
0007585,0.776161095968367,batch_2000-2100.arrow,HIGH
0007586,0.590905476266676,batch_2000-2100.arrow,HIGH
0007588,0.8038574374519513,batch_2000-2100.arrow,HIGH
0007591,0.6469879393652487,batch_2000-2100.arrow,HIGH
0007592,0.7431761155993768,batch_2000-2100.arrow,HIGH
0007593,0.5691761714101599,batch_2000-2100.arrow,HIGH
0007594,0.7425798678568917,batch_2000-2100.arrow,HIGH
0007595,0.19561929572539313,batch_2000-2100.arrow,LOW
0007598,0.4116892761314051,batch_2000-2100.arrow,LOW
0007599,0.8123771060412363,batch_2000-2100.arrow,HIGH
0007600,0.8005505852432977,batch_2000-2100.arrow,HIGH
0007601,0.7928560010829928,batch_2000-2100.arrow,HIGH
0007602,0.5122482875532898,batch_2000-2100.arrow,HIGH
0007605,0.17334156910576312,batch_2000-2100.arrow,LOW
0007607,0.31489723426899613,batch_2000-2100.arrow,LOW
0007609,0.209338511879853,batch_2000-2100.arrow,LOW
0007611,0.0941200013207027,batch_2000-2100.arrow,LOW
0007612,0.7190454540874248,batch_2000-2100.arrow,HIGH
0007613,0.37788340663374936,batch_2000-2100.arrow,LOW
0007616,0.7984647783763124,batch_2000-2100.arrow,HIGH
0007618,0.6890702580125132,batch_2000-2100.arrow,HIGH
0007620,0.6619134901445095,batch_2000-2100.arrow,HIGH
0007621,0.39402501641793014,batch_2000-2100.arrow,LOW
0007625,0.6608065047457897,batch_2000-2100.arrow,HIGH
0007628,0.6705397102660816,batch_2000-2100.arrow,HIGH
0007632,0.6132215740998235,batch_2000-2100.arrow,HIGH
0007633,0.6317662462903302,batch_2000-2100.arrow,HIGH
0007634,0.12528218166100016,batch_2000-2100.arrow,LOW
0007637,0.7862618215361508,batch_2000-2100.arrow,HIGH
0007638,0.6207439967047191,batch_2000-2100.arrow,HIGH
0007640,0.6519686567292524,batch_2000-2100.arrow,HIGH
0007641,0.594041759859704,batch_2000-2100.arrow,HIGH
0007642,0.6647764694024351,batch_2000-2100.arrow,HIGH
0007643,0.3376639854507381,batch_2000-2100.arrow,LOW
0007644,0.26352239706509245,batch_2000-2100.arrow,LOW
0007646,0.29272612808406934,batch_2000-2100.arrow,LOW
0007647,0.6850850844338994,batch_2000-2100.arrow,HIGH
0007648,0.7702641788807588,batch_2000-2100.arrow,HIGH
0007649,0.6906381347399128,batch_2000-2100.arrow,HIGH
0007650,0.7035170199947789,batch_2000-2100.arrow,HIGH
0007651,0.6881078707408208,batch_2000-2100.arrow,HIGH
0007654,0.2011365286177623,batch_2000-2100.arrow,LOW
0007655,0.724222121987947,batch_2000-2100.arrow,HIGH
0007656,0.7438092370088315,batch_2000-2100.arrow,HIGH
0007657,0.7016638820989457,batch_2000-2100.arrow,HIGH
0007658,0.32088015311930795,batch_2000-2100.arrow,LOW
0007659,0.33865504307604155,batch_2000-2100.arrow,LOW
0007661,0.5272430179648798,batch_2000-2100.arrow,HIGH
0007665,0.6349448790025882,batch_2000-2100.arrow,HIGH
0007666,0.5449025349031338,batch_2000-2100.arrow,HIGH
0007669,0.6778218226729358,batch_2000-2100.arrow,HIGH
0007670,0.7612425240689019,batch_2000-2100.arrow,HIGH
0007671,0.57597768374952,batch_2000-2100.arrow,HIGH
0007672,0.48727915712117414,batch_2000-2100.arrow,LOW
0007674,0.13088398519365518,batch_2000-2100.arrow,LOW
0007675,0.012291852499287118,batch_2000-2100.arrow,LOW
0007676,0.24544288971866401,batch_2000-2100.arrow,LOW
0007677,0.7619804231397668,batch_2000-2100.arrow,HIGH
0007678,0.4010373165772451,batch_2000-2100.arrow,LOW
0007679,0.42846631038598737,batch_2000-2100.arrow,LOW
0007681,0.7136868565165577,batch_2000-2100.arrow,HIGH
0007682,0.7920952692610607,batch_2000-2100.arrow,HIGH
0007684,0.32480240529069093,batch_2000-2100.arrow,LOW
0007685,0.7052913592828309,batch_2000-2100.arrow,HIGH
0007686,0.11682203780108452,batch_2000-2100.arrow,LOW
0007687,0.6583678579205067,batch_2000-2100.arrow,HIGH
0007689,0.7169780904184737,batch_2000-2100.arrow,HIGH
0007690,0.5634302408266901,batch_2000-2100.arrow,HIGH
0007691,0.7450766159132022,batch_2000-2100.arrow,HIGH
0007692,0.4080930333187754,batch_2000-2100.arrow,LOW
0007695,0.7291347500575306,batch_2000-2100.arrow,HIGH
0007697,0.5871004096863941,batch_2000-2100.arrow,HIGH
0007699,0.6413830851025194,batch_2000-2100.arrow,HIGH
0007701,0.7225851724389981,batch_2000-2100.arrow,HIGH
0007702,0.3369586844028416,batch_2000-2100.arrow,LOW
0007703,0.7382598730948771,batch_2000-2100.arrow,HIGH
0007706,0.29893965499824654,batch_2000-2100.arrow,LOW
0007707,0.7017391520245075,batch_2000-2100.arrow,HIGH
0007708,0.10788828190437372,batch_2000-2100.arrow,LOW
0007710,0.10801739977272008,batch_2000-2100.arrow,LOW
0007711,0.29469383150921097,batch_2000-2100.arrow,LOW
0007712,0.26066598677811553,batch_2000-2100.arrow,LOW
0007713,0.7109792670090052,batch_2000-2100.arrow,HIGH
0007717,0.6936223388393903,batch_2100-2200.arrow,HIGH
0007719,0.7591447441526392,batch_2100-2200.arrow,HIGH
0007720,0.6819658752814775,batch_2100-2200.arrow,HIGH
0007721,0.14376884198547768,batch_2100-2200.arrow,LOW
0007722,0.6347628965124831,batch_2100-2200.arrow,HIGH
0007723,0.06453681300194906,batch_2100-2200.arrow,LOW
0007724,0.7077050652174219,batch_2100-2200.arrow,HIGH
0007725,0.6831207201131333,batch_2100-2200.arrow,HIGH
0007726,0.7958759556114278,batch_2100-2200.arrow,HIGH
0007727,0.816179843285246,batch_2100-2200.arrow,HIGH
0007728,0.7261123155664437,batch_2100-2200.arrow,HIGH
0007729,0.6910765319748663,batch_2100-2200.arrow,HIGH
0007730,0.7971029222293008,batch_2100-2200.arrow,HIGH
0007733,0.2911194937909181,batch_2100-2200.arrow,LOW
0007736,0.5842184273964791,batch_2100-2200.arrow,HIGH
0007738,0.6429225265744726,batch_2100-2200.arrow,HIGH
0007739,0.6209338420390141,batch_2100-2200.arrow,HIGH
0007740,0.7776038590592282,batch_2100-2200.arrow,HIGH
0007742,0.27205145023837635,batch_2100-2200.arrow,LOW
0007743,0.5745038783180804,batch_2100-2200.arrow,HIGH
0007744,0.7524190447907673,batch_2100-2200.arrow,HIGH
0007745,0.6513620265220439,batch_2100-2200.arrow,HIGH
0007747,0.7731385329795355,batch_2100-2200.arrow,HIGH
0007748,0.07773213037203013,batch_2100-2200.arrow,LOW
0007750,0.8227564642562064,batch_2100-2200.arrow,HIGH
0007751,0.15217834950392595,batch_2100-2200.arrow,LOW
0007752,0.5614863855410638,batch_2100-2200.arrow,HIGH
0007753,0.32788909190793136,batch_2100-2200.arrow,LOW
0007756,0.49268861233673394,batch_2100-2200.arrow,LOW
0007757,0.7540317089122404,batch_2100-2200.arrow,HIGH
0007758,0.7569200731808589,batch_2100-2200.arrow,HIGH
0007759,0.7705914102445114,batch_2100-2200.arrow,HIGH
0007760,0.6981769079888798,batch_2100-2200.arrow,HIGH
0007761,0.17823962562689108,batch_2100-2200.arrow,LOW
0007764,0.6642903792783261,batch_2100-2200.arrow,HIGH
0007765,0.21692938168782763,batch_2100-2200.arrow,LOW
0007766,0.15668925072104115,batch_2100-2200.arrow,LOW
0007768,0.06235032856131486,batch_2100-2200.arrow,LOW
0007769,0.5871889566728563,batch_2100-2200.arrow,HIGH
0007770,0.6501093581651705,batch_2100-2200.arrow,HIGH
0007771,0.6743926019304695,batch_2100-2200.arrow,HIGH
0007772,0.7614335954103724,batch_2100-2200.arrow,HIGH
0007773,0.6726824400398413,batch_2100-2200.arrow,HIGH
0007774,0.6855164702563336,batch_2100-2200.arrow,HIGH
0007775,0.004034652628731282,batch_2100-2200.arrow,LOW
0007777,0.6670039129101326,batch_2100-2200.arrow,HIGH
0007781,0.804541867352906,batch_2100-2200.arrow,HIGH
0007783,0.5958837933621565,batch_2100-2200.arrow,HIGH
0007784,0.8136117105140418,batch_2100-2200.arrow,HIGH
0007785,0.5364697959851399,batch_2100-2200.arrow,HIGH
0007786,0.6596668005485643,batch_2100-2200.arrow,HIGH
0007787,0.6345527589610097,batch_2100-2200.arrow,HIGH
0007788,0.7257967442235008,batch_2100-2200.arrow,HIGH
0007789,0.6668660388690477,batch_2100-2200.arrow,HIGH
0007790,0.6119196717532451,batch_2100-2200.arrow,HIGH
0007791,0.7075188948573835,batch_2100-2200.arrow,HIGH
0007792,0.359869274808916,batch_2100-2200.arrow,LOW
0007794,0.7660375388280377,batch_2100-2200.arrow,HIGH
0007795,0.5422021192245956,batch_2100-2200.arrow,HIGH
0007796,0.765568601422821,batch_2100-2200.arrow,HIGH
0007797,0.5464332236575989,batch_2100-2200.arrow,HIGH
0007798,0.29559261730693603,batch_2100-2200.arrow,LOW
0007799,0.12983210552510663,batch_2100-2200.arrow,LOW
0007801,0.5604959093700671,batch_2100-2200.arrow,HIGH
0007802,0.7864067968767902,batch_2100-2200.arrow,HIGH
0007803,0.03459256217742631,batch_2100-2200.arrow,LOW
0007804,0.45251516512108747,batch_2100-2200.arrow,LOW
0007805,0.722322976409162,batch_2100-2200.arrow,HIGH
0007806,0.42696354383960705,batch_2100-2200.arrow,LOW
0007807,0.7364916110809424,batch_2100-2200.arrow,HIGH
0007808,0.45327278454515413,batch_2100-2200.arrow,LOW
0007810,0.6637624435666408,batch_2100-2200.arrow,HIGH
0007811,0.4901965128100994,batch_2100-2200.arrow,LOW
0007812,0.4726453296387137,batch_2100-2200.arrow,LOW
0007814,0.724872714087073,batch_2100-2200.arrow,HIGH
0007816,0.4886406729694663,batch_2100-2200.arrow,LOW
0007817,0.7543130226571527,batch_2100-2200.arrow,HIGH
0007818,0.7185921253757689,batch_2100-2200.arrow,HIGH
0007819,0.6700758745916945,batch_2100-2200.arrow,HIGH
0007820,0.7266936416690651,batch_2100-2200.arrow,HIGH
0007821,0.6488893093462239,batch_2100-2200.arrow,HIGH
0007823,0.7056028192235361,batch_2100-2200.arrow,HIGH
0007827,0.09242157053811569,batch_2100-2200.arrow,LOW
0007829,0.5984727917971397,batch_2100-2200.arrow,HIGH
0007833,0.7280838554071503,batch_2100-2200.arrow,HIGH
0007835,0.6950125038954571,batch_2100-2200.arrow,HIGH
0007837,0.3503597537721453,batch_2100-2200.arrow,LOW
0007838,0.37330218754854255,batch_2100-2200.arrow,LOW
0007839,0.42004549363558596,batch_2100-2200.arrow,LOW
0007840,0.5108387065945187,batch_2100-2200.arrow,HIGH
0007842,0.4569163435974501,batch_2100-2200.arrow,LOW
0007843,0.6781469030426418,batch_2100-2200.arrow,HIGH
0007844,0.6119610688335874,batch_2100-2200.arrow,HIGH
0007845,0.6176624349502632,batch_2100-2200.arrow,HIGH
0007847,0.8001083203980404,batch_2100-2200.arrow,HIGH
0007849,0.6664166076518018,batch_2100-2200.arrow,HIGH
0007850,0.1327380253975204,batch_2100-2200.arrow,LOW
0007851,0.34608703269527724,batch_2100-2200.arrow,LOW
0007853,0.7647431092823821,batch_2200-2300.arrow,HIGH
0007854,0.4787747875144405,batch_2200-2300.arrow,LOW
0007856,0.25789015260481246,batch_2200-2300.arrow,LOW
0007857,0.5731963500520902,batch_2200-2300.arrow,HIGH
0007858,0.23453215719708434,batch_2200-2300.arrow,LOW
0007859,0.7880052049836096,batch_2200-2300.arrow,HIGH
0007860,0.46927886735470553,batch_2200-2300.arrow,LOW
0007861,0.6868239674283596,batch_2200-2300.arrow,HIGH
0007862,0.8058026017135907,batch_2200-2300.arrow,HIGH
0007863,0.6494124023191877,batch_2200-2300.arrow,HIGH
0007865,0.41226533700531903,batch_2200-2300.arrow,LOW
0007866,0.5307616917343068,batch_2200-2300.arrow,HIGH
0007868,0.6605435516342634,batch_2200-2300.arrow,HIGH
0007869,0.6023150805992348,batch_2200-2300.arrow,HIGH
0007871,0.8311228524503411,batch_2200-2300.arrow,HIGH
0007873,0.7422599673569837,batch_2200-2300.arrow,HIGH
0007874,0.7106510892749704,batch_2200-2300.arrow,HIGH
0007875,0.653069433101014,batch_2200-2300.arrow,HIGH
0007876,0.6784205029061915,batch_2200-2300.arrow,HIGH
0007877,0.6903428964287062,batch_2200-2300.arrow,HIGH
0007879,0.15963532140067635,batch_2200-2300.arrow,LOW
0007880,0.12454363873570466,batch_2200-2300.arrow,LOW
0007881,0.6967887034538313,batch_2200-2300.arrow,HIGH
0007888,0.7676367914918717,batch_2200-2300.arrow,HIGH
0007890,0.6610455319768411,batch_2200-2300.arrow,HIGH
0007892,0.5135702653469623,batch_2200-2300.arrow,HIGH
0007893,0.2440437612997073,batch_2200-2300.arrow,LOW
0007894,0.644043851647539,batch_2200-2300.arrow,HIGH
0007895,0.7372955813289871,batch_2200-2300.arrow,HIGH
0007897,0.16596522716908613,batch_2200-2300.arrow,LOW
0007900,0.6782117973821339,batch_2200-2300.arrow,HIGH
0007901,0.7333209819678549,batch_2200-2300.arrow,HIGH
0007902,0.7802230803197023,batch_2200-2300.arrow,HIGH
0007904,0.38692946189960065,batch_2200-2300.arrow,LOW
0007905,0.24380349213788677,batch_2200-2300.arrow,LOW
0007906,0.679993431552059,batch_2200-2300.arrow,HIGH
0007907,0.6886122402697571,batch_2200-2300.arrow,HIGH
0007908,0.7628544303528235,batch_2200-2300.arrow,HIGH
0007910,0.41271841898471,batch_2200-2300.arrow,LOW
0007911,0.7109288372646775,batch_2200-2300.arrow,HIGH
0007912,0.7320449966834759,batch_2200-2300.arrow,HIGH
0007918,0.28835581027674245,batch_2200-2300.arrow,LOW
0007922,0.7152798788318341,batch_2200-2300.arrow,HIGH
0007923,0.7715778755610079,batch_2200-2300.arrow,HIGH
0007925,0.6457548599233699,batch_2200-2300.arrow,HIGH
0007926,0.5953295912423339,batch_2200-2300.arrow,HIGH
0007928,0.6741122874469103,batch_2200-2300.arrow,HIGH
0007930,0.7587618018255728,batch_2200-2300.arrow,HIGH
0007931,0.6901898154160553,batch_2200-2300.arrow,HIGH
0007933,0.6912782023848775,batch_2200-2300.arrow,HIGH
0007934,0.6085469759818465,batch_2200-2300.arrow,HIGH
0007935,0.726884237679912,batch_2200-2300.arrow,HIGH
0007936,0.8099063023404361,batch_2200-2300.arrow,HIGH
0007937,0.7880946671856343,batch_2200-2300.arrow,HIGH
0007940,0.6667810386957562,batch_2200-2300.arrow,HIGH
0007941,0.5916967442695115,batch_2200-2300.arrow,HIGH
0007942,0.5802547589993398,batch_2200-2300.arrow,HIGH
0007943,0.6112422655350644,batch_2200-2300.arrow,HIGH
0007947,0.7334563553819894,batch_2200-2300.arrow,HIGH
0007948,0.5032266444237915,batch_2200-2300.arrow,HIGH
0007949,0.7717123830390439,batch_2200-2300.arrow,HIGH
0007951,0.6493468915006398,batch_2200-2300.arrow,HIGH
0007955,0.568716578287904,batch_2200-2300.arrow,HIGH
0007957,0.7915331168114376,batch_2200-2300.arrow,HIGH
0007958,0.8307002881728657,batch_2200-2300.arrow,HIGH
0007960,0.11505091299955095,batch_2200-2300.arrow,LOW
0007961,0.7094040452885242,batch_2200-2300.arrow,HIGH
0007962,0.6697475761114884,batch_2200-2300.arrow,HIGH
0007963,0.6975347754021751,batch_2200-2300.arrow,HIGH
0007964,0.5975989441966583,batch_2200-2300.arrow,HIGH
0007965,0.046564721911136,batch_2200-2300.arrow,LOW
0007966,0.4800268043524449,batch_2200-2300.arrow,LOW
0007967,0.6699444948872565,batch_2200-2300.arrow,HIGH
0007970,0.500683077478334,batch_2200-2300.arrow,HIGH
0007972,0.7501594645208942,batch_2200-2300.arrow,HIGH
0007973,0.7033931660963216,batch_2200-2300.arrow,HIGH
0007974,0.6362999975933219,batch_2200-2300.arrow,HIGH
0007976,0.7883875811356987,batch_2200-2300.arrow,HIGH
0007979,0.5393759158045455,batch_2200-2300.arrow,HIGH
0007980,0.22919268666574819,batch_2200-2300.arrow,LOW
0007981,0.6900927186573544,batch_2200-2300.arrow,HIGH
0007982,0.6123273815294531,batch_2200-2300.arrow,HIGH
0007983,0.6393027236197358,batch_2200-2300.arrow,HIGH
0007984,0.23986136725860197,batch_2200-2300.arrow,LOW
0007985,0.47847817541464566,batch_2200-2300.arrow,LOW
0007986,0.6671971470680952,batch_2200-2300.arrow,HIGH
0007987,0.6296740536981357,batch_2200-2300.arrow,HIGH
0007990,0.6503322136859951,batch_2200-2300.arrow,HIGH
0007991,0.6047769118974682,batch_2200-2300.arrow,HIGH
0007994,0.31411976584197215,batch_2200-2300.arrow,LOW
0007996,0.7233670489986551,batch_2200-2300.arrow,HIGH
0007997,0.3769314954659106,batch_2200-2300.arrow,LOW
0007998,0.7979655879931142,batch_2200-2300.arrow,HIGH
0008000,0.6957178790768443,batch_2200-2300.arrow,HIGH
0008005,0.6230931139992341,batch_2300-2400.arrow,HIGH
0008008,0.3799015524943437,batch_2300-2400.arrow,LOW
0008009,0.7751277037667174,batch_2300-2400.arrow,HIGH
0008010,0.7871195655667725,batch_2300-2400.arrow,HIGH
0008011,0.6528769927728181,batch_2300-2400.arrow,HIGH
0008012,0.17065837660497174,batch_2300-2400.arrow,LOW
0008013,0.20075726190887191,batch_2300-2400.arrow,LOW
0008022,0.7045231167547227,batch_2300-2400.arrow,HIGH
0008023,0.704784952853457,batch_2300-2400.arrow,HIGH
0008024,0.6393862703935939,batch_2300-2400.arrow,HIGH
0008026,0.4092794801793023,batch_2300-2400.arrow,LOW
0008028,0.741489529733566,batch_2300-2400.arrow,HIGH
0008029,0.6105150365630546,batch_2300-2400.arrow,HIGH
0008030,0.6478655784186537,batch_2300-2400.arrow,HIGH
0008031,0.0010099550709157194,batch_2300-2400.arrow,LOW
0008032,0.6068408703646732,batch_2300-2400.arrow,HIGH
0008033,0.1119388452310292,batch_2300-2400.arrow,LOW
0008034,0.5474302530230454,batch_2300-2400.arrow,HIGH
0008038,0.7062573805473891,batch_2300-2400.arrow,HIGH
0008039,0.689531263360125,batch_2300-2400.arrow,HIGH
0008040,0.6972361902776876,batch_2300-2400.arrow,HIGH
0008041,0.6524943374517576,batch_2300-2400.arrow,HIGH
0008042,0.7129768379691152,batch_2300-2400.arrow,HIGH
0008043,0.2259672059848585,batch_2300-2400.arrow,LOW
0008044,0.6745456841844589,batch_2300-2400.arrow,HIGH
0008045,0.6461469359209954,batch_2300-2400.arrow,HIGH
0008046,0.699993192252823,batch_2300-2400.arrow,HIGH
0008048,0.1408314430788269,batch_2300-2400.arrow,LOW
0008050,0.7385621454486273,batch_2300-2400.arrow,HIGH
0008051,0.5918790635236092,batch_2300-2400.arrow,HIGH
0008053,0.5829821168057836,batch_2300-2400.arrow,HIGH
0008054,0.6270471141114218,batch_2300-2400.arrow,HIGH
0008055,0.7407800111626508,batch_2300-2400.arrow,HIGH
0008056,0.1868473496248544,batch_2300-2400.arrow,LOW
0008058,0.723412187274017,batch_2300-2400.arrow,HIGH
0008059,0.7182444370584355,batch_2300-2400.arrow,HIGH
0008060,0.7999268973943706,batch_2300-2400.arrow,HIGH
0008061,0.7175137288410273,batch_2300-2400.arrow,HIGH
0008062,0.20128959003528632,batch_2300-2400.arrow,LOW
0008063,0.720997635408581,batch_2300-2400.arrow,HIGH
0008065,0.24894098421256797,batch_2300-2400.arrow,LOW
0008067,0.14489698942944632,batch_2300-2400.arrow,LOW
0008068,0.7342807457830721,batch_2300-2400.arrow,HIGH
0008069,0.7349905101048773,batch_2300-2400.arrow,HIGH
0008076,0.5904681985364636,batch_2300-2400.arrow,HIGH
0008078,0.5706131308303727,batch_2300-2400.arrow,HIGH
0008079,0.6756119243155213,batch_2300-2400.arrow,HIGH
0008080,0.27729462979647646,batch_2300-2400.arrow,LOW
0008081,0.42703337528414226,batch_2300-2400.arrow,LOW
0008082,0.693645864181295,batch_2300-2400.arrow,HIGH
0008083,0.750201096540355,batch_2300-2400.arrow,HIGH
0008085,0.7844530473975458,batch_2300-2400.arrow,HIGH
0008086,0.6522514988263298,batch_2300-2400.arrow,HIGH
0008087,0.3143502995391123,batch_2300-2400.arrow,LOW
0008089,0.09485985404799173,batch_2300-2400.arrow,LOW
0008090,0.5269867599577421,batch_2300-2400.arrow,HIGH
0008091,0.4217876858218421,batch_2300-2400.arrow,LOW
0008092,0.5667525167835296,batch_2300-2400.arrow,HIGH
0008093,0.5984495461192677,batch_2300-2400.arrow,HIGH
0008094,0.6265071029087088,batch_2300-2400.arrow,HIGH
0008097,0.6306376641843413,batch_2300-2400.arrow,HIGH
0008100,0.7619084591245401,batch_2300-2400.arrow,HIGH
0008102,0.1164700431922126,batch_2300-2400.arrow,LOW
0008103,0.6379236179511042,batch_2300-2400.arrow,HIGH
0008104,0.6910082675301642,batch_2300-2400.arrow,HIGH
0008106,0.23682868221227402,batch_2300-2400.arrow,LOW
0008109,0.5531511651823742,batch_2300-2400.arrow,HIGH
0008112,0.49428219154735015,batch_2300-2400.arrow,LOW
0008113,0.5467409163223215,batch_2300-2400.arrow,HIGH
0008115,0.7273029724517573,batch_2300-2400.arrow,HIGH
0008116,0.09764614707834292,batch_2300-2400.arrow,LOW
0008117,0.7893284462314649,batch_2300-2400.arrow,HIGH
0008118,0.7161949478632588,batch_2300-2400.arrow,HIGH
0008119,0.7225948122089649,batch_2300-2400.arrow,HIGH
0008120,0.727301300061503,batch_2300-2400.arrow,HIGH
0008121,0.7202398527622084,batch_2300-2400.arrow,HIGH
0008122,0.07989189079410634,batch_2300-2400.arrow,LOW
0008124,0.7228223319838493,batch_2300-2400.arrow,HIGH
0008125,0.7064347533201794,batch_2300-2400.arrow,HIGH
0008126,0.6397283823075909,batch_2300-2400.arrow,HIGH
0008127,0.32020045132530167,batch_2300-2400.arrow,LOW
0008128,0.6988529660743358,batch_2300-2400.arrow,HIGH
0008130,0.22584270748803528,batch_2300-2400.arrow,LOW
0008132,0.42195281341942253,batch_2300-2400.arrow,LOW
0008134,0.5520380814768097,batch_2300-2400.arrow,HIGH
0008135,0.5537358588626805,batch_2300-2400.arrow,HIGH
0008136,0.6277894865320837,batch_2300-2400.arrow,HIGH
0008137,0.7293911628750056,batch_2300-2400.arrow,HIGH
0008139,0.7315722373918986,batch_2300-2400.arrow,HIGH
0008140,0.4157490735322779,batch_2300-2400.arrow,LOW
0008141,0.702939937469285,batch_2300-2400.arrow,HIGH
0008142,0.4768329685613642,batch_2300-2400.arrow,LOW
0008143,0.7931634087217816,batch_2300-2400.arrow,HIGH
0008144,0.6383015303979449,batch_2300-2400.arrow,HIGH
0008145,0.6767328660331461,batch_2300-2400.arrow,HIGH
0008146,0.24557725642171988,batch_2300-2400.arrow,LOW
0008147,0.6850033353962802,batch_2300-2400.arrow,HIGH
0008148,0.6832091296537541,batch_2300-2400.arrow,HIGH
0008149,0.7155803946185081,batch_2300-2400.arrow,HIGH
0008153,0.2941205275118404,batch_2400-2500.arrow,LOW
0008155,0.5139583465572436,batch_2400-2500.arrow,HIGH
0008156,0.6734046830620993,batch_2400-2500.arrow,HIGH
0008157,0.668371326913979,batch_2400-2500.arrow,HIGH
0008158,0.016034278521324975,batch_2400-2500.arrow,LOW
0008159,0.3406844739241884,batch_2400-2500.arrow,LOW
0008160,0.5456292348152942,batch_2400-2500.arrow,HIGH
0008161,0.7188668921370779,batch_2400-2500.arrow,HIGH
0008162,0.5022899957060037,batch_2400-2500.arrow,HIGH
0008164,0.7355357142426683,batch_2400-2500.arrow,HIGH
0008166,0.674580702583829,batch_2400-2500.arrow,HIGH
0008168,0.6999783337254156,batch_2400-2500.arrow,HIGH
0008171,0.16351883549126586,batch_2400-2500.arrow,LOW
0008173,0.7275111497750683,batch_2400-2500.arrow,HIGH
0008174,0.7669400605889062,batch_2400-2500.arrow,HIGH
0008175,0.618887871106863,batch_2400-2500.arrow,HIGH
0008176,0.7241725102619267,batch_2400-2500.arrow,HIGH
0008177,0.49751476374198944,batch_2400-2500.arrow,LOW
0008178,0.40055539028578485,batch_2400-2500.arrow,LOW
0008179,0.7406683852031052,batch_2400-2500.arrow,HIGH
0008180,0.6827712705225478,batch_2400-2500.arrow,HIGH
0008181,0.31280267689494673,batch_2400-2500.arrow,LOW
0008183,0.2793260995147173,batch_2400-2500.arrow,LOW
0008184,0.7014296181420502,batch_2400-2500.arrow,HIGH
0008186,0.16105540091057097,batch_2400-2500.arrow,LOW
0008189,0.6007884608663843,batch_2400-2500.arrow,HIGH
0008190,0.6766207541608509,batch_2400-2500.arrow,HIGH
0008191,0.7438114607152103,batch_2400-2500.arrow,HIGH
0008192,0.33031690662480157,batch_2400-2500.arrow,LOW
0008194,0.5894702411533875,batch_2400-2500.arrow,HIGH
0008197,0.6753251292232002,batch_2400-2500.arrow,HIGH
0008198,0.7987727719925841,batch_2400-2500.arrow,HIGH
0008199,0.6978042013549003,batch_2400-2500.arrow,HIGH
0008200,0.7670632864015879,batch_2400-2500.arrow,HIGH
0008201,0.7960982244299334,batch_2400-2500.arrow,HIGH
0008205,0.592320604135257,batch_2400-2500.arrow,HIGH
0008206,0.662351453716895,batch_2400-2500.arrow,HIGH
0008207,0.7394081775919384,batch_2400-2500.arrow,HIGH
0008208,0.09951434719385256,batch_2400-2500.arrow,LOW
0008209,0.7455013355967212,batch_2400-2500.arrow,HIGH
0008211,0.7051516409219971,batch_2400-2500.arrow,HIGH
0008212,0.6112080421756773,batch_2400-2500.arrow,HIGH
0008213,0.521725476021987,batch_2400-2500.arrow,HIGH
0008214,0.7702200300988925,batch_2400-2500.arrow,HIGH
0008215,0.7634586487290532,batch_2400-2500.arrow,HIGH
0008216,0.24895094188868735,batch_2400-2500.arrow,LOW
0008217,0.6076498171125483,batch_2400-2500.arrow,HIGH
0008218,0.5784626121667402,batch_2400-2500.arrow,HIGH
0008219,0.7565415300622059,batch_2400-2500.arrow,HIGH
0008221,0.7740982903092345,batch_2400-2500.arrow,HIGH
0008222,0.6721849398832935,batch_2400-2500.arrow,HIGH
0008223,0.6414067866917604,batch_2400-2500.arrow,HIGH
0008225,0.6817690845121119,batch_2400-2500.arrow,HIGH
0008226,0.7863978873036794,batch_2400-2500.arrow,HIGH
0008228,0.6231896519359585,batch_2400-2500.arrow,HIGH
0008229,0.70551335113884,batch_2400-2500.arrow,HIGH
0008233,0.5343559603594329,batch_2400-2500.arrow,HIGH
0008235,0.2637485309068576,batch_2400-2500.arrow,LOW
0008236,0.7288965192908786,batch_2400-2500.arrow,HIGH
0008238,0.7661992067114589,batch_2400-2500.arrow,HIGH
0008239,0.20842760487915338,batch_2400-2500.arrow,LOW
0008241,0.7825840614073515,batch_2400-2500.arrow,HIGH
0008243,0.7142763507585238,batch_2400-2500.arrow,HIGH
0008244,0.10362944275826119,batch_2400-2500.arrow,LOW
0008245,0.6301289320887141,batch_2400-2500.arrow,HIGH
0008247,0.7359567974096805,batch_2400-2500.arrow,HIGH
0008248,0.3850403846628138,batch_2400-2500.arrow,LOW
0008250,0.6584031989763971,batch_2400-2500.arrow,HIGH
0008251,0.7876173148999207,batch_2400-2500.arrow,HIGH
0008252,0.34867209660433734,batch_2400-2500.arrow,LOW
0008253,0.1841893769407251,batch_2400-2500.arrow,LOW
0008254,0.763658909968791,batch_2400-2500.arrow,HIGH
0008256,0.7120382235706667,batch_2400-2500.arrow,HIGH
0008257,0.7229466819800834,batch_2400-2500.arrow,HIGH
0008259,0.535613964162257,batch_2400-2500.arrow,HIGH
0008260,0.7203362840057398,batch_2400-2500.arrow,HIGH
0008261,0.2907884691747125,batch_2400-2500.arrow,LOW
0008262,0.8555241708045043,batch_2400-2500.arrow,HIGH
0008264,0.058914146298148395,batch_2400-2500.arrow,LOW
0008265,0.6932928346455003,batch_2400-2500.arrow,HIGH
0008266,0.5505760345223061,batch_2400-2500.arrow,HIGH
0008267,0.6745418892310133,batch_2400-2500.arrow,HIGH
0008268,0.7650791800568258,batch_2400-2500.arrow,HIGH
0008269,0.6453714103579995,batch_2400-2500.arrow,HIGH
0008270,0.2581011385475487,batch_2400-2500.arrow,LOW
0008271,0.8193433574956441,batch_2400-2500.arrow,HIGH
0008274,0.10253177337622753,batch_2400-2500.arrow,LOW
0008275,0.7116621505790836,batch_2400-2500.arrow,HIGH
0008278,0.7924357076416407,batch_2400-2500.arrow,HIGH
0008279,0.6165235876215714,batch_2400-2500.arrow,HIGH
0008280,0.7797367438327815,batch_2400-2500.arrow,HIGH
0008281,0.43903778967356305,batch_2400-2500.arrow,LOW
0008282,0.6720097065224508,batch_2400-2500.arrow,HIGH
0008283,0.2411821745721178,batch_2400-2500.arrow,LOW
0008284,0.3735117839189484,batch_2400-2500.arrow,LOW
0008285,0.6313146311247243,batch_2400-2500.arrow,HIGH
0008286,0.46543052677866426,batch_2400-2500.arrow,LOW
0008287,0.3366211763680816,batch_2400-2500.arrow,LOW
0008288,0.7206505082882861,batch_2400-2500.arrow,HIGH
0008295,0.611322519286378,batch_2500-2600.arrow,HIGH
0008296,0.7826551753336489,batch_2500-2600.arrow,HIGH
0008297,0.24398643641319692,batch_2500-2600.arrow,LOW
0008301,0.617943135629163,batch_2500-2600.arrow,HIGH
0008302,0.7735892365867466,batch_2500-2600.arrow,HIGH
0008303,0.5299486838422927,batch_2500-2600.arrow,HIGH
0008304,0.8046755517716367,batch_2500-2600.arrow,HIGH
0008308,0.6926706942713627,batch_2500-2600.arrow,HIGH
0008309,0.7866710181016746,batch_2500-2600.arrow,HIGH
0008310,0.7619580846142159,batch_2500-2600.arrow,HIGH
0008311,0.714485757526432,batch_2500-2600.arrow,HIGH
0008312,0.6044927711355855,batch_2500-2600.arrow,HIGH
0008314,0.7122878191392815,batch_2500-2600.arrow,HIGH
0008316,0.09604249025501639,batch_2500-2600.arrow,LOW
0008318,0.7784460738399773,batch_2500-2600.arrow,HIGH
0008319,0.6904677393272589,batch_2500-2600.arrow,HIGH
0008320,0.13436298015411935,batch_2500-2600.arrow,LOW
0008321,0.5660585226854082,batch_2500-2600.arrow,HIGH
0008322,0.16310444516226497,batch_2500-2600.arrow,LOW
0008323,0.7553132553281259,batch_2500-2600.arrow,HIGH
0008324,0.6290939996115491,batch_2500-2600.arrow,HIGH
0008325,0.7382864405936171,batch_2500-2600.arrow,HIGH
0008326,0.5463543529490128,batch_2500-2600.arrow,HIGH
0008328,0.7114536031916998,batch_2500-2600.arrow,HIGH
0008329,0.6884482451503736,batch_2500-2600.arrow,HIGH
0008330,0.4846812694177638,batch_2500-2600.arrow,LOW
0008331,0.531525869189848,batch_2500-2600.arrow,HIGH
0008332,0.1915789423096553,batch_2500-2600.arrow,LOW
0008333,0.6785801044623524,batch_2500-2600.arrow,HIGH
0008335,0.7030510967120289,batch_2500-2600.arrow,HIGH
0008336,0.6084636673255397,batch_2500-2600.arrow,HIGH
0008337,0.6990489531750205,batch_2500-2600.arrow,HIGH
0008340,0.36291000796506817,batch_2500-2600.arrow,LOW
0008341,0.21476065461469565,batch_2500-2600.arrow,LOW
0008342,0.7215418437102751,batch_2500-2600.arrow,HIGH
0008344,0.2873571151717889,batch_2500-2600.arrow,LOW
0008346,0.329468106253094,batch_2500-2600.arrow,LOW
0008347,0.70019351830932,batch_2500-2600.arrow,HIGH
0008351,0.3865838295413007,batch_2500-2600.arrow,LOW
0008352,0.6865324556474457,batch_2500-2600.arrow,HIGH
0008353,0.4963738548769079,batch_2500-2600.arrow,LOW
0008354,0.6617439776104761,batch_2500-2600.arrow,HIGH
0008356,0.16918897800841715,batch_2500-2600.arrow,LOW
0008358,0.46713808457073513,batch_2500-2600.arrow,LOW
0008359,0.07772032971261733,batch_2500-2600.arrow,LOW
0008360,0.6657648215275535,batch_2500-2600.arrow,HIGH
0008361,0.6898097619513299,batch_2500-2600.arrow,HIGH
0008363,0.25230551772606874,batch_2500-2600.arrow,LOW
0008364,0.7311134978456927,batch_2500-2600.arrow,HIGH
0008365,0.3205484715491989,batch_2500-2600.arrow,LOW
0008368,0.04468650904189778,batch_2500-2600.arrow,LOW
0008369,0.6222504109060067,batch_2500-2600.arrow,HIGH
0008370,0.6698349306688253,batch_2500-2600.arrow,HIGH
0008371,0.15839336919930663,batch_2500-2600.arrow,LOW
0008372,0.7602246160888599,batch_2500-2600.arrow,HIGH
0008373,0.831881767805276,batch_2500-2600.arrow,HIGH
0008374,0.6218289626635235,batch_2500-2600.arrow,HIGH
0008375,0.7120229702025286,batch_2500-2600.arrow,HIGH
0008376,0.7017893612679383,batch_2500-2600.arrow,HIGH
0008377,0.42071616072565865,batch_2500-2600.arrow,LOW
0008381,0.7826665038137165,batch_2500-2600.arrow,HIGH
0008382,0.615995224712296,batch_2500-2600.arrow,HIGH
0008383,0.26962419984763236,batch_2500-2600.arrow,LOW
0008384,0.8603029552717936,batch_2500-2600.arrow,HIGH
0008386,0.5835911042942302,batch_2500-2600.arrow,HIGH
0008387,0.7939251877323311,batch_2500-2600.arrow,HIGH
0008390,0.7134268966876512,batch_2500-2600.arrow,HIGH
0008391,0.7596688722546417,batch_2500-2600.arrow,HIGH
0008392,0.6179680276867353,batch_2500-2600.arrow,HIGH
0008395,0.12182292050946582,batch_2500-2600.arrow,LOW
0008396,0.505885562115637,batch_2500-2600.arrow,HIGH
0008398,0.658051309794685,batch_2500-2600.arrow,HIGH
0008399,0.6486039040791317,batch_2500-2600.arrow,HIGH
0008400,0.7807732667822536,batch_2500-2600.arrow,HIGH
0008401,0.5212555243788884,batch_2500-2600.arrow,HIGH
0008402,0.2067346487273289,batch_2500-2600.arrow,LOW
0008405,0.7035982953217959,batch_2500-2600.arrow,HIGH
0008406,0.6783664912384587,batch_2500-2600.arrow,HIGH
0008408,0.5748390411221508,batch_2500-2600.arrow,HIGH
0008409,0.5699869753588546,batch_2500-2600.arrow,HIGH
0008410,0.6159015073746691,batch_2500-2600.arrow,HIGH
0008411,0.5448655306594105,batch_2500-2600.arrow,HIGH
0008413,0.6139256581804311,batch_2500-2600.arrow,HIGH
0008414,0.6207703204615622,batch_2500-2600.arrow,HIGH
0008416,0.6217096169004157,batch_2500-2600.arrow,HIGH
0008417,0.5262165684895649,batch_2500-2600.arrow,HIGH
0008419,0.24993094934525817,batch_2500-2600.arrow,LOW
0008420,0.6578780581869931,batch_2500-2600.arrow,HIGH
0008422,0.14760281185607163,batch_2500-2600.arrow,LOW
0008425,0.2525915101518638,batch_2500-2600.arrow,LOW
0008426,0.17651914885046516,batch_2500-2600.arrow,LOW
0008427,0.6759890164518216,batch_2500-2600.arrow,HIGH
0008428,0.7013170972597219,batch_2500-2600.arrow,HIGH
0008429,0.2129030918298732,batch_2500-2600.arrow,LOW
0008431,0.607765460923219,batch_2500-2600.arrow,HIGH
0008432,0.7516038979577768,batch_2500-2600.arrow,HIGH
0008433,0.7525737611080578,batch_2600-2700.arrow,HIGH
0008435,0.7604256001975912,batch_2600-2700.arrow,HIGH
0008436,0.6846319964853002,batch_2600-2700.arrow,HIGH
0008439,0.35330416934954023,batch_2600-2700.arrow,LOW
0008440,0.557052967805804,batch_2600-2700.arrow,HIGH
0008441,0.685461272635655,batch_2600-2700.arrow,HIGH
0008442,0.29579581161764973,batch_2600-2700.arrow,LOW
0008445,0.6242957224277667,batch_2600-2700.arrow,HIGH
0008446,0.030688841235816954,batch_2600-2700.arrow,LOW
0008447,0.1433674676844142,batch_2600-2700.arrow,LOW
0008450,0.7650085868893961,batch_2600-2700.arrow,HIGH
0008456,0.6410367844253676,batch_2600-2700.arrow,HIGH
0008457,0.42459704078319155,batch_2600-2700.arrow,LOW
0008458,0.4944768906042576,batch_2600-2700.arrow,LOW
0008459,0.7191859682033837,batch_2600-2700.arrow,HIGH
0008460,0.7542478300521682,batch_2600-2700.arrow,HIGH
0008462,0.600141568809415,batch_2600-2700.arrow,HIGH
0008463,0.13934344727583292,batch_2600-2700.arrow,LOW
0008464,0.38991554461042083,batch_2600-2700.arrow,LOW
0008465,0.49786592415469827,batch_2600-2700.arrow,LOW
0008466,0.7660068265912404,batch_2600-2700.arrow,HIGH
0008468,0.6616855560734707,batch_2600-2700.arrow,HIGH
0008469,0.08275752991011494,batch_2600-2700.arrow,LOW
0008470,0.8036946058463964,batch_2600-2700.arrow,HIGH
0008471,0.31296535810042,batch_2600-2700.arrow,LOW
0008472,0.6679506746350512,batch_2600-2700.arrow,HIGH
0008474,0.6304474271900024,batch_2600-2700.arrow,HIGH
0008475,0.3844633981648409,batch_2600-2700.arrow,LOW
0008476,0.5468195926002309,batch_2600-2700.arrow,HIGH
0008477,0.6732309180103697,batch_2600-2700.arrow,HIGH
0008478,0.6812473184698166,batch_2600-2700.arrow,HIGH
0008479,0.7197465674684613,batch_2600-2700.arrow,HIGH
0008480,0.6851138749726097,batch_2600-2700.arrow,HIGH
0008483,0.6985152987345696,batch_2600-2700.arrow,HIGH
0008485,0.7876818823441214,batch_2600-2700.arrow,HIGH
0008488,0.7573402943090057,batch_2600-2700.arrow,HIGH
0008489,0.6424212578535605,batch_2600-2700.arrow,HIGH
0008490,0.5131634668689906,batch_2600-2700.arrow,HIGH
0008491,0.6122659504894173,batch_2600-2700.arrow,HIGH
0008492,0.7961783490256632,batch_2600-2700.arrow,HIGH
0008493,0.6260767619809404,batch_2600-2700.arrow,HIGH
0008494,0.4887201686166769,batch_2600-2700.arrow,LOW
0008495,0.687027838882854,batch_2600-2700.arrow,HIGH
0008497,0.2149727312094355,batch_2600-2700.arrow,LOW
0008498,0.22472020954934677,batch_2600-2700.arrow,LOW
0008499,0.20412744770661218,batch_2600-2700.arrow,LOW
0008500,0.7717668763761382,batch_2600-2700.arrow,HIGH
0008501,0.49067480466028773,batch_2600-2700.arrow,LOW
0008502,0.6558031040565144,batch_2600-2700.arrow,HIGH
0008505,0.310971661348668,batch_2600-2700.arrow,LOW
0008506,0.548501356957121,batch_2600-2700.arrow,HIGH
0008508,0.6446451554323828,batch_2600-2700.arrow,HIGH
0008510,0.6043358220665631,batch_2600-2700.arrow,HIGH
0008511,0.7446380657794544,batch_2600-2700.arrow,HIGH
0008512,0.628364955974189,batch_2600-2700.arrow,HIGH
0008513,0.6814171894930142,batch_2600-2700.arrow,HIGH
0008514,0.7249201930927551,batch_2600-2700.arrow,HIGH
0008515,0.326368984082291,batch_2600-2700.arrow,LOW
0008516,0.6983537861628548,batch_2600-2700.arrow,HIGH
0008517,0.6063792102715905,batch_2600-2700.arrow,HIGH
0008518,0.7198919046051305,batch_2600-2700.arrow,HIGH
0008519,0.6481819244694674,batch_2600-2700.arrow,HIGH
0008520,0.647288715412581,batch_2600-2700.arrow,HIGH
0008521,0.6751662735695945,batch_2600-2700.arrow,HIGH
0008522,0.13768776963519583,batch_2600-2700.arrow,LOW
0008523,0.6026671168828449,batch_2600-2700.arrow,HIGH
0008524,0.7380831797178962,batch_2600-2700.arrow,HIGH
0008525,0.16433761128373156,batch_2600-2700.arrow,LOW
0008527,0.5293022940620061,batch_2600-2700.arrow,HIGH
0008528,0.6974888898350797,batch_2600-2700.arrow,HIGH
0008531,0.6870178445505767,batch_2600-2700.arrow,HIGH
0008532,0.762829049065548,batch_2600-2700.arrow,HIGH
0008533,0.688844619860979,batch_2600-2700.arrow,HIGH
0008534,0.41406340619136167,batch_2600-2700.arrow,LOW
0008535,0.7544222192990849,batch_2600-2700.arrow,HIGH
0008536,0.7495312078935635,batch_2600-2700.arrow,HIGH
0008537,0.711404425115342,batch_2600-2700.arrow,HIGH
0008538,0.6334872271914896,batch_2600-2700.arrow,HIGH
0008539,0.7054788438682552,batch_2600-2700.arrow,HIGH
0008540,0.5359983293195499,batch_2600-2700.arrow,HIGH
0008542,0.5865517154867842,batch_2600-2700.arrow,HIGH
0008546,0.11523496890862435,batch_2600-2700.arrow,LOW
0008548,0.21051265252197404,batch_2600-2700.arrow,LOW
0008549,0.7196294508627213,batch_2600-2700.arrow,HIGH
0008550,0.7259268468768534,batch_2600-2700.arrow,HIGH
0008551,0.7002564774887023,batch_2600-2700.arrow,HIGH
0008552,0.6552732966883835,batch_2600-2700.arrow,HIGH
0008553,0.5818701707136258,batch_2600-2700.arrow,HIGH
0008555,0.5202159646161185,batch_2600-2700.arrow,HIGH
0008556,0.7133907398773482,batch_2600-2700.arrow,HIGH
0008557,0.6154496950623671,batch_2600-2700.arrow,HIGH
0008558,0.28981106787611527,batch_2600-2700.arrow,LOW
0008560,0.7181498624732628,batch_2600-2700.arrow,HIGH
0008562,0.27942900929736914,batch_2600-2700.arrow,LOW
0008563,0.4698142325977901,batch_2600-2700.arrow,LOW
0008564,0.626762554095287,batch_2600-2700.arrow,HIGH
0008565,0.7184327021854763,batch_2600-2700.arrow,HIGH
0008566,0.7498926891464434,batch_2600-2700.arrow,HIGH
0008567,0.4104915641148326,batch_2700-2800.arrow,LOW
0008568,0.3406525818321498,batch_2700-2800.arrow,LOW
0008569,0.6415885006285612,batch_2700-2800.arrow,HIGH
0008571,0.6667120579799047,batch_2700-2800.arrow,HIGH
0008572,0.5209214977423101,batch_2700-2800.arrow,HIGH
0008573,0.305570800843383,batch_2700-2800.arrow,LOW
0008574,0.6011955324689645,batch_2700-2800.arrow,HIGH
0008575,0.6466567655343504,batch_2700-2800.arrow,HIGH
0008576,0.7542253740951242,batch_2700-2800.arrow,HIGH
0008577,0.4285205549856243,batch_2700-2800.arrow,LOW
0008580,0.7125238672928692,batch_2700-2800.arrow,HIGH
0008581,0.48757171083650225,batch_2700-2800.arrow,LOW
0008582,0.7539034065218505,batch_2700-2800.arrow,HIGH
0008584,0.1058169448620838,batch_2700-2800.arrow,LOW
0008585,0.5682976707887261,batch_2700-2800.arrow,HIGH
0008587,0.6980658639166699,batch_2700-2800.arrow,HIGH
0008589,0.4449889007491894,batch_2700-2800.arrow,LOW
0008591,0.495439264656508,batch_2700-2800.arrow,LOW
0008592,0.656506766503175,batch_2700-2800.arrow,HIGH
0008594,0.731112405481047,batch_2700-2800.arrow,HIGH
0008595,0.7917544047083919,batch_2700-2800.arrow,HIGH
0008598,0.8131246823563786,batch_2700-2800.arrow,HIGH
0008599,0.5916023501503608,batch_2700-2800.arrow,HIGH
0008601,0.26050273711228916,batch_2700-2800.arrow,LOW
0008602,0.7238747127778827,batch_2700-2800.arrow,HIGH
0008603,0.661634416024592,batch_2700-2800.arrow,HIGH
0008604,0.7478753623899367,batch_2700-2800.arrow,HIGH
0008607,0.30197166983026597,batch_2700-2800.arrow,LOW
0008608,0.20574425518824935,batch_2700-2800.arrow,LOW
0008609,0.6032104399012536,batch_2700-2800.arrow,HIGH
0008610,0.44548778785155524,batch_2700-2800.arrow,LOW
0008611,0.6503645169236537,batch_2700-2800.arrow,HIGH
0008612,0.7210124315408857,batch_2700-2800.arrow,HIGH
0008613,0.1855566337769372,batch_2700-2800.arrow,LOW
0008614,0.2116529338810803,batch_2700-2800.arrow,LOW
0008615,0.6822691699460689,batch_2700-2800.arrow,HIGH
0008616,0.4943935071475542,batch_2700-2800.arrow,LOW
0008617,0.6678676858225886,batch_2700-2800.arrow,HIGH
0008619,0.46112593036258276,batch_2700-2800.arrow,LOW
0008621,0.6295858954666055,batch_2700-2800.arrow,HIGH
0008622,0.626261584580465,batch_2700-2800.arrow,HIGH
0008624,0.6336930681212687,batch_2700-2800.arrow,HIGH
0008626,0.33952437331505086,batch_2700-2800.arrow,LOW
0008627,0.58527425297183,batch_2700-2800.arrow,HIGH
0008629,0.7677274244798252,batch_2700-2800.arrow,HIGH
0008630,0.662593949502147,batch_2700-2800.arrow,HIGH
0008632,0.16568351551542848,batch_2700-2800.arrow,LOW
0008633,0.6465162066612632,batch_2700-2800.arrow,HIGH
0008635,0.6584997206380425,batch_2700-2800.arrow,HIGH
0008636,0.7142927566451082,batch_2700-2800.arrow,HIGH
0008637,0.8021757740071213,batch_2700-2800.arrow,HIGH
0008638,0.7944755518539167,batch_2700-2800.arrow,HIGH
0008639,0.7232174027681643,batch_2700-2800.arrow,HIGH
0008640,0.6640810477567732,batch_2700-2800.arrow,HIGH
0008641,0.4483264133224254,batch_2700-2800.arrow,LOW
0008642,0.6421023495279828,batch_2700-2800.arrow,HIGH
0008644,0.22443442785305237,batch_2700-2800.arrow,LOW
0008645,0.7148380627769052,batch_2700-2800.arrow,HIGH
0008646,0.08591094002939949,batch_2700-2800.arrow,LOW
0008647,0.7825685658062512,batch_2700-2800.arrow,HIGH
0008649,0.765799088568523,batch_2700-2800.arrow,HIGH
0008650,0.538613413716631,batch_2700-2800.arrow,HIGH
0008651,0.3084198924983265,batch_2700-2800.arrow,LOW
0008654,0.7849545544769656,batch_2700-2800.arrow,HIGH
0008655,0.6662033063435097,batch_2700-2800.arrow,HIGH
0008658,0.7173838085666467,batch_2700-2800.arrow,HIGH
0008659,0.1624942089064192,batch_2700-2800.arrow,LOW
0008660,0.16566610886563962,batch_2700-2800.arrow,LOW
0008662,0.6691924065995276,batch_2700-2800.arrow,HIGH
0008663,0.2681932650475701,batch_2700-2800.arrow,LOW
0008664,0.7217905859235579,batch_2700-2800.arrow,HIGH
0008665,0.6364872616582339,batch_2700-2800.arrow,HIGH
0008666,0.2509510988643178,batch_2700-2800.arrow,LOW
0008668,0.41014065422916257,batch_2700-2800.arrow,LOW
0008670,0.5504814686651808,batch_2700-2800.arrow,HIGH
0008671,0.3383175254905025,batch_2700-2800.arrow,LOW
0008672,0.6998263447052292,batch_2700-2800.arrow,HIGH
0008673,0.5967256321990203,batch_2700-2800.arrow,HIGH
0008674,0.6140404881230376,batch_2700-2800.arrow,HIGH
0008675,0.5488510454211867,batch_2700-2800.arrow,HIGH
0008676,0.7184270725042022,batch_2700-2800.arrow,HIGH
0008677,0.6126316247342775,batch_2700-2800.arrow,HIGH
0008678,0.6662636312169603,batch_2700-2800.arrow,HIGH
0008679,0.35047284671331297,batch_2700-2800.arrow,LOW
0008680,0.6535149119993462,batch_2700-2800.arrow,HIGH
0008681,0.7376817418203401,batch_2700-2800.arrow,HIGH
0008682,0.7283392595055181,batch_2700-2800.arrow,HIGH
0008683,0.7683945628194716,batch_2700-2800.arrow,HIGH
0008684,0.4729943899641964,batch_2700-2800.arrow,LOW
0008685,0.7141906970329615,batch_2700-2800.arrow,HIGH
0008686,0.5940478526047436,batch_2700-2800.arrow,HIGH
0008691,0.23263259049499774,batch_2700-2800.arrow,LOW
0008692,0.6391445835157398,batch_2700-2800.arrow,HIGH
0008693,0.2511490801519926,batch_2700-2800.arrow,LOW
0008694,0.3801315672865473,batch_2700-2800.arrow,LOW
0008696,0.18168921891077694,batch_2700-2800.arrow,LOW
0008697,0.7013943494876909,batch_2700-2800.arrow,HIGH
0008698,0.33356520787811944,batch_2800-2900.arrow,LOW
0008699,0.16506046343188796,batch_2800-2900.arrow,LOW
0008700,0.49866445722460245,batch_2800-2900.arrow,LOW
0008701,0.21613520119582072,batch_2800-2900.arrow,LOW
0008702,0.6701935224924941,batch_2800-2900.arrow,HIGH
0008703,0.22397474223975136,batch_2800-2900.arrow,LOW
0008704,0.7791082922688135,batch_2800-2900.arrow,HIGH
0008705,0.6671184708644109,batch_2800-2900.arrow,HIGH
0008706,0.47155528084449855,batch_2800-2900.arrow,LOW
0008707,0.7479272337365037,batch_2800-2900.arrow,HIGH
0008708,0.6991720790603401,batch_2800-2900.arrow,HIGH
0008709,0.7245662152279445,batch_2800-2900.arrow,HIGH
0008710,0.32695582950300467,batch_2800-2900.arrow,LOW
0008711,0.2070353628161389,batch_2800-2900.arrow,LOW
0008712,0.5537936873638841,batch_2800-2900.arrow,HIGH
0008713,0.3765319901541071,batch_2800-2900.arrow,LOW
0008714,0.7128438232585355,batch_2800-2900.arrow,HIGH
0008716,0.6682046639479542,batch_2800-2900.arrow,HIGH
0008717,0.6824865200163247,batch_2800-2900.arrow,HIGH
0008719,0.7672491453813294,batch_2800-2900.arrow,HIGH
0008720,0.7315506476340423,batch_2800-2900.arrow,HIGH
0008723,0.8070297859813319,batch_2800-2900.arrow,HIGH
0008725,0.25282691767459714,batch_2800-2900.arrow,LOW
0008726,0.7209804520180949,batch_2800-2900.arrow,HIGH
0008727,0.5648518592762583,batch_2800-2900.arrow,HIGH
0008729,0.4814379650789727,batch_2800-2900.arrow,LOW
0008730,0.677951178649621,batch_2800-2900.arrow,HIGH
0008731,0.2270508436229963,batch_2800-2900.arrow,LOW
0008732,0.18177340585032423,batch_2800-2900.arrow,LOW
0008733,0.7264901842769457,batch_2800-2900.arrow,HIGH
0008734,0.7061744746233908,batch_2800-2900.arrow,HIGH
0008735,0.8003921814087512,batch_2800-2900.arrow,HIGH
0008736,0.3741086981228716,batch_2800-2900.arrow,LOW
0008737,0.21102738989507816,batch_2800-2900.arrow,LOW
0008738,0.31553189645127233,batch_2800-2900.arrow,LOW
0008741,0.5620096005153973,batch_2800-2900.arrow,HIGH
0008742,0.29363911996293474,batch_2800-2900.arrow,LOW
0008743,0.6800903769141611,batch_2800-2900.arrow,HIGH
0008745,0.748834949999344,batch_2800-2900.arrow,HIGH
0008747,0.6139487977128364,batch_2800-2900.arrow,HIGH
0008748,0.5874740888257052,batch_2800-2900.arrow,HIGH
0008749,0.48933026211799424,batch_2800-2900.arrow,LOW
0008750,0.056958134856914734,batch_2800-2900.arrow,LOW
0008751,0.7489699390998091,batch_2800-2900.arrow,HIGH
0008752,0.45641104412293787,batch_2800-2900.arrow,LOW
0008753,0.7500157227531816,batch_2800-2900.arrow,HIGH
0008754,0.5813943310326984,batch_2800-2900.arrow,HIGH
0008755,0.44355492986489203,batch_2800-2900.arrow,LOW
0008756,0.565419458049011,batch_2800-2900.arrow,HIGH
0008757,0.4908197494422601,batch_2800-2900.arrow,LOW
0008758,0.7170820297519089,batch_2800-2900.arrow,HIGH
0008759,0.3685308918208145,batch_2800-2900.arrow,LOW
0008760,0.6355714825126845,batch_2800-2900.arrow,HIGH
0008761,0.7849383831331073,batch_2800-2900.arrow,HIGH
0008762,0.6326818578711982,batch_2800-2900.arrow,HIGH
0008763,0.629540364482832,batch_2800-2900.arrow,HIGH
0008764,0.6121193582472121,batch_2800-2900.arrow,HIGH
0008766,0.8001128296189931,batch_2800-2900.arrow,HIGH
0008768,0.7305819441675646,batch_2800-2900.arrow,HIGH
0008769,0.3053466786578474,batch_2800-2900.arrow,LOW
0008771,0.4629436038299608,batch_2800-2900.arrow,LOW
0008772,0.631601030110457,batch_2800-2900.arrow,HIGH
0008773,0.5560980308621869,batch_2800-2900.arrow,HIGH
0008774,0.33090484541932597,batch_2800-2900.arrow,LOW
0008775,0.780361257480272,batch_2800-2900.arrow,HIGH
0008776,0.25704906455714555,batch_2800-2900.arrow,LOW
0008780,0.736160528707677,batch_2800-2900.arrow,HIGH
0008781,0.5165344261793843,batch_2800-2900.arrow,HIGH
0008782,0.678411156391204,batch_2800-2900.arrow,HIGH
0008784,0.5091036623357268,batch_2800-2900.arrow,HIGH
0008785,0.16235116571615524,batch_2800-2900.arrow,LOW
0008788,0.519282998099363,batch_2800-2900.arrow,HIGH
0008789,0.747219550414257,batch_2800-2900.arrow,HIGH
0008792,0.23667386915154165,batch_2800-2900.arrow,LOW
0008793,0.6363576900035413,batch_2800-2900.arrow,HIGH
0008794,0.294448843136388,batch_2800-2900.arrow,LOW
0008795,0.7014983962029432,batch_2800-2900.arrow,HIGH
0008796,0.6703908246715425,batch_2800-2900.arrow,HIGH
0008797,0.4210528432478274,batch_2800-2900.arrow,LOW
0008798,0.7366607564375313,batch_2800-2900.arrow,HIGH
0008799,0.5614984791624392,batch_2800-2900.arrow,HIGH
0008800,0.48590714564618714,batch_2800-2900.arrow,LOW
0008801,0.4653437156074018,batch_2800-2900.arrow,LOW
0008802,0.2213104203895934,batch_2800-2900.arrow,LOW
0008807,0.5578767018593809,batch_2800-2900.arrow,HIGH
0008808,0.16684167356010393,batch_2800-2900.arrow,LOW
0008810,0.6871109045680468,batch_2800-2900.arrow,HIGH
0008811,0.6262928122026218,batch_2800-2900.arrow,HIGH
0008812,0.7736131114972263,batch_2800-2900.arrow,HIGH
0008813,0.7794889964277836,batch_2800-2900.arrow,HIGH
0008814,0.5879713314486943,batch_2800-2900.arrow,HIGH
0008815,0.819904441037381,batch_2800-2900.arrow,HIGH
0008816,0.2751078450301817,batch_2800-2900.arrow,LOW
0008817,0.22813433486425735,batch_2800-2900.arrow,LOW
0008818,0.12686697387981213,batch_2800-2900.arrow,LOW
0008820,0.7586377548295257,batch_2800-2900.arrow,HIGH
0008821,0.698565749324734,batch_2800-2900.arrow,HIGH
0008822,0.5135070516890671,batch_2800-2900.arrow,HIGH
0008823,0.7012506348869456,batch_2800-2900.arrow,HIGH
0008824,0.7720047464829699,batch_2900-3000.arrow,HIGH
0008827,0.16117702521282928,batch_2900-3000.arrow,LOW
0008828,0.5073454929991409,batch_2900-3000.arrow,HIGH
0008830,0.7859834777436151,batch_2900-3000.arrow,HIGH
0008831,0.6746052082494839,batch_2900-3000.arrow,HIGH
0008832,0.7390533935932542,batch_2900-3000.arrow,HIGH
0008833,0.6994677937862089,batch_2900-3000.arrow,HIGH
0008835,0.6677799333032017,batch_2900-3000.arrow,HIGH
0008840,0.5038421701444716,batch_2900-3000.arrow,HIGH
0008841,0.674797405384636,batch_2900-3000.arrow,HIGH
0008842,0.051933772945969896,batch_2900-3000.arrow,LOW
0008843,0.6993954394958277,batch_2900-3000.arrow,HIGH
0008844,0.1370176995530287,batch_2900-3000.arrow,LOW
0008845,0.4989025559794285,batch_2900-3000.arrow,LOW
0008846,0.7198423844784095,batch_2900-3000.arrow,HIGH
0008847,0.7138178529502092,batch_2900-3000.arrow,HIGH
0008848,0.4608613719216305,batch_2900-3000.arrow,LOW
0008849,0.7225985994941784,batch_2900-3000.arrow,HIGH
0008850,0.27542826539316073,batch_2900-3000.arrow,LOW
0008851,0.7076752636559441,batch_2900-3000.arrow,HIGH
0008852,0.7269789966524187,batch_2900-3000.arrow,HIGH
0008854,0.6406425492935595,batch_2900-3000.arrow,HIGH
0008855,0.5842425042542178,batch_2900-3000.arrow,HIGH
0008856,0.7579720174560394,batch_2900-3000.arrow,HIGH
0008857,0.7187568131361918,batch_2900-3000.arrow,HIGH
0008858,0.3893342946240958,batch_2900-3000.arrow,LOW
0008859,0.19894695747032923,batch_2900-3000.arrow,LOW
0008861,0.664437747158504,batch_2900-3000.arrow,HIGH
0008862,0.043848237790864754,batch_2900-3000.arrow,LOW
0008864,0.7199212954283946,batch_2900-3000.arrow,HIGH
0008865,0.6502222535466596,batch_2900-3000.arrow,HIGH
0008866,0.6032773286444764,batch_2900-3000.arrow,HIGH
0008867,0.656838934521546,batch_2900-3000.arrow,HIGH
0008868,0.5268131635450598,batch_2900-3000.arrow,HIGH
0008869,0.7004129079535817,batch_2900-3000.arrow,HIGH
0008870,0.6057432379812416,batch_2900-3000.arrow,HIGH
0008873,0.8058039589604932,batch_2900-3000.arrow,HIGH
0008874,0.7305456513870867,batch_2900-3000.arrow,HIGH
0008875,0.12471664517067338,batch_2900-3000.arrow,LOW
0008876,0.4425580574090247,batch_2900-3000.arrow,LOW
0008877,0.6279739700094765,batch_2900-3000.arrow,HIGH
0008879,0.723710866575224,batch_2900-3000.arrow,HIGH
0008880,0.6730124529411569,batch_2900-3000.arrow,HIGH
0008882,0.7561221082128804,batch_2900-3000.arrow,HIGH
0008883,0.7124190384234645,batch_2900-3000.arrow,HIGH
0008885,0.8184840816574058,batch_2900-3000.arrow,HIGH
0008887,0.7436573254375184,batch_2900-3000.arrow,HIGH
0008889,0.6359268196669076,batch_2900-3000.arrow,HIGH
0008890,0.7196463734917821,batch_2900-3000.arrow,HIGH
0008892,0.49824232873987045,batch_2900-3000.arrow,LOW
0008893,0.6153443245288002,batch_2900-3000.arrow,HIGH
0008894,0.7077157949981041,batch_2900-3000.arrow,HIGH
0008895,0.6095442792078892,batch_2900-3000.arrow,HIGH
0008896,0.675897444830032,batch_2900-3000.arrow,HIGH
0008898,0.6460808544242758,batch_2900-3000.arrow,HIGH
0008899,0.7994119384969784,batch_2900-3000.arrow,HIGH
0008903,0.6687198518977732,batch_2900-3000.arrow,HIGH
0008904,0.6435141686712194,batch_2900-3000.arrow,HIGH
0008905,0.7446208195244983,batch_2900-3000.arrow,HIGH
0008906,0.2590757771887117,batch_2900-3000.arrow,LOW
0008907,0.7691772026981821,batch_2900-3000.arrow,HIGH
0008908,0.33243364410455983,batch_2900-3000.arrow,LOW
0008909,0.6589577178385649,batch_2900-3000.arrow,HIGH
0008910,0.7455556871730633,batch_2900-3000.arrow,HIGH
0008911,0.5964795315270043,batch_2900-3000.arrow,HIGH
0008912,0.6837142378742032,batch_2900-3000.arrow,HIGH
0008913,0.4224800333872813,batch_2900-3000.arrow,LOW
0008914,0.6919980807097272,batch_2900-3000.arrow,HIGH
0008915,0.7262174685917779,batch_2900-3000.arrow,HIGH
0008916,0.7235789206988539,batch_2900-3000.arrow,HIGH
0008919,0.24264517572138836,batch_2900-3000.arrow,LOW
0008921,0.7152271993997797,batch_2900-3000.arrow,HIGH
0008922,0.6484597071720172,batch_2900-3000.arrow,HIGH
0008923,0.29555515855977327,batch_2900-3000.arrow,LOW
0008924,0.6339129384603592,batch_2900-3000.arrow,HIGH
0008925,0.12202709066019925,batch_2900-3000.arrow,LOW
0008926,0.7869658443562892,batch_2900-3000.arrow,HIGH
0008927,0.4265254612823681,batch_2900-3000.arrow,LOW
0008928,0.6156479791300519,batch_2900-3000.arrow,HIGH
0008929,0.6322703099292878,batch_2900-3000.arrow,HIGH
0008931,0.7639187806589117,batch_2900-3000.arrow,HIGH
0008933,0.3886341203913504,batch_2900-3000.arrow,LOW
0008934,0.518029495031581,batch_2900-3000.arrow,HIGH
0008935,0.27700290894989693,batch_2900-3000.arrow,LOW
0008936,0.7116185593061234,batch_2900-3000.arrow,HIGH
0008938,0.2977288066112446,batch_2900-3000.arrow,LOW
0008942,0.4976414303103153,batch_2900-3000.arrow,LOW
0008943,0.6267851409650246,batch_2900-3000.arrow,HIGH
0008944,0.41757511241665596,batch_2900-3000.arrow,LOW
0008946,0.6215625663667644,batch_2900-3000.arrow,HIGH
0008947,0.6582633050442566,batch_2900-3000.arrow,HIGH
0008948,0.6972581289153895,batch_2900-3000.arrow,HIGH
0008949,0.7746011104068081,batch_2900-3000.arrow,HIGH
0008950,0.20838900358063986,batch_2900-3000.arrow,LOW
0008951,0.6556557563751181,batch_2900-3000.arrow,HIGH
0008952,0.29225138328175715,batch_2900-3000.arrow,LOW
0005278,0.6345809456933039,batch_300-400.arrow,HIGH
0005279,0.308104956986434,batch_300-400.arrow,LOW
0005280,0.7256631667936903,batch_300-400.arrow,HIGH
0005281,0.12809568697219698,batch_300-400.arrow,LOW
0005282,0.517965224054936,batch_300-400.arrow,HIGH
0005283,0.6765014794204188,batch_300-400.arrow,HIGH
0005284,0.7528167925259694,batch_300-400.arrow,HIGH
0005285,0.20696994249013434,batch_300-400.arrow,LOW
0005286,0.8112071170539205,batch_300-400.arrow,HIGH
0005287,0.6868463599413994,batch_300-400.arrow,HIGH
0005288,0.7260136285137069,batch_300-400.arrow,HIGH
0005289,0.6662302281720839,batch_300-400.arrow,HIGH
0005290,0.5901401110336608,batch_300-400.arrow,HIGH
0005291,0.7658805605544079,batch_300-400.arrow,HIGH
0005292,0.67213004341307,batch_300-400.arrow,HIGH
0005293,0.7250184723982325,batch_300-400.arrow,HIGH
0005294,0.606519390288634,batch_300-400.arrow,HIGH
0005295,0.13887541469536477,batch_300-400.arrow,LOW
0005297,0.7158580580571331,batch_300-400.arrow,HIGH
0005299,0.7909000245029492,batch_300-400.arrow,HIGH
0005300,0.7604075810006701,batch_300-400.arrow,HIGH
0005301,0.26398024994120034,batch_300-400.arrow,LOW
0005302,0.7482997721852334,batch_300-400.arrow,HIGH
0005305,0.5528984856283654,batch_300-400.arrow,HIGH
0005306,0.6417032880706964,batch_300-400.arrow,HIGH
0005307,0.6438346555389981,batch_300-400.arrow,HIGH
0005308,0.8150868342560025,batch_300-400.arrow,HIGH
0005309,0.6328433820304973,batch_300-400.arrow,HIGH
0005310,0.3926218911430552,batch_300-400.arrow,LOW
0005311,0.6430194220121784,batch_300-400.arrow,HIGH
0005314,0.09390753774437076,batch_300-400.arrow,LOW
0005316,0.28768340583915225,batch_300-400.arrow,LOW
0005317,0.20260822848125362,batch_300-400.arrow,LOW
0005318,0.6969018933535768,batch_300-400.arrow,HIGH
0005319,0.7814238133559716,batch_300-400.arrow,HIGH
0005321,0.7382020743947075,batch_300-400.arrow,HIGH
0005322,0.6930388153419887,batch_300-400.arrow,HIGH
0005323,0.5087198334623745,batch_300-400.arrow,HIGH
0005324,0.06541886621365574,batch_300-400.arrow,LOW
0005325,0.6735285841806588,batch_300-400.arrow,HIGH
0005328,0.676772453268896,batch_300-400.arrow,HIGH
0005329,0.7577501755150905,batch_300-400.arrow,HIGH
0005330,0.519717953651515,batch_300-400.arrow,HIGH
0005331,0.6829668937493957,batch_300-400.arrow,HIGH
0005333,0.16136359369177214,batch_300-400.arrow,LOW
0005334,0.6416908506776228,batch_300-400.arrow,HIGH
0005336,0.6200395961859996,batch_300-400.arrow,HIGH
0005337,0.2533181535586601,batch_300-400.arrow,LOW
0005339,0.7278043085379422,batch_300-400.arrow,HIGH
0005340,0.7103620584691669,batch_300-400.arrow,HIGH
0005342,0.6421413143390362,batch_300-400.arrow,HIGH
0005343,0.8234874610540436,batch_300-400.arrow,HIGH
0005344,0.29358320960192824,batch_300-400.arrow,LOW
0005345,0.6396374765381444,batch_300-400.arrow,HIGH
0005346,0.6444792721675744,batch_300-400.arrow,HIGH
0005347,0.7238526743016873,batch_300-400.arrow,HIGH
0005352,0.7640690426269767,batch_300-400.arrow,HIGH
0005353,0.5250636663841856,batch_300-400.arrow,HIGH
0005354,0.11061274731424331,batch_300-400.arrow,LOW
0005355,0.2250836392367804,batch_300-400.arrow,LOW
0005356,0.6973003505627572,batch_300-400.arrow,HIGH
0005357,0.2900008521753665,batch_300-400.arrow,LOW
0005359,0.6519607306709827,batch_300-400.arrow,HIGH
0005360,0.5437804994651915,batch_300-400.arrow,HIGH
0005361,0.5346967528331389,batch_300-400.arrow,HIGH
0005362,0.637145307537224,batch_300-400.arrow,HIGH
0005363,0.687794893301329,batch_300-400.arrow,HIGH
0005364,0.6486490323227052,batch_300-400.arrow,HIGH
0005366,0.5299744049785589,batch_300-400.arrow,HIGH
0005368,0.14948036528589234,batch_300-400.arrow,LOW
0005369,0.4728756481088747,batch_300-400.arrow,LOW
0005373,0.33385723274420137,batch_300-400.arrow,LOW
0005374,0.6906068677479547,batch_300-400.arrow,HIGH
0005376,0.731232212277122,batch_300-400.arrow,HIGH
0005378,0.6040360012431782,batch_300-400.arrow,HIGH
0005379,0.7882084807720563,batch_300-400.arrow,HIGH
0005380,0.7611131550559453,batch_300-400.arrow,HIGH
0005381,0.6149235553178242,batch_300-400.arrow,HIGH
0005382,0.7352863652175398,batch_300-400.arrow,HIGH
0005383,0.6872044107564541,batch_300-400.arrow,HIGH
0005384,0.5792492836995066,batch_300-400.arrow,HIGH
0005385,0.7110352483126056,batch_300-400.arrow,HIGH
0005386,0.5250972629991438,batch_300-400.arrow,HIGH
0005387,0.823392774944767,batch_300-400.arrow,HIGH
0005390,0.7140270642700708,batch_300-400.arrow,HIGH
0005391,0.35525359898773395,batch_300-400.arrow,LOW
0005392,0.6123705715259902,batch_300-400.arrow,HIGH
0005393,0.13628272923195417,batch_300-400.arrow,LOW
0005395,0.0951684071576967,batch_300-400.arrow,LOW
0005396,0.7252958129734809,batch_300-400.arrow,HIGH
0005397,0.5446342281053255,batch_300-400.arrow,HIGH
0005399,0.6715096490409241,batch_300-400.arrow,HIGH
0005401,0.7021066393700761,batch_300-400.arrow,HIGH
0005402,0.7047290614738956,batch_300-400.arrow,HIGH
0005403,0.6442327893515727,batch_300-400.arrow,HIGH
0005404,0.6255970783789415,batch_300-400.arrow,HIGH
0005406,0.20254469265811015,batch_300-400.arrow,LOW
0005407,0.6675821286350782,batch_300-400.arrow,HIGH
0005409,0.20001837041869808,batch_300-400.arrow,LOW
0008953,0.7096988775748226,batch_3000-3100.arrow,HIGH
0008954,0.8101215986247438,batch_3000-3100.arrow,HIGH
0008955,0.03693504484045397,batch_3000-3100.arrow,LOW
0008956,0.028406615165502327,batch_3000-3100.arrow,LOW
0008957,0.7308781604766496,batch_3000-3100.arrow,HIGH
0008960,0.7393994276823558,batch_3000-3100.arrow,HIGH
0008961,0.5762240018692906,batch_3000-3100.arrow,HIGH
0008962,0.6969449540799507,batch_3000-3100.arrow,HIGH
0008964,0.6819939189830561,batch_3000-3100.arrow,HIGH
0008965,0.34299138469164486,batch_3000-3100.arrow,LOW
0008966,0.6853792233294653,batch_3000-3100.arrow,HIGH
0008967,0.605613324809707,batch_3000-3100.arrow,HIGH
0008969,0.6309963887376521,batch_3000-3100.arrow,HIGH
0008970,0.5512468783680076,batch_3000-3100.arrow,HIGH
0008971,0.5959047443065403,batch_3000-3100.arrow,HIGH
0008972,0.6782921141411751,batch_3000-3100.arrow,HIGH
0008973,0.39093448936736896,batch_3000-3100.arrow,LOW
0008974,0.7527306095622434,batch_3000-3100.arrow,HIGH
0008975,0.7436491376946973,batch_3000-3100.arrow,HIGH
0008976,0.6762908374285427,batch_3000-3100.arrow,HIGH
0008977,0.7319288734683839,batch_3000-3100.arrow,HIGH
0008978,0.3382974506436905,batch_3000-3100.arrow,LOW
0008979,0.7837947104584081,batch_3000-3100.arrow,HIGH
0008980,0.7272111083717344,batch_3000-3100.arrow,HIGH
0008981,0.7523211121923702,batch_3000-3100.arrow,HIGH
0008982,0.7580837363092465,batch_3000-3100.arrow,HIGH
0008983,0.20461918139718774,batch_3000-3100.arrow,LOW
0008985,0.8041475141756206,batch_3000-3100.arrow,HIGH
0008986,0.1651866562709957,batch_3000-3100.arrow,LOW
0008987,0.544584457863162,batch_3000-3100.arrow,HIGH
0008988,0.3502425257819309,batch_3000-3100.arrow,LOW
0008989,0.5337979375374482,batch_3000-3100.arrow,HIGH
0008990,0.23885817742124008,batch_3000-3100.arrow,LOW
0008991,0.3341868340703568,batch_3000-3100.arrow,LOW
0008993,0.7788393607892892,batch_3000-3100.arrow,HIGH
0008994,0.6971481363453708,batch_3000-3100.arrow,HIGH
0008995,0.5335072279344085,batch_3000-3100.arrow,HIGH
0008997,0.695450820129221,batch_3000-3100.arrow,HIGH
0008998,0.5215944489098902,batch_3000-3100.arrow,HIGH
0009000,0.6057308366668345,batch_3000-3100.arrow,HIGH
0009001,0.7338539021647087,batch_3000-3100.arrow,HIGH
0009002,0.6519136934097337,batch_3000-3100.arrow,HIGH
0009004,0.33597677582975544,batch_3000-3100.arrow,LOW
0009005,0.518593293972028,batch_3000-3100.arrow,HIGH
0009008,0.32552971045942686,batch_3000-3100.arrow,LOW
0009009,0.7509762398608704,batch_3000-3100.arrow,HIGH
0009010,0.6943836920556468,batch_3000-3100.arrow,HIGH
0009011,0.5401944960160231,batch_3000-3100.arrow,HIGH
0009012,0.8089786502449129,batch_3000-3100.arrow,HIGH
0009013,0.30420114721213337,batch_3000-3100.arrow,LOW
0009014,0.46085274670550475,batch_3000-3100.arrow,LOW
0009016,0.6717744792380255,batch_3000-3100.arrow,HIGH
0009018,0.6158121858876998,batch_3000-3100.arrow,HIGH
0009019,0.7259497909052822,batch_3000-3100.arrow,HIGH
0009020,0.7108300149450497,batch_3000-3100.arrow,HIGH
0009021,0.7471738364000351,batch_3000-3100.arrow,HIGH
0009022,0.18712565782879245,batch_3000-3100.arrow,LOW
0009023,0.7285277832762252,batch_3000-3100.arrow,HIGH
0009024,0.7537308804580912,batch_3000-3100.arrow,HIGH
0009025,0.5242365299831698,batch_3000-3100.arrow,HIGH
0009026,0.3340385852339596,batch_3000-3100.arrow,LOW
0009027,0.7544586375812509,batch_3000-3100.arrow,HIGH
0009028,0.7892144387466584,batch_3000-3100.arrow,HIGH
0009029,0.782476351662476,batch_3000-3100.arrow,HIGH
0009030,0.6905402358118037,batch_3000-3100.arrow,HIGH
0009031,0.6990315347385772,batch_3000-3100.arrow,HIGH
0009032,0.4786236090912081,batch_3000-3100.arrow,LOW
0009034,0.6544087906063273,batch_3000-3100.arrow,HIGH
0009036,0.7019196535867024,batch_3000-3100.arrow,HIGH
0009038,0.14348231878596993,batch_3000-3100.arrow,LOW
0009039,0.456183315151762,batch_3000-3100.arrow,LOW
0009040,0.6787472430054291,batch_3000-3100.arrow,HIGH
0009042,0.7676244347366582,batch_3000-3100.arrow,HIGH
0009043,0.6229236795474069,batch_3000-3100.arrow,HIGH
0009044,0.5509970483180932,batch_3000-3100.arrow,HIGH
0009045,0.35711820751182666,batch_3000-3100.arrow,LOW
0009046,0.2556677571178645,batch_3000-3100.arrow,LOW
0009047,0.7611880619313599,batch_3000-3100.arrow,HIGH
0009048,0.5997745199650294,batch_3000-3100.arrow,HIGH
0009050,0.4977094744588799,batch_3000-3100.arrow,LOW
0009051,0.6327204649505079,batch_3000-3100.arrow,HIGH
0009052,0.41625206533584286,batch_3000-3100.arrow,LOW
0009053,0.5783436933219895,batch_3000-3100.arrow,HIGH
0009054,0.2700056272688265,batch_3000-3100.arrow,LOW
0009056,0.7441016192483846,batch_3000-3100.arrow,HIGH
0009057,0.32786278988559986,batch_3000-3100.arrow,LOW
0009058,0.4101762554193334,batch_3000-3100.arrow,LOW
0009060,0.29871084008059196,batch_3000-3100.arrow,LOW
0009062,0.32282308905990514,batch_3000-3100.arrow,LOW
0009063,0.7181203222079708,batch_3000-3100.arrow,HIGH
0009064,0.3257767111114376,batch_3000-3100.arrow,LOW
0009066,0.24022769011477993,batch_3000-3100.arrow,LOW
0009068,0.3061312246829429,batch_3000-3100.arrow,LOW
0009069,0.6200662999869478,batch_3000-3100.arrow,HIGH
0009073,0.7737317598300901,batch_3000-3100.arrow,HIGH
0009074,0.7888686375151646,batch_3000-3100.arrow,HIGH
0009075,0.38841303909019453,batch_3000-3100.arrow,LOW
0009076,0.638373954978725,batch_3000-3100.arrow,HIGH
0009077,0.24373178702166287,batch_3100-3200.arrow,LOW
0009078,0.453763793844222,batch_3100-3200.arrow,LOW
0009079,0.5955084226572366,batch_3100-3200.arrow,HIGH
0009080,0.7238022527630092,batch_3100-3200.arrow,HIGH
0009081,0.6152669013716485,batch_3100-3200.arrow,HIGH
0009082,0.6564892352089418,batch_3100-3200.arrow,HIGH
0009083,0.5412712334295782,batch_3100-3200.arrow,HIGH
0009084,0.44548808379755683,batch_3100-3200.arrow,LOW
0009085,0.4766407114727238,batch_3100-3200.arrow,LOW
0009086,0.37710205242044625,batch_3100-3200.arrow,LOW
0009087,0.6200191729317196,batch_3100-3200.arrow,HIGH
0009088,0.6368867536369336,batch_3100-3200.arrow,HIGH
0009089,0.7259648276658094,batch_3100-3200.arrow,HIGH
0009090,0.565189889478774,batch_3100-3200.arrow,HIGH
0009091,0.4710751241020908,batch_3100-3200.arrow,LOW
0009092,0.6778727596046048,batch_3100-3200.arrow,HIGH
0009093,0.7220815640884396,batch_3100-3200.arrow,HIGH
0009094,0.5127501599705843,batch_3100-3200.arrow,HIGH
0009095,0.19799393372485538,batch_3100-3200.arrow,LOW
0009096,0.7212963643997689,batch_3100-3200.arrow,HIGH
0009097,0.38588194997791153,batch_3100-3200.arrow,LOW
0009098,0.7704449582851621,batch_3100-3200.arrow,HIGH
0009099,0.1821333615861148,batch_3100-3200.arrow,LOW
0009100,0.5175635667684131,batch_3100-3200.arrow,HIGH
0009101,0.5350199016900555,batch_3100-3200.arrow,HIGH
0009102,0.6646082223045428,batch_3100-3200.arrow,HIGH
0009103,0.571138795902956,batch_3100-3200.arrow,HIGH
0009105,0.6591566192622832,batch_3100-3200.arrow,HIGH
0009106,0.4317712861886634,batch_3100-3200.arrow,LOW
0009107,0.4087528845098094,batch_3100-3200.arrow,LOW
0009108,0.6602107038878136,batch_3100-3200.arrow,HIGH
0009110,0.7226233695683238,batch_3100-3200.arrow,HIGH
0009112,0.3930153298354358,batch_3100-3200.arrow,LOW
0009113,0.7287428957806855,batch_3100-3200.arrow,HIGH
0009114,0.73297025198617,batch_3100-3200.arrow,HIGH
0009117,0.5079684190936709,batch_3100-3200.arrow,HIGH
0009118,0.5441989798904577,batch_3100-3200.arrow,HIGH
0009119,0.4666895675734612,batch_3100-3200.arrow,LOW
0009120,0.7187324403715504,batch_3100-3200.arrow,HIGH
0009121,0.6878488818683417,batch_3100-3200.arrow,HIGH
0009122,0.7953677936162058,batch_3100-3200.arrow,HIGH
0009123,0.657316167859316,batch_3100-3200.arrow,HIGH
0009124,0.6884034638646647,batch_3100-3200.arrow,HIGH
0009126,0.5497502379869083,batch_3100-3200.arrow,HIGH
0009128,0.5759973650109672,batch_3100-3200.arrow,HIGH
0009129,0.15214869364293027,batch_3100-3200.arrow,LOW
0009130,0.7102896534016921,batch_3100-3200.arrow,HIGH
0009131,0.3147905494317178,batch_3100-3200.arrow,LOW
0009132,0.6355645908440569,batch_3100-3200.arrow,HIGH
0009133,0.24440152800338477,batch_3100-3200.arrow,LOW
0009134,0.5489821104675411,batch_3100-3200.arrow,HIGH
0009135,0.5695846168344715,batch_3100-3200.arrow,HIGH
0009136,0.781532983604054,batch_3100-3200.arrow,HIGH
0009137,0.38948345147047836,batch_3100-3200.arrow,LOW
0009138,0.41383373433539505,batch_3100-3200.arrow,LOW
0009139,0.19331408153464116,batch_3100-3200.arrow,LOW
0009141,0.8524877858690338,batch_3100-3200.arrow,HIGH
0009142,0.7013962401966499,batch_3100-3200.arrow,HIGH
0009143,0.2850460343060908,batch_3100-3200.arrow,LOW
0009144,0.7917314530344957,batch_3100-3200.arrow,HIGH
0009145,0.2358649812245837,batch_3100-3200.arrow,LOW
0009147,0.6471804071214772,batch_3100-3200.arrow,HIGH
0009148,0.326253155335265,batch_3100-3200.arrow,LOW
0009149,0.31887425109018447,batch_3100-3200.arrow,LOW
0009150,0.665389651263166,batch_3100-3200.arrow,HIGH
0009151,0.057870160998261234,batch_3100-3200.arrow,LOW
0009152,0.4732224570979118,batch_3100-3200.arrow,LOW
0009154,0.7332765061974884,batch_3100-3200.arrow,HIGH
0009155,0.5603112084785559,batch_3100-3200.arrow,HIGH
0009156,0.39046581439134026,batch_3100-3200.arrow,LOW
0009157,0.2822287354485582,batch_3100-3200.arrow,LOW
0009159,0.6940754210707062,batch_3100-3200.arrow,HIGH
0009162,0.8301165770096479,batch_3100-3200.arrow,HIGH
0009163,0.10992486464438929,batch_3100-3200.arrow,LOW
0009164,0.6914194928503766,batch_3100-3200.arrow,HIGH
0009165,0.6222863351897171,batch_3100-3200.arrow,HIGH
0009166,0.5207347865432296,batch_3100-3200.arrow,HIGH
0009167,0.6374414444112627,batch_3100-3200.arrow,HIGH
0009168,0.6654703418381008,batch_3100-3200.arrow,HIGH
0009169,0.679561196852494,batch_3100-3200.arrow,HIGH
0009170,0.6633431786595972,batch_3100-3200.arrow,HIGH
0009171,0.5645603528499371,batch_3100-3200.arrow,HIGH
0009172,0.7523760848767638,batch_3100-3200.arrow,HIGH
0009173,0.6497986417237395,batch_3100-3200.arrow,HIGH
0009175,0.6615577704478778,batch_3100-3200.arrow,HIGH
0009176,0.44121494625787755,batch_3100-3200.arrow,LOW
0009180,0.4661013981916356,batch_3100-3200.arrow,LOW
0009183,0.7672578506284289,batch_3100-3200.arrow,HIGH
0009184,0.534339977969626,batch_3100-3200.arrow,HIGH
0009185,0.6367088098173662,batch_3100-3200.arrow,HIGH
0009188,0.4307747361866288,batch_3100-3200.arrow,LOW
0009190,0.41360986858887266,batch_3100-3200.arrow,LOW
0009191,0.6776381150201751,batch_3100-3200.arrow,HIGH
0009192,0.5971100689503765,batch_3100-3200.arrow,HIGH
0009193,0.6153171508161166,batch_3100-3200.arrow,HIGH
0009195,0.7955371190443703,batch_3100-3200.arrow,HIGH
0009196,0.5702048234659783,batch_3100-3200.arrow,HIGH
0009198,0.6421136578550176,batch_3100-3200.arrow,HIGH
0009199,0.8000763754166099,batch_3100-3200.arrow,HIGH
0009200,0.81682158609767,batch_3100-3200.arrow,HIGH
0009201,0.6321107194901606,batch_3200-3300.arrow,HIGH
0009202,0.5736850907148285,batch_3200-3300.arrow,HIGH
0009203,0.4085200915744487,batch_3200-3300.arrow,LOW
0009204,0.7408678931298983,batch_3200-3300.arrow,HIGH
0009205,0.7068064895372853,batch_3200-3300.arrow,HIGH
0009210,0.7562895011191658,batch_3200-3300.arrow,HIGH
0009211,0.7569031980146815,batch_3200-3300.arrow,HIGH
0009212,0.6209109783328952,batch_3200-3300.arrow,HIGH
0009213,0.06671319372999518,batch_3200-3300.arrow,LOW
0009214,0.504282811624371,batch_3200-3300.arrow,HIGH
0009215,0.5841075038219453,batch_3200-3300.arrow,HIGH
0009216,0.1770224806580315,batch_3200-3300.arrow,LOW
0009217,0.7472309338832602,batch_3200-3300.arrow,HIGH
0009218,0.162312085576469,batch_3200-3300.arrow,LOW
0009219,0.3212307379574149,batch_3200-3300.arrow,LOW
0009222,0.5932090995343152,batch_3200-3300.arrow,HIGH
0009224,0.1302711291431942,batch_3200-3300.arrow,LOW
0009225,0.6393463658245312,batch_3200-3300.arrow,HIGH
0009228,0.7223696623258006,batch_3200-3300.arrow,HIGH
0009229,0.6883955973188903,batch_3200-3300.arrow,HIGH
0009230,0.6669693092587821,batch_3200-3300.arrow,HIGH
0009231,0.586187931806963,batch_3200-3300.arrow,HIGH
0009232,0.7109354484564694,batch_3200-3300.arrow,HIGH
0009235,0.5865492222884163,batch_3200-3300.arrow,HIGH
0009236,0.425445273862107,batch_3200-3300.arrow,LOW
0009240,0.3891136336817918,batch_3200-3300.arrow,LOW
0009242,0.657612260306496,batch_3200-3300.arrow,HIGH
0009243,0.7343501159485456,batch_3200-3300.arrow,HIGH
0009244,0.6426700552100829,batch_3200-3300.arrow,HIGH
0009245,0.5704957349670191,batch_3200-3300.arrow,HIGH
0009248,0.7237094631190156,batch_3200-3300.arrow,HIGH
0009249,0.5702986766730153,batch_3200-3300.arrow,HIGH
0009250,0.4801595287647573,batch_3200-3300.arrow,LOW
0009251,0.4535922114466633,batch_3200-3300.arrow,LOW
0009253,0.15602106613397418,batch_3200-3300.arrow,LOW
0009254,0.5607473033874727,batch_3200-3300.arrow,HIGH
0009257,0.7777482210501298,batch_3200-3300.arrow,HIGH
0009258,0.07508275953173665,batch_3200-3300.arrow,LOW
0009260,0.6530935400553823,batch_3200-3300.arrow,HIGH
0009261,0.7417733339028875,batch_3200-3300.arrow,HIGH
0009262,0.23853391681365643,batch_3200-3300.arrow,LOW
0009263,0.5932983802047941,batch_3200-3300.arrow,HIGH
0009264,0.7425562520212342,batch_3200-3300.arrow,HIGH
0009266,0.6697657248649246,batch_3200-3300.arrow,HIGH
0009267,0.8146342782345725,batch_3200-3300.arrow,HIGH
0009268,0.7576757523246412,batch_3200-3300.arrow,HIGH
0009269,0.6675745145650133,batch_3200-3300.arrow,HIGH
0009270,0.5994128295098151,batch_3200-3300.arrow,HIGH
0009271,0.7541031932387998,batch_3200-3300.arrow,HIGH
0009272,0.7509838958436482,batch_3200-3300.arrow,HIGH
0009275,0.8439328996496694,batch_3200-3300.arrow,HIGH
0009276,0.6016199144204113,batch_3200-3300.arrow,HIGH
0009277,0.5987877546014296,batch_3200-3300.arrow,HIGH
0009278,0.6380237460327395,batch_3200-3300.arrow,HIGH
0009279,0.5439160963270471,batch_3200-3300.arrow,HIGH
0009281,0.6281692983323363,batch_3200-3300.arrow,HIGH
0009285,0.7865218180733812,batch_3200-3300.arrow,HIGH
0009286,0.5463757946459467,batch_3200-3300.arrow,HIGH
0009287,0.7029217738563074,batch_3200-3300.arrow,HIGH
0009288,0.6526994030025163,batch_3200-3300.arrow,HIGH
0009289,0.6535970798242706,batch_3200-3300.arrow,HIGH
0009290,0.7254797130143767,batch_3200-3300.arrow,HIGH
0009292,0.47322949697594674,batch_3200-3300.arrow,LOW
0009293,0.7487872700612582,batch_3200-3300.arrow,HIGH
0009294,0.6513371578330788,batch_3200-3300.arrow,HIGH
0009295,0.3590543879140209,batch_3200-3300.arrow,LOW
0009296,0.7414201313008032,batch_3200-3300.arrow,HIGH
0009297,0.6197216125393662,batch_3200-3300.arrow,HIGH
0009298,0.654426265936782,batch_3200-3300.arrow,HIGH
0009299,0.5714097648854887,batch_3200-3300.arrow,HIGH
0009300,0.7246143641139279,batch_3200-3300.arrow,HIGH
0009301,0.36140197025845827,batch_3200-3300.arrow,LOW
0009302,0.5489422127502296,batch_3200-3300.arrow,HIGH
0009303,0.6439454254096558,batch_3200-3300.arrow,HIGH
0009304,0.7425690582073186,batch_3200-3300.arrow,HIGH
0009307,0.5980925139212973,batch_3200-3300.arrow,HIGH
0009309,0.7271191682252621,batch_3200-3300.arrow,HIGH
0009310,0.38011085103501796,batch_3200-3300.arrow,LOW
0009311,0.7360446027721442,batch_3200-3300.arrow,HIGH
0009312,0.6387625357239964,batch_3200-3300.arrow,HIGH
0009313,0.32634461352994065,batch_3200-3300.arrow,LOW
0009314,0.6955165390241498,batch_3200-3300.arrow,HIGH
0009315,0.6181164391194588,batch_3200-3300.arrow,HIGH
0009317,0.19285359976946828,batch_3200-3300.arrow,LOW
0009318,0.5649950982024207,batch_3200-3300.arrow,HIGH
0009319,0.4006738595453612,batch_3200-3300.arrow,LOW
0009321,0.7327229219998133,batch_3200-3300.arrow,HIGH
0009322,0.6506400480454032,batch_3200-3300.arrow,HIGH
0009325,0.790578867402008,batch_3200-3300.arrow,HIGH
0009326,0.12400662147968189,batch_3200-3300.arrow,LOW
0009327,0.7376788120086554,batch_3200-3300.arrow,HIGH
0009329,0.26392442448635434,batch_3200-3300.arrow,LOW
0009330,0.627136405857131,batch_3200-3300.arrow,HIGH
0009332,0.669736304364319,batch_3200-3300.arrow,HIGH
0009334,0.5115117880622367,batch_3200-3300.arrow,HIGH
0009335,0.7515452862580733,batch_3200-3300.arrow,HIGH
0009336,0.6869508879671821,batch_3200-3300.arrow,HIGH
0009337,0.5011931831130877,batch_3200-3300.arrow,HIGH
0009338,0.6765671934234373,batch_3300-3400.arrow,HIGH
0009339,0.43025301027648477,batch_3300-3400.arrow,LOW
0009340,0.7576028935747198,batch_3300-3400.arrow,HIGH
0009341,0.32672473634090654,batch_3300-3400.arrow,LOW
0009342,0.8016256046183353,batch_3300-3400.arrow,HIGH
0009343,0.6282686421434689,batch_3300-3400.arrow,HIGH
0009344,0.7013201686770963,batch_3300-3400.arrow,HIGH
0009345,0.19153940623144963,batch_3300-3400.arrow,LOW
0009346,0.14959010094008754,batch_3300-3400.arrow,LOW
0009348,0.31655276938012256,batch_3300-3400.arrow,LOW
0009349,0.6251083108642282,batch_3300-3400.arrow,HIGH
0009350,0.6929509905092862,batch_3300-3400.arrow,HIGH
0009351,0.5629914804995975,batch_3300-3400.arrow,HIGH
0009352,0.16314986019668115,batch_3300-3400.arrow,LOW
0009353,0.07002043604158713,batch_3300-3400.arrow,LOW
0009354,0.5733010151377868,batch_3300-3400.arrow,HIGH
0009355,0.5178422493701956,batch_3300-3400.arrow,HIGH
0009356,0.7407874401489353,batch_3300-3400.arrow,HIGH
0009357,0.6152155331569914,batch_3300-3400.arrow,HIGH
0009358,0.7517503082830551,batch_3300-3400.arrow,HIGH
0009359,0.4917026583713903,batch_3300-3400.arrow,LOW
0009360,0.6288121075935746,batch_3300-3400.arrow,HIGH
0009361,0.6405420133958674,batch_3300-3400.arrow,HIGH
0009363,0.6077444775799267,batch_3300-3400.arrow,HIGH
0009364,0.43468635978714826,batch_3300-3400.arrow,LOW
0009365,0.6239733397359276,batch_3300-3400.arrow,HIGH
0009366,0.22585892079557146,batch_3300-3400.arrow,LOW
0009367,0.8008531537409329,batch_3300-3400.arrow,HIGH
0009370,0.7336247065047313,batch_3300-3400.arrow,HIGH
0009371,0.6639689647714789,batch_3300-3400.arrow,HIGH
0009372,0.329076428143325,batch_3300-3400.arrow,LOW
0009373,0.3442861193115218,batch_3300-3400.arrow,LOW
0009375,0.7907176369323695,batch_3300-3400.arrow,HIGH
0009377,0.5334475844902966,batch_3300-3400.arrow,HIGH
0009378,0.24429717511749696,batch_3300-3400.arrow,LOW
0009379,0.7841434256638368,batch_3300-3400.arrow,HIGH
0009381,0.6471348735530874,batch_3300-3400.arrow,HIGH
0009382,0.28158883109295485,batch_3300-3400.arrow,LOW
0009384,0.8093742596058483,batch_3300-3400.arrow,HIGH
0009385,0.7450828391537033,batch_3300-3400.arrow,HIGH
0009387,0.7319119685551367,batch_3300-3400.arrow,HIGH
0009390,0.7870249851216579,batch_3300-3400.arrow,HIGH
0009391,0.6501865600910552,batch_3300-3400.arrow,HIGH
0009393,0.6618723571352646,batch_3300-3400.arrow,HIGH
0009394,0.201992483027964,batch_3300-3400.arrow,LOW
0009395,0.7049084038559513,batch_3300-3400.arrow,HIGH
0009396,0.673242294407828,batch_3300-3400.arrow,HIGH
0009397,0.2680731051810317,batch_3300-3400.arrow,LOW
0009398,0.5557427996107456,batch_3300-3400.arrow,HIGH
0009399,0.6269815376961484,batch_3300-3400.arrow,HIGH
0009400,0.6941900128915431,batch_3300-3400.arrow,HIGH
0009403,0.3670688257430798,batch_3300-3400.arrow,LOW
0009405,0.6039290559251628,batch_3300-3400.arrow,HIGH
0009408,0.720897375780322,batch_3300-3400.arrow,HIGH
0009409,0.6232574237939167,batch_3300-3400.arrow,HIGH
0009410,0.46581018784290434,batch_3300-3400.arrow,LOW
0009412,0.7299898398233816,batch_3300-3400.arrow,HIGH
0009413,0.10241600291140716,batch_3300-3400.arrow,LOW
0009414,0.7734712876557189,batch_3300-3400.arrow,HIGH
0009417,0.13250526275771096,batch_3300-3400.arrow,LOW
0009418,0.6497436372654125,batch_3300-3400.arrow,HIGH
0009419,0.6332171751104277,batch_3300-3400.arrow,HIGH
0009420,0.7412164631004909,batch_3300-3400.arrow,HIGH
0009421,0.6693021609645092,batch_3300-3400.arrow,HIGH
0009422,0.5042798352054905,batch_3300-3400.arrow,HIGH
0009423,0.6766871926923587,batch_3300-3400.arrow,HIGH
0009424,0.37661425781899555,batch_3300-3400.arrow,LOW
0009426,0.21555858941547737,batch_3300-3400.arrow,LOW
0009427,0.7210070797974876,batch_3300-3400.arrow,HIGH
0009429,0.42688759288506356,batch_3300-3400.arrow,LOW
0009430,0.7621615116873044,batch_3300-3400.arrow,HIGH
0009431,0.6226852081783091,batch_3300-3400.arrow,HIGH
0009432,0.25730211020587124,batch_3300-3400.arrow,LOW
0009433,0.6700371293704785,batch_3300-3400.arrow,HIGH
0009435,0.8235913153726341,batch_3300-3400.arrow,HIGH
0009436,0.7309707105067731,batch_3300-3400.arrow,HIGH
0009438,0.6579061194164834,batch_3300-3400.arrow,HIGH
0009441,0.6827884449481986,batch_3300-3400.arrow,HIGH
0009442,0.5739967171676298,batch_3300-3400.arrow,HIGH
0009443,0.7502443581204616,batch_3300-3400.arrow,HIGH
0009444,0.6505589150655555,batch_3300-3400.arrow,HIGH
0009445,0.7495249826439229,batch_3300-3400.arrow,HIGH
0009446,0.555688679848412,batch_3300-3400.arrow,HIGH
0009447,0.5498476121195097,batch_3300-3400.arrow,HIGH
0009448,0.677645445423731,batch_3300-3400.arrow,HIGH
0009449,0.5993287045761004,batch_3300-3400.arrow,HIGH
0009450,0.18591748599309219,batch_3300-3400.arrow,LOW
0009451,0.7327785085330462,batch_3300-3400.arrow,HIGH
0009452,0.6499003855370183,batch_3300-3400.arrow,HIGH
0009454,0.23407386789152118,batch_3300-3400.arrow,LOW
0009456,0.69771358922392,batch_3300-3400.arrow,HIGH
0009458,0.5182709481883168,batch_3300-3400.arrow,HIGH
0009459,0.45367088041646925,batch_3300-3400.arrow,LOW
0009460,0.7522255335633901,batch_3300-3400.arrow,HIGH
0009461,0.7278222167684465,batch_3300-3400.arrow,HIGH
0009465,0.1476157267474912,batch_3300-3400.arrow,LOW
0009466,0.7737819516413774,batch_3300-3400.arrow,HIGH
0009468,0.6605107399209925,batch_3300-3400.arrow,HIGH
0009469,0.6549321055727272,batch_3300-3400.arrow,HIGH
0009470,0.12058984698514996,batch_3300-3400.arrow,LOW
0009471,0.8073125819324144,batch_3400-3500.arrow,HIGH
0009472,0.382293056679245,batch_3400-3500.arrow,LOW
0009476,0.7123206805550001,batch_3400-3500.arrow,HIGH
0009479,0.6947525964803466,batch_3400-3500.arrow,HIGH
0009480,0.7057903641300386,batch_3400-3500.arrow,HIGH
0009483,0.7736388731834897,batch_3400-3500.arrow,HIGH
0009484,0.6094571341729047,batch_3400-3500.arrow,HIGH
0009485,0.284563498631549,batch_3400-3500.arrow,LOW
0009486,0.661435251085981,batch_3400-3500.arrow,HIGH
0009487,0.648662446832974,batch_3400-3500.arrow,HIGH
0009489,0.3067950186754605,batch_3400-3500.arrow,LOW
0009490,0.17365408591486986,batch_3400-3500.arrow,LOW
0009491,0.5267611603063632,batch_3400-3500.arrow,HIGH
0009492,0.6575168058496147,batch_3400-3500.arrow,HIGH
0009493,0.7158451792960161,batch_3400-3500.arrow,HIGH
0009494,0.7031739457968676,batch_3400-3500.arrow,HIGH
0009495,0.765932091249446,batch_3400-3500.arrow,HIGH
0009496,0.8022079788672275,batch_3400-3500.arrow,HIGH
0009497,0.241553901209094,batch_3400-3500.arrow,LOW
0009498,0.4189621097796447,batch_3400-3500.arrow,LOW
0009500,0.06058272016608735,batch_3400-3500.arrow,LOW
0009501,0.49003460851244446,batch_3400-3500.arrow,LOW
0009502,0.2757355835841741,batch_3400-3500.arrow,LOW
0009503,0.13967961680563343,batch_3400-3500.arrow,LOW
0009509,0.3207815886591405,batch_3400-3500.arrow,LOW
0009510,0.5254785142286246,batch_3400-3500.arrow,HIGH
0009511,0.5324804244376338,batch_3400-3500.arrow,HIGH
0009512,0.3940702690111652,batch_3400-3500.arrow,LOW
0009513,0.264603780383709,batch_3400-3500.arrow,LOW
0009515,0.779956941784974,batch_3400-3500.arrow,HIGH
0009517,0.5664828546173725,batch_3400-3500.arrow,HIGH
0009518,0.4790146059835822,batch_3400-3500.arrow,LOW
0009519,0.6478159651016502,batch_3400-3500.arrow,HIGH
0009520,0.7336679325860405,batch_3400-3500.arrow,HIGH
0009521,0.023869212407609208,batch_3400-3500.arrow,LOW
0009522,0.41361767540154243,batch_3400-3500.arrow,LOW
0009523,0.19254407306443655,batch_3400-3500.arrow,LOW
0009524,0.8430753172718282,batch_3400-3500.arrow,HIGH
0009525,0.6597294753943722,batch_3400-3500.arrow,HIGH
0009527,0.689905824186833,batch_3400-3500.arrow,HIGH
0009528,0.5492307722543824,batch_3400-3500.arrow,HIGH
0009529,0.6240549321454694,batch_3400-3500.arrow,HIGH
0009532,0.4184891306569524,batch_3400-3500.arrow,LOW
0009533,0.17789113996209527,batch_3400-3500.arrow,LOW
0009534,0.6058478608781929,batch_3400-3500.arrow,HIGH
0009535,0.7273952212384565,batch_3400-3500.arrow,HIGH
0009536,0.7825398832575887,batch_3400-3500.arrow,HIGH
0009537,0.6699297328819136,batch_3400-3500.arrow,HIGH
0009538,0.6434216379385514,batch_3400-3500.arrow,HIGH
0009539,0.5065669982733813,batch_3400-3500.arrow,HIGH
0009540,0.6699925129914254,batch_3400-3500.arrow,HIGH
0009541,0.6824094341552689,batch_3400-3500.arrow,HIGH
0009542,0.7297581205084303,batch_3400-3500.arrow,HIGH
0009543,0.6500266939011877,batch_3400-3500.arrow,HIGH
0009544,0.46991529650847363,batch_3400-3500.arrow,LOW
0009545,0.7274424184437156,batch_3400-3500.arrow,HIGH
0009546,0.6228911584719331,batch_3400-3500.arrow,HIGH
0009547,0.5732944366379579,batch_3400-3500.arrow,HIGH
0009548,0.39254006333514657,batch_3400-3500.arrow,LOW
0009549,0.8370859906138041,batch_3400-3500.arrow,HIGH
0009550,0.7752747412848638,batch_3400-3500.arrow,HIGH
0009551,0.19893829521339937,batch_3400-3500.arrow,LOW
0009552,0.5954864804144823,batch_3400-3500.arrow,HIGH
0009553,0.6241614648514447,batch_3400-3500.arrow,HIGH
0009554,0.6045214917068348,batch_3400-3500.arrow,HIGH
0009555,0.3523036136914837,batch_3400-3500.arrow,LOW
0009556,0.5791167152350575,batch_3400-3500.arrow,HIGH
0009557,0.1405151167870712,batch_3400-3500.arrow,LOW
0009558,0.4259388559145166,batch_3400-3500.arrow,LOW
0009559,0.10340844385116356,batch_3400-3500.arrow,LOW
0009560,0.5568841994175812,batch_3400-3500.arrow,HIGH
0009561,0.5382942625727071,batch_3400-3500.arrow,HIGH
0009562,0.4289793328628925,batch_3400-3500.arrow,LOW
0009563,0.6653873411979764,batch_3400-3500.arrow,HIGH
0009564,0.752010971087528,batch_3400-3500.arrow,HIGH
0009565,0.6151903590689888,batch_3400-3500.arrow,HIGH
0009566,0.7335092902928482,batch_3400-3500.arrow,HIGH
0009567,0.735477438162676,batch_3400-3500.arrow,HIGH
0009568,0.6869178019732344,batch_3400-3500.arrow,HIGH
0009569,0.6334839799458672,batch_3400-3500.arrow,HIGH
0009570,0.697346240083057,batch_3400-3500.arrow,HIGH
0009572,0.7007482783078164,batch_3400-3500.arrow,HIGH
0009573,0.7287272142326114,batch_3400-3500.arrow,HIGH
0009574,0.7333963000580243,batch_3400-3500.arrow,HIGH
0009575,0.6828933942098927,batch_3400-3500.arrow,HIGH
0009577,0.558029752510608,batch_3400-3500.arrow,HIGH
0009578,0.04072635487150709,batch_3400-3500.arrow,LOW
0009579,0.2535090813532719,batch_3400-3500.arrow,LOW
0009580,0.6581897430565898,batch_3400-3500.arrow,HIGH
0009584,0.7453068586473841,batch_3400-3500.arrow,HIGH
0009585,0.5566449102771682,batch_3400-3500.arrow,HIGH
0009587,0.6885479563603379,batch_3400-3500.arrow,HIGH
0009588,0.19724197098008034,batch_3400-3500.arrow,LOW
0009589,0.6458375295150734,batch_3400-3500.arrow,HIGH
0009590,0.7293141500108313,batch_3400-3500.arrow,HIGH
0009593,0.6969809164276382,batch_3400-3500.arrow,HIGH
0009594,0.6946988880936197,batch_3400-3500.arrow,HIGH
0009595,0.25211535563779136,batch_3400-3500.arrow,LOW
0005410,0.21238956164686493,batch_400-500.arrow,LOW
0005411,0.3428418309843584,batch_400-500.arrow,LOW
0005415,0.50823584805176,batch_400-500.arrow,HIGH
0005416,0.7272394001664376,batch_400-500.arrow,HIGH
0005418,0.6616514749052169,batch_400-500.arrow,HIGH
0005419,0.8035492789761317,batch_400-500.arrow,HIGH
0005420,0.1744323702170909,batch_400-500.arrow,LOW
0005421,0.4382000989398496,batch_400-500.arrow,LOW
0005422,0.30570167775421336,batch_400-500.arrow,LOW
0005423,0.4809118189013255,batch_400-500.arrow,LOW
0005425,0.24964101915595313,batch_400-500.arrow,LOW
0005426,0.6924829696664939,batch_400-500.arrow,HIGH
0005428,0.7467419757313798,batch_400-500.arrow,HIGH
0005429,0.4940202829270574,batch_400-500.arrow,LOW
0005430,0.1889850791885044,batch_400-500.arrow,LOW
0005431,0.6679127819770425,batch_400-500.arrow,HIGH
0005435,0.6927457310276517,batch_400-500.arrow,HIGH
0005436,0.7680621636964157,batch_400-500.arrow,HIGH
0005437,0.7717744711279724,batch_400-500.arrow,HIGH
0005438,0.651736186430663,batch_400-500.arrow,HIGH
0005439,0.6172953155669956,batch_400-500.arrow,HIGH
0005440,0.7998055134586183,batch_400-500.arrow,HIGH
0005441,0.6806642911407875,batch_400-500.arrow,HIGH
0005442,0.6768856401081852,batch_400-500.arrow,HIGH
0005443,0.7585999032908731,batch_400-500.arrow,HIGH
0005445,0.7014082733471318,batch_400-500.arrow,HIGH
0005446,0.7773338274637068,batch_400-500.arrow,HIGH
0005447,0.3554877958391904,batch_400-500.arrow,LOW
0005448,0.706806472757698,batch_400-500.arrow,HIGH
0005449,0.28220990365946186,batch_400-500.arrow,LOW
0005450,0.5883852132002306,batch_400-500.arrow,HIGH
0005451,0.6669072978965721,batch_400-500.arrow,HIGH
0005452,0.7617391228172208,batch_400-500.arrow,HIGH
0005453,0.6411363053183844,batch_400-500.arrow,HIGH
0005454,0.0024870096481192693,batch_400-500.arrow,LOW
0005455,0.19487065585882635,batch_400-500.arrow,LOW
0005456,0.236759251340622,batch_400-500.arrow,LOW
0005457,0.814100400562447,batch_400-500.arrow,HIGH
0005458,0.6425181134815818,batch_400-500.arrow,HIGH
0005459,0.13397595633149964,batch_400-500.arrow,LOW
0005461,0.1457184106316971,batch_400-500.arrow,LOW
0005462,0.6718892732215486,batch_400-500.arrow,HIGH
0005463,0.4245468084746394,batch_400-500.arrow,LOW
0005464,0.15300840064868662,batch_400-500.arrow,LOW
0005465,0.7433612873046562,batch_400-500.arrow,HIGH
0005467,0.7135810925150811,batch_400-500.arrow,HIGH
0005468,0.806038079160769,batch_400-500.arrow,HIGH
0005472,0.6890195171934538,batch_400-500.arrow,HIGH
0005475,0.44809382848566154,batch_400-500.arrow,LOW
0005476,0.712864627185307,batch_400-500.arrow,HIGH
0005478,0.17546547127919046,batch_400-500.arrow,LOW
0005479,0.6940380798110252,batch_400-500.arrow,HIGH
0005481,0.5703477001497398,batch_400-500.arrow,HIGH
0005482,0.7361314708754124,batch_400-500.arrow,HIGH
0005483,0.7269668905900599,batch_400-500.arrow,HIGH
0005484,0.6964146266536203,batch_400-500.arrow,HIGH
0005487,0.6928929625934622,batch_400-500.arrow,HIGH
0005488,0.6358639325023039,batch_400-500.arrow,HIGH
0005492,0.5490329964866606,batch_400-500.arrow,HIGH
0005493,0.6937462805674909,batch_400-500.arrow,HIGH
0005496,0.694710942829864,batch_400-500.arrow,HIGH
0005497,0.6425537400166105,batch_400-500.arrow,HIGH
0005498,0.5933675546593756,batch_400-500.arrow,HIGH
0005499,0.683992222222976,batch_400-500.arrow,HIGH
0005500,0.8197079446559874,batch_400-500.arrow,HIGH
0005501,0.8395403875102643,batch_400-500.arrow,HIGH
0005502,0.7087899980557775,batch_400-500.arrow,HIGH
0005503,0.7321708268996164,batch_400-500.arrow,HIGH
0005504,0.6139785027973163,batch_400-500.arrow,HIGH
0005505,0.7792440875900581,batch_400-500.arrow,HIGH
0005507,0.716540326827476,batch_400-500.arrow,HIGH
0005508,0.8040553570890653,batch_400-500.arrow,HIGH
0005509,0.6805503161451935,batch_400-500.arrow,HIGH
0005510,0.7617508530590261,batch_400-500.arrow,HIGH
0005511,0.135201407894776,batch_400-500.arrow,LOW
0005512,0.42970123984039116,batch_400-500.arrow,LOW
0005513,0.5564326021048182,batch_400-500.arrow,HIGH
0005517,0.5204868275198558,batch_400-500.arrow,HIGH
0005519,0.3717677139191286,batch_400-500.arrow,LOW
0005520,0.686576247841749,batch_400-500.arrow,HIGH
0005521,0.7219076863374893,batch_400-500.arrow,HIGH
0005524,0.7392559956602077,batch_400-500.arrow,HIGH
0005525,0.6821374995665715,batch_400-500.arrow,HIGH
0005526,0.7647050978817997,batch_400-500.arrow,HIGH
0005527,0.7600181489351286,batch_400-500.arrow,HIGH
0005529,0.6888259823331088,batch_400-500.arrow,HIGH
0005530,0.6963511959990519,batch_400-500.arrow,HIGH
0005531,0.800575985619866,batch_400-500.arrow,HIGH
0005532,0.18544760138488967,batch_400-500.arrow,LOW
0005534,0.7249098382125881,batch_400-500.arrow,HIGH
0005535,0.5665267721668585,batch_400-500.arrow,HIGH
0005537,0.30804012449888823,batch_400-500.arrow,LOW
0005538,0.6509638876494822,batch_400-500.arrow,HIGH
0005540,0.7206440746294387,batch_400-500.arrow,HIGH
0005542,0.6986891775296913,batch_400-500.arrow,HIGH
0005546,0.6840222245471931,batch_400-500.arrow,HIGH
0005549,0.46660288032973235,batch_400-500.arrow,LOW
0005550,0.7007564002385603,batch_400-500.arrow,HIGH
0005551,0.1814358956747618,batch_500-600.arrow,LOW
0005554,0.7291231748662721,batch_500-600.arrow,HIGH
0005556,0.23433245023036098,batch_500-600.arrow,LOW
0005557,0.6210085715934707,batch_500-600.arrow,HIGH
0005558,0.6892324849713406,batch_500-600.arrow,HIGH
0005561,0.6130490660315048,batch_500-600.arrow,HIGH
0005563,0.7102524186019311,batch_500-600.arrow,HIGH
0005565,0.6996174443940594,batch_500-600.arrow,HIGH
0005567,0.7620540810328361,batch_500-600.arrow,HIGH
0005568,0.6940088982209757,batch_500-600.arrow,HIGH
0005569,0.0888169864133293,batch_500-600.arrow,LOW
0005570,0.5953888599298006,batch_500-600.arrow,HIGH
0005572,0.8016870701475156,batch_500-600.arrow,HIGH
0005573,0.5778991501103751,batch_500-600.arrow,HIGH
0005575,0.5571171381285923,batch_500-600.arrow,HIGH
0005576,0.2680746620564723,batch_500-600.arrow,LOW
0005581,0.6934622088116319,batch_500-600.arrow,HIGH
0005585,0.6417215585598219,batch_500-600.arrow,HIGH
0005586,0.6731199293561695,batch_500-600.arrow,HIGH
0005587,0.7230870448917478,batch_500-600.arrow,HIGH
0005588,0.7873087659995374,batch_500-600.arrow,HIGH
0005589,0.718827394078604,batch_500-600.arrow,HIGH
0005590,0.6407376915174329,batch_500-600.arrow,HIGH
0005591,0.3162689422677154,batch_500-600.arrow,LOW
0005593,0.7183561725877383,batch_500-600.arrow,HIGH
0005594,0.7539695622911043,batch_500-600.arrow,HIGH
0005595,0.32735718018718046,batch_500-600.arrow,LOW
0005596,0.7775846606743264,batch_500-600.arrow,HIGH
0005599,0.7284160679250027,batch_500-600.arrow,HIGH
0005600,0.8397896572622418,batch_500-600.arrow,HIGH
0005601,0.5391634448469285,batch_500-600.arrow,HIGH
0005602,0.7226753602531448,batch_500-600.arrow,HIGH
0005603,0.5816598513049749,batch_500-600.arrow,HIGH
0005604,0.08068945992295133,batch_500-600.arrow,LOW
0005606,0.3288399379382161,batch_500-600.arrow,LOW
0005608,0.6958663461434179,batch_500-600.arrow,HIGH
0005609,0.780564500065898,batch_500-600.arrow,HIGH
0005610,0.6884866362213308,batch_500-600.arrow,HIGH
0005612,0.7309593559294941,batch_500-600.arrow,HIGH
0005613,0.5460044097853013,batch_500-600.arrow,HIGH
0005614,0.706801418624631,batch_500-600.arrow,HIGH
0005615,0.6062306354082355,batch_500-600.arrow,HIGH
0005616,0.7782139319848719,batch_500-600.arrow,HIGH
0005619,0.8073513205124403,batch_500-600.arrow,HIGH
0005620,0.3088726772371019,batch_500-600.arrow,LOW
0005621,0.7796943561983777,batch_500-600.arrow,HIGH
0005622,0.7838299810882466,batch_500-600.arrow,HIGH
0005624,0.6169579687973172,batch_500-600.arrow,HIGH
0005625,0.7609962031156736,batch_500-600.arrow,HIGH
0005626,0.7447889328449911,batch_500-600.arrow,HIGH
0005628,0.7459910569248266,batch_500-600.arrow,HIGH
0005629,0.6441891464066736,batch_500-600.arrow,HIGH
0005630,0.5849440757458827,batch_500-600.arrow,HIGH
0005631,0.7032877840890089,batch_500-600.arrow,HIGH
0005633,0.6878646267651981,batch_500-600.arrow,HIGH
0005636,0.6713888932740465,batch_500-600.arrow,HIGH
0005637,0.7775780543521237,batch_500-600.arrow,HIGH
0005638,0.5960226909737808,batch_500-600.arrow,HIGH
0005639,0.21983204398882808,batch_500-600.arrow,LOW
0005640,0.7423288973004922,batch_500-600.arrow,HIGH
0005641,0.6586708691539611,batch_500-600.arrow,HIGH
0005642,0.6984648163619048,batch_500-600.arrow,HIGH
0005643,0.7380369374755823,batch_500-600.arrow,HIGH
0005644,0.6638720330064614,batch_500-600.arrow,HIGH
0005647,0.49036040119958585,batch_500-600.arrow,LOW
0005648,0.7127786831091147,batch_500-600.arrow,HIGH
0005650,0.5919664757542175,batch_500-600.arrow,HIGH
0005651,0.6562253707226123,batch_500-600.arrow,HIGH
0005652,0.5554775646733103,batch_500-600.arrow,HIGH
0005656,0.7528564726496859,batch_500-600.arrow,HIGH
0005657,0.7094156927395918,batch_500-600.arrow,HIGH
0005659,0.32844271305592004,batch_500-600.arrow,LOW
0005660,0.47395592003369647,batch_500-600.arrow,LOW
0005661,0.6085030685212994,batch_500-600.arrow,HIGH
0005662,0.5766395199734244,batch_500-600.arrow,HIGH
0005663,0.664140232197066,batch_500-600.arrow,HIGH
0005664,0.633333385301669,batch_500-600.arrow,HIGH
0005665,0.701016297931698,batch_500-600.arrow,HIGH
0005667,0.7346804071454663,batch_500-600.arrow,HIGH
0005668,0.468862928971923,batch_500-600.arrow,LOW
0005669,0.7613376558170829,batch_500-600.arrow,HIGH
0005670,0.16670508264368264,batch_500-600.arrow,LOW
0005671,0.6513776724618284,batch_500-600.arrow,HIGH
0005672,0.6963159669773312,batch_500-600.arrow,HIGH
0005673,0.7746067047403103,batch_500-600.arrow,HIGH
0005675,0.6797404932507316,batch_500-600.arrow,HIGH
0005677,0.766244963088179,batch_500-600.arrow,HIGH
0005678,0.7325872695886652,batch_500-600.arrow,HIGH
0005679,0.6953147091186161,batch_500-600.arrow,HIGH
0005680,0.8106728906186297,batch_500-600.arrow,HIGH
0005681,0.6716528173939457,batch_500-600.arrow,HIGH
0005682,0.6096000909434003,batch_500-600.arrow,HIGH
0005685,0.2554166132258167,batch_500-600.arrow,LOW
0005687,0.10683024428254234,batch_500-600.arrow,LOW
0005689,0.7823892405381082,batch_500-600.arrow,HIGH
0005690,0.7066311064048104,batch_500-600.arrow,HIGH
0005691,0.6316740015109902,batch_500-600.arrow,HIGH
0005692,0.5963625825539624,batch_500-600.arrow,HIGH
0005693,0.30285283305812477,batch_500-600.arrow,LOW
0005694,0.7200296698390657,batch_500-600.arrow,HIGH
0005695,0.2519888051299561,batch_600-700.arrow,LOW
0005696,0.7499275871648182,batch_600-700.arrow,HIGH
0005697,0.6448131414877215,batch_600-700.arrow,HIGH
0005700,0.7752148249126929,batch_600-700.arrow,HIGH
0005701,0.7059169835028222,batch_600-700.arrow,HIGH
0005703,0.7858972619398253,batch_600-700.arrow,HIGH
0005704,0.8073543804148122,batch_600-700.arrow,HIGH
0005705,0.5719228462710084,batch_600-700.arrow,HIGH
0005706,0.6505877069677117,batch_600-700.arrow,HIGH
0005707,0.6778124599631327,batch_600-700.arrow,HIGH
0005708,0.6027423632971339,batch_600-700.arrow,HIGH
0005709,0.6469380246653726,batch_600-700.arrow,HIGH
0005710,0.7581772636919858,batch_600-700.arrow,HIGH
0005712,0.7158882348565111,batch_600-700.arrow,HIGH
0005713,0.2530929793634083,batch_600-700.arrow,LOW
0005714,0.7937112990920555,batch_600-700.arrow,HIGH
0005715,0.6714296943071337,batch_600-700.arrow,HIGH
0005716,0.8311744449530427,batch_600-700.arrow,HIGH
0005717,0.26019296302682954,batch_600-700.arrow,LOW
0005718,0.6291998223005922,batch_600-700.arrow,HIGH
0005719,0.6737782072247076,batch_600-700.arrow,HIGH
0005721,0.6821169524586294,batch_600-700.arrow,HIGH
0005723,0.6107115304447444,batch_600-700.arrow,HIGH
0005724,0.687228285162815,batch_600-700.arrow,HIGH
0005725,0.5602876727891232,batch_600-700.arrow,HIGH
0005726,0.6024005726128846,batch_600-700.arrow,HIGH
0005727,0.683091002104938,batch_600-700.arrow,HIGH
0005729,0.7890634781031963,batch_600-700.arrow,HIGH
0005730,0.3601346818935338,batch_600-700.arrow,LOW
0005731,0.7033172894729618,batch_600-700.arrow,HIGH
0005732,0.10844876048260164,batch_600-700.arrow,LOW
0005734,0.6847412372012371,batch_600-700.arrow,HIGH
0005736,0.690091103391977,batch_600-700.arrow,HIGH
0005738,0.6677084201503836,batch_600-700.arrow,HIGH
0005741,0.4881219835819059,batch_600-700.arrow,LOW
0005743,0.17406815401700612,batch_600-700.arrow,LOW
0005744,0.5612623134487259,batch_600-700.arrow,HIGH
0005746,0.6131101482095036,batch_600-700.arrow,HIGH
0005747,0.5802952903584755,batch_600-700.arrow,HIGH
0005749,0.5890433740640656,batch_600-700.arrow,HIGH
0005750,0.2440579463054898,batch_600-700.arrow,LOW
0005751,0.3142126603050807,batch_600-700.arrow,LOW
0005752,0.6475164295334386,batch_600-700.arrow,HIGH
0005753,0.6877452714518629,batch_600-700.arrow,HIGH
0005755,0.2254746690477454,batch_600-700.arrow,LOW
0005759,0.7776130144378784,batch_600-700.arrow,HIGH
0005760,0.6841022562679044,batch_600-700.arrow,HIGH
0005761,0.6355579528679401,batch_600-700.arrow,HIGH
0005762,0.803785271506817,batch_600-700.arrow,HIGH
0005764,0.7746600230642703,batch_600-700.arrow,HIGH
0005765,0.27612940353518933,batch_600-700.arrow,LOW
0005767,0.5765714798374818,batch_600-700.arrow,HIGH
0005770,0.2590627988590916,batch_600-700.arrow,LOW
0005771,0.5505812681097958,batch_600-700.arrow,HIGH
0005772,0.6565091883548909,batch_600-700.arrow,HIGH
0005777,0.6029744564468161,batch_600-700.arrow,HIGH
0005780,0.5038821641314007,batch_600-700.arrow,HIGH
0005781,0.6973550727769933,batch_600-700.arrow,HIGH
0005783,0.6162580895808153,batch_600-700.arrow,HIGH
0005784,0.6227628271074533,batch_600-700.arrow,HIGH
0005787,0.7388908516014204,batch_600-700.arrow,HIGH
0005788,0.5186917030565632,batch_600-700.arrow,HIGH
0005789,0.12795686442466628,batch_600-700.arrow,LOW
0005790,0.6959952426337673,batch_600-700.arrow,HIGH
0005791,0.3871556110228169,batch_600-700.arrow,LOW
0005792,0.7802680108881731,batch_600-700.arrow,HIGH
0005793,0.7561465590012855,batch_600-700.arrow,HIGH
0005794,0.7164481107212519,batch_600-700.arrow,HIGH
0005795,0.23066992486548646,batch_600-700.arrow,LOW
0005796,0.7146615794204739,batch_600-700.arrow,HIGH
0005797,0.5217950593738668,batch_600-700.arrow,HIGH
0005798,0.3821230378366492,batch_600-700.arrow,LOW
0005803,0.5378857106628158,batch_600-700.arrow,HIGH
0005804,0.5678383247374509,batch_600-700.arrow,HIGH
0005807,0.7529024774733548,batch_600-700.arrow,HIGH
0005809,0.7944806369374126,batch_600-700.arrow,HIGH
0005810,0.38864777033644776,batch_600-700.arrow,LOW
0005817,0.692338064521154,batch_600-700.arrow,HIGH
0005821,0.7720425223818862,batch_600-700.arrow,HIGH
0005822,0.274641668211345,batch_600-700.arrow,LOW
0005823,0.521401866589827,batch_600-700.arrow,HIGH
0005824,0.13350076587877127,batch_600-700.arrow,LOW
0005826,0.7811223496410137,batch_600-700.arrow,HIGH
0005827,0.7352586198840444,batch_600-700.arrow,HIGH
0005831,0.7708231632138625,batch_600-700.arrow,HIGH
0005832,0.41413418116400463,batch_600-700.arrow,LOW
0005833,0.6687840389009899,batch_600-700.arrow,HIGH
0005834,0.6788546183173173,batch_600-700.arrow,HIGH
0005835,0.7706735493094321,batch_600-700.arrow,HIGH
0005836,0.5284686473970359,batch_600-700.arrow,HIGH
0005837,0.26843903965146637,batch_600-700.arrow,LOW
0005838,0.11682115516184717,batch_600-700.arrow,LOW
0005840,0.6957724359750097,batch_600-700.arrow,HIGH
0005842,0.04738688162312902,batch_600-700.arrow,LOW
0005843,0.611226385986857,batch_600-700.arrow,HIGH
0005845,0.6087245474475657,batch_600-700.arrow,HIGH
0005846,0.734734040900618,batch_600-700.arrow,HIGH
0005847,0.10287471164874802,batch_600-700.arrow,LOW
0005848,0.44990770992388335,batch_600-700.arrow,LOW
0005850,0.743115441398495,batch_700-800.arrow,HIGH
0005854,0.8185641595895009,batch_700-800.arrow,HIGH
0005855,0.6017912629729761,batch_700-800.arrow,HIGH
0005863,0.07345099969899783,batch_700-800.arrow,LOW
0005864,0.5314660547635133,batch_700-800.arrow,HIGH
0005868,0.4644298626599555,batch_700-800.arrow,LOW
0005871,0.6869177851834484,batch_700-800.arrow,HIGH
0005872,0.682016208352347,batch_700-800.arrow,HIGH
0005873,0.7818295591096649,batch_700-800.arrow,HIGH
0005874,0.5796891708337144,batch_700-800.arrow,HIGH
0005875,0.7450753764057794,batch_700-800.arrow,HIGH
0005876,0.6677355174784222,batch_700-800.arrow,HIGH
0005879,0.3563272486440195,batch_700-800.arrow,LOW
0005880,0.6377527161998705,batch_700-800.arrow,HIGH
0005881,0.5287868363273,batch_700-800.arrow,HIGH
0005882,0.7851542754863736,batch_700-800.arrow,HIGH
0005883,0.17302989152334525,batch_700-800.arrow,LOW
0005884,0.17160502881983117,batch_700-800.arrow,LOW
0005885,0.1008669007726598,batch_700-800.arrow,LOW
0005886,0.6954599570846804,batch_700-800.arrow,HIGH
0005887,0.6628670688331005,batch_700-800.arrow,HIGH
0005888,0.7268410434548388,batch_700-800.arrow,HIGH
0005889,0.2964988508987418,batch_700-800.arrow,LOW
0005890,0.2458596099085523,batch_700-800.arrow,LOW
0005891,0.6988952093829802,batch_700-800.arrow,HIGH
0005894,0.4486859089837638,batch_700-800.arrow,LOW
0005897,0.7342164804723103,batch_700-800.arrow,HIGH
0005898,0.7057132979979309,batch_700-800.arrow,HIGH
0005901,0.6154451542367941,batch_700-800.arrow,HIGH
0005902,0.5549643934482478,batch_700-800.arrow,HIGH
0005903,0.3202364669234156,batch_700-800.arrow,LOW
0005904,0.2517972278181349,batch_700-800.arrow,LOW
0005905,0.01316026743545298,batch_700-800.arrow,LOW
0005906,0.7010077246593228,batch_700-800.arrow,HIGH
0005907,0.6667187110649566,batch_700-800.arrow,HIGH
0005908,0.5449665830410473,batch_700-800.arrow,HIGH
0005909,0.09761570136062851,batch_700-800.arrow,LOW
0005910,0.6807679055238524,batch_700-800.arrow,HIGH
0005912,0.48399835233239946,batch_700-800.arrow,LOW
0005913,0.625024725486353,batch_700-800.arrow,HIGH
0005914,0.24293075656948337,batch_700-800.arrow,LOW
0005917,0.6109467804435114,batch_700-800.arrow,HIGH
0005919,0.5566048716189417,batch_700-800.arrow,HIGH
0005920,0.6221611899475137,batch_700-800.arrow,HIGH
0005921,0.7332012826676394,batch_700-800.arrow,HIGH
0005922,0.30168706015743735,batch_700-800.arrow,LOW
0005923,0.3274819759044836,batch_700-800.arrow,LOW
0005924,0.8033010667462213,batch_700-800.arrow,HIGH
0005925,0.43514420752792476,batch_700-800.arrow,LOW
0005927,0.4112838971371174,batch_700-800.arrow,LOW
0005928,0.7490379228409871,batch_700-800.arrow,HIGH
0005929,0.7989445310376116,batch_700-800.arrow,HIGH
0005930,0.5701691895415707,batch_700-800.arrow,HIGH
0005931,0.1207612549823448,batch_700-800.arrow,LOW
0005933,0.7470452513025924,batch_700-800.arrow,HIGH
0005934,0.7206366390828118,batch_700-800.arrow,HIGH
0005936,0.6960277925890773,batch_700-800.arrow,HIGH
0005938,0.4607771302284264,batch_700-800.arrow,LOW
0005940,0.699413808901185,batch_700-800.arrow,HIGH
0005941,0.6616200771261019,batch_700-800.arrow,HIGH
0005942,0.6035761076037351,batch_700-800.arrow,HIGH
0005943,0.7141768581699145,batch_700-800.arrow,HIGH
0005944,0.713028851135579,batch_700-800.arrow,HIGH
0005947,0.6797087233325949,batch_700-800.arrow,HIGH
0005948,0.21158114341081835,batch_700-800.arrow,LOW
0005949,0.49938313894784114,batch_700-800.arrow,LOW
0005953,0.743270115791501,batch_700-800.arrow,HIGH
0005955,0.752981367952987,batch_700-800.arrow,HIGH
0005956,0.4758522519954686,batch_700-800.arrow,LOW
0005957,0.8039992839744304,batch_700-800.arrow,HIGH
0005958,0.604562868503034,batch_700-800.arrow,HIGH
0005959,0.6780657539608207,batch_700-800.arrow,HIGH
0005960,0.7942530693553596,batch_700-800.arrow,HIGH
0005963,0.6883258525992503,batch_700-800.arrow,HIGH
0005964,0.442157105912921,batch_700-800.arrow,LOW
0005966,0.5027986963965845,batch_700-800.arrow,HIGH
0005967,0.6077239896932181,batch_700-800.arrow,HIGH
0005968,0.3921831671371596,batch_700-800.arrow,LOW
0005970,0.2070903039823109,batch_700-800.arrow,LOW
0005973,0.7410658306493803,batch_700-800.arrow,HIGH
0005974,0.7558030378620847,batch_700-800.arrow,HIGH
0005975,0.696351503655078,batch_700-800.arrow,HIGH
0005977,0.7440285578580147,batch_700-800.arrow,HIGH
0005978,0.45101546285765653,batch_700-800.arrow,LOW
0005979,0.7505523739465643,batch_700-800.arrow,HIGH
0005980,0.11033715722244009,batch_700-800.arrow,LOW
0005982,0.5639459977910285,batch_700-800.arrow,HIGH
0005983,0.39103268560530885,batch_700-800.arrow,LOW
0005984,0.7380643604362062,batch_700-800.arrow,HIGH
0005987,0.7561782428229628,batch_700-800.arrow,HIGH
0005988,0.715469100780444,batch_700-800.arrow,HIGH
0005990,0.4573618426249417,batch_700-800.arrow,LOW
0005992,0.6874092138628346,batch_700-800.arrow,HIGH
0005993,0.5743644839449992,batch_700-800.arrow,HIGH
0005994,0.6638750406474775,batch_700-800.arrow,HIGH
0005995,0.6751657956888044,batch_700-800.arrow,HIGH
0005996,0.23012804030794543,batch_700-800.arrow,LOW
0005997,0.2633113402536715,batch_800-900.arrow,LOW
0005998,0.731674336928203,batch_800-900.arrow,HIGH
0006000,0.49186450533295895,batch_800-900.arrow,LOW
0006001,0.1359985458559562,batch_800-900.arrow,LOW
0006002,0.23258182344964828,batch_800-900.arrow,LOW
0006003,0.6996276416810443,batch_800-900.arrow,HIGH
0006004,0.34541292561186215,batch_800-900.arrow,LOW
0006005,0.7624523087625574,batch_800-900.arrow,HIGH
0006007,0.16817519807362022,batch_800-900.arrow,LOW
0006008,0.7175304556100013,batch_800-900.arrow,HIGH
0006009,0.708111051023106,batch_800-900.arrow,HIGH
0006010,0.6703564454370995,batch_800-900.arrow,HIGH
0006011,0.5952221502930458,batch_800-900.arrow,HIGH
0006012,0.7677289140516758,batch_800-900.arrow,HIGH
0006014,0.6813005397396709,batch_800-900.arrow,HIGH
0006015,0.12911543928474012,batch_800-900.arrow,LOW
0006016,0.44752502186554866,batch_800-900.arrow,LOW
0006017,0.7847440333324199,batch_800-900.arrow,HIGH
0006018,0.7620223787285676,batch_800-900.arrow,HIGH
0006021,0.5501154646747408,batch_800-900.arrow,HIGH
0006022,0.4207823845032646,batch_800-900.arrow,LOW
0006023,0.7072522108111601,batch_800-900.arrow,HIGH
0006024,0.7284596122561954,batch_800-900.arrow,HIGH
0006025,0.5585793647239606,batch_800-900.arrow,HIGH
0006026,0.7491450855519176,batch_800-900.arrow,HIGH
0006028,0.4376572373025028,batch_800-900.arrow,LOW
0006030,0.683621869565371,batch_800-900.arrow,HIGH
0006031,0.5733693718526955,batch_800-900.arrow,HIGH
0006032,0.6959216368548464,batch_800-900.arrow,HIGH
0006033,0.780785394311687,batch_800-900.arrow,HIGH
0006034,0.5815339050479688,batch_800-900.arrow,HIGH
0006035,0.6953317392857588,batch_800-900.arrow,HIGH
0006036,0.5392318094796459,batch_800-900.arrow,HIGH
0006037,0.6375455634623687,batch_800-900.arrow,HIGH
0006039,0.6621280722662347,batch_800-900.arrow,HIGH
0006040,0.614060652200651,batch_800-900.arrow,HIGH
0006041,0.7059267079564147,batch_800-900.arrow,HIGH
0006042,0.10508590681940666,batch_800-900.arrow,LOW
0006043,0.708160021604226,batch_800-900.arrow,HIGH
0006044,0.732687532623434,batch_800-900.arrow,HIGH
0006045,0.7290187793257544,batch_800-900.arrow,HIGH
0006046,0.7426176482868255,batch_800-900.arrow,HIGH
0006049,0.6216563955621313,batch_800-900.arrow,HIGH
0006050,0.1544285607874459,batch_800-900.arrow,LOW
0006052,0.7664632133882288,batch_800-900.arrow,HIGH
0006055,0.755638553771245,batch_800-900.arrow,HIGH
0006057,0.27933164223759377,batch_800-900.arrow,LOW
0006058,0.45462555707333635,batch_800-900.arrow,LOW
0006060,0.7183482996226743,batch_800-900.arrow,HIGH
0006064,0.4168507241232648,batch_800-900.arrow,LOW
0006066,0.3023031376705206,batch_800-900.arrow,LOW
0006067,0.12325132511496452,batch_800-900.arrow,LOW
0006068,0.5619568971699149,batch_800-900.arrow,HIGH
0006070,0.7249974515220757,batch_800-900.arrow,HIGH
0006071,0.778851691578294,batch_800-900.arrow,HIGH
0006074,0.7278884055920151,batch_800-900.arrow,HIGH
0006075,0.7391386993374299,batch_800-900.arrow,HIGH
0006076,0.5626545111484681,batch_800-900.arrow,HIGH
0006077,0.6878823066019368,batch_800-900.arrow,HIGH
0006078,0.6181864969733992,batch_800-900.arrow,HIGH
0006079,0.6444427354297694,batch_800-900.arrow,HIGH
0006080,0.5500771684595044,batch_800-900.arrow,HIGH
0006081,0.6260647324765124,batch_800-900.arrow,HIGH
0006082,0.7500443625491421,batch_800-900.arrow,HIGH
0006084,0.7319038892182359,batch_800-900.arrow,HIGH
0006085,0.730206859405258,batch_800-900.arrow,HIGH
0006087,0.8289245302735782,batch_800-900.arrow,HIGH
0006088,0.5146926246256345,batch_800-900.arrow,HIGH
0006089,0.538925591797268,batch_800-900.arrow,HIGH
0006090,0.338647616989312,batch_800-900.arrow,LOW
0006091,0.46415389268230006,batch_800-900.arrow,LOW
0006093,0.5346720752262053,batch_800-900.arrow,HIGH
0006095,0.7774181890499435,batch_800-900.arrow,HIGH
0006096,0.653839581565489,batch_800-900.arrow,HIGH
0006097,0.5467179020550555,batch_800-900.arrow,HIGH
0006098,0.6560836955711039,batch_800-900.arrow,HIGH
0006099,0.48107402388996845,batch_800-900.arrow,LOW
0006103,0.6234406986576512,batch_800-900.arrow,HIGH
0006104,0.758465794707455,batch_800-900.arrow,HIGH
0006105,0.5339060318336303,batch_800-900.arrow,HIGH
0006106,0.2830690076408015,batch_800-900.arrow,LOW
0006107,0.5838089410899912,batch_800-900.arrow,HIGH
0006109,0.7452967593830285,batch_800-900.arrow,HIGH
0006110,0.6678003788259987,batch_800-900.arrow,HIGH
0006111,0.732941499749289,batch_800-900.arrow,HIGH
0006112,0.6475537316390222,batch_800-900.arrow,HIGH
0006113,0.6884081851665543,batch_800-900.arrow,HIGH
0006114,0.6190889927541726,batch_800-900.arrow,HIGH
0006116,0.7572916834377178,batch_800-900.arrow,HIGH
0006117,0.767030613005919,batch_800-900.arrow,HIGH
0006118,0.6267221547026415,batch_800-900.arrow,HIGH
0006120,0.3976636839299384,batch_800-900.arrow,LOW
0006121,0.754512885658146,batch_800-900.arrow,HIGH
0006124,0.7313910149395958,batch_800-900.arrow,HIGH
0006125,0.15908176825578038,batch_800-900.arrow,LOW
0006128,0.7292705543181519,batch_800-900.arrow,HIGH
0006129,0.5304010444573978,batch_800-900.arrow,HIGH
0006130,0.0873799684763588,batch_900-1000.arrow,LOW
0006131,0.8037929797717145,batch_900-1000.arrow,HIGH
0006133,0.18115140455028747,batch_900-1000.arrow,LOW
0006134,0.45926463963628444,batch_900-1000.arrow,LOW
0006136,0.7150780956558043,batch_900-1000.arrow,HIGH
0006137,0.5907068572080193,batch_900-1000.arrow,HIGH
0006138,0.24335280459332356,batch_900-1000.arrow,LOW
0006139,0.22173848917106764,batch_900-1000.arrow,LOW
0006140,0.08965418856323454,batch_900-1000.arrow,LOW
0006141,0.7431320502079712,batch_900-1000.arrow,HIGH
0006142,0.29249296139285036,batch_900-1000.arrow,LOW
0006143,0.5625194809632085,batch_900-1000.arrow,HIGH
0006144,0.5601101682699064,batch_900-1000.arrow,HIGH
0006145,0.63023812243768,batch_900-1000.arrow,HIGH
0006148,0.759088041110788,batch_900-1000.arrow,HIGH
0006149,0.6095907583865022,batch_900-1000.arrow,HIGH
0006154,0.7534909177558778,batch_900-1000.arrow,HIGH
0006155,0.6358271532087959,batch_900-1000.arrow,HIGH
0006156,0.6617398943741929,batch_900-1000.arrow,HIGH
0006157,0.28623186127883354,batch_900-1000.arrow,LOW
0006158,0.6404509381882849,batch_900-1000.arrow,HIGH
0006160,0.7102777523296063,batch_900-1000.arrow,HIGH
0006161,0.5638534625606026,batch_900-1000.arrow,HIGH
0006162,0.6387403670618721,batch_900-1000.arrow,HIGH
0006163,0.5150653690070875,batch_900-1000.arrow,HIGH
0006164,0.7354473430744181,batch_900-1000.arrow,HIGH
0006165,0.39096978683459743,batch_900-1000.arrow,LOW
0006167,0.455608924305666,batch_900-1000.arrow,LOW
0006169,0.303280653643962,batch_900-1000.arrow,LOW
0006170,0.08196125358062689,batch_900-1000.arrow,LOW
0006171,0.6630801264868564,batch_900-1000.arrow,HIGH
0006172,0.34933389747240245,batch_900-1000.arrow,LOW
0006174,0.46955654083003107,batch_900-1000.arrow,LOW
0006177,0.7128485657573348,batch_900-1000.arrow,HIGH
0006180,0.5633666918217374,batch_900-1000.arrow,HIGH
0006181,0.7555451367769882,batch_900-1000.arrow,HIGH
0006182,0.7760209690185998,batch_900-1000.arrow,HIGH
0006183,0.5850614672908248,batch_900-1000.arrow,HIGH
0006184,0.6542716158720401,batch_900-1000.arrow,HIGH
0006185,0.6995701260960351,batch_900-1000.arrow,HIGH
0006186,0.050753306020247656,batch_900-1000.arrow,LOW
0006187,0.5515683901035077,batch_900-1000.arrow,HIGH
0006191,0.6581619111168971,batch_900-1000.arrow,HIGH
0006192,0.5845548871048911,batch_900-1000.arrow,HIGH
0006193,0.19134172411487574,batch_900-1000.arrow,LOW
0006194,0.6293991806353443,batch_900-1000.arrow,HIGH
0006195,0.7612113647043647,batch_900-1000.arrow,HIGH
0006196,0.7029515576363433,batch_900-1000.arrow,HIGH
0006197,0.1544821571571566,batch_900-1000.arrow,LOW
0006198,0.6218176722112679,batch_900-1000.arrow,HIGH
0006199,0.4190596051402829,batch_900-1000.arrow,LOW
0006201,0.6527243838695379,batch_900-1000.arrow,HIGH
0006202,0.7119629826084695,batch_900-1000.arrow,HIGH
0006204,0.3434219738196907,batch_900-1000.arrow,LOW
0006205,0.5581230532380527,batch_900-1000.arrow,HIGH
0006209,0.6358487248882724,batch_900-1000.arrow,HIGH
0006210,0.7709368646564955,batch_900-1000.arrow,HIGH
0006211,0.7179135919563892,batch_900-1000.arrow,HIGH
0006212,0.7972328578719928,batch_900-1000.arrow,HIGH
0006215,0.7081785318260286,batch_900-1000.arrow,HIGH
0006218,0.37016316579063474,batch_900-1000.arrow,LOW
0006220,0.5560093516816838,batch_900-1000.arrow,HIGH
0006221,0.7605741064332959,batch_900-1000.arrow,HIGH
0006222,0.30294775820621683,batch_900-1000.arrow,LOW
0006224,0.6225453280019114,batch_900-1000.arrow,HIGH
0006225,0.6861437631397628,batch_900-1000.arrow,HIGH
0006226,0.6796033854712454,batch_900-1000.arrow,HIGH
0006227,0.5580448981902691,batch_900-1000.arrow,HIGH
0006228,0.7196030951979475,batch_900-1000.arrow,HIGH
0006229,0.5216750534760833,batch_900-1000.arrow,HIGH
0006230,0.6505427566046709,batch_900-1000.arrow,HIGH
0006232,0.754372308148359,batch_900-1000.arrow,HIGH
0006233,0.28906720627834875,batch_900-1000.arrow,LOW
0006234,0.7614853958585509,batch_900-1000.arrow,HIGH
0006235,0.6422406255645747,batch_900-1000.arrow,HIGH
0006238,0.7511966273836541,batch_900-1000.arrow,HIGH
0006241,0.1376471617174311,batch_900-1000.arrow,LOW
0006242,0.7280282402077738,batch_900-1000.arrow,HIGH
0006243,0.6642992834508016,batch_900-1000.arrow,HIGH
0006247,0.6482564169535739,batch_900-1000.arrow,HIGH
0006249,0.6698913166578991,batch_900-1000.arrow,HIGH
0006250,0.6992267927806588,batch_900-1000.arrow,HIGH
0006253,0.32755099441618185,batch_900-1000.arrow,LOW
0006255,0.24691805406107745,batch_900-1000.arrow,LOW
0006256,0.16352254408193784,batch_900-1000.arrow,LOW
0006258,0.7746202086287833,batch_900-1000.arrow,HIGH
0006259,0.7722694460214127,batch_900-1000.arrow,HIGH
0006260,0.2546328570714022,batch_900-1000.arrow,LOW
0006261,0.4970766219906417,batch_900-1000.arrow,LOW
0006262,0.7391315308485292,batch_900-1000.arrow,HIGH
0006263,0.7885427950609317,batch_900-1000.arrow,HIGH
0006264,0.6694450251006501,batch_900-1000.arrow,HIGH
0006265,0.714272681219438,batch_900-1000.arrow,HIGH
0006266,0.7507640044869116,batch_900-1000.arrow,HIGH
0006267,0.615654513398914,batch_900-1000.arrow,HIGH
0006273,0.7918260142801522,batch_900-1000.arrow,HIGH
0006275,0.8048216401985839,batch_900-1000.arrow,HIGH
0006276,0.17183737384719597,batch_900-1000.arrow,LOW
