ref_id,ssim,batch_file,quality
0004850,0.3738271389587848,batch_0-100.arrow,LOW
0004851,0.6200320915572303,batch_0-100.arrow,HIGH
0004852,0.7915785577729043,batch_0-100.arrow,HIGH
0004853,0.6340683975717947,batch_0-100.arrow,HIGH
0004854,0.4276244669583596,batch_0-100.arrow,LOW
0004856,0.26044767729964363,batch_0-100.arrow,LOW
0004857,0.21911928386665827,batch_0-100.arrow,LOW
0004858,0.7538323454228917,batch_0-100.arrow,HIGH
0004859,0.7098845270891264,batch_0-100.arrow,HIGH
0004860,0.6070132204436257,batch_0-100.arrow,HIGH
0004861,0.7705484880276434,batch_0-100.arrow,HIGH
0004864,0.02553137822986606,batch_0-100.arrow,LOW
0004866,0.5968288690551583,batch_0-100.arrow,LOW
0004868,0.7560734966903747,batch_0-100.arrow,HIGH
0004869,0.5875712322314638,batch_0-100.arrow,LOW
0004870,0.2824288902045688,batch_0-100.arrow,LOW
0004872,0.4679088957176769,batch_0-100.arrow,LOW
0004873,0.31017539585073317,batch_0-100.arrow,LOW
0004874,0.5778777608118911,batch_0-100.arrow,LOW
0004876,0.45943028672796277,batch_0-100.arrow,LOW
0004877,0.23706463067893724,batch_0-100.arrow,LOW
0004879,0.6349955807165168,batch_0-100.arrow,HIGH
0004881,0.7499304348218271,batch_0-100.arrow,HIGH
0004882,0.48543865129063896,batch_0-100.arrow,LOW
0004883,0.051171746668373486,batch_0-100.arrow,LOW
0004884,0.8106516901779913,batch_0-100.arrow,HIGH
0004885,0.7335046565094121,batch_0-100.arrow,HIGH
0004887,0.7375259250056411,batch_0-100.arrow,HIGH
0004888,0.7715536470216083,batch_0-100.arrow,HIGH
0004889,0.5991959958121452,batch_0-100.arrow,LOW
0004890,0.46938188560946137,batch_0-100.arrow,LOW
0004892,0.8021093231004869,batch_0-100.arrow,HIGH
0004893,0.7706126369913617,batch_0-100.arrow,HIGH
0004895,0.5167836289217,batch_0-100.arrow,LOW
0004898,0.4404239978734177,batch_0-100.arrow,LOW
0004899,0.6960002937642068,batch_0-100.arrow,HIGH
0004900,0.44936805545198166,batch_0-100.arrow,LOW
0004901,0.5432486197289,batch_0-100.arrow,LOW
0004902,0.6846242420116485,batch_0-100.arrow,HIGH
0004903,0.7957157398813458,batch_0-100.arrow,HIGH
0004904,0.7417877278690729,batch_0-100.arrow,HIGH
0004905,0.1356239370219239,batch_0-100.arrow,LOW
0004906,0.6708720917521068,batch_0-100.arrow,HIGH
0004908,0.5697766208415876,batch_0-100.arrow,LOW
0004909,0.6297690555098002,batch_0-100.arrow,HIGH
0004910,0.6503562420502602,batch_0-100.arrow,HIGH
0004913,0.33379813983713474,batch_0-100.arrow,LOW
0004914,0.812162426181919,batch_0-100.arrow,HIGH
0004918,0.8412526264522828,batch_0-100.arrow,HIGH
0004920,0.7637566964077553,batch_0-100.arrow,HIGH
0004921,0.7342323503626894,batch_0-100.arrow,HIGH
0004923,0.6572077266955073,batch_0-100.arrow,HIGH
0004925,0.6605893345856302,batch_0-100.arrow,HIGH
0004928,0.24057406139682333,batch_0-100.arrow,LOW
0004932,0.777375628340964,batch_0-100.arrow,HIGH
0004933,0.5370014035977634,batch_0-100.arrow,LOW
0004936,0.7937514395591766,batch_0-100.arrow,HIGH
0004937,0.7311233041616894,batch_0-100.arrow,HIGH
0004939,0.5345324440507978,batch_0-100.arrow,LOW
0004941,0.6664321768925064,batch_0-100.arrow,HIGH
0004942,0.6594598911376454,batch_0-100.arrow,HIGH
0004943,0.397619135243857,batch_0-100.arrow,LOW
0004944,0.621463754328259,batch_0-100.arrow,HIGH
0004945,0.766566129072102,batch_0-100.arrow,HIGH
0004948,0.31693365227586373,batch_0-100.arrow,LOW
0004949,0.3804743324693671,batch_0-100.arrow,LOW
0004951,0.3369690772429621,batch_0-100.arrow,LOW
0004953,0.7349760764834135,batch_0-100.arrow,HIGH
0004955,0.6856349344679615,batch_0-100.arrow,HIGH
0004957,0.5054465747212582,batch_0-100.arrow,LOW
0004958,0.6662904226517586,batch_0-100.arrow,HIGH
0004960,0.6419921324806724,batch_0-100.arrow,HIGH
0004966,0.6847175952356886,batch_0-100.arrow,HIGH
0004967,0.6899954856308051,batch_0-100.arrow,HIGH
0004968,0.5951474510922466,batch_0-100.arrow,LOW
0004969,0.4226984279028326,batch_0-100.arrow,LOW
0004972,0.7913763791529886,batch_0-100.arrow,HIGH
0004973,0.604976514686493,batch_0-100.arrow,HIGH
0004974,0.6686997243953013,batch_0-100.arrow,HIGH
0004975,0.6938975813689693,batch_0-100.arrow,HIGH
0004976,0.23694248278227126,batch_0-100.arrow,LOW
0004977,0.6862670218820556,batch_0-100.arrow,HIGH
0004978,0.7771676864389644,batch_0-100.arrow,HIGH
0004979,0.6818227380931831,batch_0-100.arrow,HIGH
0004980,0.5381996174660548,batch_0-100.arrow,LOW
0004982,0.5302979149512352,batch_0-100.arrow,LOW
0004983,0.2994471588939151,batch_0-100.arrow,LOW
0004984,0.38460171763267215,batch_0-100.arrow,LOW
0004985,0.1259649870742906,batch_0-100.arrow,LOW
0004986,0.689650580462136,batch_0-100.arrow,HIGH
0004987,0.5083533996167563,batch_0-100.arrow,LOW
0004990,0.5193223023073458,batch_0-100.arrow,LOW
0004991,0.7387678252630457,batch_0-100.arrow,HIGH
0004993,0.5378950681980713,batch_0-100.arrow,LOW
0004994,0.48475283380297673,batch_0-100.arrow,LOW
0004996,0.8204026311946765,batch_0-100.arrow,HIGH
0004997,0.7348766623977729,batch_0-100.arrow,HIGH
0004999,0.22144993565445734,batch_0-100.arrow,LOW
0006277,0.7865827767697017,batch_1000-1100.arrow,HIGH
0006278,0.7647823723465605,batch_1000-1100.arrow,HIGH
0006282,0.7728804668989616,batch_1000-1100.arrow,HIGH
0006283,0.3711074057439184,batch_1000-1100.arrow,LOW
0006284,0.589056618837145,batch_1000-1100.arrow,LOW
0006285,0.6428777952672351,batch_1000-1100.arrow,HIGH
0006288,0.07074897838577476,batch_1000-1100.arrow,LOW
0006289,0.5409312095867933,batch_1000-1100.arrow,LOW
0006290,0.32837445113374014,batch_1000-1100.arrow,LOW
0006291,0.8043843532748021,batch_1000-1100.arrow,HIGH
0006292,0.729533311666085,batch_1000-1100.arrow,HIGH
0006293,0.47315540721202415,batch_1000-1100.arrow,LOW
0006294,0.13988485160221906,batch_1000-1100.arrow,LOW
0006295,0.5344109045588533,batch_1000-1100.arrow,LOW
0006296,0.7051820713473127,batch_1000-1100.arrow,HIGH
0006299,0.41849643800212766,batch_1000-1100.arrow,LOW
0006301,0.7626102617766528,batch_1000-1100.arrow,HIGH
0006304,0.6245734570130975,batch_1000-1100.arrow,HIGH
0006305,0.5565249570596651,batch_1000-1100.arrow,LOW
0006306,0.6598438287104699,batch_1000-1100.arrow,HIGH
0006307,0.7501622651177335,batch_1000-1100.arrow,HIGH
0006309,0.6353373608670356,batch_1000-1100.arrow,HIGH
0006310,0.5710158388779759,batch_1000-1100.arrow,LOW
0006313,0.6315796150399996,batch_1000-1100.arrow,HIGH
0006314,0.45766962519897786,batch_1000-1100.arrow,LOW
0006315,0.8080281010853344,batch_1000-1100.arrow,HIGH
0006318,0.7389412021903029,batch_1000-1100.arrow,HIGH
0006319,0.5071001965676812,batch_1000-1100.arrow,LOW
0006320,0.6445670759426165,batch_1000-1100.arrow,HIGH
0006323,0.6843641454610158,batch_1000-1100.arrow,HIGH
0006324,0.5471983023777024,batch_1000-1100.arrow,LOW
0006325,0.8353102892345768,batch_1000-1100.arrow,HIGH
0006326,0.031306039620525646,batch_1000-1100.arrow,LOW
0006327,0.6885657938661289,batch_1000-1100.arrow,HIGH
0006329,0.7251685875977434,batch_1000-1100.arrow,HIGH
0006330,0.7112650665540087,batch_1000-1100.arrow,HIGH
0006332,0.15499706858242457,batch_1000-1100.arrow,LOW
0006333,0.3459431719324432,batch_1000-1100.arrow,LOW
0006335,0.5742197846047156,batch_1000-1100.arrow,LOW
0006336,0.6150177266274549,batch_1000-1100.arrow,HIGH
0006337,0.5550913797295799,batch_1000-1100.arrow,LOW
0006339,0.052515226709279376,batch_1000-1100.arrow,LOW
0006340,0.27853415682802934,batch_1000-1100.arrow,LOW
0006342,0.33468096238156225,batch_1000-1100.arrow,LOW
0006343,0.5989454372297445,batch_1000-1100.arrow,LOW
0006344,0.7516826544501894,batch_1000-1100.arrow,HIGH
0006345,0.2678691746108608,batch_1000-1100.arrow,LOW
0006346,0.2508148435704641,batch_1000-1100.arrow,LOW
0006347,0.7769910810534055,batch_1000-1100.arrow,HIGH
0006348,0.5755965239508815,batch_1000-1100.arrow,LOW
0006349,0.7088346176910458,batch_1000-1100.arrow,HIGH
0006353,0.17759980379726212,batch_1000-1100.arrow,LOW
0006354,0.7873927678339422,batch_1000-1100.arrow,HIGH
0006362,0.7051583311663872,batch_1000-1100.arrow,HIGH
0006364,0.616726249241531,batch_1000-1100.arrow,HIGH
0006365,0.7442685245530489,batch_1000-1100.arrow,HIGH
0006366,0.3586061481412981,batch_1000-1100.arrow,LOW
0006367,0.6439673796198913,batch_1000-1100.arrow,HIGH
0006368,0.7765007029405183,batch_1000-1100.arrow,HIGH
0006369,0.6852548986268582,batch_1000-1100.arrow,HIGH
0006373,0.3914718566444843,batch_1000-1100.arrow,LOW
0006375,0.7273550705561687,batch_1000-1100.arrow,HIGH
0006376,0.5705317499732044,batch_1000-1100.arrow,LOW
0006377,0.6679347172536031,batch_1000-1100.arrow,HIGH
0006378,0.6170367400744595,batch_1000-1100.arrow,HIGH
0006381,0.6354352915363867,batch_1000-1100.arrow,HIGH
0006384,0.7073770043119788,batch_1000-1100.arrow,HIGH
0006385,0.5781433204255063,batch_1000-1100.arrow,LOW
0006386,0.37464129932737417,batch_1000-1100.arrow,LOW
0006387,0.5920028756339001,batch_1000-1100.arrow,LOW
0006388,0.2574441104539883,batch_1000-1100.arrow,LOW
0006389,0.7716757729432627,batch_1000-1100.arrow,HIGH
0006390,0.8164968715440124,batch_1000-1100.arrow,HIGH
0006391,0.8601302325143431,batch_1000-1100.arrow,HIGH
0006392,0.42461703504916026,batch_1000-1100.arrow,LOW
0006393,0.6429332637451703,batch_1000-1100.arrow,HIGH
0006395,0.7505639555763973,batch_1000-1100.arrow,HIGH
0006396,0.2667330290071672,batch_1000-1100.arrow,LOW
0006398,0.8089763489718284,batch_1000-1100.arrow,HIGH
0006399,0.6274743044036194,batch_1000-1100.arrow,HIGH
0006400,0.4528970140542124,batch_1000-1100.arrow,LOW
0006401,0.7255811824589928,batch_1000-1100.arrow,HIGH
0006402,0.05410281078298421,batch_1000-1100.arrow,LOW
0006403,0.7899481533108661,batch_1000-1100.arrow,HIGH
0006404,0.630307895075772,batch_1000-1100.arrow,HIGH
0006405,0.5739383483904293,batch_1000-1100.arrow,LOW
0006406,0.5856991029284644,batch_1000-1100.arrow,LOW
0006408,0.6925196707916875,batch_1000-1100.arrow,HIGH
0006409,0.45833950854118855,batch_1000-1100.arrow,LOW
0006410,0.4250363111143183,batch_1000-1100.arrow,LOW
0006411,0.587425717603021,batch_1000-1100.arrow,LOW
0006412,0.6341461574324242,batch_1000-1100.arrow,HIGH
0006413,0.14009990803162498,batch_1000-1100.arrow,LOW
0006415,0.5684469103676325,batch_1000-1100.arrow,LOW
0006416,0.3233505533277179,batch_1000-1100.arrow,LOW
0006417,0.5969473111856497,batch_1000-1100.arrow,LOW
0006558,0.6870069811179819,batch_1200-1300.arrow,HIGH
0006559,0.5237085949526397,batch_1200-1300.arrow,LOW
0006560,0.3605738764783742,batch_1200-1300.arrow,LOW
0006561,0.45828816693241836,batch_1200-1300.arrow,LOW
0006562,0.7305496764291588,batch_1200-1300.arrow,HIGH
0006563,0.6087234976200887,batch_1200-1300.arrow,HIGH
0006564,0.7221638354231842,batch_1200-1300.arrow,HIGH
0006566,0.3761557078452193,batch_1200-1300.arrow,LOW
0006567,0.28501460814487783,batch_1200-1300.arrow,LOW
0006568,0.47684228508582577,batch_1200-1300.arrow,LOW
0006569,0.7800605688435875,batch_1200-1300.arrow,HIGH
0006573,0.6969147499038373,batch_1200-1300.arrow,HIGH
0006574,0.7714234098825425,batch_1200-1300.arrow,HIGH
0006575,0.18993000109217614,batch_1200-1300.arrow,LOW
0006576,0.23513754641554208,batch_1200-1300.arrow,LOW
0006577,0.525219331811492,batch_1200-1300.arrow,LOW
0006578,0.42878416737624603,batch_1200-1300.arrow,LOW
0006579,0.7206315628036618,batch_1200-1300.arrow,HIGH
0006580,0.6311202922620075,batch_1200-1300.arrow,HIGH
0006585,0.31793456311342455,batch_1200-1300.arrow,LOW
0006586,0.5887579689689763,batch_1200-1300.arrow,LOW
0006589,0.6308036683992776,batch_1200-1300.arrow,HIGH
0006590,0.799349991654803,batch_1200-1300.arrow,HIGH
0006592,0.043836547947881305,batch_1200-1300.arrow,LOW
0006593,0.40654775552144723,batch_1200-1300.arrow,LOW
0006594,0.23438254874914607,batch_1200-1300.arrow,LOW
0006595,0.2259189500224681,batch_1200-1300.arrow,LOW
0006596,0.7631886416895846,batch_1200-1300.arrow,HIGH
0006597,0.7960469336243786,batch_1200-1300.arrow,HIGH
0006598,0.6056924197251375,batch_1200-1300.arrow,HIGH
0006599,0.4046455688210218,batch_1200-1300.arrow,LOW
0006600,0.601614337442589,batch_1200-1300.arrow,HIGH
0006601,0.3418450021002341,batch_1200-1300.arrow,LOW
0006602,0.5709676853925635,batch_1200-1300.arrow,LOW
0006604,0.6254583424434611,batch_1200-1300.arrow,HIGH
0006605,0.5353261087790356,batch_1200-1300.arrow,LOW
0006606,0.6565871322614091,batch_1200-1300.arrow,HIGH
0006607,0.6934890156695833,batch_1200-1300.arrow,HIGH
0006608,0.033284419650093815,batch_1200-1300.arrow,LOW
0006610,0.792639864497963,batch_1200-1300.arrow,HIGH
0006611,0.7101704677626809,batch_1200-1300.arrow,HIGH
0006612,0.6565815417488544,batch_1200-1300.arrow,HIGH
0006613,0.79783418809129,batch_1200-1300.arrow,HIGH
0006614,0.0731056519061855,batch_1200-1300.arrow,LOW
0006615,0.16399357010500684,batch_1200-1300.arrow,LOW
0006616,0.399328395043183,batch_1200-1300.arrow,LOW
0006617,0.4801148595993561,batch_1200-1300.arrow,LOW
0006618,0.3009111772259292,batch_1200-1300.arrow,LOW
0006619,0.49265405529513023,batch_1200-1300.arrow,LOW
0006620,0.5316475667674231,batch_1200-1300.arrow,LOW
0006621,0.6125715353898903,batch_1200-1300.arrow,HIGH
0006622,0.4523655790801487,batch_1200-1300.arrow,LOW
0006623,0.4529794591593859,batch_1200-1300.arrow,LOW
0006624,0.5844448778437824,batch_1200-1300.arrow,LOW
0006625,0.7739887422159791,batch_1200-1300.arrow,HIGH
0006628,0.45413835219718424,batch_1200-1300.arrow,LOW
0006629,0.5769258942272749,batch_1200-1300.arrow,LOW
0006631,0.608770993822841,batch_1200-1300.arrow,HIGH
0006632,0.8006693570783284,batch_1200-1300.arrow,HIGH
0006634,0.6318810444220669,batch_1200-1300.arrow,HIGH
0006635,0.7184806584100745,batch_1200-1300.arrow,HIGH
0006636,0.7322739437761325,batch_1200-1300.arrow,HIGH
0006637,0.8000715401312193,batch_1200-1300.arrow,HIGH
0006638,0.26669274126352965,batch_1200-1300.arrow,LOW
0006639,0.7093569311881173,batch_1200-1300.arrow,HIGH
0006641,0.603341955174443,batch_1200-1300.arrow,HIGH
0006643,0.08684887438245492,batch_1200-1300.arrow,LOW
0006645,0.5817351157900021,batch_1200-1300.arrow,LOW
0006646,0.5566074453568127,batch_1200-1300.arrow,LOW
0006648,0.36753576950980277,batch_1200-1300.arrow,LOW
0006649,0.6489203947312607,batch_1200-1300.arrow,HIGH
0006651,0.422495308427516,batch_1200-1300.arrow,LOW
0006653,0.6904545209984881,batch_1200-1300.arrow,HIGH
0006655,0.2566278082461893,batch_1200-1300.arrow,LOW
0006656,0.5730778617698201,batch_1200-1300.arrow,LOW
0006657,0.5708262310136992,batch_1200-1300.arrow,LOW
0006660,0.7533270860444979,batch_1200-1300.arrow,HIGH
0006661,0.6214548436820423,batch_1200-1300.arrow,HIGH
0006663,0.7593124073156674,batch_1200-1300.arrow,HIGH
0006664,0.6702762249892626,batch_1200-1300.arrow,HIGH
0006666,0.677090414256944,batch_1200-1300.arrow,HIGH
0006667,0.29224348469464717,batch_1200-1300.arrow,LOW
0006668,0.5690545883657178,batch_1200-1300.arrow,LOW
0006669,0.8175816894852317,batch_1200-1300.arrow,HIGH
0006672,0.5638839352652125,batch_1200-1300.arrow,LOW
0006673,0.5250346403527181,batch_1200-1300.arrow,LOW
0006674,0.7121023398851604,batch_1200-1300.arrow,HIGH
0006675,0.4813960513154658,batch_1200-1300.arrow,LOW
0006676,0.5018814322634753,batch_1200-1300.arrow,LOW
0006677,0.7834465285493669,batch_1200-1300.arrow,HIGH
0006678,0.7847028790029814,batch_1200-1300.arrow,HIGH
0006679,0.4979694658179956,batch_1200-1300.arrow,LOW
0006680,0.8450623140311397,batch_1200-1300.arrow,HIGH
0006682,0.4018220936811905,batch_1200-1300.arrow,LOW
0006684,0.08566506351946294,batch_1200-1300.arrow,LOW
0006686,0.70881653650022,batch_1200-1300.arrow,HIGH
0006687,0.06088356828321231,batch_1200-1300.arrow,LOW
0006688,0.6721902313518656,batch_1200-1300.arrow,HIGH
0006689,0.5512430169795844,batch_1300-1400.arrow,LOW
0006690,0.4037980875036093,batch_1300-1400.arrow,LOW
0006691,0.8302564906160068,batch_1300-1400.arrow,HIGH
0006692,0.435144797219903,batch_1300-1400.arrow,LOW
0006693,0.6574912023997613,batch_1300-1400.arrow,HIGH
0006694,0.6427107667094368,batch_1300-1400.arrow,HIGH
0006696,0.6673897833117497,batch_1300-1400.arrow,HIGH
0006697,0.5145094435122132,batch_1300-1400.arrow,LOW
0006698,0.7275000986461703,batch_1300-1400.arrow,HIGH
0006700,0.7127056856602164,batch_1300-1400.arrow,HIGH
0006701,0.6121374269320797,batch_1300-1400.arrow,HIGH
0006702,0.5145413974433913,batch_1300-1400.arrow,LOW
0006705,0.644890006104344,batch_1300-1400.arrow,HIGH
0006706,0.3136464304341022,batch_1300-1400.arrow,LOW
0006708,0.7233950606063798,batch_1300-1400.arrow,HIGH
0006710,0.7619169383748271,batch_1300-1400.arrow,HIGH
0006711,0.7613145475492552,batch_1300-1400.arrow,HIGH
0006713,0.6037301888152989,batch_1300-1400.arrow,HIGH
0006714,0.46054692844300166,batch_1300-1400.arrow,LOW
0006715,0.7281363925088792,batch_1300-1400.arrow,HIGH
0006716,0.8002792900996197,batch_1300-1400.arrow,HIGH
0006717,0.7283886055957444,batch_1300-1400.arrow,HIGH
0006719,0.7375334809355856,batch_1300-1400.arrow,HIGH
0006720,0.6597357836899812,batch_1300-1400.arrow,HIGH
0006721,0.695024821435466,batch_1300-1400.arrow,HIGH
0006722,0.768149344790744,batch_1300-1400.arrow,HIGH
0006723,0.5928601273548181,batch_1300-1400.arrow,LOW
0006724,0.42459720422280745,batch_1300-1400.arrow,LOW
0006725,0.2256658754476706,batch_1300-1400.arrow,LOW
0006726,0.5789262480335161,batch_1300-1400.arrow,LOW
0006727,0.6577051544334435,batch_1300-1400.arrow,HIGH
0006728,0.143634420155499,batch_1300-1400.arrow,LOW
0006729,0.04472652476568745,batch_1300-1400.arrow,LOW
0006730,0.22922766559500776,batch_1300-1400.arrow,LOW
0006731,0.3645092516982258,batch_1300-1400.arrow,LOW
0006734,0.6654737802145299,batch_1300-1400.arrow,HIGH
0006736,0.4554183931102327,batch_1300-1400.arrow,LOW
0006737,0.5458768390681662,batch_1300-1400.arrow,LOW
0006738,0.7663679135640921,batch_1300-1400.arrow,HIGH
0006739,0.5326483103683276,batch_1300-1400.arrow,LOW
0006740,0.2467577814244205,batch_1300-1400.arrow,LOW
0006741,0.5083445088645958,batch_1300-1400.arrow,LOW
0006742,0.009362014527251925,batch_1300-1400.arrow,LOW
0006743,0.7060730922506174,batch_1300-1400.arrow,HIGH
0006744,0.7457643558550947,batch_1300-1400.arrow,HIGH
0006745,0.7371297862624598,batch_1300-1400.arrow,HIGH
0006747,0.3185489229063763,batch_1300-1400.arrow,LOW
0006750,0.6130289550705875,batch_1300-1400.arrow,HIGH
0006751,0.3333260023642457,batch_1300-1400.arrow,LOW
0006752,0.7719200756361039,batch_1300-1400.arrow,HIGH
0006753,0.3069121187867571,batch_1300-1400.arrow,LOW
0006754,0.750955295737408,batch_1300-1400.arrow,HIGH
0006756,0.6106465115988041,batch_1300-1400.arrow,HIGH
0006757,0.41789603655805035,batch_1300-1400.arrow,LOW
0006758,0.3711326870841591,batch_1300-1400.arrow,LOW
0006761,0.6747990390953019,batch_1300-1400.arrow,HIGH
0006762,0.40341292567325354,batch_1300-1400.arrow,LOW
0006763,0.7121211549310177,batch_1300-1400.arrow,HIGH
0006764,0.6366034355864795,batch_1300-1400.arrow,HIGH
0006765,0.4422780332778529,batch_1300-1400.arrow,LOW
0006766,0.60790234841751,batch_1300-1400.arrow,HIGH
0006767,0.6243086646150806,batch_1300-1400.arrow,HIGH
0006768,0.5863110493583349,batch_1300-1400.arrow,LOW
0006769,0.43981989059912024,batch_1300-1400.arrow,LOW
0006770,0.6076960865867463,batch_1300-1400.arrow,HIGH
0006771,0.47679515349268725,batch_1300-1400.arrow,LOW
0006772,0.6571370873052792,batch_1300-1400.arrow,HIGH
0006774,0.7228458146668081,batch_1300-1400.arrow,HIGH
0006775,0.8185031201578559,batch_1300-1400.arrow,HIGH
0006776,0.6613596100517666,batch_1300-1400.arrow,HIGH
0006778,0.6633629600772072,batch_1300-1400.arrow,HIGH
0006779,0.617714498306438,batch_1300-1400.arrow,HIGH
0006780,0.7988862253127222,batch_1300-1400.arrow,HIGH
0006782,0.7588874744840511,batch_1300-1400.arrow,HIGH
0006784,0.8076586032224884,batch_1300-1400.arrow,HIGH
0006785,0.6860417639836717,batch_1300-1400.arrow,HIGH
0006786,0.7600534463183676,batch_1300-1400.arrow,HIGH
0006787,0.8269511067201262,batch_1300-1400.arrow,HIGH
0006788,0.7934824170826594,batch_1300-1400.arrow,HIGH
0006790,0.7343572441423452,batch_1300-1400.arrow,HIGH
0006791,0.22710626404271483,batch_1300-1400.arrow,LOW
0006792,0.7604240193974164,batch_1300-1400.arrow,HIGH
0006794,0.4919114273910714,batch_1300-1400.arrow,LOW
0006795,0.5122595633410935,batch_1300-1400.arrow,LOW
0006796,0.6455464368052376,batch_1300-1400.arrow,HIGH
0006797,0.8101545179594757,batch_1300-1400.arrow,HIGH
0006798,0.5942872425567395,batch_1300-1400.arrow,LOW
0006799,0.4885018408321944,batch_1300-1400.arrow,LOW
0006800,0.701940479050903,batch_1300-1400.arrow,HIGH
0006801,0.32848653564892966,batch_1300-1400.arrow,LOW
0006803,0.5352072265917805,batch_1300-1400.arrow,LOW
0006805,0.7625834140111344,batch_1300-1400.arrow,HIGH
0006806,0.5765908984527723,batch_1300-1400.arrow,LOW
0006807,0.7316411540250018,batch_1300-1400.arrow,HIGH
0006808,0.18402867567275316,batch_1300-1400.arrow,LOW
0006809,0.7639787724331789,batch_1300-1400.arrow,HIGH
0006810,0.6242114342845302,batch_1300-1400.arrow,HIGH
0006811,0.676145573058657,batch_1300-1400.arrow,HIGH
0006935,0.5174110105845608,batch_1500-1600.arrow,LOW
0006936,0.03669230636909452,batch_1500-1600.arrow,LOW
0006937,0.6261343481601565,batch_1500-1600.arrow,HIGH
0006938,0.5023899058030064,batch_1500-1600.arrow,LOW
0006939,0.6752376528134514,batch_1500-1600.arrow,HIGH
0006940,0.5486394546342993,batch_1500-1600.arrow,LOW
0006941,0.5931105771428122,batch_1500-1600.arrow,LOW
0006942,0.7968270235241984,batch_1500-1600.arrow,HIGH
0006944,0.5502607733437611,batch_1500-1600.arrow,LOW
0006946,0.661007516844438,batch_1500-1600.arrow,HIGH
0006947,0.5578679402929277,batch_1500-1600.arrow,LOW
0006948,0.7355848343725695,batch_1500-1600.arrow,HIGH
0006951,0.7193119025409,batch_1500-1600.arrow,HIGH
0006952,0.08481364754098975,batch_1500-1600.arrow,LOW
0006953,0.7938642066255133,batch_1500-1600.arrow,HIGH
0006954,0.5977195554244882,batch_1500-1600.arrow,LOW
0006955,0.7832726499927718,batch_1500-1600.arrow,HIGH
0006956,0.6839171281738122,batch_1500-1600.arrow,HIGH
0006957,0.5261268890303535,batch_1500-1600.arrow,LOW
0006958,0.8246684995654215,batch_1500-1600.arrow,HIGH
0006959,0.7651893949873511,batch_1500-1600.arrow,HIGH
0006960,0.7754508165139954,batch_1500-1600.arrow,HIGH
0006961,0.49833043795921844,batch_1500-1600.arrow,LOW
0006962,0.5252716982142965,batch_1500-1600.arrow,LOW
0006964,0.6120200767849139,batch_1500-1600.arrow,HIGH
0006966,0.6088702494504262,batch_1500-1600.arrow,HIGH
0006967,0.7652986821725696,batch_1500-1600.arrow,HIGH
0006968,0.7084970881439608,batch_1500-1600.arrow,HIGH
0006969,0.5578021550145409,batch_1500-1600.arrow,LOW
0006970,0.4710179976062691,batch_1500-1600.arrow,LOW
0006972,0.6533390978408478,batch_1500-1600.arrow,HIGH
0006973,0.7257542981463622,batch_1500-1600.arrow,HIGH
0006974,0.7237866400025469,batch_1500-1600.arrow,HIGH
0006975,0.5934536039337597,batch_1500-1600.arrow,LOW
0006977,0.4743328625092548,batch_1500-1600.arrow,LOW
0006979,0.6406314419747331,batch_1500-1600.arrow,HIGH
0006980,0.6451806178432012,batch_1500-1600.arrow,HIGH
0006981,0.26822216192094755,batch_1500-1600.arrow,LOW
0006982,0.73030776857285,batch_1500-1600.arrow,HIGH
0006983,0.7064852566760708,batch_1500-1600.arrow,HIGH
0006984,0.6628532116333908,batch_1500-1600.arrow,HIGH
0006985,0.7414970541427034,batch_1500-1600.arrow,HIGH
0006986,0.7153576062424692,batch_1500-1600.arrow,HIGH
0006987,0.3743127685957863,batch_1500-1600.arrow,LOW
0006988,0.23044203052497647,batch_1500-1600.arrow,LOW
0006989,0.3439544093521422,batch_1500-1600.arrow,LOW
0006990,0.7698324935795439,batch_1500-1600.arrow,HIGH
0006991,0.36262702088428117,batch_1500-1600.arrow,LOW
0006992,0.21825614779993682,batch_1500-1600.arrow,LOW
0006993,0.6459724445501741,batch_1500-1600.arrow,HIGH
0006994,0.679321826228643,batch_1500-1600.arrow,HIGH
0006995,0.17933092468209813,batch_1500-1600.arrow,LOW
0006996,0.5350203395845319,batch_1500-1600.arrow,LOW
0006997,0.6893077656923327,batch_1500-1600.arrow,HIGH
0006998,0.7373149794990623,batch_1500-1600.arrow,HIGH
0006999,0.30731368037089457,batch_1500-1600.arrow,LOW
0007001,0.7386071531223463,batch_1500-1600.arrow,HIGH
0007003,0.5255857494495895,batch_1500-1600.arrow,LOW
0007004,0.7316222149239172,batch_1500-1600.arrow,HIGH
0007005,0.5794221459957761,batch_1500-1600.arrow,LOW
0007006,0.3845525371759864,batch_1500-1600.arrow,LOW
0007010,0.6180671811921385,batch_1500-1600.arrow,HIGH
0007011,0.6562406384406597,batch_1500-1600.arrow,HIGH
0007012,0.7641822763601699,batch_1500-1600.arrow,HIGH
0007013,0.7293920812918161,batch_1500-1600.arrow,HIGH
0007014,0.621984191943513,batch_1500-1600.arrow,HIGH
0007015,0.5461599342059176,batch_1500-1600.arrow,LOW
0007016,0.586649248299658,batch_1500-1600.arrow,LOW
0007017,0.3687373074388132,batch_1500-1600.arrow,LOW
0007018,0.5611080660139639,batch_1500-1600.arrow,LOW
0007019,0.23820091787315356,batch_1500-1600.arrow,LOW
0007020,0.6468838894947413,batch_1500-1600.arrow,HIGH
0007022,0.742100719228842,batch_1500-1600.arrow,HIGH
0007023,0.3720072228837787,batch_1500-1600.arrow,LOW
0007024,0.7518957360132719,batch_1500-1600.arrow,HIGH
0007025,0.7882263749644108,batch_1500-1600.arrow,HIGH
0007026,0.23005586110378762,batch_1500-1600.arrow,LOW
0007027,0.6627325550160701,batch_1500-1600.arrow,HIGH
0007028,0.3539486887100826,batch_1500-1600.arrow,LOW
0007029,0.758881911457206,batch_1500-1600.arrow,HIGH
0007030,0.5714148167801145,batch_1500-1600.arrow,LOW
0007032,0.8069407368707694,batch_1500-1600.arrow,HIGH
0007033,0.3871841822489798,batch_1500-1600.arrow,LOW
0007037,0.13975132894812015,batch_1500-1600.arrow,LOW
0007039,0.4955247146364797,batch_1500-1600.arrow,LOW
0007041,0.6491357139714108,batch_1500-1600.arrow,HIGH
0007043,0.6030831385106755,batch_1500-1600.arrow,HIGH
0007044,0.464237370022535,batch_1500-1600.arrow,LOW
0007047,0.7199816044866431,batch_1500-1600.arrow,HIGH
0007048,0.5576420563520136,batch_1500-1600.arrow,LOW
0007052,0.6581605790051644,batch_1500-1600.arrow,HIGH
0007053,0.7435863789109574,batch_1500-1600.arrow,HIGH
0007054,0.8046982740044869,batch_1500-1600.arrow,HIGH
0007057,0.7557348376795758,batch_1500-1600.arrow,HIGH
0007058,0.6734508636695785,batch_1500-1600.arrow,HIGH
0007059,0.591491218646046,batch_1500-1600.arrow,LOW
0007060,0.7695787141291199,batch_1500-1600.arrow,HIGH
0007061,0.7434516646760266,batch_1500-1600.arrow,HIGH
0007063,0.597124682064239,batch_1500-1600.arrow,LOW
0007064,0.1233585964021895,batch_1600-1700.arrow,LOW
0007066,0.3370376525629513,batch_1600-1700.arrow,LOW
0007067,0.6007241457750073,batch_1600-1700.arrow,HIGH
0007068,0.4630682253032609,batch_1600-1700.arrow,LOW
0007069,0.49882938387497755,batch_1600-1700.arrow,LOW
0007071,0.6271525566804655,batch_1600-1700.arrow,HIGH
0007072,0.6883837877307667,batch_1600-1700.arrow,HIGH
0007073,0.49121432336470816,batch_1600-1700.arrow,LOW
0007074,0.7079786043878488,batch_1600-1700.arrow,HIGH
0007075,0.6615676780095454,batch_1600-1700.arrow,HIGH
0007078,0.6842959412042529,batch_1600-1700.arrow,HIGH
0007079,0.7784645943573968,batch_1600-1700.arrow,HIGH
0007080,0.6255374279761998,batch_1600-1700.arrow,HIGH
0007081,0.5382386324366748,batch_1600-1700.arrow,LOW
0007084,0.7926635790686164,batch_1600-1700.arrow,HIGH
0007085,0.3892926438437598,batch_1600-1700.arrow,LOW
0007086,0.23375626095034177,batch_1600-1700.arrow,LOW
0007087,0.6867572219057084,batch_1600-1700.arrow,HIGH
0007088,0.4919291507855701,batch_1600-1700.arrow,LOW
0007089,0.8045446048308512,batch_1600-1700.arrow,HIGH
0007091,0.6819175705092496,batch_1600-1700.arrow,HIGH
0007092,0.6476799023879254,batch_1600-1700.arrow,HIGH
0007094,0.10492130763599287,batch_1600-1700.arrow,LOW
0007095,0.25105634748886535,batch_1600-1700.arrow,LOW
0007096,0.6268682530240696,batch_1600-1700.arrow,HIGH
0007097,0.6958155457557558,batch_1600-1700.arrow,HIGH
0007100,0.6406501627516525,batch_1600-1700.arrow,HIGH
0007101,0.718136172797814,batch_1600-1700.arrow,HIGH
0007102,0.36610873378997333,batch_1600-1700.arrow,LOW
0007105,0.8047045794155255,batch_1600-1700.arrow,HIGH
0007107,0.5729889332586829,batch_1600-1700.arrow,LOW
0007108,0.7370812204671907,batch_1600-1700.arrow,HIGH
0007109,0.34024439018511116,batch_1600-1700.arrow,LOW
0007110,0.6111419652979027,batch_1600-1700.arrow,HIGH
0007111,0.7257637128410058,batch_1600-1700.arrow,HIGH
0007112,0.16024199384954704,batch_1600-1700.arrow,LOW
0007113,0.6967761585640547,batch_1600-1700.arrow,HIGH
0007114,0.5529788263373469,batch_1600-1700.arrow,LOW
0007115,0.35256541156965815,batch_1600-1700.arrow,LOW
0007116,0.5450971116795181,batch_1600-1700.arrow,LOW
0007117,0.7796463504481457,batch_1600-1700.arrow,HIGH
0007118,0.7813482701107041,batch_1600-1700.arrow,HIGH
0007119,0.3642068068145778,batch_1600-1700.arrow,LOW
0007122,0.712831982113793,batch_1600-1700.arrow,HIGH
0007123,0.6156650128457518,batch_1600-1700.arrow,HIGH
0007124,0.787251792888651,batch_1600-1700.arrow,HIGH
0007126,0.5317783683802827,batch_1600-1700.arrow,LOW
0007128,0.7185655556130782,batch_1600-1700.arrow,HIGH
0007132,0.7855607109895417,batch_1600-1700.arrow,HIGH
0007134,0.12757164559127973,batch_1600-1700.arrow,LOW
0007135,0.7489631941458438,batch_1600-1700.arrow,HIGH
0007136,0.6065980739002775,batch_1600-1700.arrow,HIGH
0007137,0.5908957824791625,batch_1600-1700.arrow,LOW
0007140,0.7506021388356426,batch_1600-1700.arrow,HIGH
0007141,0.7412303234821721,batch_1600-1700.arrow,HIGH
0007142,0.46818257821448556,batch_1600-1700.arrow,LOW
0007143,0.6335366696101568,batch_1600-1700.arrow,HIGH
0007144,0.7625588655313962,batch_1600-1700.arrow,HIGH
0007145,0.7301447096598982,batch_1600-1700.arrow,HIGH
0007146,0.6354298563094468,batch_1600-1700.arrow,HIGH
0007148,0.46315199192203077,batch_1600-1700.arrow,LOW
0007149,0.6941578673974756,batch_1600-1700.arrow,HIGH
0007152,0.6095270227833053,batch_1600-1700.arrow,HIGH
0007154,0.5099338549249124,batch_1600-1700.arrow,LOW
0007155,0.7701102790749034,batch_1600-1700.arrow,HIGH
0007156,0.6603577018451507,batch_1600-1700.arrow,HIGH
0007157,0.4516396050266001,batch_1600-1700.arrow,LOW
0007158,0.552708453864661,batch_1600-1700.arrow,LOW
0007159,0.14833163455559759,batch_1600-1700.arrow,LOW
0007160,0.5721485976469477,batch_1600-1700.arrow,LOW
0007163,0.6014682670564157,batch_1600-1700.arrow,HIGH
0007165,0.25321469520721274,batch_1600-1700.arrow,LOW
0007166,0.7319044388692394,batch_1600-1700.arrow,HIGH
0007167,0.13155758561249228,batch_1600-1700.arrow,LOW
0007168,0.6174389181075064,batch_1600-1700.arrow,HIGH
0007170,0.1864917588245266,batch_1600-1700.arrow,LOW
0007171,0.663640447235574,batch_1600-1700.arrow,HIGH
0007172,0.592494289602864,batch_1600-1700.arrow,LOW
0007174,0.6814857064233791,batch_1600-1700.arrow,HIGH
0007175,0.37246343067399684,batch_1600-1700.arrow,LOW
0007178,0.5608275215541876,batch_1600-1700.arrow,LOW
0007179,0.6556299721138102,batch_1600-1700.arrow,HIGH
0007180,0.6260093786294862,batch_1600-1700.arrow,HIGH
0007181,0.32418283448807195,batch_1600-1700.arrow,LOW
0007182,0.7503283665717929,batch_1600-1700.arrow,HIGH
0007185,0.5597934098080538,batch_1600-1700.arrow,LOW
0007186,0.27581692071608593,batch_1600-1700.arrow,LOW
0007187,0.39288264875557916,batch_1600-1700.arrow,LOW
0007188,0.5876513853426236,batch_1600-1700.arrow,LOW
0007189,0.749082064319739,batch_1600-1700.arrow,HIGH
0007191,0.7675362131484095,batch_1600-1700.arrow,HIGH
0007192,0.7335714324559435,batch_1600-1700.arrow,HIGH
0007193,0.7661233061620495,batch_1600-1700.arrow,HIGH
0007194,0.7026187013215557,batch_1600-1700.arrow,HIGH
0007195,0.4922216099602834,batch_1600-1700.arrow,LOW
0007196,0.7713195229128654,batch_1600-1700.arrow,HIGH
0007197,0.4608449140580541,batch_1600-1700.arrow,LOW
0007198,0.4193747946687351,batch_1600-1700.arrow,LOW
0007199,0.6765251051242577,batch_1600-1700.arrow,HIGH
0007320,0.6588012681257044,batch_1800-1900.arrow,HIGH
0007322,0.7876497871615351,batch_1800-1900.arrow,HIGH
0007323,0.4075178713992194,batch_1800-1900.arrow,LOW
0007324,0.3692089335277369,batch_1800-1900.arrow,LOW
0007325,0.7659744347884252,batch_1800-1900.arrow,HIGH
0007326,0.698687001372199,batch_1800-1900.arrow,HIGH
0007327,0.38993414331198634,batch_1800-1900.arrow,LOW
0007328,0.6587479851111158,batch_1800-1900.arrow,HIGH
0007330,0.3459376399744614,batch_1800-1900.arrow,LOW
0007331,0.5793975946146205,batch_1800-1900.arrow,LOW
0007332,0.6838990264730466,batch_1800-1900.arrow,HIGH
0007333,0.6905647183144822,batch_1800-1900.arrow,HIGH
0007334,0.663077965912424,batch_1800-1900.arrow,HIGH
0007335,0.23541071028127122,batch_1800-1900.arrow,LOW
0007336,0.6579357241260749,batch_1800-1900.arrow,HIGH
0007337,0.664157669138362,batch_1800-1900.arrow,HIGH
0007338,0.5370505525880852,batch_1800-1900.arrow,LOW
0007339,0.646927870940763,batch_1800-1900.arrow,HIGH
0007341,0.6854186441893736,batch_1800-1900.arrow,HIGH
0007344,0.7267135149804106,batch_1800-1900.arrow,HIGH
0007345,0.765584937980116,batch_1800-1900.arrow,HIGH
0007346,0.5133788806623056,batch_1800-1900.arrow,LOW
0007347,0.8153293326286836,batch_1800-1900.arrow,HIGH
0007348,0.640409076988152,batch_1800-1900.arrow,HIGH
0007349,0.1426351495003281,batch_1800-1900.arrow,LOW
0007350,0.6332001031570509,batch_1800-1900.arrow,HIGH
0007352,0.6772740635542477,batch_1800-1900.arrow,HIGH
0007353,0.7612924002999986,batch_1800-1900.arrow,HIGH
0007354,0.3457449702037774,batch_1800-1900.arrow,LOW
0007356,0.6855616069152112,batch_1800-1900.arrow,HIGH
0007357,0.7868409253498837,batch_1800-1900.arrow,HIGH
0007358,0.46295943481271123,batch_1800-1900.arrow,LOW
0007359,0.6168996237362991,batch_1800-1900.arrow,HIGH
0007360,0.527476436836875,batch_1800-1900.arrow,LOW
0007361,0.7623854298826229,batch_1800-1900.arrow,HIGH
0007363,0.5091591334676769,batch_1800-1900.arrow,LOW
0007364,0.6167682807109229,batch_1800-1900.arrow,HIGH
0007365,0.6005814700578159,batch_1800-1900.arrow,HIGH
0007367,0.7940848330581268,batch_1800-1900.arrow,HIGH
0007368,0.5816792180330181,batch_1800-1900.arrow,LOW
0007369,0.6311591878216829,batch_1800-1900.arrow,HIGH
0007370,0.2940460252101123,batch_1800-1900.arrow,LOW
0007372,0.24480887105039462,batch_1800-1900.arrow,LOW
0007373,0.6360141909531214,batch_1800-1900.arrow,HIGH
0007374,0.6376103134738568,batch_1800-1900.arrow,HIGH
0007375,0.3386780206086024,batch_1800-1900.arrow,LOW
0007377,0.7708928706148356,batch_1800-1900.arrow,HIGH
0007379,0.6529879172302978,batch_1800-1900.arrow,HIGH
0007381,0.6300537768006883,batch_1800-1900.arrow,HIGH
0007382,0.21640092346882467,batch_1800-1900.arrow,LOW
0007384,0.5412979987427069,batch_1800-1900.arrow,LOW
0007385,0.6736127796983897,batch_1800-1900.arrow,HIGH
0007386,0.531921421556679,batch_1800-1900.arrow,LOW
0007387,0.5119139763523265,batch_1800-1900.arrow,LOW
0007388,0.6803865182537506,batch_1800-1900.arrow,HIGH
0007389,0.5376839836368438,batch_1800-1900.arrow,LOW
0007390,0.7445973510497511,batch_1800-1900.arrow,HIGH
0007391,0.7862991357526319,batch_1800-1900.arrow,HIGH
0007393,0.6112290868211159,batch_1800-1900.arrow,HIGH
0007394,0.7363312465556197,batch_1800-1900.arrow,HIGH
0007396,0.7488634050676256,batch_1800-1900.arrow,HIGH
0007397,0.7099471938169796,batch_1800-1900.arrow,HIGH
0007398,0.7038496676273457,batch_1800-1900.arrow,HIGH
0007399,0.5857818340959353,batch_1800-1900.arrow,LOW
0007400,0.6793161314296127,batch_1800-1900.arrow,HIGH
0007401,0.6468688500009144,batch_1800-1900.arrow,HIGH
0007402,0.40869987018296,batch_1800-1900.arrow,LOW
0007403,0.6847305613619624,batch_1800-1900.arrow,HIGH
0007405,0.6148580963523513,batch_1800-1900.arrow,HIGH
0007406,0.5864805886192532,batch_1800-1900.arrow,LOW
0007407,0.48988078024775555,batch_1800-1900.arrow,LOW
0007408,0.5685417890674694,batch_1800-1900.arrow,LOW
0007409,0.7793658258855519,batch_1800-1900.arrow,HIGH
0007410,0.7090201817687993,batch_1800-1900.arrow,HIGH
0007411,0.7683641894669201,batch_1800-1900.arrow,HIGH
0007412,0.8132926640989614,batch_1800-1900.arrow,HIGH
0007414,0.6243720394803475,batch_1800-1900.arrow,HIGH
0007417,0.7268557350770989,batch_1800-1900.arrow,HIGH
0007418,0.7248575674376215,batch_1800-1900.arrow,HIGH
0007420,0.7290933398116716,batch_1800-1900.arrow,HIGH
0007421,0.4064693619649014,batch_1800-1900.arrow,LOW
0007422,0.6816255490596616,batch_1800-1900.arrow,HIGH
0007423,0.6528612409712745,batch_1800-1900.arrow,HIGH
0007426,0.6787321902328758,batch_1800-1900.arrow,HIGH
0007427,0.5400514441378128,batch_1800-1900.arrow,LOW
0007428,0.7425956582837423,batch_1800-1900.arrow,HIGH
0007429,0.5177243742020997,batch_1800-1900.arrow,LOW
0007430,0.6564899448024579,batch_1800-1900.arrow,HIGH
0007431,0.7450020969352243,batch_1800-1900.arrow,HIGH
0007432,0.3591337114517032,batch_1800-1900.arrow,LOW
0007433,0.6747481238320533,batch_1800-1900.arrow,HIGH
0007434,0.6253529201920044,batch_1800-1900.arrow,HIGH
0007435,0.823949645617121,batch_1800-1900.arrow,HIGH
0007436,0.7337456956411508,batch_1800-1900.arrow,HIGH
0007437,0.5123708251872576,batch_1800-1900.arrow,LOW
0007438,0.6610729193638386,batch_1800-1900.arrow,HIGH
0007439,0.7000634954569879,batch_1800-1900.arrow,HIGH
0007440,0.7446553289819939,batch_1800-1900.arrow,HIGH
0007441,0.7815979662151865,batch_1800-1900.arrow,HIGH
0007566,0.8223268030910362,batch_2000-2100.arrow,HIGH
0007567,0.7334606862212025,batch_2000-2100.arrow,HIGH
0007568,0.6481818782714468,batch_2000-2100.arrow,HIGH
0007569,0.207574432296433,batch_2000-2100.arrow,LOW
0007571,0.40245280898211044,batch_2000-2100.arrow,LOW
0007572,0.818949056385636,batch_2000-2100.arrow,HIGH
0007576,0.4759097679170559,batch_2000-2100.arrow,LOW
0007577,0.47998119261757527,batch_2000-2100.arrow,LOW
0007578,0.7511982128104089,batch_2000-2100.arrow,HIGH
0007579,0.5120447945137213,batch_2000-2100.arrow,LOW
0007580,0.5644254509273942,batch_2000-2100.arrow,LOW
0007581,0.16156207136771797,batch_2000-2100.arrow,LOW
0007582,0.35127664112583873,batch_2000-2100.arrow,LOW
0007584,0.7436016456983735,batch_2000-2100.arrow,HIGH
0007585,0.0446743867068908,batch_2000-2100.arrow,LOW
0007586,0.5570121451449482,batch_2000-2100.arrow,LOW
0007588,0.7430555145492627,batch_2000-2100.arrow,HIGH
0007591,-0.051495718223286274,batch_2000-2100.arrow,LOW
0007592,0.6941410308726735,batch_2000-2100.arrow,HIGH
0007593,0.29943973571996785,batch_2000-2100.arrow,LOW
0007594,0.6850356711361728,batch_2000-2100.arrow,HIGH
0007595,0.5629193980212772,batch_2000-2100.arrow,LOW
0007598,0.6461697267161323,batch_2000-2100.arrow,HIGH
0007599,0.4674685285602118,batch_2000-2100.arrow,LOW
0007600,0.5815866954635663,batch_2000-2100.arrow,LOW
0007601,0.5783064720413714,batch_2000-2100.arrow,LOW
0007602,0.6014655205661867,batch_2000-2100.arrow,HIGH
0007605,0.782825634142667,batch_2000-2100.arrow,HIGH
0007607,0.43381088360626247,batch_2000-2100.arrow,LOW
0007609,0.7603038470215725,batch_2000-2100.arrow,HIGH
0007611,0.6757041863080794,batch_2000-2100.arrow,HIGH
0007612,0.3973780109666574,batch_2000-2100.arrow,LOW
0007613,0.4745205231123282,batch_2000-2100.arrow,LOW
0007616,0.6667771586670516,batch_2000-2100.arrow,HIGH
0007618,0.7094701689929761,batch_2000-2100.arrow,HIGH
0007620,0.5956053020305013,batch_2000-2100.arrow,LOW
0007621,0.45462111985368936,batch_2000-2100.arrow,LOW
0007625,0.6959241444521588,batch_2000-2100.arrow,HIGH
0007628,0.6073126889268369,batch_2000-2100.arrow,HIGH
0007632,0.14956935541796929,batch_2000-2100.arrow,LOW
0007633,0.7981861041395524,batch_2000-2100.arrow,HIGH
0007634,0.008216735059433133,batch_2000-2100.arrow,LOW
0007637,0.6369471097698088,batch_2000-2100.arrow,HIGH
0007638,0.4613929025275078,batch_2000-2100.arrow,LOW
0007640,0.7757914711697208,batch_2000-2100.arrow,HIGH
0007641,0.7485713132450318,batch_2000-2100.arrow,HIGH
0007642,0.7043773138117028,batch_2000-2100.arrow,HIGH
0007643,0.6822884972355082,batch_2000-2100.arrow,HIGH
0007644,0.6856053205669393,batch_2000-2100.arrow,HIGH
0007646,0.7327437668242925,batch_2000-2100.arrow,HIGH
0007647,0.8267908850646845,batch_2000-2100.arrow,HIGH
0007648,0.1906107175591746,batch_2000-2100.arrow,LOW
0007649,0.5789766805832112,batch_2000-2100.arrow,LOW
0007650,0.5215325794947919,batch_2000-2100.arrow,LOW
0007651,0.67086771219065,batch_2000-2100.arrow,HIGH
0007654,0.6202060111783494,batch_2000-2100.arrow,HIGH
0007655,0.08035929250358044,batch_2000-2100.arrow,LOW
0007656,0.6135664427942261,batch_2000-2100.arrow,HIGH
0007657,0.673251056155975,batch_2000-2100.arrow,HIGH
0007658,0.4760029422438605,batch_2000-2100.arrow,LOW
0007659,0.46302634247447233,batch_2000-2100.arrow,LOW
0007661,0.2745505051669821,batch_2000-2100.arrow,LOW
0007665,0.6000471968668933,batch_2000-2100.arrow,HIGH
0007666,0.5828976502915317,batch_2000-2100.arrow,LOW
0007669,0.5984676384841096,batch_2000-2100.arrow,LOW
0007670,0.4252620210691152,batch_2000-2100.arrow,LOW
0007671,0.628177459362845,batch_2000-2100.arrow,HIGH
0007672,0.5646140378190067,batch_2000-2100.arrow,LOW
0007674,0.686057336539831,batch_2000-2100.arrow,HIGH
0007675,0.7821895059035167,batch_2000-2100.arrow,HIGH
0007676,0.63390683315232,batch_2000-2100.arrow,HIGH
0007677,0.3562764300009778,batch_2000-2100.arrow,LOW
0007678,0.6410681830568311,batch_2000-2100.arrow,HIGH
0007679,0.44041835186778844,batch_2000-2100.arrow,LOW
0007681,0.6858073908798946,batch_2000-2100.arrow,HIGH
0007682,0.5314328167054151,batch_2000-2100.arrow,LOW
0007684,0.8148668220789897,batch_2000-2100.arrow,HIGH
0007685,0.6267656808333878,batch_2000-2100.arrow,HIGH
0007686,0.6438116003789277,batch_2000-2100.arrow,HIGH
0007687,0.6141717444960112,batch_2000-2100.arrow,HIGH
0007689,0.2552237924656467,batch_2000-2100.arrow,LOW
0007690,0.8153196779879698,batch_2000-2100.arrow,HIGH
0007691,0.7836606010286523,batch_2000-2100.arrow,HIGH
0007692,0.5204957029196127,batch_2000-2100.arrow,LOW
0007695,0.7806269671511646,batch_2000-2100.arrow,HIGH
0007697,0.7738161239103055,batch_2000-2100.arrow,HIGH
0007699,0.6403326926017788,batch_2000-2100.arrow,HIGH
0007701,0.5838635721895614,batch_2000-2100.arrow,LOW
0007702,0.7934150419730187,batch_2000-2100.arrow,HIGH
0007703,0.4238858563787071,batch_2000-2100.arrow,LOW
0007706,0.67406182640509,batch_2000-2100.arrow,HIGH
0007707,0.23651922656530322,batch_2000-2100.arrow,LOW
0007708,0.6349344811806613,batch_2000-2100.arrow,HIGH
0007710,0.700289731206747,batch_2000-2100.arrow,HIGH
0007711,0.8190682747697924,batch_2000-2100.arrow,HIGH
0007712,0.12554369747282323,batch_2000-2100.arrow,LOW
0007713,0.6423704743784812,batch_2000-2100.arrow,HIGH
0007717,0.7132627597210393,batch_2100-2200.arrow,HIGH
0007719,0.7941368296641969,batch_2100-2200.arrow,HIGH
0007720,0.33644601920606965,batch_2100-2200.arrow,LOW
0007721,0.4529047942171969,batch_2100-2200.arrow,LOW
0007722,0.6882364332096205,batch_2100-2200.arrow,HIGH
0007723,0.49402061034499867,batch_2100-2200.arrow,LOW
0007724,0.18233504112733465,batch_2100-2200.arrow,LOW
0007725,0.6262830195677475,batch_2100-2200.arrow,HIGH
0007726,0.6196602946514853,batch_2100-2200.arrow,HIGH
0007727,0.1805382368142022,batch_2100-2200.arrow,LOW
0007728,0.7980705236771679,batch_2100-2200.arrow,HIGH
0007729,0.12640837928337476,batch_2100-2200.arrow,LOW
0007730,0.6870433480988929,batch_2100-2200.arrow,HIGH
0007733,0.7907111564922461,batch_2100-2200.arrow,HIGH
0007736,0.4749857523215983,batch_2100-2200.arrow,LOW
0007738,0.4127021480412643,batch_2100-2200.arrow,LOW
0007739,0.741362833285519,batch_2100-2200.arrow,HIGH
0007740,0.13121655532891452,batch_2100-2200.arrow,LOW
0007742,0.6597266788929842,batch_2100-2200.arrow,HIGH
0007743,0.604087544297765,batch_2100-2200.arrow,HIGH
0007744,0.5262021875626007,batch_2100-2200.arrow,LOW
0007745,0.7150375156352228,batch_2100-2200.arrow,HIGH
0007747,0.6482403021542065,batch_2100-2200.arrow,HIGH
0007748,0.666007216687105,batch_2100-2200.arrow,HIGH
0007750,0.11590888799913986,batch_2100-2200.arrow,LOW
0007751,0.7174582063381791,batch_2100-2200.arrow,HIGH
0007752,0.7247726124852955,batch_2100-2200.arrow,HIGH
0007753,0.37420160818956355,batch_2100-2200.arrow,LOW
0007756,0.5865379528473447,batch_2100-2200.arrow,LOW
0007757,0.596755621238433,batch_2100-2200.arrow,LOW
0007758,0.7437957369768227,batch_2100-2200.arrow,HIGH
0007759,0.6469066086672379,batch_2100-2200.arrow,HIGH
0007760,0.7614332735503581,batch_2100-2200.arrow,HIGH
0007761,0.5454095677970988,batch_2100-2200.arrow,LOW
0007764,0.2831174294759322,batch_2100-2200.arrow,LOW
0007765,0.5196041241821258,batch_2100-2200.arrow,LOW
0007766,0.7957978701574878,batch_2100-2200.arrow,HIGH
0007768,0.4536272891569184,batch_2100-2200.arrow,LOW
0007769,0.6455297074715246,batch_2100-2200.arrow,HIGH
0007770,0.5288815024378951,batch_2100-2200.arrow,LOW
0007771,0.7115144357368317,batch_2100-2200.arrow,HIGH
0007772,0.36905527620691275,batch_2100-2200.arrow,LOW
0007773,0.7285107898843659,batch_2100-2200.arrow,HIGH
0007774,0.5478176330775406,batch_2100-2200.arrow,LOW
0007775,0.8183084763938567,batch_2100-2200.arrow,HIGH
0007777,0.6985947118927145,batch_2100-2200.arrow,HIGH
0007781,0.6531218642847937,batch_2100-2200.arrow,HIGH
0007783,0.6112708457661258,batch_2100-2200.arrow,HIGH
0007784,0.5675190293503253,batch_2100-2200.arrow,LOW
0007785,0.5414861499102894,batch_2100-2200.arrow,LOW
0007786,0.817462803321182,batch_2100-2200.arrow,HIGH
0007787,0.7729231482950079,batch_2100-2200.arrow,HIGH
0007788,0.20055348962434064,batch_2100-2200.arrow,LOW
0007789,0.7926348734390297,batch_2100-2200.arrow,HIGH
0007790,0.1026301157860977,batch_2100-2200.arrow,LOW
0007791,0.5955086016133597,batch_2100-2200.arrow,LOW
0007792,0.5775632303603188,batch_2100-2200.arrow,LOW
0007794,0.6875040094833039,batch_2100-2200.arrow,HIGH
0007795,0.6664645276542602,batch_2100-2200.arrow,HIGH
0007796,0.5645812842461486,batch_2100-2200.arrow,LOW
0007797,0.8240656615706969,batch_2100-2200.arrow,HIGH
0007798,0.15409187697632035,batch_2100-2200.arrow,LOW
0007799,0.6192906980532681,batch_2100-2200.arrow,HIGH
0007801,0.5722637741211075,batch_2100-2200.arrow,LOW
0007802,0.5709909759557587,batch_2100-2200.arrow,LOW
0007803,0.5894307084958131,batch_2100-2200.arrow,LOW
0007804,0.7482359653083067,batch_2100-2200.arrow,HIGH
0007805,0.7631064419081213,batch_2100-2200.arrow,HIGH
0007806,0.41194452881184146,batch_2100-2200.arrow,LOW
0007807,0.1343595058692055,batch_2100-2200.arrow,LOW
0007808,0.5560130183438189,batch_2100-2200.arrow,LOW
0007810,0.6770792215813776,batch_2100-2200.arrow,HIGH
0007811,0.6550675600598667,batch_2100-2200.arrow,HIGH
0007812,0.4697826902599114,batch_2100-2200.arrow,LOW
0007814,0.4575071165729859,batch_2100-2200.arrow,LOW
0007816,0.6513152400112171,batch_2100-2200.arrow,HIGH
0007817,0.6154259729364612,batch_2100-2200.arrow,HIGH
0007818,0.5121690049668844,batch_2100-2200.arrow,LOW
0007819,0.5553345197424145,batch_2100-2200.arrow,LOW
0007820,0.5404614151037688,batch_2100-2200.arrow,LOW
0007821,0.7709478497607253,batch_2100-2200.arrow,HIGH
0007823,0.7973685823406201,batch_2100-2200.arrow,HIGH
0007827,0.40206573645860727,batch_2100-2200.arrow,LOW
0007829,0.7329287075520575,batch_2100-2200.arrow,HIGH
0007833,0.6897243295070766,batch_2100-2200.arrow,HIGH
0007835,0.8158805931357263,batch_2100-2200.arrow,HIGH
0007837,0.2904328612846914,batch_2100-2200.arrow,LOW
0007838,0.53992056536826,batch_2100-2200.arrow,LOW
0007839,0.698726434754721,batch_2100-2200.arrow,HIGH
0007840,0.5107472768321407,batch_2100-2200.arrow,LOW
0007842,0.6662127903213033,batch_2100-2200.arrow,HIGH
0007843,0.46406410714481655,batch_2100-2200.arrow,LOW
0007844,0.6124748002396326,batch_2100-2200.arrow,HIGH
0007845,0.7982078976428602,batch_2100-2200.arrow,HIGH
0007847,0.776045204038645,batch_2100-2200.arrow,HIGH
0007849,0.7829598363766804,batch_2100-2200.arrow,HIGH
0007850,0.35200834531273967,batch_2100-2200.arrow,LOW
0007851,0.43122370687692824,batch_2100-2200.arrow,LOW
0008295,0.4758664498362761,batch_2500-2600.arrow,LOW
0008296,0.8024420939681125,batch_2500-2600.arrow,HIGH
0008297,0.7744433286164961,batch_2500-2600.arrow,HIGH
0008301,0.6688413232565802,batch_2500-2600.arrow,HIGH
0008302,-0.011937842073188301,batch_2500-2600.arrow,LOW
0008303,0.26949780380092864,batch_2500-2600.arrow,LOW
0008304,0.7802574272129891,batch_2500-2600.arrow,HIGH
0008308,0.8221380190034476,batch_2500-2600.arrow,HIGH
0008309,0.5288960275385522,batch_2500-2600.arrow,LOW
0008310,0.11901087225600478,batch_2500-2600.arrow,LOW
0008311,0.8428016033096486,batch_2500-2600.arrow,HIGH
0008312,0.6836612979330979,batch_2500-2600.arrow,HIGH
0008314,0.7734940092509177,batch_2500-2600.arrow,HIGH
0008316,0.4976431702195197,batch_2500-2600.arrow,LOW
0008318,0.7350104962884113,batch_2500-2600.arrow,HIGH
0008319,0.8072042024584557,batch_2500-2600.arrow,HIGH
0008320,0.6810232973749407,batch_2500-2600.arrow,HIGH
0008321,0.4306827561793754,batch_2500-2600.arrow,LOW
0008322,0.2707927261409599,batch_2500-2600.arrow,LOW
0008323,0.8021731224994273,batch_2500-2600.arrow,HIGH
0008324,0.5433906022738394,batch_2500-2600.arrow,LOW
0008325,0.7224713246763086,batch_2500-2600.arrow,HIGH
0008326,0.6844181489610377,batch_2500-2600.arrow,HIGH
0008328,0.16633355368367855,batch_2500-2600.arrow,LOW
0008329,0.7858404766399079,batch_2500-2600.arrow,HIGH
0008330,0.6202635901573913,batch_2500-2600.arrow,HIGH
0008331,0.771377254234383,batch_2500-2600.arrow,HIGH
0008332,0.5271022386784976,batch_2500-2600.arrow,LOW
0008333,0.6494807423689899,batch_2500-2600.arrow,HIGH
0008335,0.8089651053562431,batch_2500-2600.arrow,HIGH
0008336,0.7755305163821397,batch_2500-2600.arrow,HIGH
0008337,0.6186576772767581,batch_2500-2600.arrow,HIGH
0008340,0.30959844960942556,batch_2500-2600.arrow,LOW
0008341,0.7786439676195523,batch_2500-2600.arrow,HIGH
0008342,0.7398471301030108,batch_2500-2600.arrow,HIGH
0008344,0.4405578973802049,batch_2500-2600.arrow,LOW
0008346,0.5773659780873442,batch_2500-2600.arrow,LOW
0008347,0.7230759449102379,batch_2500-2600.arrow,HIGH
0008351,0.5572657890365967,batch_2500-2600.arrow,LOW
0008352,0.05810641314601909,batch_2500-2600.arrow,LOW
0008353,0.5758235015748082,batch_2500-2600.arrow,LOW
0008354,0.7504206583879992,batch_2500-2600.arrow,HIGH
0008356,0.16932581838009333,batch_2500-2600.arrow,LOW
0008358,0.2515024729179382,batch_2500-2600.arrow,LOW
0008359,0.1248041112036885,batch_2500-2600.arrow,LOW
0008360,0.5560539228607212,batch_2500-2600.arrow,LOW
0008361,0.7364523950207357,batch_2500-2600.arrow,HIGH
0008363,0.5676378484929069,batch_2500-2600.arrow,LOW
0008364,0.6379320154274793,batch_2500-2600.arrow,HIGH
0008365,0.5669623129398155,batch_2500-2600.arrow,LOW
0008368,0.10023952803040681,batch_2500-2600.arrow,LOW
0008369,0.38110176774571963,batch_2500-2600.arrow,LOW
0008370,0.5983410684683638,batch_2500-2600.arrow,LOW
0008371,0.69996826145772,batch_2500-2600.arrow,HIGH
0008372,0.4072643443578659,batch_2500-2600.arrow,LOW
0008373,0.4879280574934552,batch_2500-2600.arrow,LOW
0008374,0.6608471877354677,batch_2500-2600.arrow,HIGH
0008375,0.7418246811566717,batch_2500-2600.arrow,HIGH
0008376,0.25324927123049856,batch_2500-2600.arrow,LOW
0008377,0.5461668985291523,batch_2500-2600.arrow,LOW
0008381,0.7729278495615296,batch_2500-2600.arrow,HIGH
0008382,0.6828356910638234,batch_2500-2600.arrow,HIGH
0008383,0.7751717493490728,batch_2500-2600.arrow,HIGH
0008384,0.439332071346346,batch_2500-2600.arrow,LOW
0008386,0.7595123353317771,batch_2500-2600.arrow,HIGH
0008387,0.389713951953854,batch_2500-2600.arrow,LOW
0008390,0.4820195926059309,batch_2500-2600.arrow,LOW
0008391,0.08319581721964524,batch_2500-2600.arrow,LOW
0008392,0.6964347898108266,batch_2500-2600.arrow,HIGH
0008395,0.5086926769885268,batch_2500-2600.arrow,LOW
0008396,0.7052031992626588,batch_2500-2600.arrow,HIGH
0008398,0.7444881722565353,batch_2500-2600.arrow,HIGH
0008399,0.5407202068156143,batch_2500-2600.arrow,LOW
0008400,0.8030913261512999,batch_2500-2600.arrow,HIGH
0008401,0.726460099904839,batch_2500-2600.arrow,HIGH
0008402,0.41938914729336924,batch_2500-2600.arrow,LOW
0008405,0.3234910358216759,batch_2500-2600.arrow,LOW
0008406,0.6141827005882082,batch_2500-2600.arrow,HIGH
0008408,0.6085944514561601,batch_2500-2600.arrow,HIGH
0008409,0.6495066371622741,batch_2500-2600.arrow,HIGH
0008410,0.5352128216971692,batch_2500-2600.arrow,LOW
0008411,0.27071418806604247,batch_2500-2600.arrow,LOW
0008413,0.7357409766217646,batch_2500-2600.arrow,HIGH
0008414,0.7799773987643229,batch_2500-2600.arrow,HIGH
0008416,0.4571267811809006,batch_2500-2600.arrow,LOW
0008417,0.6862040508658235,batch_2500-2600.arrow,HIGH
0008419,0.5819412382370645,batch_2500-2600.arrow,LOW
0008420,0.07530943162123922,batch_2500-2600.arrow,LOW
0008422,0.26886638311808164,batch_2500-2600.arrow,LOW
0008425,0.2844933685447822,batch_2500-2600.arrow,LOW
0008426,0.642554884721859,batch_2500-2600.arrow,HIGH
0008427,0.6233289760934982,batch_2500-2600.arrow,HIGH
0008428,0.3101646384822759,batch_2500-2600.arrow,LOW
0008429,0.6281090139281816,batch_2500-2600.arrow,HIGH
0008431,0.7931556636927266,batch_2500-2600.arrow,HIGH
0008432,0.27964801642894316,batch_2500-2600.arrow,LOW
0008433,0.6742318201553977,batch_2600-2700.arrow,HIGH
0008435,0.7943617298082386,batch_2600-2700.arrow,HIGH
0008436,0.6169758137988067,batch_2600-2700.arrow,HIGH
0008439,0.24236239761074022,batch_2600-2700.arrow,LOW
0008440,0.5330446081924025,batch_2600-2700.arrow,LOW
0008441,0.6286494314145096,batch_2600-2700.arrow,HIGH
0008442,0.33502955180657246,batch_2600-2700.arrow,LOW
0008445,0.837545857508819,batch_2600-2700.arrow,HIGH
0008446,0.5878919389629288,batch_2600-2700.arrow,LOW
0008447,0.7447396733615799,batch_2600-2700.arrow,HIGH
0008450,0.7664671449507424,batch_2600-2700.arrow,HIGH
0008456,0.7283534430355352,batch_2600-2700.arrow,HIGH
0008457,0.5612239416412953,batch_2600-2700.arrow,LOW
0008458,0.4202639258833883,batch_2600-2700.arrow,LOW
0008459,0.5839311801982254,batch_2600-2700.arrow,LOW
0008460,0.4344727083920363,batch_2600-2700.arrow,LOW
0008462,0.4250889537571232,batch_2600-2700.arrow,LOW
0008463,0.36006878757431476,batch_2600-2700.arrow,LOW
0008464,0.4042739036527332,batch_2600-2700.arrow,LOW
0008465,0.5506177947598189,batch_2600-2700.arrow,LOW
0008466,0.6009739587424424,batch_2600-2700.arrow,HIGH
0008468,0.7523050595620516,batch_2600-2700.arrow,HIGH
0008469,0.739445190163797,batch_2600-2700.arrow,HIGH
0008470,0.4404147416453757,batch_2600-2700.arrow,LOW
0008471,0.49123664696841346,batch_2600-2700.arrow,LOW
0008472,0.429113570311775,batch_2600-2700.arrow,LOW
0008474,0.06740099023936906,batch_2600-2700.arrow,LOW
0008475,0.6896720767107009,batch_2600-2700.arrow,HIGH
0008476,0.35753349055337375,batch_2600-2700.arrow,LOW
0008477,0.6994326489256588,batch_2600-2700.arrow,HIGH
0008478,0.7648672132412089,batch_2600-2700.arrow,HIGH
0008479,0.03497838362383427,batch_2600-2700.arrow,LOW
0008480,0.2570560045101987,batch_2600-2700.arrow,LOW
0008483,0.7302172928407741,batch_2600-2700.arrow,HIGH
0008485,0.089469738128984,batch_2600-2700.arrow,LOW
0008488,0.6567353738108147,batch_2600-2700.arrow,HIGH
0008489,0.510966910539507,batch_2600-2700.arrow,LOW
0008490,0.2819215434927564,batch_2600-2700.arrow,LOW
0008491,0.6234446403570383,batch_2600-2700.arrow,HIGH
0008492,0.09629534799453411,batch_2600-2700.arrow,LOW
0008493,0.5491686361841007,batch_2600-2700.arrow,LOW
0008494,0.3031943002249868,batch_2600-2700.arrow,LOW
0008495,0.782288732518153,batch_2600-2700.arrow,HIGH
0008497,0.36173589673027395,batch_2600-2700.arrow,LOW
0008498,0.3351059787669682,batch_2600-2700.arrow,LOW
0008499,0.4577360998752722,batch_2600-2700.arrow,LOW
0008500,0.4371230125282253,batch_2600-2700.arrow,LOW
0008501,0.38661833634816994,batch_2600-2700.arrow,LOW
0008502,0.3272089456757386,batch_2600-2700.arrow,LOW
0008505,0.5257539751181275,batch_2600-2700.arrow,LOW
0008506,0.7023367665098416,batch_2600-2700.arrow,HIGH
0008508,0.6066501073430878,batch_2600-2700.arrow,HIGH
0008510,0.5219227827264725,batch_2600-2700.arrow,LOW
0008511,0.7390049961625037,batch_2600-2700.arrow,HIGH
0008512,0.7965481842651414,batch_2600-2700.arrow,HIGH
0008513,0.7474135550310939,batch_2600-2700.arrow,HIGH
0008514,0.585117503688599,batch_2600-2700.arrow,LOW
0008515,0.38312799931132174,batch_2600-2700.arrow,LOW
0008516,0.30364869989978066,batch_2600-2700.arrow,LOW
0008517,0.5267052385320611,batch_2600-2700.arrow,LOW
0008518,0.6919943770368614,batch_2600-2700.arrow,HIGH
0008519,0.5894269999764731,batch_2600-2700.arrow,LOW
0008520,0.5915618245275355,batch_2600-2700.arrow,LOW
0008521,0.6400882308715706,batch_2600-2700.arrow,HIGH
0008522,0.6553196137116102,batch_2600-2700.arrow,HIGH
0008523,0.6683282447306946,batch_2600-2700.arrow,HIGH
0008524,0.7514360046016364,batch_2600-2700.arrow,HIGH
0008525,0.7399605056835142,batch_2600-2700.arrow,HIGH
0008527,0.3294944662596552,batch_2600-2700.arrow,LOW
0008528,0.8196525980742854,batch_2600-2700.arrow,HIGH
0008531,0.6976399905103353,batch_2600-2700.arrow,HIGH
0008532,0.7382507031709991,batch_2600-2700.arrow,HIGH
0008533,0.42462555416496034,batch_2600-2700.arrow,LOW
0008534,0.6380923687835917,batch_2600-2700.arrow,HIGH
0008535,0.812426828604354,batch_2600-2700.arrow,HIGH
0008536,0.7558501511852876,batch_2600-2700.arrow,HIGH
0008537,0.5080525986535299,batch_2600-2700.arrow,LOW
0008538,0.7873399506481209,batch_2600-2700.arrow,HIGH
0008539,0.7176731237399444,batch_2600-2700.arrow,HIGH
0008540,0.4340778237309973,batch_2600-2700.arrow,LOW
0008542,0.7633702356021072,batch_2600-2700.arrow,HIGH
0008546,0.713768793517906,batch_2600-2700.arrow,HIGH
0008548,0.6118091447380442,batch_2600-2700.arrow,HIGH
0008549,0.5262620237384776,batch_2600-2700.arrow,LOW
0008550,0.6424090464324927,batch_2600-2700.arrow,HIGH
0008551,0.6978553439170031,batch_2600-2700.arrow,HIGH
0008552,0.6139649195617701,batch_2600-2700.arrow,HIGH
0008553,0.8535728458161748,batch_2600-2700.arrow,HIGH
0008555,0.5180864976135442,batch_2600-2700.arrow,LOW
0008556,0.6205430217611944,batch_2600-2700.arrow,HIGH
0008557,0.5676663240102383,batch_2600-2700.arrow,LOW
0008558,0.5792651372151567,batch_2600-2700.arrow,LOW
0008560,0.45538726449183026,batch_2600-2700.arrow,LOW
0008562,0.09780283223272741,batch_2600-2700.arrow,LOW
0008563,0.5981655711852679,batch_2600-2700.arrow,LOW
0008564,0.44727576432790245,batch_2600-2700.arrow,LOW
0008565,0.7481764991468528,batch_2600-2700.arrow,HIGH
0008566,0.7090387465912498,batch_2600-2700.arrow,HIGH
0008567,0.5426557404571482,batch_2700-2800.arrow,LOW
0008568,0.5820510962402184,batch_2700-2800.arrow,LOW
0008569,0.31423182990834925,batch_2700-2800.arrow,LOW
0008571,0.7995160433555656,batch_2700-2800.arrow,HIGH
0008572,0.47802097923547854,batch_2700-2800.arrow,LOW
0008573,0.6893747771394089,batch_2700-2800.arrow,HIGH
0008574,0.3497444968413077,batch_2700-2800.arrow,LOW
0008575,0.6040447241551067,batch_2700-2800.arrow,HIGH
0008576,0.7505367677820117,batch_2700-2800.arrow,HIGH
0008577,0.5116137308385339,batch_2700-2800.arrow,LOW
0008580,0.6768082154662663,batch_2700-2800.arrow,HIGH
0008581,0.577578169755571,batch_2700-2800.arrow,LOW
0008582,0.6002484990859451,batch_2700-2800.arrow,HIGH
0008584,0.6915400134729451,batch_2700-2800.arrow,HIGH
0008585,0.6594482598569001,batch_2700-2800.arrow,HIGH
0008587,0.7442638620761407,batch_2700-2800.arrow,HIGH
0008589,0.2997271701315017,batch_2700-2800.arrow,LOW
0008591,0.49313206471654575,batch_2700-2800.arrow,LOW
0008592,0.5001307206455502,batch_2700-2800.arrow,LOW
0008594,0.7842711494068922,batch_2700-2800.arrow,HIGH
0008595,0.37540786716821256,batch_2700-2800.arrow,LOW
0008598,0.5361025749405742,batch_2700-2800.arrow,LOW
0008599,0.7364789278443548,batch_2700-2800.arrow,HIGH
0008601,0.5480267357067589,batch_2700-2800.arrow,LOW
0008602,0.6226930301284025,batch_2700-2800.arrow,HIGH
0008603,0.7152216026470241,batch_2700-2800.arrow,HIGH
0008604,0.7169866235811647,batch_2700-2800.arrow,HIGH
0008607,0.26156924187439345,batch_2700-2800.arrow,LOW
0008608,0.28563353663359853,batch_2700-2800.arrow,LOW
0008609,0.5906156769231776,batch_2700-2800.arrow,LOW
0008610,0.5758662983485202,batch_2700-2800.arrow,LOW
0008611,0.140933875383541,batch_2700-2800.arrow,LOW
0008612,0.5903187327109206,batch_2700-2800.arrow,LOW
0008613,0.7120622156894224,batch_2700-2800.arrow,HIGH
0008614,0.22717656862879956,batch_2700-2800.arrow,LOW
0008615,0.6551290232059409,batch_2700-2800.arrow,HIGH
0008616,0.3289838922802924,batch_2700-2800.arrow,LOW
0008617,0.7844336891753013,batch_2700-2800.arrow,HIGH
0008619,0.6849432554672953,batch_2700-2800.arrow,HIGH
0008621,0.7566069546858619,batch_2700-2800.arrow,HIGH
0008622,0.5443512143755144,batch_2700-2800.arrow,LOW
0008624,0.7516354107476513,batch_2700-2800.arrow,HIGH
0008626,0.3006215990159555,batch_2700-2800.arrow,LOW
0008627,0.7205274032904229,batch_2700-2800.arrow,HIGH
0008629,0.7056298578022737,batch_2700-2800.arrow,HIGH
0008630,0.7159201820822051,batch_2700-2800.arrow,HIGH
0008632,0.6743678329643464,batch_2700-2800.arrow,HIGH
0008633,0.5347627954714834,batch_2700-2800.arrow,LOW
0008635,0.7282915368319337,batch_2700-2800.arrow,HIGH
0008636,0.6956726994484413,batch_2700-2800.arrow,HIGH
0008637,0.3937381047617839,batch_2700-2800.arrow,LOW
0008638,0.6996852100590866,batch_2700-2800.arrow,HIGH
0008639,0.49599976371328935,batch_2700-2800.arrow,LOW
0008640,0.8151581258155396,batch_2700-2800.arrow,HIGH
0008641,0.7182776527402844,batch_2700-2800.arrow,HIGH
0008642,0.7809992223168299,batch_2700-2800.arrow,HIGH
0008644,0.8243624242058639,batch_2700-2800.arrow,HIGH
0008645,0.7746876455134485,batch_2700-2800.arrow,HIGH
0008646,0.11946415233862462,batch_2700-2800.arrow,LOW
0008647,0.33677026391083215,batch_2700-2800.arrow,LOW
0008649,0.361683687488029,batch_2700-2800.arrow,LOW
0008650,0.8096203735206795,batch_2700-2800.arrow,HIGH
0008651,0.38436010448409874,batch_2700-2800.arrow,LOW
0008654,0.7356457644759714,batch_2700-2800.arrow,HIGH
0008655,0.8606468144573807,batch_2700-2800.arrow,HIGH
0008658,0.5313090177369976,batch_2700-2800.arrow,LOW
0008659,0.7458874841450678,batch_2700-2800.arrow,HIGH
0008660,0.7526071538405628,batch_2700-2800.arrow,HIGH
0008662,0.7793073834415346,batch_2700-2800.arrow,HIGH
0008663,0.1678595009617849,batch_2700-2800.arrow,LOW
0008664,0.35617647374588773,batch_2700-2800.arrow,LOW
0008665,0.6152167111002814,batch_2700-2800.arrow,HIGH
0008666,0.28854524759246364,batch_2700-2800.arrow,LOW
0008668,0.6211489549248931,batch_2700-2800.arrow,HIGH
0008670,0.5798602896604604,batch_2700-2800.arrow,LOW
0008671,0.41273565939132767,batch_2700-2800.arrow,LOW
0008672,0.7778183561324968,batch_2700-2800.arrow,HIGH
0008673,0.44163666212669367,batch_2700-2800.arrow,LOW
0008674,0.6546163582342035,batch_2700-2800.arrow,HIGH
0008675,0.4275193001331818,batch_2700-2800.arrow,LOW
0008676,0.7093986332233984,batch_2700-2800.arrow,HIGH
0008677,0.5522100006793497,batch_2700-2800.arrow,LOW
0008678,0.6128771703233725,batch_2700-2800.arrow,HIGH
0008679,0.46482777049307433,batch_2700-2800.arrow,LOW
0008680,0.7732696687131285,batch_2700-2800.arrow,HIGH
0008681,0.6976284949198467,batch_2700-2800.arrow,HIGH
0008682,0.17418591071325798,batch_2700-2800.arrow,LOW
0008683,0.4931993414487897,batch_2700-2800.arrow,LOW
0008684,0.6043198198151433,batch_2700-2800.arrow,HIGH
0008685,0.2508824512775109,batch_2700-2800.arrow,LOW
0008686,0.8049020130315422,batch_2700-2800.arrow,HIGH
0008691,0.3140473890216722,batch_2700-2800.arrow,LOW
0008692,0.6353749449882395,batch_2700-2800.arrow,HIGH
0008693,0.2478510227690384,batch_2700-2800.arrow,LOW
0008694,0.7942321014090442,batch_2700-2800.arrow,HIGH
0008696,0.6381414130818962,batch_2700-2800.arrow,HIGH
0008697,0.1667072739650315,batch_2700-2800.arrow,LOW
0008698,0.3030605708144936,batch_2800-2900.arrow,LOW
0008699,0.726471964637312,batch_2800-2900.arrow,HIGH
0008700,0.49561216286180354,batch_2800-2900.arrow,LOW
0008701,0.2999361231593858,batch_2800-2900.arrow,LOW
0008702,0.6924143698603101,batch_2800-2900.arrow,HIGH
0008703,0.6634133621046078,batch_2800-2900.arrow,HIGH
0008704,0.8241204787919214,batch_2800-2900.arrow,HIGH
0008705,0.7527950894051992,batch_2800-2900.arrow,HIGH
0008706,0.25758996991919564,batch_2800-2900.arrow,LOW
0008707,0.7682126796565235,batch_2800-2900.arrow,HIGH
0008708,0.7551915111746809,batch_2800-2900.arrow,HIGH
0008709,0.697895407150304,batch_2800-2900.arrow,HIGH
0008710,0.3740929207188901,batch_2800-2900.arrow,LOW
0008711,0.8180626711182358,batch_2800-2900.arrow,HIGH
0008712,0.6512802734903064,batch_2800-2900.arrow,HIGH
0008713,0.64193761511653,batch_2800-2900.arrow,HIGH
0008714,0.7460451929160236,batch_2800-2900.arrow,HIGH
0008716,0.7708290141009311,batch_2800-2900.arrow,HIGH
0008717,0.4348250521779207,batch_2800-2900.arrow,LOW
0008719,0.3779108146352135,batch_2800-2900.arrow,LOW
0008720,0.5755210188291415,batch_2800-2900.arrow,LOW
0008723,-0.026234989526863484,batch_2800-2900.arrow,LOW
0008725,0.6032788940216772,batch_2800-2900.arrow,HIGH
0008726,0.12562367837683808,batch_2800-2900.arrow,LOW
0008727,0.5111722498456915,batch_2800-2900.arrow,LOW
0008729,0.6008352655218133,batch_2800-2900.arrow,HIGH
0008730,0.6482807196105985,batch_2800-2900.arrow,HIGH
0008731,0.6633567907652225,batch_2800-2900.arrow,HIGH
0008732,0.04634385024946188,batch_2800-2900.arrow,LOW
0008733,0.3488614384740661,batch_2800-2900.arrow,LOW
0008734,0.769664761306737,batch_2800-2900.arrow,HIGH
0008735,0.72484436966315,batch_2800-2900.arrow,HIGH
0008736,0.5766664597400238,batch_2800-2900.arrow,LOW
0008737,0.5854085678165016,batch_2800-2900.arrow,LOW
0008738,0.6883395767600463,batch_2800-2900.arrow,HIGH
0008741,0.4507786258620569,batch_2800-2900.arrow,LOW
0008742,0.7823436249374821,batch_2800-2900.arrow,HIGH
0008743,0.1625682632581643,batch_2800-2900.arrow,LOW
0008745,0.7414763733178278,batch_2800-2900.arrow,HIGH
0008747,0.6445940511371576,batch_2800-2900.arrow,HIGH
0008748,0.6579973702826903,batch_2800-2900.arrow,HIGH
0008749,0.4261799957732564,batch_2800-2900.arrow,LOW
0008750,0.7297265382998953,batch_2800-2900.arrow,HIGH
0008751,0.5643570336942024,batch_2800-2900.arrow,LOW
0008752,0.6525203635077451,batch_2800-2900.arrow,HIGH
0008753,0.5891872464140069,batch_2800-2900.arrow,LOW
0008754,0.4726028450793933,batch_2800-2900.arrow,LOW
0008755,0.44948036854025325,batch_2800-2900.arrow,LOW
0008756,0.5139378162480739,batch_2800-2900.arrow,LOW
0008757,0.6913704286433336,batch_2800-2900.arrow,HIGH
0008758,0.7601759174455801,batch_2800-2900.arrow,HIGH
0008759,0.4618056230880385,batch_2800-2900.arrow,LOW
0008760,0.5197468460051882,batch_2800-2900.arrow,LOW
0008761,0.23103236077461764,batch_2800-2900.arrow,LOW
0008762,0.7660743614001713,batch_2800-2900.arrow,HIGH
0008763,0.610786312073794,batch_2800-2900.arrow,HIGH
0008764,0.4543289449566057,batch_2800-2900.arrow,LOW
0008766,0.7541393297050414,batch_2800-2900.arrow,HIGH
0008768,0.6785410648837747,batch_2800-2900.arrow,HIGH
0008769,0.4617224410373581,batch_2800-2900.arrow,LOW
0008771,0.716130142252862,batch_2800-2900.arrow,HIGH
0008772,0.7258807778558639,batch_2800-2900.arrow,HIGH
0008773,0.7066733512110082,batch_2800-2900.arrow,HIGH
0008774,0.8032420920389467,batch_2800-2900.arrow,HIGH
0008775,0.2756425133604476,batch_2800-2900.arrow,LOW
0008776,0.7642852486423832,batch_2800-2900.arrow,HIGH
0008780,0.3000605813159077,batch_2800-2900.arrow,LOW
0008781,0.7251402188425383,batch_2800-2900.arrow,HIGH
0008782,0.6579477764623456,batch_2800-2900.arrow,HIGH
0008784,0.315606715919279,batch_2800-2900.arrow,LOW
0008785,0.6335754662596923,batch_2800-2900.arrow,HIGH
0008788,0.5484993442051728,batch_2800-2900.arrow,LOW
0008789,0.6701033068556662,batch_2800-2900.arrow,HIGH
0008792,0.7749151324808397,batch_2800-2900.arrow,HIGH
0008793,0.022549240128721375,batch_2800-2900.arrow,LOW
0008794,0.4897993715218638,batch_2800-2900.arrow,LOW
0008795,0.7446420268893467,batch_2800-2900.arrow,HIGH
0008796,0.7138145961031143,batch_2800-2900.arrow,HIGH
0008797,0.690074552736923,batch_2800-2900.arrow,HIGH
0008798,0.5306300510526112,batch_2800-2900.arrow,LOW
0008799,0.6372266940575392,batch_2800-2900.arrow,HIGH
0008800,0.6774561067698613,batch_2800-2900.arrow,HIGH
0008801,0.4860245610834295,batch_2800-2900.arrow,LOW
0008802,0.44590718766978993,batch_2800-2900.arrow,LOW
0008807,0.45375641316888277,batch_2800-2900.arrow,LOW
0008808,0.6157041686356005,batch_2800-2900.arrow,HIGH
0008810,0.8177650406637462,batch_2800-2900.arrow,HIGH
0008811,0.6634682886652324,batch_2800-2900.arrow,HIGH
0008812,0.4033922664013012,batch_2800-2900.arrow,LOW
0008813,0.6749239809369695,batch_2800-2900.arrow,HIGH
0008814,0.676055447602256,batch_2800-2900.arrow,HIGH
0008815,0.7309353238850366,batch_2800-2900.arrow,HIGH
0008816,0.5253933074136959,batch_2800-2900.arrow,LOW
0008817,0.3257349746331474,batch_2800-2900.arrow,LOW
0008818,0.6842666617357391,batch_2800-2900.arrow,HIGH
0008820,0.5835381701658947,batch_2800-2900.arrow,LOW
0008821,0.7639503454329252,batch_2800-2900.arrow,HIGH
0008822,0.3926579109561394,batch_2800-2900.arrow,LOW
0008823,0.5553954474453735,batch_2800-2900.arrow,LOW
0005278,0.532571534363978,batch_300-400.arrow,LOW
0005279,0.3841558821552205,batch_300-400.arrow,LOW
0005280,0.7524863929698208,batch_300-400.arrow,HIGH
0005281,0.38678635058802774,batch_300-400.arrow,LOW
0005282,0.47490098913575046,batch_300-400.arrow,LOW
0005283,0.36842525699726086,batch_300-400.arrow,LOW
0005284,0.7107972793742516,batch_300-400.arrow,HIGH
0005285,0.21501948589172315,batch_300-400.arrow,LOW
0005286,0.01587493342795631,batch_300-400.arrow,LOW
0005287,0.6253130809037589,batch_300-400.arrow,HIGH
0005288,0.7905869806489337,batch_300-400.arrow,HIGH
0005289,0.7281457410454554,batch_300-400.arrow,HIGH
0005290,0.5025908686033216,batch_300-400.arrow,LOW
0005291,0.29292216282184674,batch_300-400.arrow,LOW
0005292,0.6750120385053399,batch_300-400.arrow,HIGH
0005293,0.6917622212760949,batch_300-400.arrow,HIGH
0005294,0.6935933441336495,batch_300-400.arrow,HIGH
0005295,0.7624815146621181,batch_300-400.arrow,HIGH
0005297,0.7148655543738928,batch_300-400.arrow,HIGH
0005299,0.400891635359305,batch_300-400.arrow,LOW
0005300,0.616925363267674,batch_300-400.arrow,HIGH
0005301,0.5732549825476686,batch_300-400.arrow,LOW
0005302,0.6336909696636871,batch_300-400.arrow,HIGH
0005305,0.6506256162229733,batch_300-400.arrow,HIGH
0005306,0.7365766400560672,batch_300-400.arrow,HIGH
0005307,0.6558158169188287,batch_300-400.arrow,HIGH
0005308,0.7228587555596585,batch_300-400.arrow,HIGH
0005309,0.363363142116543,batch_300-400.arrow,LOW
0005310,0.5083378013645555,batch_300-400.arrow,LOW
0005311,0.7086883204932247,batch_300-400.arrow,HIGH
0005314,0.5411590126940405,batch_300-400.arrow,LOW
0005316,0.6939375918217733,batch_300-400.arrow,HIGH
0005317,0.2160631377311283,batch_300-400.arrow,LOW
0005318,0.7557371048968177,batch_300-400.arrow,HIGH
0005319,0.5821724358922779,batch_300-400.arrow,LOW
0005321,0.6775105019118789,batch_300-400.arrow,HIGH
0005322,0.6936872903134909,batch_300-400.arrow,HIGH
0005323,0.7857052890103494,batch_300-400.arrow,HIGH
0005324,0.08414454272837897,batch_300-400.arrow,LOW
0005325,0.7890676292847244,batch_300-400.arrow,HIGH
0005328,0.6105116037971178,batch_300-400.arrow,HIGH
0005329,0.6786285387375379,batch_300-400.arrow,HIGH
0005330,0.5871260715941972,batch_300-400.arrow,LOW
0005331,0.6348426914031892,batch_300-400.arrow,HIGH
0005333,0.7717606893823578,batch_300-400.arrow,HIGH
0005334,0.41392441289632936,batch_300-400.arrow,LOW
0005336,0.7408713632237885,batch_300-400.arrow,HIGH
0005337,0.3236115313135259,batch_300-400.arrow,LOW
0005339,0.593910185956597,batch_300-400.arrow,LOW
0005340,0.8300083563318571,batch_300-400.arrow,HIGH
0005342,0.5761946469867579,batch_300-400.arrow,LOW
0005343,0.7671634723700831,batch_300-400.arrow,HIGH
0005344,0.8158680101992063,batch_300-400.arrow,HIGH
0005345,0.6355004874465873,batch_300-400.arrow,HIGH
0005346,0.5984895072870282,batch_300-400.arrow,LOW
0005347,0.545172993177745,batch_300-400.arrow,LOW
0005352,0.1693919208212786,batch_300-400.arrow,LOW
0005353,0.7242405273713208,batch_300-400.arrow,HIGH
0005354,0.7129376692547629,batch_300-400.arrow,HIGH
0005355,0.7981711535599875,batch_300-400.arrow,HIGH
0005356,-0.011460025587582657,batch_300-400.arrow,LOW
0005357,0.488339210667137,batch_300-400.arrow,LOW
0005359,0.6236780708752687,batch_300-400.arrow,HIGH
0005360,0.58785319101623,batch_300-400.arrow,LOW
0005361,0.607829370406157,batch_300-400.arrow,HIGH
0005362,0.8150970833650569,batch_300-400.arrow,HIGH
0005363,0.5259820332918178,batch_300-400.arrow,LOW
0005364,0.5501263915394364,batch_300-400.arrow,LOW
0005366,0.7573173697515191,batch_300-400.arrow,HIGH
0005368,0.42061655162420913,batch_300-400.arrow,LOW
0005369,0.47543968779395,batch_300-400.arrow,LOW
0005373,0.7791929866810117,batch_300-400.arrow,HIGH
0005374,0.5933689761966375,batch_300-400.arrow,LOW
0005376,0.7252702874039197,batch_300-400.arrow,HIGH
0005378,0.5573772334813428,batch_300-400.arrow,LOW
0005379,0.751789450286689,batch_300-400.arrow,HIGH
0005380,0.750799703809148,batch_300-400.arrow,HIGH
0005381,0.7248704255953967,batch_300-400.arrow,HIGH
0005382,-0.019431682721124315,batch_300-400.arrow,LOW
0005383,0.10189826511927835,batch_300-400.arrow,LOW
0005384,0.6513185117026562,batch_300-400.arrow,HIGH
0005385,0.5039131795912564,batch_300-400.arrow,LOW
0005386,0.39408987497718745,batch_300-400.arrow,LOW
0005387,0.6168776861068496,batch_300-400.arrow,HIGH
0005390,0.8258487713517546,batch_300-400.arrow,HIGH
0005391,0.44372099668785253,batch_300-400.arrow,LOW
0005392,0.6378564030975993,batch_300-400.arrow,HIGH
0005393,0.004824326239154049,batch_300-400.arrow,LOW
0005395,0.1817346352530055,batch_300-400.arrow,LOW
0005396,0.6227097484731602,batch_300-400.arrow,HIGH
0005397,0.7356908201221555,batch_300-400.arrow,HIGH
0005399,0.7566999489058875,batch_300-400.arrow,HIGH
0005401,0.7816899541310685,batch_300-400.arrow,HIGH
0005402,0.8343600016238887,batch_300-400.arrow,HIGH
0005403,0.8141980773474926,batch_300-400.arrow,HIGH
0005404,0.6638487527071123,batch_300-400.arrow,HIGH
0005406,0.25735914857116593,batch_300-400.arrow,LOW
0005407,0.44882230624295333,batch_300-400.arrow,LOW
0005409,0.7091381355176684,batch_300-400.arrow,HIGH
0008953,0.6323038119421995,batch_3000-3100.arrow,HIGH
0008954,0.6687007840326958,batch_3000-3100.arrow,HIGH
0008955,0.41858283326982865,batch_3000-3100.arrow,LOW
0008956,0.7603892526263217,batch_3000-3100.arrow,HIGH
0008957,0.7870784892037914,batch_3000-3100.arrow,HIGH
0008960,0.4498791058013502,batch_3000-3100.arrow,LOW
0008961,0.5438015372840564,batch_3000-3100.arrow,LOW
0008962,0.6376028252487392,batch_3000-3100.arrow,HIGH
0008964,0.686990348786146,batch_3000-3100.arrow,HIGH
0008965,0.3303945310201116,batch_3000-3100.arrow,LOW
0008966,0.7538759547735525,batch_3000-3100.arrow,HIGH
0008967,0.5880873445659662,batch_3000-3100.arrow,LOW
0008969,0.6155794798822574,batch_3000-3100.arrow,HIGH
0008970,0.825443532845195,batch_3000-3100.arrow,HIGH
0008971,0.5515925751662799,batch_3000-3100.arrow,LOW
0008972,0.6028843270604998,batch_3000-3100.arrow,HIGH
0008973,0.5478373492908114,batch_3000-3100.arrow,LOW
0008974,0.7771372846205185,batch_3000-3100.arrow,HIGH
0008975,0.6310025953302616,batch_3000-3100.arrow,HIGH
0008976,0.5752119897800267,batch_3000-3100.arrow,LOW
0008977,0.6241662624708567,batch_3000-3100.arrow,HIGH
0008978,0.4974570523697557,batch_3000-3100.arrow,LOW
0008979,0.6917852538097659,batch_3000-3100.arrow,HIGH
0008980,0.7959825162748695,batch_3000-3100.arrow,HIGH
0008981,0.7498246871463591,batch_3000-3100.arrow,HIGH
0008982,0.5832363178888386,batch_3000-3100.arrow,LOW
0008983,0.6408378677506233,batch_3000-3100.arrow,HIGH
0008985,0.7795235528662404,batch_3000-3100.arrow,HIGH
0008986,0.2996702872138674,batch_3000-3100.arrow,LOW
0008987,0.7127136905424502,batch_3000-3100.arrow,HIGH
0008988,0.3901595280496734,batch_3000-3100.arrow,LOW
0008989,0.36834521513950597,batch_3000-3100.arrow,LOW
0008990,0.24719773333327777,batch_3000-3100.arrow,LOW
0008991,0.5212730719648058,batch_3000-3100.arrow,LOW
0008993,0.4165982580713179,batch_3000-3100.arrow,LOW
0008994,0.6477273565112768,batch_3000-3100.arrow,HIGH
0008995,0.7222865211950796,batch_3000-3100.arrow,HIGH
0008997,0.29185587091519843,batch_3000-3100.arrow,LOW
0008998,0.28753892798697084,batch_3000-3100.arrow,LOW
0009000,0.5071806714544705,batch_3000-3100.arrow,LOW
0009001,0.09733526641401018,batch_3000-3100.arrow,LOW
0009002,0.7015362671103382,batch_3000-3100.arrow,HIGH
0009004,0.7902269067034534,batch_3000-3100.arrow,HIGH
0009005,0.4837418200455276,batch_3000-3100.arrow,LOW
0009008,0.8038504927271544,batch_3000-3100.arrow,HIGH
0009009,0.7706720696041701,batch_3000-3100.arrow,HIGH
0009010,0.4350193237878435,batch_3000-3100.arrow,LOW
0009011,0.5499900667214784,batch_3000-3100.arrow,LOW
0009012,0.7919908550683319,batch_3000-3100.arrow,HIGH
0009013,0.7736081788626654,batch_3000-3100.arrow,HIGH
0009014,0.5317935923466139,batch_3000-3100.arrow,LOW
0009016,0.8048610301661722,batch_3000-3100.arrow,HIGH
0009018,0.6333073204030493,batch_3000-3100.arrow,HIGH
0009019,0.7286718040468415,batch_3000-3100.arrow,HIGH
0009020,0.6832220187840807,batch_3000-3100.arrow,HIGH
0009021,0.5335538044306064,batch_3000-3100.arrow,LOW
0009022,0.19446307742043867,batch_3000-3100.arrow,LOW
0009023,0.7234503348315492,batch_3000-3100.arrow,HIGH
0009024,0.5315306048000582,batch_3000-3100.arrow,LOW
0009025,0.6894950821725224,batch_3000-3100.arrow,HIGH
0009026,0.3344750688034735,batch_3000-3100.arrow,LOW
0009027,0.711774702792126,batch_3000-3100.arrow,HIGH
0009028,0.8222910245101774,batch_3000-3100.arrow,HIGH
0009029,0.8309736719599207,batch_3000-3100.arrow,HIGH
0009030,0.5662626723958145,batch_3000-3100.arrow,LOW
0009031,0.6804335143415168,batch_3000-3100.arrow,HIGH
0009032,0.547194549638737,batch_3000-3100.arrow,LOW
0009034,0.600111546579873,batch_3000-3100.arrow,HIGH
0009036,0.3541587880619474,batch_3000-3100.arrow,LOW
0009038,0.6806881633670178,batch_3000-3100.arrow,HIGH
0009039,0.5158171663461584,batch_3000-3100.arrow,LOW
0009040,0.2677439801637738,batch_3000-3100.arrow,LOW
0009042,0.6452367713254741,batch_3000-3100.arrow,HIGH
0009043,0.6989587750174494,batch_3000-3100.arrow,HIGH
0009044,0.6517643760049119,batch_3000-3100.arrow,HIGH
0009045,0.7038381996646255,batch_3000-3100.arrow,HIGH
0009046,0.6329056468325984,batch_3000-3100.arrow,HIGH
0009047,0.6933629189420132,batch_3000-3100.arrow,HIGH
0009048,0.6756598552350549,batch_3000-3100.arrow,HIGH
0009050,0.583365463118951,batch_3000-3100.arrow,LOW
0009051,0.5118943282050327,batch_3000-3100.arrow,LOW
0009052,0.5199875768369548,batch_3000-3100.arrow,LOW
0009053,0.10527105000765664,batch_3000-3100.arrow,LOW
0009054,0.7115341280461379,batch_3000-3100.arrow,HIGH
0009056,0.7638844980952736,batch_3000-3100.arrow,HIGH
0009057,0.16204698176466126,batch_3000-3100.arrow,LOW
0009058,0.7367448666655014,batch_3000-3100.arrow,HIGH
0009060,0.7740607148290707,batch_3000-3100.arrow,HIGH
0009062,0.6789406551425619,batch_3000-3100.arrow,HIGH
0009063,0.7198548386293951,batch_3000-3100.arrow,HIGH
0009064,0.16085609756905708,batch_3000-3100.arrow,LOW
0009066,0.6365427910686391,batch_3000-3100.arrow,HIGH
0009068,0.5270854652055589,batch_3000-3100.arrow,LOW
0009069,0.015979677064209222,batch_3000-3100.arrow,LOW
0009073,0.556544912154261,batch_3000-3100.arrow,LOW
0009074,0.6802403742458462,batch_3000-3100.arrow,HIGH
0009075,0.4175624843106022,batch_3000-3100.arrow,LOW
0009076,0.7746857435618425,batch_3000-3100.arrow,HIGH
0005410,0.26560661808264463,batch_400-500.arrow,LOW
0005411,0.7663304102668098,batch_400-500.arrow,HIGH
0005415,0.6437666348507329,batch_400-500.arrow,HIGH
0005416,0.6837110658925627,batch_400-500.arrow,HIGH
0005418,0.715848029921387,batch_400-500.arrow,HIGH
0005419,0.7447700232724239,batch_400-500.arrow,HIGH
0005420,0.5053309645578238,batch_400-500.arrow,LOW
0005421,0.5857599475522962,batch_400-500.arrow,LOW
0005422,0.4550120671716036,batch_400-500.arrow,LOW
0005423,0.7377447164689102,batch_400-500.arrow,HIGH
0005425,0.7070189771500731,batch_400-500.arrow,HIGH
0005426,0.6543690579822569,batch_400-500.arrow,HIGH
0005428,0.6072534318699212,batch_400-500.arrow,HIGH
0005429,0.6093365875279044,batch_400-500.arrow,HIGH
0005430,0.8211356731968752,batch_400-500.arrow,HIGH
0005431,0.7714753973865403,batch_400-500.arrow,HIGH
0005435,0.6654470628843927,batch_400-500.arrow,HIGH
0005436,0.11948349161297105,batch_400-500.arrow,LOW
0005437,0.748396353252566,batch_400-500.arrow,HIGH
0005438,0.8121802810326396,batch_400-500.arrow,HIGH
0005439,0.6352665160757892,batch_400-500.arrow,HIGH
0005440,0.5285048190021566,batch_400-500.arrow,LOW
0005441,0.7823180430549043,batch_400-500.arrow,HIGH
0005442,0.5220794992648229,batch_400-500.arrow,LOW
0005443,0.14901434798244492,batch_400-500.arrow,LOW
0005445,0.7082804235288641,batch_400-500.arrow,HIGH
0005446,0.8039019132850406,batch_400-500.arrow,HIGH
0005447,0.25119866384365797,batch_400-500.arrow,LOW
0005448,0.5375285110265823,batch_400-500.arrow,LOW
0005449,0.3089547928372364,batch_400-500.arrow,LOW
0005450,0.03289164270903871,batch_400-500.arrow,LOW
0005451,0.7888325151413417,batch_400-500.arrow,HIGH
0005452,0.6542597485298267,batch_400-500.arrow,HIGH
0005453,0.14724391131573092,batch_400-500.arrow,LOW
0005454,0.25583832855155864,batch_400-500.arrow,LOW
0005455,0.6750555036354767,batch_400-500.arrow,HIGH
0005456,0.23797901346794145,batch_400-500.arrow,LOW
0005457,0.21719485779877443,batch_400-500.arrow,LOW
0005458,0.7777651800082196,batch_400-500.arrow,HIGH
0005459,0.7750706435235283,batch_400-500.arrow,HIGH
0005461,0.7799038884049326,batch_400-500.arrow,HIGH
0005462,0.5120482623258251,batch_400-500.arrow,LOW
0005463,0.5435115659620267,batch_400-500.arrow,LOW
0005464,0.2871185633580671,batch_400-500.arrow,LOW
0005465,0.7561518239468189,batch_400-500.arrow,HIGH
0005467,0.6222246509632162,batch_400-500.arrow,HIGH
0005468,0.8144552465262986,batch_400-500.arrow,HIGH
0005472,0.8076648405819759,batch_400-500.arrow,HIGH
0005475,0.514827016554018,batch_400-500.arrow,LOW
0005476,0.31975832438956403,batch_400-500.arrow,LOW
0005478,0.7333038128670236,batch_400-500.arrow,HIGH
0005479,0.36007202738563016,batch_400-500.arrow,LOW
0005481,0.6898949224990935,batch_400-500.arrow,HIGH
0005482,0.44736448432654524,batch_400-500.arrow,LOW
0005483,0.6080286362552739,batch_400-500.arrow,HIGH
0005484,0.696607527627766,batch_400-500.arrow,HIGH
0005487,0.7743641583583848,batch_400-500.arrow,HIGH
0005488,0.5716069997583829,batch_400-500.arrow,LOW
0005492,0.5250343998247926,batch_400-500.arrow,LOW
0005493,0.09527171041746231,batch_400-500.arrow,LOW
0005496,0.6215249553299692,batch_400-500.arrow,HIGH
0005497,0.19666220129486636,batch_400-500.arrow,LOW
0005498,0.15100025025830285,batch_400-500.arrow,LOW
0005499,0.8034569002009863,batch_400-500.arrow,HIGH
0005500,0.7627940750806195,batch_400-500.arrow,HIGH
0005501,0.12825821165538945,batch_400-500.arrow,LOW
0005502,0.45377435341118194,batch_400-500.arrow,LOW
0005503,0.6195962171208693,batch_400-500.arrow,HIGH
0005504,0.5831355338532679,batch_400-500.arrow,LOW
0005505,0.19361001250921572,batch_400-500.arrow,LOW
0005507,0.6351925851470129,batch_400-500.arrow,HIGH
0005508,0.7959026364751893,batch_400-500.arrow,HIGH
0005509,0.7905205855336778,batch_400-500.arrow,HIGH
0005510,0.7271452916510426,batch_400-500.arrow,HIGH
0005511,0.26010849477503406,batch_400-500.arrow,LOW
0005512,0.459763381269155,batch_400-500.arrow,LOW
0005513,0.65969548346572,batch_400-500.arrow,HIGH
0005517,0.8286224029004569,batch_400-500.arrow,HIGH
0005519,0.8027221562334762,batch_400-500.arrow,HIGH
0005520,0.7396149297227383,batch_400-500.arrow,HIGH
0005521,0.7776445667529207,batch_400-500.arrow,HIGH
0005524,0.4903247503695156,batch_400-500.arrow,LOW
0005525,0.7027901121961827,batch_400-500.arrow,HIGH
0005526,0.5699822801696621,batch_400-500.arrow,LOW
0005527,0.6674752018349972,batch_400-500.arrow,HIGH
0005529,0.38472020752745006,batch_400-500.arrow,LOW
0005530,0.294674471069507,batch_400-500.arrow,LOW
0005531,0.5140461217103239,batch_400-500.arrow,LOW
0005532,0.22570843283430184,batch_400-500.arrow,LOW
0005534,0.7863922685582958,batch_400-500.arrow,HIGH
0005535,0.5345202401983756,batch_400-500.arrow,LOW
0005537,0.38401978798727193,batch_400-500.arrow,LOW
0005538,0.6041497756094775,batch_400-500.arrow,HIGH
0005540,0.5939240936860335,batch_400-500.arrow,LOW
0005542,0.7003731828599271,batch_400-500.arrow,HIGH
0005546,0.7757776591689378,batch_400-500.arrow,HIGH
0005549,0.5313529126362448,batch_400-500.arrow,LOW
0005550,0.6999510910477955,batch_400-500.arrow,HIGH
0005551,0.36711747387437527,batch_500-600.arrow,LOW
0005554,0.13767442267122154,batch_500-600.arrow,LOW
0005556,0.12481978170987518,batch_500-600.arrow,LOW
0005557,0.587900116714826,batch_500-600.arrow,LOW
0005558,0.6079740748035657,batch_500-600.arrow,HIGH
0005561,0.7914625466515982,batch_500-600.arrow,HIGH
0005563,0.6448959234124332,batch_500-600.arrow,HIGH
0005565,0.5527111922621305,batch_500-600.arrow,LOW
0005567,0.7030299814005126,batch_500-600.arrow,HIGH
0005568,0.34912654387163194,batch_500-600.arrow,LOW
0005569,0.47195572100717514,batch_500-600.arrow,LOW
0005570,0.5378935845186729,batch_500-600.arrow,LOW
0005572,0.7032616318882421,batch_500-600.arrow,HIGH
0005573,0.5918235321552356,batch_500-600.arrow,LOW
0005575,0.3594236322162465,batch_500-600.arrow,LOW
0005576,0.2010562515893417,batch_500-600.arrow,LOW
0005581,0.780683973995684,batch_500-600.arrow,HIGH
0005585,0.5601253624485679,batch_500-600.arrow,LOW
0005586,0.7571805680669231,batch_500-600.arrow,HIGH
0005587,0.6681179263758888,batch_500-600.arrow,HIGH
0005588,0.7092017501984232,batch_500-600.arrow,HIGH
0005589,0.5656431059317374,batch_500-600.arrow,LOW
0005590,0.6677753936254226,batch_500-600.arrow,HIGH
0005591,0.7063319943633787,batch_500-600.arrow,HIGH
0005593,0.2674155890527367,batch_500-600.arrow,LOW
0005594,0.5734968694404591,batch_500-600.arrow,LOW
0005595,0.2500059822751504,batch_500-600.arrow,LOW
0005596,0.5942875306185914,batch_500-600.arrow,LOW
0005599,0.810702190439318,batch_500-600.arrow,HIGH
0005600,0.6474801612206452,batch_500-600.arrow,HIGH
0005601,0.6120826864138506,batch_500-600.arrow,HIGH
0005602,0.11772405469092272,batch_500-600.arrow,LOW
0005603,0.6133168434506696,batch_500-600.arrow,HIGH
0005604,0.5971405315021452,batch_500-600.arrow,LOW
0005606,0.35204708850850824,batch_500-600.arrow,LOW
0005608,0.6859392057360164,batch_500-600.arrow,HIGH
0005609,0.772585725684563,batch_500-600.arrow,HIGH
0005610,0.3925159489645373,batch_500-600.arrow,LOW
0005612,0.6264392716713237,batch_500-600.arrow,HIGH
0005613,0.5416395286321545,batch_500-600.arrow,LOW
0005614,0.7024632695170103,batch_500-600.arrow,HIGH
0005615,0.695759992996369,batch_500-600.arrow,HIGH
0005616,0.6982901573461618,batch_500-600.arrow,HIGH
0005619,0.7674897491148505,batch_500-600.arrow,HIGH
0005620,0.5955819359625638,batch_500-600.arrow,LOW
0005621,0.6086438670236979,batch_500-600.arrow,HIGH
0005622,0.8309384629454758,batch_500-600.arrow,HIGH
0005624,0.5717272181398534,batch_500-600.arrow,LOW
0005625,0.15590181315838417,batch_500-600.arrow,LOW
0005626,0.6833232584769134,batch_500-600.arrow,HIGH
0005628,0.5519950309000451,batch_500-600.arrow,LOW
0005629,0.25031976352223434,batch_500-600.arrow,LOW
0005630,0.23242148375934413,batch_500-600.arrow,LOW
0005631,0.8010636864852367,batch_500-600.arrow,HIGH
0005633,0.7405763395484093,batch_500-600.arrow,HIGH
0005636,0.7939765280439605,batch_500-600.arrow,HIGH
0005637,0.7528785959961762,batch_500-600.arrow,HIGH
0005638,0.7050184023308658,batch_500-600.arrow,HIGH
0005639,0.78598604189396,batch_500-600.arrow,HIGH
0005640,0.7754778412452029,batch_500-600.arrow,HIGH
0005641,0.3939960770317989,batch_500-600.arrow,LOW
0005642,0.5711888914295332,batch_500-600.arrow,LOW
0005643,0.7259968578410557,batch_500-600.arrow,HIGH
0005644,0.5871726024990945,batch_500-600.arrow,LOW
0005647,0.7292083819785385,batch_500-600.arrow,HIGH
0005648,0.49789927435359355,batch_500-600.arrow,LOW
0005650,0.0571359361548971,batch_500-600.arrow,LOW
0005651,0.4208096004882635,batch_500-600.arrow,LOW
0005652,-0.01893880115407154,batch_500-600.arrow,LOW
0005656,0.520757345711951,batch_500-600.arrow,LOW
0005657,0.7916429346044384,batch_500-600.arrow,HIGH
0005659,0.37859694986105213,batch_500-600.arrow,LOW
0005660,0.44944219401633734,batch_500-600.arrow,LOW
0005661,0.23395724135793664,batch_500-600.arrow,LOW
0005662,0.6826650882617963,batch_500-600.arrow,HIGH
0005663,0.49982403560513106,batch_500-600.arrow,LOW
0005664,0.23738573774654403,batch_500-600.arrow,LOW
0005665,0.6668591937096044,batch_500-600.arrow,HIGH
0005667,0.2568917923906395,batch_500-600.arrow,LOW
0005668,0.7292051034446162,batch_500-600.arrow,HIGH
0005669,0.7664533912199278,batch_500-600.arrow,HIGH
0005670,0.5189720929903842,batch_500-600.arrow,LOW
0005671,0.6337184343344048,batch_500-600.arrow,HIGH
0005672,0.5624528935916139,batch_500-600.arrow,LOW
0005673,0.793482275275383,batch_500-600.arrow,HIGH
0005675,0.5731222117563463,batch_500-600.arrow,LOW
0005677,0.08589339860065577,batch_500-600.arrow,LOW
0005678,0.5157754212072527,batch_500-600.arrow,LOW
0005679,0.0411344843211355,batch_500-600.arrow,LOW
0005680,0.2058204290226806,batch_500-600.arrow,LOW
0005681,0.750267199725374,batch_500-600.arrow,HIGH
0005682,0.6491898612723676,batch_500-600.arrow,HIGH
0005685,0.5527972966779097,batch_500-600.arrow,LOW
0005687,0.5133043497872103,batch_500-600.arrow,LOW
0005689,0.8214190945723732,batch_500-600.arrow,HIGH
0005690,0.7438930207031426,batch_500-600.arrow,HIGH
0005691,0.19807691306516761,batch_500-600.arrow,LOW
0005692,0.74496097732087,batch_500-600.arrow,HIGH
0005693,0.5408209017756167,batch_500-600.arrow,LOW
0005694,0.7479988487604571,batch_500-600.arrow,HIGH
0005850,0.8230093769683878,batch_700-800.arrow,HIGH
0005854,0.5777782923902465,batch_700-800.arrow,LOW
0005855,0.5771375645651085,batch_700-800.arrow,LOW
0005863,0.17004899011142505,batch_700-800.arrow,LOW
0005864,0.27648084354353736,batch_700-800.arrow,LOW
0005868,0.4864593141290991,batch_700-800.arrow,LOW
0005871,0.5684948709395432,batch_700-800.arrow,LOW
0005872,0.28591751979954033,batch_700-800.arrow,LOW
0005873,0.23272709842415817,batch_700-800.arrow,LOW
0005874,0.6771701761356416,batch_700-800.arrow,HIGH
0005875,0.7475070222490746,batch_700-800.arrow,HIGH
0005876,0.744948437480102,batch_700-800.arrow,HIGH
0005879,0.6113470946979241,batch_700-800.arrow,HIGH
0005880,0.5689578452523465,batch_700-800.arrow,LOW
0005881,0.4599573471315516,batch_700-800.arrow,LOW
0005882,0.11474380213453127,batch_700-800.arrow,LOW
0005883,0.5977183504039683,batch_700-800.arrow,LOW
0005884,0.6182798290299235,batch_700-800.arrow,HIGH
0005885,0.6960881780681198,batch_700-800.arrow,HIGH
0005886,0.5515077966603622,batch_700-800.arrow,LOW
0005887,0.42126466758863784,batch_700-800.arrow,LOW
0005888,0.7248140330638743,batch_700-800.arrow,HIGH
0005889,0.7540878245444836,batch_700-800.arrow,HIGH
0005890,0.5625911288882536,batch_700-800.arrow,LOW
0005891,0.7046528913155664,batch_700-800.arrow,HIGH
0005894,0.6945964632506444,batch_700-800.arrow,HIGH
0005897,0.7015467181487169,batch_700-800.arrow,HIGH
0005898,0.6403226562500931,batch_700-800.arrow,HIGH
0005901,0.8488308371749818,batch_700-800.arrow,HIGH
0005902,0.192175560699711,batch_700-800.arrow,LOW
0005903,0.5065777570268674,batch_700-800.arrow,LOW
0005904,0.7441418668791862,batch_700-800.arrow,HIGH
0005905,0.37534888768172464,batch_700-800.arrow,LOW
0005906,0.6192644651005283,batch_700-800.arrow,HIGH
0005907,0.80207869813729,batch_700-800.arrow,HIGH
0005908,0.6748175100909966,batch_700-800.arrow,HIGH
0005909,0.6233866900452382,batch_700-800.arrow,HIGH
0005910,0.7186710877706167,batch_700-800.arrow,HIGH
0005912,0.22458144730041274,batch_700-800.arrow,LOW
0005913,0.5464986124537908,batch_700-800.arrow,LOW
0005914,0.26900706630374654,batch_700-800.arrow,LOW
0005917,0.6305051616703926,batch_700-800.arrow,HIGH
0005919,0.8152409431016095,batch_700-800.arrow,HIGH
0005920,0.6396566279386601,batch_700-800.arrow,HIGH
0005921,0.4757760345106799,batch_700-800.arrow,LOW
0005922,0.44976645403265514,batch_700-800.arrow,LOW
0005923,0.6239772963804561,batch_700-800.arrow,HIGH
0005924,0.8148436007035023,batch_700-800.arrow,HIGH
0005925,0.679764175049943,batch_700-800.arrow,HIGH
0005927,0.45519382527825575,batch_700-800.arrow,LOW
0005928,0.21787872155227347,batch_700-800.arrow,LOW
0005929,0.6691509536688062,batch_700-800.arrow,HIGH
0005930,0.7634772344901043,batch_700-800.arrow,HIGH
0005931,0.2807379964125618,batch_700-800.arrow,LOW
0005933,0.19708274126949454,batch_700-800.arrow,LOW
0005934,0.7201234935248201,batch_700-800.arrow,HIGH
0005936,0.6884285563975229,batch_700-800.arrow,HIGH
0005938,0.8346009976335697,batch_700-800.arrow,HIGH
0005940,0.7986160300422238,batch_700-800.arrow,HIGH
0005941,0.652291943319101,batch_700-800.arrow,HIGH
0005942,0.6229376326867334,batch_700-800.arrow,HIGH
0005943,0.5915403400529483,batch_700-800.arrow,LOW
0005944,0.17707000186888,batch_700-800.arrow,LOW
0005947,0.6921412523587808,batch_700-800.arrow,HIGH
0005948,0.0759748212725011,batch_700-800.arrow,LOW
0005949,0.6733819193801459,batch_700-800.arrow,HIGH
0005953,0.449922637576881,batch_700-800.arrow,LOW
0005955,0.4666308424267049,batch_700-800.arrow,LOW
0005956,0.6173557095105019,batch_700-800.arrow,HIGH
0005957,0.038538627815172054,batch_700-800.arrow,LOW
0005958,0.6691681162312397,batch_700-800.arrow,HIGH
0005959,0.3633109521440085,batch_700-800.arrow,LOW
0005960,0.7524447716697199,batch_700-800.arrow,HIGH
0005963,0.804197430886862,batch_700-800.arrow,HIGH
0005964,0.6651001830170671,batch_700-800.arrow,HIGH
0005966,0.32668232128502667,batch_700-800.arrow,LOW
0005967,0.6045033857967339,batch_700-800.arrow,HIGH
0005968,0.7034851203382523,batch_700-800.arrow,HIGH
0005970,0.5158055907938378,batch_700-800.arrow,LOW
0005973,0.7639141085050078,batch_700-800.arrow,HIGH
0005974,0.3955752889318931,batch_700-800.arrow,LOW
0005975,0.5090962859538727,batch_700-800.arrow,LOW
0005977,0.11435287445503028,batch_700-800.arrow,LOW
0005978,0.6936144523169411,batch_700-800.arrow,HIGH
0005979,0.2690186697302132,batch_700-800.arrow,LOW
0005980,0.19530110838785417,batch_700-800.arrow,LOW
0005982,0.7494943260693474,batch_700-800.arrow,HIGH
0005983,0.7965702746656064,batch_700-800.arrow,HIGH
0005984,0.7838722139663569,batch_700-800.arrow,HIGH
0005987,0.6766708451952713,batch_700-800.arrow,HIGH
0005988,0.44699195039231504,batch_700-800.arrow,LOW
0005990,0.5834608661356885,batch_700-800.arrow,LOW
0005992,0.6257705452968141,batch_700-800.arrow,HIGH
0005993,0.803200172912555,batch_700-800.arrow,HIGH
0005994,0.7712113452937656,batch_700-800.arrow,HIGH
0005995,0.7283148717152458,batch_700-800.arrow,HIGH
0005996,0.759633796038634,batch_700-800.arrow,HIGH
0005997,0.2757275185515799,batch_800-900.arrow,LOW
0005998,0.49085018989033485,batch_800-900.arrow,LOW
0006000,0.4564765493046559,batch_800-900.arrow,LOW
0006001,0.6504000549189174,batch_800-900.arrow,HIGH
0006002,0.6176073225402673,batch_800-900.arrow,HIGH
0006003,0.6465605435276,batch_800-900.arrow,HIGH
0006004,0.42689408217467867,batch_800-900.arrow,LOW
0006005,0.4728933229203765,batch_800-900.arrow,LOW
0006007,0.46002873928697624,batch_800-900.arrow,LOW
0006008,0.737418775330792,batch_800-900.arrow,HIGH
0006009,0.5657382996652626,batch_800-900.arrow,LOW
0006010,0.8052246679653741,batch_800-900.arrow,HIGH
0006011,0.6029264489377796,batch_800-900.arrow,HIGH
0006012,0.44498941321922664,batch_800-900.arrow,LOW
0006014,0.6381091404480487,batch_800-900.arrow,HIGH
0006015,0.4955050396046365,batch_800-900.arrow,LOW
0006016,0.5137001156100287,batch_800-900.arrow,LOW
0006017,0.317514757178811,batch_800-900.arrow,LOW
0006018,0.6847774144446473,batch_800-900.arrow,HIGH
0006021,0.8289206960196528,batch_800-900.arrow,HIGH
0006022,0.5205850612871767,batch_800-900.arrow,LOW
0006023,0.7293166165741741,batch_800-900.arrow,HIGH
0006024,0.7051352718850206,batch_800-900.arrow,HIGH
0006025,0.5209417188451058,batch_800-900.arrow,LOW
0006026,0.7249622996557296,batch_800-900.arrow,HIGH
0006028,0.21975952098719423,batch_800-900.arrow,LOW
0006030,0.8140620467999297,batch_800-900.arrow,HIGH
0006031,0.7932868955296399,batch_800-900.arrow,HIGH
0006032,0.6105266635134089,batch_800-900.arrow,HIGH
0006033,0.7383643101996388,batch_800-900.arrow,HIGH
0006034,0.49596887873170004,batch_800-900.arrow,LOW
0006035,0.803201347364782,batch_800-900.arrow,HIGH
0006036,0.43975233497324545,batch_800-900.arrow,LOW
0006037,0.6399546722851565,batch_800-900.arrow,HIGH
0006039,0.27981013211747413,batch_800-900.arrow,LOW
0006040,0.6484222171619317,batch_800-900.arrow,HIGH
0006041,0.6619791216127244,batch_800-900.arrow,HIGH
0006042,0.3041441809612132,batch_800-900.arrow,LOW
0006043,0.03757330371238677,batch_800-900.arrow,LOW
0006044,0.5598824765376488,batch_800-900.arrow,LOW
0006045,0.516275688513665,batch_800-900.arrow,LOW
0006046,0.1379082019530402,batch_800-900.arrow,LOW
0006049,0.6495321004316083,batch_800-900.arrow,HIGH
0006050,0.2449229092128503,batch_800-900.arrow,LOW
0006052,0.5414102985342096,batch_800-900.arrow,LOW
0006055,0.4361595770298355,batch_800-900.arrow,LOW
0006057,0.5845088132000403,batch_800-900.arrow,LOW
0006058,0.41080822184877014,batch_800-900.arrow,LOW
0006060,0.7186066505632406,batch_800-900.arrow,HIGH
0006064,0.7194657385887672,batch_800-900.arrow,HIGH
0006066,0.7502061394957383,batch_800-900.arrow,HIGH
0006067,0.5986748001694965,batch_800-900.arrow,LOW
0006068,0.6551951654485766,batch_800-900.arrow,HIGH
0006070,0.7482884097737794,batch_800-900.arrow,HIGH
0006071,0.7947394300641045,batch_800-900.arrow,HIGH
0006074,0.266639182608305,batch_800-900.arrow,LOW
0006075,0.6886160209470332,batch_800-900.arrow,HIGH
0006076,0.7164046374103753,batch_800-900.arrow,HIGH
0006077,0.4554971566735159,batch_800-900.arrow,LOW
0006078,0.8318668195357102,batch_800-900.arrow,HIGH
0006079,0.8302304510633949,batch_800-900.arrow,HIGH
0006080,0.581475563097594,batch_800-900.arrow,LOW
0006081,0.5431153033123453,batch_800-900.arrow,LOW
0006082,0.7642549876923906,batch_800-900.arrow,HIGH
0006084,0.8153389751714671,batch_800-900.arrow,HIGH
0006085,0.6146027294617776,batch_800-900.arrow,HIGH
0006087,0.7324453654344477,batch_800-900.arrow,HIGH
0006088,0.7239006993329532,batch_800-900.arrow,HIGH
0006089,0.2787381030566327,batch_800-900.arrow,LOW
0006090,0.7797713747857632,batch_800-900.arrow,HIGH
0006091,0.5530008286636261,batch_800-900.arrow,LOW
0006093,0.3116579859980914,batch_800-900.arrow,LOW
0006095,0.5758970493053809,batch_800-900.arrow,LOW
0006096,0.3292743194361034,batch_800-900.arrow,LOW
0006097,0.5162898881974639,batch_800-900.arrow,LOW
0006098,0.6814684316523202,batch_800-900.arrow,HIGH
0006099,0.04290599575931376,batch_800-900.arrow,LOW
0006103,0.7606896181434185,batch_800-900.arrow,HIGH
0006104,0.8000540774793681,batch_800-900.arrow,HIGH
0006105,0.4791909413492778,batch_800-900.arrow,LOW
0006106,0.6696859383698065,batch_800-900.arrow,HIGH
0006107,0.36325478134968403,batch_800-900.arrow,LOW
0006109,0.8215915782752088,batch_800-900.arrow,HIGH
0006110,0.7585469726878165,batch_800-900.arrow,HIGH
0006111,0.5440153758456404,batch_800-900.arrow,LOW
0006112,0.8234086052991431,batch_800-900.arrow,HIGH
0006113,0.7564570145473707,batch_800-900.arrow,HIGH
0006114,0.4989634800268908,batch_800-900.arrow,LOW
0006116,0.4822693000232337,batch_800-900.arrow,LOW
0006117,0.10155147536809943,batch_800-900.arrow,LOW
0006118,0.7094237910580965,batch_800-900.arrow,HIGH
0006120,0.7858449981568071,batch_800-900.arrow,HIGH
0006121,0.45792623023201856,batch_800-900.arrow,LOW
0006124,0.8367271922602982,batch_800-900.arrow,HIGH
0006125,0.6988262095448476,batch_800-900.arrow,HIGH
0006128,0.7726506677688542,batch_800-900.arrow,HIGH
0006129,0.6359993377861486,batch_800-900.arrow,HIGH
