ref_id,ssim,batch_file,quality
0005000,0.739266307972409,batch_100-200.arrow,HIGH
0005001,0.718222309327488,batch_100-200.arrow,HIGH
0005002,0.39983961034416576,batch_100-200.arrow,LOW
0005003,0.6720101360269052,batch_100-200.arrow,HIGH
0005004,0.6111348562774411,batch_100-200.arrow,HIGH
0005005,0.7095566632848976,batch_100-200.arrow,HIGH
0005007,0.663343138009654,batch_100-200.arrow,HIGH
0005008,0.3525301734153033,batch_100-200.arrow,LOW
0005009,0.3822840515105476,batch_100-200.arrow,LOW
0005010,0.6791841275220903,batch_100-200.arrow,HIGH
0005011,0.5147080210259545,batch_100-200.arrow,LOW
0005012,0.2959272369562859,batch_100-200.arrow,LOW
0005013,0.7873412404611791,batch_100-200.arrow,HIGH
0005014,0.671789973513215,batch_100-200.arrow,HIGH
0005015,0.442163157785551,batch_100-200.arrow,LOW
0005017,0.723397351940517,batch_100-200.arrow,HIGH
0005018,0.7461744320744778,batch_100-200.arrow,HIGH
0005019,0.48963984849852543,batch_100-200.arrow,LOW
0005020,0.5973725252885732,batch_100-200.arrow,LOW
0005021,0.7662846872278077,batch_100-200.arrow,HIGH
0005024,0.3582384851412453,batch_100-200.arrow,LOW
0005025,0.7465111760331266,batch_100-200.arrow,HIGH
0005028,0.5548913792737541,batch_100-200.arrow,LOW
0005029,0.748296895734772,batch_100-200.arrow,HIGH
0005030,0.5906039962754707,batch_100-200.arrow,LOW
0005031,0.685407709531014,batch_100-200.arrow,HIGH
0005032,0.37912034876520045,batch_100-200.arrow,LOW
0005035,0.34468237254932377,batch_100-200.arrow,LOW
0005037,0.7049656188367672,batch_100-200.arrow,HIGH
0005039,0.25885311472167066,batch_100-200.arrow,LOW
0005040,0.025082346939842667,batch_100-200.arrow,LOW
0005041,0.6809161483373489,batch_100-200.arrow,HIGH
0005043,0.6196827980953579,batch_100-200.arrow,HIGH
0005045,0.7996437922675886,batch_100-200.arrow,HIGH
0005046,0.33012667496010034,batch_100-200.arrow,LOW
0005047,0.7194207825504262,batch_100-200.arrow,HIGH
0005048,0.045826334088961355,batch_100-200.arrow,LOW
0005049,0.6551241856197837,batch_100-200.arrow,HIGH
0005051,0.7940772245473507,batch_100-200.arrow,HIGH
0005054,0.24923094515588876,batch_100-200.arrow,LOW
0005056,0.795308047427774,batch_100-200.arrow,HIGH
0005057,0.6391385776558857,batch_100-200.arrow,HIGH
0005059,0.36652170835748277,batch_100-200.arrow,LOW
0005060,0.6289972963061881,batch_100-200.arrow,HIGH
0005061,0.8296084966924346,batch_100-200.arrow,HIGH
0005063,0.16677615296858228,batch_100-200.arrow,LOW
0005064,0.21373783358675844,batch_100-200.arrow,LOW
0005065,0.1053273394256364,batch_100-200.arrow,LOW
0005066,0.32264404701337296,batch_100-200.arrow,LOW
0005069,0.4696078664692806,batch_100-200.arrow,LOW
0005071,0.7122349244523968,batch_100-200.arrow,HIGH
0005072,0.5251422714412574,batch_100-200.arrow,LOW
0005073,0.6139017608039821,batch_100-200.arrow,HIGH
0005074,0.7894840880223519,batch_100-200.arrow,HIGH
0005076,0.6206838742296162,batch_100-200.arrow,HIGH
0005078,0.6641453676231343,batch_100-200.arrow,HIGH
0005080,0.7729974303160215,batch_100-200.arrow,HIGH
0005081,0.15679920579176557,batch_100-200.arrow,LOW
0005083,0.5586213665549494,batch_100-200.arrow,LOW
0005084,0.7761667841391534,batch_100-200.arrow,HIGH
0005085,0.709719554766994,batch_100-200.arrow,HIGH
0005086,0.8328114546945687,batch_100-200.arrow,HIGH
0005087,0.549727788409387,batch_100-200.arrow,LOW
0005088,0.46722384937995054,batch_100-200.arrow,LOW
0005091,0.22094087354513228,batch_100-200.arrow,LOW
0005092,0.8139846119072418,batch_100-200.arrow,HIGH
0005096,0.7158627495279001,batch_100-200.arrow,HIGH
0005097,0.38951873608809245,batch_100-200.arrow,LOW
0005098,0.7034248149765866,batch_100-200.arrow,HIGH
0005099,0.02044139049509233,batch_100-200.arrow,LOW
0005100,0.506218869376172,batch_100-200.arrow,LOW
0005101,0.7604617785109072,batch_100-200.arrow,HIGH
0005102,0.5791719553275959,batch_100-200.arrow,LOW
0005103,0.7868069298666103,batch_100-200.arrow,HIGH
0005105,0.7238052357214567,batch_100-200.arrow,HIGH
0005106,0.6363556974049142,batch_100-200.arrow,HIGH
0005108,0.8220637580181926,batch_100-200.arrow,HIGH
0005111,0.7870545260746491,batch_100-200.arrow,HIGH
0005112,0.8519547197553687,batch_100-200.arrow,HIGH
0005113,0.4007493695732652,batch_100-200.arrow,LOW
0005114,0.4289140599536873,batch_100-200.arrow,LOW
0005115,0.7390830880877285,batch_100-200.arrow,HIGH
0005116,0.702702368274935,batch_100-200.arrow,HIGH
0005118,0.8051063402901676,batch_100-200.arrow,HIGH
0005119,0.7131467424972185,batch_100-200.arrow,HIGH
0005120,0.5914406350996663,batch_100-200.arrow,LOW
0005122,0.15026131921591213,batch_100-200.arrow,LOW
0005124,0.2690394722165818,batch_100-200.arrow,LOW
0005125,0.7691441304642405,batch_100-200.arrow,HIGH
0005128,0.5312251164943839,batch_100-200.arrow,LOW
0005129,0.7564146592762997,batch_100-200.arrow,HIGH
0005131,0.5763947193343867,batch_100-200.arrow,LOW
0005132,0.6098872994335828,batch_100-200.arrow,HIGH
0005133,0.6138556575546918,batch_100-200.arrow,HIGH
0006277,0.8139064293342325,batch_1000-1100.arrow,HIGH
0006278,0.8231736881836301,batch_1000-1100.arrow,HIGH
0006282,0.7935138880497026,batch_1000-1100.arrow,HIGH
0006283,0.35002504875456086,batch_1000-1100.arrow,LOW
0006284,0.7052250720448584,batch_1000-1100.arrow,HIGH
0006285,0.29549567615664146,batch_1000-1100.arrow,LOW
0006288,0.31012021778538434,batch_1000-1100.arrow,LOW
0006289,0.5151430820303078,batch_1000-1100.arrow,LOW
0006290,0.2545729932457659,batch_1000-1100.arrow,LOW
0006291,0.7732995415773521,batch_1000-1100.arrow,HIGH
0006292,0.7695263296918561,batch_1000-1100.arrow,HIGH
0006293,0.6959261790986012,batch_1000-1100.arrow,HIGH
0006294,0.7959524890408525,batch_1000-1100.arrow,HIGH
0006295,0.49050799028296016,batch_1000-1100.arrow,LOW
0006296,0.7746015401110279,batch_1000-1100.arrow,HIGH
0006299,0.39740786444734333,batch_1000-1100.arrow,LOW
0006301,0.7794746456936327,batch_1000-1100.arrow,HIGH
0006304,0.6922770489828496,batch_1000-1100.arrow,HIGH
0006305,0.17373031525297175,batch_1000-1100.arrow,LOW
0006306,0.724635725776539,batch_1000-1100.arrow,HIGH
0006307,0.7084616569950105,batch_1000-1100.arrow,HIGH
0006309,0.6386028947673165,batch_1000-1100.arrow,HIGH
0006310,0.47782342280252516,batch_1000-1100.arrow,LOW
0006313,0.8424745724229998,batch_1000-1100.arrow,HIGH
0006314,0.20301041711718137,batch_1000-1100.arrow,LOW
0006315,0.7779475092088927,batch_1000-1100.arrow,HIGH
0006318,0.7711589987738371,batch_1000-1100.arrow,HIGH
0006319,0.48806713473100977,batch_1000-1100.arrow,LOW
0006320,0.6567520536284106,batch_1000-1100.arrow,HIGH
0006323,0.6415830918433012,batch_1000-1100.arrow,HIGH
0006324,0.6578936961356517,batch_1000-1100.arrow,HIGH
0006325,0.8363090049620437,batch_1000-1100.arrow,HIGH
0006326,0.765822811642054,batch_1000-1100.arrow,HIGH
0006327,0.7956771371454323,batch_1000-1100.arrow,HIGH
0006329,0.775803309028043,batch_1000-1100.arrow,HIGH
0006330,0.7040893022667389,batch_1000-1100.arrow,HIGH
0006332,0.6425233254070435,batch_1000-1100.arrow,HIGH
0006333,0.44322690124095915,batch_1000-1100.arrow,LOW
0006335,0.6733867412529361,batch_1000-1100.arrow,HIGH
0006336,0.6838463727278072,batch_1000-1100.arrow,HIGH
0006337,0.5595009585732115,batch_1000-1100.arrow,LOW
0006339,0.6452211980380483,batch_1000-1100.arrow,HIGH
0006340,0.6872958694183696,batch_1000-1100.arrow,HIGH
0006342,0.2275413088913445,batch_1000-1100.arrow,LOW
0006343,0.806032655542238,batch_1000-1100.arrow,HIGH
0006344,0.791069101901233,batch_1000-1100.arrow,HIGH
0006345,0.5764207029187278,batch_1000-1100.arrow,LOW
0006346,0.45648679122313646,batch_1000-1100.arrow,LOW
0006347,0.8497058185478172,batch_1000-1100.arrow,HIGH
0006348,0.5560249037583099,batch_1000-1100.arrow,LOW
0006349,0.6385167004679203,batch_1000-1100.arrow,HIGH
0006353,0.1237045944952847,batch_1000-1100.arrow,LOW
0006354,0.7800962703493496,batch_1000-1100.arrow,HIGH
0006362,0.646394358723207,batch_1000-1100.arrow,HIGH
0006364,0.6967666466710783,batch_1000-1100.arrow,HIGH
0006365,0.7278234390672563,batch_1000-1100.arrow,HIGH
0006366,0.18896780030024216,batch_1000-1100.arrow,LOW
0006367,0.7151600276977366,batch_1000-1100.arrow,HIGH
0006368,0.8211199420748496,batch_1000-1100.arrow,HIGH
0006369,0.8212840726042291,batch_1000-1100.arrow,HIGH
0006373,0.3237699392922946,batch_1000-1100.arrow,LOW
0006375,0.7257989642202353,batch_1000-1100.arrow,HIGH
0006376,0.5367409684722176,batch_1000-1100.arrow,LOW
0006377,0.6636454522110377,batch_1000-1100.arrow,HIGH
0006378,0.694763723578799,batch_1000-1100.arrow,HIGH
0006381,0.517466064753244,batch_1000-1100.arrow,LOW
0006384,0.5621618015264861,batch_1000-1100.arrow,LOW
0006385,0.708921033930113,batch_1000-1100.arrow,HIGH
0006386,0.5772988757826938,batch_1000-1100.arrow,LOW
0006387,0.5224874712787444,batch_1000-1100.arrow,LOW
0006388,0.2812884264848072,batch_1000-1100.arrow,LOW
0006389,0.7599040445806765,batch_1000-1100.arrow,HIGH
0006390,0.8223373807251102,batch_1000-1100.arrow,HIGH
0006391,0.8405908821622948,batch_1000-1100.arrow,HIGH
0006392,0.4154372342178863,batch_1000-1100.arrow,LOW
0006393,0.6335620348153311,batch_1000-1100.arrow,HIGH
0006395,0.7559699360498603,batch_1000-1100.arrow,HIGH
0006396,0.11738275287493022,batch_1000-1100.arrow,LOW
0006398,0.8225502566227508,batch_1000-1100.arrow,HIGH
0006399,0.31963054075316183,batch_1000-1100.arrow,LOW
0006400,0.653619894757837,batch_1000-1100.arrow,HIGH
0006401,0.7330154236717457,batch_1000-1100.arrow,HIGH
0006402,0.547638094918865,batch_1000-1100.arrow,LOW
0006403,0.8608888600030834,batch_1000-1100.arrow,HIGH
0006404,0.6769521436466642,batch_1000-1100.arrow,HIGH
0006405,0.5145173757011319,batch_1000-1100.arrow,LOW
0006406,0.3884577112560121,batch_1000-1100.arrow,LOW
0006408,0.8039596257850384,batch_1000-1100.arrow,HIGH
0006409,0.5286961073267444,batch_1000-1100.arrow,LOW
0006410,0.7757137269609671,batch_1000-1100.arrow,HIGH
0006411,0.625650052158453,batch_1000-1100.arrow,HIGH
0006412,0.7069448417241088,batch_1000-1100.arrow,HIGH
0006413,0.01034207629475561,batch_1000-1100.arrow,LOW
0006415,0.552821583907609,batch_1000-1100.arrow,LOW
0006416,0.7422589742515973,batch_1000-1100.arrow,HIGH
0006417,0.6920232946196,batch_1000-1100.arrow,HIGH
0006418,0.538250881119353,batch_1100-1200.arrow,LOW
0006419,0.679485979573735,batch_1100-1200.arrow,HIGH
0006420,0.8268169232036323,batch_1100-1200.arrow,HIGH
0006421,0.8209576189156881,batch_1100-1200.arrow,HIGH
0006422,0.2481970113116879,batch_1100-1200.arrow,LOW
0006424,0.625440747032337,batch_1100-1200.arrow,HIGH
0006426,0.5909691955879022,batch_1100-1200.arrow,LOW
0006427,0.6445488084470483,batch_1100-1200.arrow,HIGH
0006429,0.07433833769114055,batch_1100-1200.arrow,LOW
0006430,0.8283562180899692,batch_1100-1200.arrow,HIGH
0006432,0.7557587934559963,batch_1100-1200.arrow,HIGH
0006433,0.5115304032063904,batch_1100-1200.arrow,LOW
0006434,0.6903882607171278,batch_1100-1200.arrow,HIGH
0006435,0.7672034918202092,batch_1100-1200.arrow,HIGH
0006437,0.6961850970957092,batch_1100-1200.arrow,HIGH
0006438,0.8182412543814523,batch_1100-1200.arrow,HIGH
0006439,0.5201916856821183,batch_1100-1200.arrow,LOW
0006440,0.6918212875924411,batch_1100-1200.arrow,HIGH
0006441,0.3357199541745071,batch_1100-1200.arrow,LOW
0006445,0.6886223589326983,batch_1100-1200.arrow,HIGH
0006446,0.8026814712286473,batch_1100-1200.arrow,HIGH
0006447,0.5338313142114028,batch_1100-1200.arrow,LOW
0006449,0.5895962689363335,batch_1100-1200.arrow,LOW
0006450,0.7671792347175499,batch_1100-1200.arrow,HIGH
0006451,0.3305442174994056,batch_1100-1200.arrow,LOW
0006452,0.7891284497181398,batch_1100-1200.arrow,HIGH
0006453,0.5807589759885442,batch_1100-1200.arrow,LOW
0006454,0.5233988376824835,batch_1100-1200.arrow,LOW
0006456,0.6743622667892604,batch_1100-1200.arrow,HIGH
0006458,0.6985264733055375,batch_1100-1200.arrow,HIGH
0006459,0.6267098301707513,batch_1100-1200.arrow,HIGH
0006460,0.32887472129143747,batch_1100-1200.arrow,LOW
0006461,0.8091517925676396,batch_1100-1200.arrow,HIGH
0006463,0.8641961183843366,batch_1100-1200.arrow,HIGH
0006464,0.7038070559775997,batch_1100-1200.arrow,HIGH
0006465,0.7570761877731145,batch_1100-1200.arrow,HIGH
0006466,0.13163946912368077,batch_1100-1200.arrow,LOW
0006467,0.5181481198818595,batch_1100-1200.arrow,LOW
0006468,0.09060896082758875,batch_1100-1200.arrow,LOW
0006469,0.7611116357489421,batch_1100-1200.arrow,HIGH
0006471,0.7321504615578794,batch_1100-1200.arrow,HIGH
0006472,0.7498013014908934,batch_1100-1200.arrow,HIGH
0006473,0.6830424963004046,batch_1100-1200.arrow,HIGH
0006474,0.8166928598667921,batch_1100-1200.arrow,HIGH
0006475,0.6607302220978588,batch_1100-1200.arrow,HIGH
0006476,0.09081320284354223,batch_1100-1200.arrow,LOW
0006478,0.29944760250087654,batch_1100-1200.arrow,LOW
0006479,0.7269208921810845,batch_1100-1200.arrow,HIGH
0006480,0.47017266568255295,batch_1100-1200.arrow,LOW
0006481,0.682212575832512,batch_1100-1200.arrow,HIGH
0006482,0.5428262506590512,batch_1100-1200.arrow,LOW
0006483,0.8719438122848356,batch_1100-1200.arrow,HIGH
0006485,0.1873557660384214,batch_1100-1200.arrow,LOW
0006487,0.7799763442357656,batch_1100-1200.arrow,HIGH
0006491,0.3191143007934822,batch_1100-1200.arrow,LOW
0006492,0.7229716709595628,batch_1100-1200.arrow,HIGH
0006494,0.7974617311758316,batch_1100-1200.arrow,HIGH
0006497,0.37302690586153125,batch_1100-1200.arrow,LOW
0006499,0.7253788719044731,batch_1100-1200.arrow,HIGH
0006500,0.2817157806810127,batch_1100-1200.arrow,LOW
0006502,0.3510393840855858,batch_1100-1200.arrow,LOW
0006503,0.699132793359096,batch_1100-1200.arrow,HIGH
0006505,0.6389444540169186,batch_1100-1200.arrow,HIGH
0006507,0.6721103473098234,batch_1100-1200.arrow,HIGH
0006508,0.7002527601978482,batch_1100-1200.arrow,HIGH
0006510,0.3487831451637331,batch_1100-1200.arrow,LOW
0006512,0.7660969628574219,batch_1100-1200.arrow,HIGH
0006515,0.6497880184430167,batch_1100-1200.arrow,HIGH
0006516,0.8405370121250506,batch_1100-1200.arrow,HIGH
0006518,0.5305312342214443,batch_1100-1200.arrow,LOW
0006521,0.4763460345373669,batch_1100-1200.arrow,LOW
0006528,0.8264046296382456,batch_1100-1200.arrow,HIGH
0006529,0.5856936101012445,batch_1100-1200.arrow,LOW
0006530,0.5001230947699313,batch_1100-1200.arrow,LOW
0006531,0.7158564578032621,batch_1100-1200.arrow,HIGH
0006532,0.6764950041300626,batch_1100-1200.arrow,HIGH
0006533,0.1337987605684399,batch_1100-1200.arrow,LOW
0006534,0.6919373772375333,batch_1100-1200.arrow,HIGH
0006535,0.7516753556221741,batch_1100-1200.arrow,HIGH
0006536,0.735161648398926,batch_1100-1200.arrow,HIGH
0006537,0.8003950167744979,batch_1100-1200.arrow,HIGH
0006538,0.7608792304080669,batch_1100-1200.arrow,HIGH
0006540,0.08651626513252784,batch_1100-1200.arrow,LOW
0006541,0.4167829009240642,batch_1100-1200.arrow,LOW
0006542,0.6758031790718134,batch_1100-1200.arrow,HIGH
0006544,0.49540848712140867,batch_1100-1200.arrow,LOW
0006545,0.20114923475422816,batch_1100-1200.arrow,LOW
0006546,0.7834907931457563,batch_1100-1200.arrow,HIGH
0006547,0.370897815783154,batch_1100-1200.arrow,LOW
0006549,0.47489228449170495,batch_1100-1200.arrow,LOW
0006551,0.8095877176155323,batch_1100-1200.arrow,HIGH
0006554,0.8599824946655567,batch_1100-1200.arrow,HIGH
0006555,0.6867975065626838,batch_1100-1200.arrow,HIGH
0006556,0.610757291832208,batch_1100-1200.arrow,HIGH
0006689,0.6220841214664983,batch_1300-1400.arrow,HIGH
0006690,0.08310679193987391,batch_1300-1400.arrow,LOW
0006691,0.7547053819552486,batch_1300-1400.arrow,HIGH
0006692,0.2766327691011275,batch_1300-1400.arrow,LOW
0006693,0.7701616888632508,batch_1300-1400.arrow,HIGH
0006694,0.7002781380155764,batch_1300-1400.arrow,HIGH
0006696,0.6622858668595432,batch_1300-1400.arrow,HIGH
0006697,0.7916607195065035,batch_1300-1400.arrow,HIGH
0006698,0.3621943679577819,batch_1300-1400.arrow,LOW
0006700,0.6916466779304226,batch_1300-1400.arrow,HIGH
0006701,0.7164818450727918,batch_1300-1400.arrow,HIGH
0006702,0.38189382487523077,batch_1300-1400.arrow,LOW
0006705,0.6250264882986925,batch_1300-1400.arrow,HIGH
0006706,0.3378236273931447,batch_1300-1400.arrow,LOW
0006708,0.689786861139103,batch_1300-1400.arrow,HIGH
0006710,0.702491999973343,batch_1300-1400.arrow,HIGH
0006711,0.7970873733630007,batch_1300-1400.arrow,HIGH
0006713,0.16771037981849224,batch_1300-1400.arrow,LOW
0006714,0.5660882061441583,batch_1300-1400.arrow,LOW
0006715,0.7884550304865164,batch_1300-1400.arrow,HIGH
0006716,0.7854684265980945,batch_1300-1400.arrow,HIGH
0006717,0.7077318016442301,batch_1300-1400.arrow,HIGH
0006719,0.8229322107234885,batch_1300-1400.arrow,HIGH
0006720,0.7080467096937891,batch_1300-1400.arrow,HIGH
0006721,0.7493569245762908,batch_1300-1400.arrow,HIGH
0006722,0.14688904024550956,batch_1300-1400.arrow,LOW
0006723,0.255449614695171,batch_1300-1400.arrow,LOW
0006724,0.7270298367141642,batch_1300-1400.arrow,HIGH
0006725,0.44347146702101115,batch_1300-1400.arrow,LOW
0006726,0.7262131301875018,batch_1300-1400.arrow,HIGH
0006727,0.7503146138100657,batch_1300-1400.arrow,HIGH
0006728,0.05700716812942861,batch_1300-1400.arrow,LOW
0006729,0.06219579876911923,batch_1300-1400.arrow,LOW
0006730,0.10915894609686128,batch_1300-1400.arrow,LOW
0006731,0.3574157445404624,batch_1300-1400.arrow,LOW
0006734,0.6974468629489788,batch_1300-1400.arrow,HIGH
0006736,0.4394409086820235,batch_1300-1400.arrow,LOW
0006737,0.7585624042548127,batch_1300-1400.arrow,HIGH
0006738,0.7678438041302758,batch_1300-1400.arrow,HIGH
0006739,0.5362201794404259,batch_1300-1400.arrow,LOW
0006740,0.44100770894577734,batch_1300-1400.arrow,LOW
0006741,0.05352210000018842,batch_1300-1400.arrow,LOW
0006742,0.5494782746651735,batch_1300-1400.arrow,LOW
0006743,0.6232119239949062,batch_1300-1400.arrow,HIGH
0006744,0.8058857949700012,batch_1300-1400.arrow,HIGH
0006745,0.7821064072642185,batch_1300-1400.arrow,HIGH
0006747,0.5952135810183109,batch_1300-1400.arrow,LOW
0006750,0.6082224242203952,batch_1300-1400.arrow,HIGH
0006751,0.7243372061123523,batch_1300-1400.arrow,HIGH
0006752,0.5205394605884142,batch_1300-1400.arrow,LOW
0006753,0.7417186174633148,batch_1300-1400.arrow,HIGH
0006754,0.7781196122528068,batch_1300-1400.arrow,HIGH
0006756,0.6594741047252238,batch_1300-1400.arrow,HIGH
0006757,0.6022529569818315,batch_1300-1400.arrow,HIGH
0006758,0.465858192151642,batch_1300-1400.arrow,LOW
0006761,0.6862259757513742,batch_1300-1400.arrow,HIGH
0006762,0.7166003581301298,batch_1300-1400.arrow,HIGH
0006763,0.08191334758944337,batch_1300-1400.arrow,LOW
0006764,0.46346264600572423,batch_1300-1400.arrow,LOW
0006765,0.6618756665630251,batch_1300-1400.arrow,HIGH
0006766,0.23383685971655824,batch_1300-1400.arrow,LOW
0006767,0.6374287869994463,batch_1300-1400.arrow,HIGH
0006768,0.7270570274664717,batch_1300-1400.arrow,HIGH
0006769,0.5553303212177958,batch_1300-1400.arrow,LOW
0006770,0.14430806215568484,batch_1300-1400.arrow,LOW
0006771,0.05841304687338228,batch_1300-1400.arrow,LOW
0006772,0.7589142306364399,batch_1300-1400.arrow,HIGH
0006774,0.7290215366071328,batch_1300-1400.arrow,HIGH
0006775,0.872974096237917,batch_1300-1400.arrow,HIGH
0006776,0.7431368867183773,batch_1300-1400.arrow,HIGH
0006778,0.2571016176602621,batch_1300-1400.arrow,LOW
0006779,0.6641200828451966,batch_1300-1400.arrow,HIGH
0006780,0.8119130976586674,batch_1300-1400.arrow,HIGH
0006782,0.7255421631765347,batch_1300-1400.arrow,HIGH
0006784,0.8223456606153349,batch_1300-1400.arrow,HIGH
0006785,0.7401394485670528,batch_1300-1400.arrow,HIGH
0006786,0.7445903393901586,batch_1300-1400.arrow,HIGH
0006787,0.8700425644153778,batch_1300-1400.arrow,HIGH
0006788,0.718681860535602,batch_1300-1400.arrow,HIGH
0006790,0.8144186312019336,batch_1300-1400.arrow,HIGH
0006791,0.5011231998570606,batch_1300-1400.arrow,LOW
0006792,0.6671273986649365,batch_1300-1400.arrow,HIGH
0006794,0.13572884890223105,batch_1300-1400.arrow,LOW
0006795,0.5456732630423796,batch_1300-1400.arrow,LOW
0006796,0.5295262659640576,batch_1300-1400.arrow,LOW
0006797,0.8677657267890923,batch_1300-1400.arrow,HIGH
0006798,0.5749595301616693,batch_1300-1400.arrow,LOW
0006799,0.34906853565133744,batch_1300-1400.arrow,LOW
0006800,0.7053008333320797,batch_1300-1400.arrow,HIGH
0006801,0.6233662375494148,batch_1300-1400.arrow,HIGH
0006803,0.637005779409095,batch_1300-1400.arrow,HIGH
0006805,0.6977347135224715,batch_1300-1400.arrow,HIGH
0006806,0.46318670184890637,batch_1300-1400.arrow,LOW
0006807,0.7952076150486073,batch_1300-1400.arrow,HIGH
0006808,0.726015403154455,batch_1300-1400.arrow,HIGH
0006809,0.7779213962350401,batch_1300-1400.arrow,HIGH
0006810,0.4398212062051006,batch_1300-1400.arrow,LOW
0006811,0.6118214817823181,batch_1300-1400.arrow,HIGH
0006812,0.7068357965687423,batch_1400-1500.arrow,HIGH
0006813,0.7820272902204205,batch_1400-1500.arrow,HIGH
0006815,0.5044043513433464,batch_1400-1500.arrow,LOW
0006817,0.4830275753771133,batch_1400-1500.arrow,LOW
0006818,0.6785633869027263,batch_1400-1500.arrow,HIGH
0006819,0.34508150838735085,batch_1400-1500.arrow,LOW
0006820,0.6135602268024333,batch_1400-1500.arrow,HIGH
0006822,0.6292853025655011,batch_1400-1500.arrow,HIGH
0006823,0.14349421766720072,batch_1400-1500.arrow,LOW
0006824,0.7362683889827656,batch_1400-1500.arrow,HIGH
0006827,0.819261979848647,batch_1400-1500.arrow,HIGH
0006828,0.7750300006345503,batch_1400-1500.arrow,HIGH
0006829,0.29013855115890735,batch_1400-1500.arrow,LOW
0006830,0.7509535823422039,batch_1400-1500.arrow,HIGH
0006831,0.24970810030433702,batch_1400-1500.arrow,LOW
0006832,0.4751810805018975,batch_1400-1500.arrow,LOW
0006833,0.023699682070126266,batch_1400-1500.arrow,LOW
0006834,0.09578255293551113,batch_1400-1500.arrow,LOW
0006835,0.7899861194251763,batch_1400-1500.arrow,HIGH
0006838,0.46732661735217373,batch_1400-1500.arrow,LOW
0006839,0.585746334698666,batch_1400-1500.arrow,LOW
0006842,0.07924772126081525,batch_1400-1500.arrow,LOW
0006843,0.3036152270732085,batch_1400-1500.arrow,LOW
0006844,0.3305566317319602,batch_1400-1500.arrow,LOW
0006845,0.31223729538345585,batch_1400-1500.arrow,LOW
0006846,0.6571367400096567,batch_1400-1500.arrow,HIGH
0006847,0.07883858314532173,batch_1400-1500.arrow,LOW
0006848,0.57246468091276,batch_1400-1500.arrow,LOW
0006849,0.40128971543034003,batch_1400-1500.arrow,LOW
0006850,0.7649711752344563,batch_1400-1500.arrow,HIGH
0006853,0.91234809626811,batch_1400-1500.arrow,HIGH
0006854,0.7099864784042986,batch_1400-1500.arrow,HIGH
0006855,0.6904751736830907,batch_1400-1500.arrow,HIGH
0006856,0.7936027403670444,batch_1400-1500.arrow,HIGH
0006857,0.7537265605043837,batch_1400-1500.arrow,HIGH
0006858,0.6999600834791515,batch_1400-1500.arrow,HIGH
0006859,0.7501491726534933,batch_1400-1500.arrow,HIGH
0006860,0.7190313620982097,batch_1400-1500.arrow,HIGH
0006861,0.7131525754662366,batch_1400-1500.arrow,HIGH
0006863,0.8385990583583426,batch_1400-1500.arrow,HIGH
0006864,0.7347160617529057,batch_1400-1500.arrow,HIGH
0006865,0.7287973656984613,batch_1400-1500.arrow,HIGH
0006866,0.6314908761055135,batch_1400-1500.arrow,HIGH
0006867,0.5285476892993103,batch_1400-1500.arrow,LOW
0006868,0.761580167875585,batch_1400-1500.arrow,HIGH
0006869,0.650320558280069,batch_1400-1500.arrow,HIGH
0006870,0.734693743726419,batch_1400-1500.arrow,HIGH
0006873,0.6447677701918116,batch_1400-1500.arrow,HIGH
0006874,0.8011091766492414,batch_1400-1500.arrow,HIGH
0006875,0.7511394417401327,batch_1400-1500.arrow,HIGH
0006876,0.7054056010180964,batch_1400-1500.arrow,HIGH
0006879,0.5058546312109702,batch_1400-1500.arrow,LOW
0006880,0.8114646108439175,batch_1400-1500.arrow,HIGH
0006881,0.6879514102539629,batch_1400-1500.arrow,HIGH
0006882,0.6161360024934458,batch_1400-1500.arrow,HIGH
0006884,0.660750737655277,batch_1400-1500.arrow,HIGH
0006885,0.43724860538138105,batch_1400-1500.arrow,LOW
0006886,0.8305978733479451,batch_1400-1500.arrow,HIGH
0006887,0.6019961274943874,batch_1400-1500.arrow,HIGH
0006888,0.0994367043302301,batch_1400-1500.arrow,LOW
0006889,0.8408412762682648,batch_1400-1500.arrow,HIGH
0006890,0.39171844966097574,batch_1400-1500.arrow,LOW
0006891,0.6523206074943401,batch_1400-1500.arrow,HIGH
0006892,0.7688052890849507,batch_1400-1500.arrow,HIGH
0006893,0.7865546600479715,batch_1400-1500.arrow,HIGH
0006894,0.1407781083027094,batch_1400-1500.arrow,LOW
0006897,0.6320453019655697,batch_1400-1500.arrow,HIGH
0006899,0.6636352444451262,batch_1400-1500.arrow,HIGH
0006901,0.5880159842523957,batch_1400-1500.arrow,LOW
0006902,0.8206372997160326,batch_1400-1500.arrow,HIGH
0006903,0.7338858443219411,batch_1400-1500.arrow,HIGH
0006905,0.4726223533717178,batch_1400-1500.arrow,LOW
0006906,0.5463703188078575,batch_1400-1500.arrow,LOW
0006908,0.7018280444202959,batch_1400-1500.arrow,HIGH
0006909,0.40089363365203345,batch_1400-1500.arrow,LOW
0006910,0.5181735009275136,batch_1400-1500.arrow,LOW
0006911,0.04453751396238268,batch_1400-1500.arrow,LOW
0006912,0.7612077629131502,batch_1400-1500.arrow,HIGH
0006913,0.5093352784841015,batch_1400-1500.arrow,LOW
0006914,0.7262939372848187,batch_1400-1500.arrow,HIGH
0006915,0.0995428681336198,batch_1400-1500.arrow,LOW
0006916,0.7469626396660983,batch_1400-1500.arrow,HIGH
0006917,0.6709176077754316,batch_1400-1500.arrow,HIGH
0006918,0.8285524345829344,batch_1400-1500.arrow,HIGH
0006920,0.7061057150471082,batch_1400-1500.arrow,HIGH
0006921,0.6286571503158171,batch_1400-1500.arrow,HIGH
0006922,0.5086145129331711,batch_1400-1500.arrow,LOW
0006923,0.7047749596856523,batch_1400-1500.arrow,HIGH
0006924,0.6864691885874658,batch_1400-1500.arrow,HIGH
0006925,0.23906065938670684,batch_1400-1500.arrow,LOW
0006926,0.5715101235449637,batch_1400-1500.arrow,LOW
0006927,0.7819169931968611,batch_1400-1500.arrow,HIGH
0006928,0.47834230134925065,batch_1400-1500.arrow,LOW
0006929,0.8284042718800935,batch_1400-1500.arrow,HIGH
0006930,0.727628615656598,batch_1400-1500.arrow,HIGH
0006931,0.6340033273760005,batch_1400-1500.arrow,HIGH
0006932,0.7085769381517514,batch_1400-1500.arrow,HIGH
0006933,0.07275309162475546,batch_1400-1500.arrow,LOW
0006935,0.7052368839912014,batch_1500-1600.arrow,HIGH
0006936,0.13401504448306487,batch_1500-1600.arrow,LOW
0006937,0.6238854027403189,batch_1500-1600.arrow,HIGH
0006938,0.6019049278427945,batch_1500-1600.arrow,HIGH
0006939,0.5511597888933953,batch_1500-1600.arrow,LOW
0006940,0.6388301767732796,batch_1500-1600.arrow,HIGH
0006941,0.8360930969700355,batch_1500-1600.arrow,HIGH
0006942,0.8140946365155152,batch_1500-1600.arrow,HIGH
0006944,0.7113136106124088,batch_1500-1600.arrow,HIGH
0006946,0.01960811806531956,batch_1500-1600.arrow,LOW
0006947,0.525200325907286,batch_1500-1600.arrow,LOW
0006948,0.7442412277683762,batch_1500-1600.arrow,HIGH
0006951,0.6608603230743434,batch_1500-1600.arrow,HIGH
0006952,0.5922298625529416,batch_1500-1600.arrow,LOW
0006953,0.8065540049479797,batch_1500-1600.arrow,HIGH
0006954,0.36093097469934393,batch_1500-1600.arrow,LOW
0006955,0.7093053449123702,batch_1500-1600.arrow,HIGH
0006956,0.7547520543416142,batch_1500-1600.arrow,HIGH
0006957,0.4865308055984931,batch_1500-1600.arrow,LOW
0006958,0.7802543437232842,batch_1500-1600.arrow,HIGH
0006959,0.8011099430324666,batch_1500-1600.arrow,HIGH
0006960,0.8153546000879448,batch_1500-1600.arrow,HIGH
0006961,0.4307791627439654,batch_1500-1600.arrow,LOW
0006962,0.6756215330278179,batch_1500-1600.arrow,HIGH
0006964,0.6981793481188604,batch_1500-1600.arrow,HIGH
0006966,0.38458861821320306,batch_1500-1600.arrow,LOW
0006967,0.8588758527281692,batch_1500-1600.arrow,HIGH
0006968,0.6750124155077012,batch_1500-1600.arrow,HIGH
0006969,0.36082798461696486,batch_1500-1600.arrow,LOW
0006970,0.6986472442754182,batch_1500-1600.arrow,HIGH
0006972,0.667428864915865,batch_1500-1600.arrow,HIGH
0006973,0.6916087726620793,batch_1500-1600.arrow,HIGH
0006974,0.7790614427957525,batch_1500-1600.arrow,HIGH
0006975,0.6558787177059769,batch_1500-1600.arrow,HIGH
0006977,0.31120665630355115,batch_1500-1600.arrow,LOW
0006979,0.6589741414982732,batch_1500-1600.arrow,HIGH
0006980,0.7573815630117652,batch_1500-1600.arrow,HIGH
0006981,0.20980456497915534,batch_1500-1600.arrow,LOW
0006982,0.6123746438610863,batch_1500-1600.arrow,HIGH
0006983,0.7344273669616804,batch_1500-1600.arrow,HIGH
0006984,0.6912812315643407,batch_1500-1600.arrow,HIGH
0006985,0.6532352285638311,batch_1500-1600.arrow,HIGH
0006986,0.7188965482155519,batch_1500-1600.arrow,HIGH
0006987,0.7684990771233794,batch_1500-1600.arrow,HIGH
0006988,0.6271055055625335,batch_1500-1600.arrow,HIGH
0006989,0.7317040554293689,batch_1500-1600.arrow,HIGH
0006990,0.7708685329978127,batch_1500-1600.arrow,HIGH
0006991,0.29840225754807975,batch_1500-1600.arrow,LOW
0006992,0.1479914171380666,batch_1500-1600.arrow,LOW
0006993,0.6174965007917029,batch_1500-1600.arrow,HIGH
0006994,0.7101389420831957,batch_1500-1600.arrow,HIGH
0006995,0.05597203431115253,batch_1500-1600.arrow,LOW
0006996,0.6596049137252034,batch_1500-1600.arrow,HIGH
0006997,0.7065929032522815,batch_1500-1600.arrow,HIGH
0006998,0.6660181955153013,batch_1500-1600.arrow,HIGH
0006999,0.43156726069008927,batch_1500-1600.arrow,LOW
0007001,0.737244787039726,batch_1500-1600.arrow,HIGH
0007003,0.4240957843041957,batch_1500-1600.arrow,LOW
0007004,0.6781908838349331,batch_1500-1600.arrow,HIGH
0007005,0.5432209714378397,batch_1500-1600.arrow,LOW
0007006,0.38158701183755067,batch_1500-1600.arrow,LOW
0007010,0.1805028863036299,batch_1500-1600.arrow,LOW
0007011,0.6555766385947056,batch_1500-1600.arrow,HIGH
0007012,0.8341999221172514,batch_1500-1600.arrow,HIGH
0007013,0.27423185471086997,batch_1500-1600.arrow,LOW
0007014,0.6873558131074825,batch_1500-1600.arrow,HIGH
0007015,0.7347254849043744,batch_1500-1600.arrow,HIGH
0007016,0.5423702808496031,batch_1500-1600.arrow,LOW
0007017,0.3408477575536207,batch_1500-1600.arrow,LOW
0007018,0.3834102460449748,batch_1500-1600.arrow,LOW
0007019,0.5269585247501167,batch_1500-1600.arrow,LOW
0007020,0.7843316584717132,batch_1500-1600.arrow,HIGH
0007022,0.8187183893416415,batch_1500-1600.arrow,HIGH
0007023,0.8076032115234915,batch_1500-1600.arrow,HIGH
0007024,0.7831660544468019,batch_1500-1600.arrow,HIGH
0007025,0.775101854408632,batch_1500-1600.arrow,HIGH
0007026,0.7025513975119839,batch_1500-1600.arrow,HIGH
0007027,0.6804183195668391,batch_1500-1600.arrow,HIGH
0007028,0.28841463984692894,batch_1500-1600.arrow,LOW
0007029,0.7712629929257969,batch_1500-1600.arrow,HIGH
0007030,0.20386384952300704,batch_1500-1600.arrow,LOW
0007032,0.7925272369871532,batch_1500-1600.arrow,HIGH
0007033,0.48709349057665735,batch_1500-1600.arrow,LOW
0007037,0.7584001559103283,batch_1500-1600.arrow,HIGH
0007039,0.630753796207817,batch_1500-1600.arrow,HIGH
0007041,0.7219400794686757,batch_1500-1600.arrow,HIGH
0007043,0.40387388746711794,batch_1500-1600.arrow,LOW
0007044,0.36530261989992946,batch_1500-1600.arrow,LOW
0007047,0.7841082344373435,batch_1500-1600.arrow,HIGH
0007048,0.6911284127947797,batch_1500-1600.arrow,HIGH
0007052,0.11204067455716006,batch_1500-1600.arrow,LOW
0007053,0.6485505540376716,batch_1500-1600.arrow,HIGH
0007054,0.7965577020144448,batch_1500-1600.arrow,HIGH
0007057,0.7741347125822241,batch_1500-1600.arrow,HIGH
0007058,0.7112779882028454,batch_1500-1600.arrow,HIGH
0007059,0.7831040338900545,batch_1500-1600.arrow,HIGH
0007060,0.5760445371541568,batch_1500-1600.arrow,LOW
0007061,0.7584736594729953,batch_1500-1600.arrow,HIGH
0007063,0.7422732976392478,batch_1500-1600.arrow,HIGH
0007064,0.1419527070421874,batch_1600-1700.arrow,LOW
0007066,0.6946324399665021,batch_1600-1700.arrow,HIGH
0007067,0.29141202632306545,batch_1600-1700.arrow,LOW
0007068,0.6400207960243375,batch_1600-1700.arrow,HIGH
0007069,0.4268752185587981,batch_1600-1700.arrow,LOW
0007071,0.4201560486241502,batch_1600-1700.arrow,LOW
0007072,0.6842884118323411,batch_1600-1700.arrow,HIGH
0007073,0.5258868963892654,batch_1600-1700.arrow,LOW
0007074,0.7230328167703588,batch_1600-1700.arrow,HIGH
0007075,0.7557470144290477,batch_1600-1700.arrow,HIGH
0007078,0.7530071743028227,batch_1600-1700.arrow,HIGH
0007079,0.7904092283782279,batch_1600-1700.arrow,HIGH
0007080,0.6330481834469619,batch_1600-1700.arrow,HIGH
0007081,0.30849291017769587,batch_1600-1700.arrow,LOW
0007084,0.8527452264936032,batch_1600-1700.arrow,HIGH
0007085,0.6313983219657696,batch_1600-1700.arrow,HIGH
0007086,0.8222964193733927,batch_1600-1700.arrow,HIGH
0007087,0.36042388108628504,batch_1600-1700.arrow,LOW
0007088,0.2547909798523133,batch_1600-1700.arrow,LOW
0007089,0.7942125623633928,batch_1600-1700.arrow,HIGH
0007091,0.11795028907325979,batch_1600-1700.arrow,LOW
0007092,0.6108128814878963,batch_1600-1700.arrow,HIGH
0007094,0.027106371047369137,batch_1600-1700.arrow,LOW
0007095,0.6908665681583944,batch_1600-1700.arrow,HIGH
0007096,0.5754566541957911,batch_1600-1700.arrow,LOW
0007097,0.7553707170413958,batch_1600-1700.arrow,HIGH
0007100,0.7344812132171077,batch_1600-1700.arrow,HIGH
0007101,0.7004165960483929,batch_1600-1700.arrow,HIGH
0007102,0.7180741657900841,batch_1600-1700.arrow,HIGH
0007105,0.838650878555644,batch_1600-1700.arrow,HIGH
0007107,0.7166688714016679,batch_1600-1700.arrow,HIGH
0007108,0.6050265025449985,batch_1600-1700.arrow,HIGH
0007109,0.49200422032351043,batch_1600-1700.arrow,LOW
0007110,0.4342900475832494,batch_1600-1700.arrow,LOW
0007111,0.6922457283374971,batch_1600-1700.arrow,HIGH
0007112,0.7900993200448861,batch_1600-1700.arrow,HIGH
0007113,0.7050465962015183,batch_1600-1700.arrow,HIGH
0007114,0.8052107312509338,batch_1600-1700.arrow,HIGH
0007115,0.16101699251136262,batch_1600-1700.arrow,LOW
0007116,0.5717998561250646,batch_1600-1700.arrow,LOW
0007117,0.3929547549454238,batch_1600-1700.arrow,LOW
0007118,0.7959069670020374,batch_1600-1700.arrow,HIGH
0007119,0.3791363477062178,batch_1600-1700.arrow,LOW
0007122,0.7324791563498737,batch_1600-1700.arrow,HIGH
0007123,0.5677561386397064,batch_1600-1700.arrow,LOW
0007124,0.8220662909305143,batch_1600-1700.arrow,HIGH
0007126,0.525699309020076,batch_1600-1700.arrow,LOW
0007128,0.5312569200882173,batch_1600-1700.arrow,LOW
0007132,0.743888211700373,batch_1600-1700.arrow,HIGH
0007134,0.44338793367309454,batch_1600-1700.arrow,LOW
0007135,0.7049146485653317,batch_1600-1700.arrow,HIGH
0007136,0.6821242021154497,batch_1600-1700.arrow,HIGH
0007137,0.8684246808878505,batch_1600-1700.arrow,HIGH
0007140,0.7209078199122635,batch_1600-1700.arrow,HIGH
0007141,0.7954152432776583,batch_1600-1700.arrow,HIGH
0007142,0.3941277950407293,batch_1600-1700.arrow,LOW
0007143,0.6330435001899362,batch_1600-1700.arrow,HIGH
0007144,0.6488419674131294,batch_1600-1700.arrow,HIGH
0007145,0.8100814622078404,batch_1600-1700.arrow,HIGH
0007146,0.5215501676518869,batch_1600-1700.arrow,LOW
0007148,0.1141088175630278,batch_1600-1700.arrow,LOW
0007149,0.6790122822278484,batch_1600-1700.arrow,HIGH
0007152,0.6545193317049964,batch_1600-1700.arrow,HIGH
0007154,0.5680489603239823,batch_1600-1700.arrow,LOW
0007155,0.7889132627179113,batch_1600-1700.arrow,HIGH
0007156,0.6207161023927313,batch_1600-1700.arrow,HIGH
0007157,0.3359775129512596,batch_1600-1700.arrow,LOW
0007158,0.6927636296457681,batch_1600-1700.arrow,HIGH
0007159,0.7207637404440207,batch_1600-1700.arrow,HIGH
0007160,0.6057643326802027,batch_1600-1700.arrow,HIGH
0007163,0.691800593913118,batch_1600-1700.arrow,HIGH
0007165,0.35462641174925885,batch_1600-1700.arrow,LOW
0007166,0.7449139424744095,batch_1600-1700.arrow,HIGH
0007167,0.559733571138845,batch_1600-1700.arrow,LOW
0007168,0.7540142429556452,batch_1600-1700.arrow,HIGH
0007170,0.2725469633635577,batch_1600-1700.arrow,LOW
0007171,0.6978030861793184,batch_1600-1700.arrow,HIGH
0007172,0.734609394975631,batch_1600-1700.arrow,HIGH
0007174,0.7541499884673261,batch_1600-1700.arrow,HIGH
0007175,0.2946743926359377,batch_1600-1700.arrow,LOW
0007178,0.47648934441693513,batch_1600-1700.arrow,LOW
0007179,0.6704613999003787,batch_1600-1700.arrow,HIGH
0007180,0.620752248244464,batch_1600-1700.arrow,HIGH
0007181,0.6207782682752602,batch_1600-1700.arrow,HIGH
0007182,0.6354381039385596,batch_1600-1700.arrow,HIGH
0007185,0.5228775904218782,batch_1600-1700.arrow,LOW
0007186,0.3334678123669648,batch_1600-1700.arrow,LOW
0007187,0.6935184441831937,batch_1600-1700.arrow,HIGH
0007188,0.5876513853426236,batch_1600-1700.arrow,LOW
0007189,0.7547921991684499,batch_1600-1700.arrow,HIGH
0007191,0.7417919187966785,batch_1600-1700.arrow,HIGH
0007192,0.613756941385264,batch_1600-1700.arrow,HIGH
0007193,0.7904820656299956,batch_1600-1700.arrow,HIGH
0007194,0.7086576479694222,batch_1600-1700.arrow,HIGH
0007195,0.4126438027735362,batch_1600-1700.arrow,LOW
0007196,0.7170026336209716,batch_1600-1700.arrow,HIGH
0007197,0.6751042009803069,batch_1600-1700.arrow,HIGH
0007198,0.5126861622204151,batch_1600-1700.arrow,LOW
0007199,0.8002328020413798,batch_1600-1700.arrow,HIGH
0007320,0.6971229587291615,batch_1800-1900.arrow,HIGH
0007322,0.8330731614525039,batch_1800-1900.arrow,HIGH
0007323,0.5562287966363065,batch_1800-1900.arrow,LOW
0007324,0.38389016331889697,batch_1800-1900.arrow,LOW
0007325,0.7600815296747502,batch_1800-1900.arrow,HIGH
0007326,0.6876075525101563,batch_1800-1900.arrow,HIGH
0007327,0.46876672941322267,batch_1800-1900.arrow,LOW
0007328,0.5825332662278361,batch_1800-1900.arrow,LOW
0007330,0.4222598912250095,batch_1800-1900.arrow,LOW
0007331,0.6209007753250853,batch_1800-1900.arrow,HIGH
0007332,0.7294674939981555,batch_1800-1900.arrow,HIGH
0007333,0.025532484210102274,batch_1800-1900.arrow,LOW
0007334,0.6378075977777652,batch_1800-1900.arrow,HIGH
0007335,0.5650100368577609,batch_1800-1900.arrow,LOW
0007336,0.7583301796169866,batch_1800-1900.arrow,HIGH
0007337,0.5946133881955229,batch_1800-1900.arrow,LOW
0007338,0.2103530350942031,batch_1800-1900.arrow,LOW
0007339,0.2842430819519231,batch_1800-1900.arrow,LOW
0007341,0.7894091461855343,batch_1800-1900.arrow,HIGH
0007344,0.7409007038902721,batch_1800-1900.arrow,HIGH
0007345,0.8102611217878791,batch_1800-1900.arrow,HIGH
0007346,0.6744872850859647,batch_1800-1900.arrow,HIGH
0007347,0.7751339077199315,batch_1800-1900.arrow,HIGH
0007348,0.11446515688958292,batch_1800-1900.arrow,LOW
0007349,0.7907674185102684,batch_1800-1900.arrow,HIGH
0007350,0.7411625002726656,batch_1800-1900.arrow,HIGH
0007352,0.32321618538619884,batch_1800-1900.arrow,LOW
0007353,0.813261944181444,batch_1800-1900.arrow,HIGH
0007354,0.5728501835657982,batch_1800-1900.arrow,LOW
0007356,0.8358049732209275,batch_1800-1900.arrow,HIGH
0007357,0.8171907560688445,batch_1800-1900.arrow,HIGH
0007358,0.07453061849783436,batch_1800-1900.arrow,LOW
0007359,0.5890148169832309,batch_1800-1900.arrow,LOW
0007360,0.6767949168172321,batch_1800-1900.arrow,HIGH
0007361,0.8039698384855184,batch_1800-1900.arrow,HIGH
0007363,0.6342684903917141,batch_1800-1900.arrow,HIGH
0007364,0.4802432610582897,batch_1800-1900.arrow,LOW
0007365,0.6080689599501378,batch_1800-1900.arrow,HIGH
0007367,0.8533101596844235,batch_1800-1900.arrow,HIGH
0007368,0.6502475857141162,batch_1800-1900.arrow,HIGH
0007369,0.6350106881789958,batch_1800-1900.arrow,HIGH
0007370,0.4400040553030648,batch_1800-1900.arrow,LOW
0007372,0.22703812550844216,batch_1800-1900.arrow,LOW
0007373,0.7403597997849957,batch_1800-1900.arrow,HIGH
0007374,0.3711762532432705,batch_1800-1900.arrow,LOW
0007375,0.21274856246285537,batch_1800-1900.arrow,LOW
0007377,0.6040541217416707,batch_1800-1900.arrow,HIGH
0007379,0.21733945842497535,batch_1800-1900.arrow,LOW
0007381,0.038120387955257976,batch_1800-1900.arrow,LOW
0007382,0.6065264859781979,batch_1800-1900.arrow,HIGH
0007384,0.19593504345697055,batch_1800-1900.arrow,LOW
0007385,0.3445090360969463,batch_1800-1900.arrow,LOW
0007386,0.6811042095476192,batch_1800-1900.arrow,HIGH
0007387,0.684781912365266,batch_1800-1900.arrow,HIGH
0007388,0.5965521524345493,batch_1800-1900.arrow,LOW
0007389,0.8376405991490014,batch_1800-1900.arrow,HIGH
0007390,0.705380686476917,batch_1800-1900.arrow,HIGH
0007391,0.7667941609243183,batch_1800-1900.arrow,HIGH
0007393,0.6633652580271243,batch_1800-1900.arrow,HIGH
0007394,0.8103992180012795,batch_1800-1900.arrow,HIGH
0007396,0.6437337727473419,batch_1800-1900.arrow,HIGH
0007397,0.8071613687386918,batch_1800-1900.arrow,HIGH
0007398,0.7074792356500846,batch_1800-1900.arrow,HIGH
0007399,0.8057324650185776,batch_1800-1900.arrow,HIGH
0007400,0.7131127395276046,batch_1800-1900.arrow,HIGH
0007401,0.37758792179506734,batch_1800-1900.arrow,LOW
0007402,0.7687168782798409,batch_1800-1900.arrow,HIGH
0007403,0.7208354825861466,batch_1800-1900.arrow,HIGH
0007405,0.6668308485245419,batch_1800-1900.arrow,HIGH
0007406,0.6308778307160626,batch_1800-1900.arrow,HIGH
0007407,0.5248062996875323,batch_1800-1900.arrow,LOW
0007408,0.5813118598843633,batch_1800-1900.arrow,LOW
0007409,0.765889655805965,batch_1800-1900.arrow,HIGH
0007410,0.5349345032319079,batch_1800-1900.arrow,LOW
0007411,0.7737620764495289,batch_1800-1900.arrow,HIGH
0007412,0.7565838203859437,batch_1800-1900.arrow,HIGH
0007414,0.029839205858243737,batch_1800-1900.arrow,LOW
0007417,0.7858523673845261,batch_1800-1900.arrow,HIGH
0007418,0.7753220350976147,batch_1800-1900.arrow,HIGH
0007420,0.8029329012784938,batch_1800-1900.arrow,HIGH
0007421,0.7682141723143373,batch_1800-1900.arrow,HIGH
0007422,0.6807866225619043,batch_1800-1900.arrow,HIGH
0007423,0.7282156615868708,batch_1800-1900.arrow,HIGH
0007426,0.6838101889519846,batch_1800-1900.arrow,HIGH
0007427,0.1475276328631991,batch_1800-1900.arrow,LOW
0007428,0.7693581838876321,batch_1800-1900.arrow,HIGH
0007429,0.5123281010884358,batch_1800-1900.arrow,LOW
0007430,0.5485921749248047,batch_1800-1900.arrow,LOW
0007431,0.8334231822382114,batch_1800-1900.arrow,HIGH
0007432,0.5777143086275851,batch_1800-1900.arrow,LOW
0007433,0.6733135938169074,batch_1800-1900.arrow,HIGH
0007434,0.7126271610843906,batch_1800-1900.arrow,HIGH
0007435,0.7919385471805372,batch_1800-1900.arrow,HIGH
0007436,0.19163023298842827,batch_1800-1900.arrow,LOW
0007437,0.4066531460555831,batch_1800-1900.arrow,LOW
0007438,0.47592191783502985,batch_1800-1900.arrow,LOW
0007439,0.728597129718643,batch_1800-1900.arrow,HIGH
0007440,0.687410831518342,batch_1800-1900.arrow,HIGH
0007441,0.7979335111672031,batch_1800-1900.arrow,HIGH
0007442,0.7662786222846524,batch_1900-2000.arrow,HIGH
0007443,0.739299269698365,batch_1900-2000.arrow,HIGH
0007444,0.8016588015044451,batch_1900-2000.arrow,HIGH
0007445,0.5702912016518201,batch_1900-2000.arrow,LOW
0007447,0.38189014795364695,batch_1900-2000.arrow,LOW
0007448,0.475831459488411,batch_1900-2000.arrow,LOW
0007449,0.5830532962583183,batch_1900-2000.arrow,LOW
0007450,0.7406424337017322,batch_1900-2000.arrow,HIGH
0007452,0.7618527996499315,batch_1900-2000.arrow,HIGH
0007453,0.732588453097787,batch_1900-2000.arrow,HIGH
0007457,0.7103099645872354,batch_1900-2000.arrow,HIGH
0007458,0.4443413156190914,batch_1900-2000.arrow,LOW
0007459,0.6669164515537879,batch_1900-2000.arrow,HIGH
0007460,0.6741056288608149,batch_1900-2000.arrow,HIGH
0007461,0.7879744741430602,batch_1900-2000.arrow,HIGH
0007464,0.8512173342070533,batch_1900-2000.arrow,HIGH
0007465,0.40064710721321184,batch_1900-2000.arrow,LOW
0007466,0.008522837095929832,batch_1900-2000.arrow,LOW
0007467,0.7275270780813043,batch_1900-2000.arrow,HIGH
0007468,0.8099501717128392,batch_1900-2000.arrow,HIGH
0007469,0.7394219412001242,batch_1900-2000.arrow,HIGH
0007471,0.6418861086225048,batch_1900-2000.arrow,HIGH
0007472,0.4616958091126553,batch_1900-2000.arrow,LOW
0007473,0.8404926515374082,batch_1900-2000.arrow,HIGH
0007474,0.7570163640965452,batch_1900-2000.arrow,HIGH
0007475,0.16662872482893787,batch_1900-2000.arrow,LOW
0007476,0.448830541532413,batch_1900-2000.arrow,LOW
0007478,0.8202232828779489,batch_1900-2000.arrow,HIGH
0007479,0.720303381995263,batch_1900-2000.arrow,HIGH
0007480,0.6247195087635747,batch_1900-2000.arrow,HIGH
0007481,0.2405214373143986,batch_1900-2000.arrow,LOW
0007482,0.6672038343335386,batch_1900-2000.arrow,HIGH
0007483,0.6434669220242535,batch_1900-2000.arrow,HIGH
0007484,0.7648730959091149,batch_1900-2000.arrow,HIGH
0007485,0.7781044613563318,batch_1900-2000.arrow,HIGH
0007486,0.4416521955849331,batch_1900-2000.arrow,LOW
0007487,0.6046692301129073,batch_1900-2000.arrow,HIGH
0007488,0.3629633695975911,batch_1900-2000.arrow,LOW
0007491,0.12368060872243443,batch_1900-2000.arrow,LOW
0007492,0.47875278867983,batch_1900-2000.arrow,LOW
0007494,0.7452310865606635,batch_1900-2000.arrow,HIGH
0007495,0.7149197254919475,batch_1900-2000.arrow,HIGH
0007496,0.745482909766821,batch_1900-2000.arrow,HIGH
0007497,0.79205067315083,batch_1900-2000.arrow,HIGH
0007498,0.781088091916624,batch_1900-2000.arrow,HIGH
0007501,0.8435963815710353,batch_1900-2000.arrow,HIGH
0007502,0.6603664248259431,batch_1900-2000.arrow,HIGH
0007503,0.7509806407150118,batch_1900-2000.arrow,HIGH
0007504,0.748194256046263,batch_1900-2000.arrow,HIGH
0007505,0.6034610927682061,batch_1900-2000.arrow,HIGH
0007506,0.6032404873035461,batch_1900-2000.arrow,HIGH
0007507,0.6105028578012749,batch_1900-2000.arrow,HIGH
0007510,0.6823999074748559,batch_1900-2000.arrow,HIGH
0007511,0.6949132101209176,batch_1900-2000.arrow,HIGH
0007512,0.8272978743043845,batch_1900-2000.arrow,HIGH
0007513,0.7487083554734449,batch_1900-2000.arrow,HIGH
0007516,0.20268741066955273,batch_1900-2000.arrow,LOW
0007517,0.5911684246280057,batch_1900-2000.arrow,LOW
0007519,0.6269015185759966,batch_1900-2000.arrow,HIGH
0007521,0.8397089227603974,batch_1900-2000.arrow,HIGH
0007522,0.5770560015020855,batch_1900-2000.arrow,LOW
0007523,0.5799694515802272,batch_1900-2000.arrow,LOW
0007524,0.6325673297337701,batch_1900-2000.arrow,HIGH
0007525,0.397994825730765,batch_1900-2000.arrow,LOW
0007526,0.777380113437903,batch_1900-2000.arrow,HIGH
0007527,0.4878440918720474,batch_1900-2000.arrow,LOW
0007529,0.8019032548141062,batch_1900-2000.arrow,HIGH
0007530,0.45492212626195583,batch_1900-2000.arrow,LOW
0007531,0.8131793657660481,batch_1900-2000.arrow,HIGH
0007532,0.7327400659445528,batch_1900-2000.arrow,HIGH
0007533,0.23752789992571147,batch_1900-2000.arrow,LOW
0007534,0.6937255204211095,batch_1900-2000.arrow,HIGH
0007535,0.7288756275005017,batch_1900-2000.arrow,HIGH
0007536,0.7659385975661769,batch_1900-2000.arrow,HIGH
0007537,0.48024323386773765,batch_1900-2000.arrow,LOW
0007538,0.6805630767627978,batch_1900-2000.arrow,HIGH
0007541,0.8478759036316382,batch_1900-2000.arrow,HIGH
0007542,0.8741186373491203,batch_1900-2000.arrow,HIGH
0007543,0.4871867826745859,batch_1900-2000.arrow,LOW
0007544,0.6744835100795804,batch_1900-2000.arrow,HIGH
0007545,0.6992427762087793,batch_1900-2000.arrow,HIGH
0007548,0.7186007288565941,batch_1900-2000.arrow,HIGH
0007549,0.3172248646086839,batch_1900-2000.arrow,LOW
0007551,0.450344774930094,batch_1900-2000.arrow,LOW
0007552,0.37522835985977565,batch_1900-2000.arrow,LOW
0007553,0.7500518426367299,batch_1900-2000.arrow,HIGH
0007554,0.7776975852990539,batch_1900-2000.arrow,HIGH
0007555,0.6396265759438884,batch_1900-2000.arrow,HIGH
0007556,0.780453699545043,batch_1900-2000.arrow,HIGH
0007557,0.6582252550613256,batch_1900-2000.arrow,HIGH
0007558,0.7637378984734579,batch_1900-2000.arrow,HIGH
0007559,0.5750943034964154,batch_1900-2000.arrow,LOW
0007560,0.5250785596415741,batch_1900-2000.arrow,LOW
0007561,0.4167018750369353,batch_1900-2000.arrow,LOW
0007562,0.6843016043878221,batch_1900-2000.arrow,HIGH
0007563,0.46341632029642543,batch_1900-2000.arrow,LOW
0007564,0.6451825521871212,batch_1900-2000.arrow,HIGH
0005134,0.6518416406330978,batch_200-300.arrow,HIGH
0005137,0.3755459814200602,batch_200-300.arrow,LOW
0005139,0.7566580312614445,batch_200-300.arrow,HIGH
0005140,0.5484762607441096,batch_200-300.arrow,LOW
0005141,0.8181050625688618,batch_200-300.arrow,HIGH
0005142,0.7465815953240434,batch_200-300.arrow,HIGH
0005143,0.09390438102993615,batch_200-300.arrow,LOW
0005146,0.04432738779599723,batch_200-300.arrow,LOW
0005147,0.6293384267487971,batch_200-300.arrow,HIGH
0005148,0.7851256121394528,batch_200-300.arrow,HIGH
0005149,0.2608052871031989,batch_200-300.arrow,LOW
0005150,0.4561292178563183,batch_200-300.arrow,LOW
0005151,0.3302833665989861,batch_200-300.arrow,LOW
0005153,0.6727373158640493,batch_200-300.arrow,HIGH
0005154,0.8171838633783728,batch_200-300.arrow,HIGH
0005155,0.11636150586051552,batch_200-300.arrow,LOW
0005156,0.7417940105079066,batch_200-300.arrow,HIGH
0005157,0.7851756388736885,batch_200-300.arrow,HIGH
0005158,0.6314707621911341,batch_200-300.arrow,HIGH
0005159,0.3267232172792387,batch_200-300.arrow,LOW
0005160,0.7276131101222632,batch_200-300.arrow,HIGH
0005162,0.2344126279985974,batch_200-300.arrow,LOW
0005163,0.5861122892756733,batch_200-300.arrow,LOW
0005166,0.7954683797012222,batch_200-300.arrow,HIGH
0005167,0.5994002522252295,batch_200-300.arrow,LOW
0005168,0.8002491223721783,batch_200-300.arrow,HIGH
0005169,0.6869748868307552,batch_200-300.arrow,HIGH
0005170,0.527378990837898,batch_200-300.arrow,LOW
0005171,0.7489438873232608,batch_200-300.arrow,HIGH
0005172,0.8354814726637448,batch_200-300.arrow,HIGH
0005173,0.4996252424275753,batch_200-300.arrow,LOW
0005174,0.5600751199873567,batch_200-300.arrow,LOW
0005175,0.35604141248695753,batch_200-300.arrow,LOW
0005176,0.7658093935500488,batch_200-300.arrow,HIGH
0005177,0.5675869601723691,batch_200-300.arrow,LOW
0005179,0.7720344419457662,batch_200-300.arrow,HIGH
0005180,0.8482764398175245,batch_200-300.arrow,HIGH
0005181,0.7855837598172605,batch_200-300.arrow,HIGH
0005182,0.11510428996868118,batch_200-300.arrow,LOW
0005184,0.7898780387344919,batch_200-300.arrow,HIGH
0005185,0.70829438245106,batch_200-300.arrow,HIGH
0005189,0.5270067898143581,batch_200-300.arrow,LOW
0005191,0.8408408114253133,batch_200-300.arrow,HIGH
0005197,0.5390434626373016,batch_200-300.arrow,LOW
0005198,0.34317861182653736,batch_200-300.arrow,LOW
0005200,0.8006235544285157,batch_200-300.arrow,HIGH
0005202,0.5068201205404842,batch_200-300.arrow,LOW
0005204,0.6482099910361742,batch_200-300.arrow,HIGH
0005205,0.8156562098551222,batch_200-300.arrow,HIGH
0005206,0.516787131762134,batch_200-300.arrow,LOW
0005209,0.7168818948736746,batch_200-300.arrow,HIGH
0005212,0.5896721366769841,batch_200-300.arrow,LOW
0005213,0.6796269890443102,batch_200-300.arrow,HIGH
0005215,0.7558263346055282,batch_200-300.arrow,HIGH
0005216,0.015552964988291952,batch_200-300.arrow,LOW
0005218,0.6953310475962136,batch_200-300.arrow,HIGH
0005220,0.7570551141984304,batch_200-300.arrow,HIGH
0005221,0.4940938572310072,batch_200-300.arrow,LOW
0005222,0.6687357714425839,batch_200-300.arrow,HIGH
0005223,0.7261784550923052,batch_200-300.arrow,HIGH
0005224,0.31235821446990936,batch_200-300.arrow,LOW
0005225,0.7483794399633199,batch_200-300.arrow,HIGH
0005226,0.602503077340486,batch_200-300.arrow,HIGH
0005227,0.7630463030550447,batch_200-300.arrow,HIGH
0005228,0.29238478663245937,batch_200-300.arrow,LOW
0005229,0.742761572522833,batch_200-300.arrow,HIGH
0005230,0.4783630465822424,batch_200-300.arrow,LOW
0005231,0.8339378806793917,batch_200-300.arrow,HIGH
0005233,0.3784110296622083,batch_200-300.arrow,LOW
0005234,0.6980337581828947,batch_200-300.arrow,HIGH
0005237,0.26803065230862594,batch_200-300.arrow,LOW
0005238,0.6396209850922036,batch_200-300.arrow,HIGH
0005239,0.13073495197044335,batch_200-300.arrow,LOW
0005240,0.5095667211629573,batch_200-300.arrow,LOW
0005241,0.8648716420899848,batch_200-300.arrow,HIGH
0005242,0.6026599136284325,batch_200-300.arrow,HIGH
0005244,0.7644235691333879,batch_200-300.arrow,HIGH
0005246,0.7165645358413474,batch_200-300.arrow,HIGH
0005248,0.8746611232511778,batch_200-300.arrow,HIGH
0005249,0.682429445610723,batch_200-300.arrow,HIGH
0005250,0.7501284675137607,batch_200-300.arrow,HIGH
0005251,0.7418566189906467,batch_200-300.arrow,HIGH
0005252,0.6889007051921204,batch_200-300.arrow,HIGH
0005255,0.811516915727923,batch_200-300.arrow,HIGH
0005258,0.6803664915896808,batch_200-300.arrow,HIGH
0005261,0.8408745810177646,batch_200-300.arrow,HIGH
0005262,0.7121872042756294,batch_200-300.arrow,HIGH
0005263,0.6514102842100254,batch_200-300.arrow,HIGH
0005264,0.22383933525585245,batch_200-300.arrow,LOW
0005265,0.8141425393718213,batch_200-300.arrow,HIGH
0005266,0.6894123653530274,batch_200-300.arrow,HIGH
0005267,0.5099035532729495,batch_200-300.arrow,LOW
0005269,0.7938087530880149,batch_200-300.arrow,HIGH
0005271,0.7197080218296966,batch_200-300.arrow,HIGH
0005272,0.7122380298031836,batch_200-300.arrow,HIGH
0005273,0.7253522924689163,batch_200-300.arrow,HIGH
0005274,0.8335014936930873,batch_200-300.arrow,HIGH
0005275,0.612298895747811,batch_200-300.arrow,HIGH
0005276,0.7290428557022414,batch_200-300.arrow,HIGH
0007566,0.8128904428190961,batch_2000-2100.arrow,HIGH
0007567,0.7217297825758978,batch_2000-2100.arrow,HIGH
0007568,0.6546544753232167,batch_2000-2100.arrow,HIGH
0007569,0.641038986169859,batch_2000-2100.arrow,HIGH
0007571,0.6982412029471238,batch_2000-2100.arrow,HIGH
0007572,0.8420962138687412,batch_2000-2100.arrow,HIGH
0007576,0.5106932944830808,batch_2000-2100.arrow,LOW
0007577,0.48323779520356847,batch_2000-2100.arrow,LOW
0007578,0.7860724771271558,batch_2000-2100.arrow,HIGH
0007579,0.6678259668983336,batch_2000-2100.arrow,HIGH
0007580,0.5980678005250665,batch_2000-2100.arrow,LOW
0007581,0.7030013439651265,batch_2000-2100.arrow,HIGH
0007582,0.5462266385166344,batch_2000-2100.arrow,LOW
0007584,0.547563562722201,batch_2000-2100.arrow,LOW
0007585,0.5963900246322226,batch_2000-2100.arrow,LOW
0007586,0.583507698310154,batch_2000-2100.arrow,LOW
0007588,0.7639690059954627,batch_2000-2100.arrow,HIGH
0007591,0.5539051717362541,batch_2000-2100.arrow,LOW
0007592,0.7909605087167088,batch_2000-2100.arrow,HIGH
0007593,0.021282123628319063,batch_2000-2100.arrow,LOW
0007594,0.7567670423191877,batch_2000-2100.arrow,HIGH
0007595,0.11271435277120745,batch_2000-2100.arrow,LOW
0007598,0.42982091529711663,batch_2000-2100.arrow,LOW
0007599,0.6838035351449699,batch_2000-2100.arrow,HIGH
0007600,0.5667031166615702,batch_2000-2100.arrow,LOW
0007601,0.658782306928316,batch_2000-2100.arrow,HIGH
0007602,0.4924824045528114,batch_2000-2100.arrow,LOW
0007605,0.8297632179026202,batch_2000-2100.arrow,HIGH
0007607,0.4443082947908055,batch_2000-2100.arrow,LOW
0007609,0.7596008095203698,batch_2000-2100.arrow,HIGH
0007611,0.6275280791399294,batch_2000-2100.arrow,HIGH
0007612,0.7795714066620767,batch_2000-2100.arrow,HIGH
0007613,0.23929934403626216,batch_2000-2100.arrow,LOW
0007616,0.2166176348296269,batch_2000-2100.arrow,LOW
0007618,0.7788306818698398,batch_2000-2100.arrow,HIGH
0007620,0.6443259171216427,batch_2000-2100.arrow,HIGH
0007621,0.45575909768310735,batch_2000-2100.arrow,LOW
0007625,0.6866647468386914,batch_2000-2100.arrow,HIGH
0007628,0.10863599247684601,batch_2000-2100.arrow,LOW
0007632,0.16130519426051187,batch_2000-2100.arrow,LOW
0007633,0.7988248566853783,batch_2000-2100.arrow,HIGH
0007634,0.541990418277833,batch_2000-2100.arrow,LOW
0007637,0.7947231547793607,batch_2000-2100.arrow,HIGH
0007638,0.6946690597393935,batch_2000-2100.arrow,HIGH
0007640,0.8221193722024426,batch_2000-2100.arrow,HIGH
0007641,0.26632187610700114,batch_2000-2100.arrow,LOW
0007642,0.7064433976319187,batch_2000-2100.arrow,HIGH
0007643,0.7505866041674444,batch_2000-2100.arrow,HIGH
0007644,0.02451835593332388,batch_2000-2100.arrow,LOW
0007646,0.7640504310624898,batch_2000-2100.arrow,HIGH
0007647,0.8321369000434826,batch_2000-2100.arrow,HIGH
0007648,0.2859601371203455,batch_2000-2100.arrow,LOW
0007649,0.6172384254072408,batch_2000-2100.arrow,HIGH
0007650,0.2621317790265539,batch_2000-2100.arrow,LOW
0007651,0.6736279942622206,batch_2000-2100.arrow,HIGH
0007654,0.5670444039942447,batch_2000-2100.arrow,LOW
0007655,0.020902033944026677,batch_2000-2100.arrow,LOW
0007656,0.7249063340723376,batch_2000-2100.arrow,HIGH
0007657,0.714763018810537,batch_2000-2100.arrow,HIGH
0007658,0.4106019486866506,batch_2000-2100.arrow,LOW
0007659,0.4428802078017404,batch_2000-2100.arrow,LOW
0007661,0.4854724294487571,batch_2000-2100.arrow,LOW
0007665,0.7960320321213814,batch_2000-2100.arrow,HIGH
0007666,0.4160042371317621,batch_2000-2100.arrow,LOW
0007669,0.30647153737066596,batch_2000-2100.arrow,LOW
0007670,0.6398775338719475,batch_2000-2100.arrow,HIGH
0007671,0.5928248851610731,batch_2000-2100.arrow,LOW
0007672,0.5381314919624648,batch_2000-2100.arrow,LOW
0007674,0.7470724624586197,batch_2000-2100.arrow,HIGH
0007675,0.8145666085825507,batch_2000-2100.arrow,HIGH
0007676,0.7473289071245514,batch_2000-2100.arrow,HIGH
0007677,0.33180311181790345,batch_2000-2100.arrow,LOW
0007678,0.766514208220046,batch_2000-2100.arrow,HIGH
0007679,0.49884036634726653,batch_2000-2100.arrow,LOW
0007681,0.7906272267530361,batch_2000-2100.arrow,HIGH
0007682,0.5194599553386107,batch_2000-2100.arrow,LOW
0007684,0.5433466042392877,batch_2000-2100.arrow,LOW
0007685,0.6145564532437379,batch_2000-2100.arrow,HIGH
0007686,0.6435504918833549,batch_2000-2100.arrow,HIGH
0007687,0.011513716047815802,batch_2000-2100.arrow,LOW
0007689,0.19671461728666764,batch_2000-2100.arrow,LOW
0007690,0.7777625254644458,batch_2000-2100.arrow,HIGH
0007691,0.7954482546893636,batch_2000-2100.arrow,HIGH
0007692,0.4567040836007095,batch_2000-2100.arrow,LOW
0007695,0.7769859072903645,batch_2000-2100.arrow,HIGH
0007697,0.767430988185636,batch_2000-2100.arrow,HIGH
0007699,0.6703945067502639,batch_2000-2100.arrow,HIGH
0007701,0.6419413604970403,batch_2000-2100.arrow,HIGH
0007702,0.8494908382965877,batch_2000-2100.arrow,HIGH
0007703,0.703758784435534,batch_2000-2100.arrow,HIGH
0007706,0.4913899795528689,batch_2000-2100.arrow,LOW
0007707,0.6485113563745365,batch_2000-2100.arrow,HIGH
0007708,0.6287750293130582,batch_2000-2100.arrow,HIGH
0007710,0.6731955044673669,batch_2000-2100.arrow,HIGH
0007711,0.9030571566184861,batch_2000-2100.arrow,HIGH
0007712,0.2091448092599765,batch_2000-2100.arrow,LOW
0007713,0.7011277594492471,batch_2000-2100.arrow,HIGH
0007717,0.8044468763759515,batch_2100-2200.arrow,HIGH
0007719,0.5742702107588619,batch_2100-2200.arrow,LOW
0007720,0.6887048454263446,batch_2100-2200.arrow,HIGH
0007721,0.4054968498794296,batch_2100-2200.arrow,LOW
0007722,0.2662620985774003,batch_2100-2200.arrow,LOW
0007723,0.4517835785103251,batch_2100-2200.arrow,LOW
0007724,0.5661854670254265,batch_2100-2200.arrow,LOW
0007725,0.6410198001448676,batch_2100-2200.arrow,HIGH
0007726,0.43707756400190734,batch_2100-2200.arrow,LOW
0007727,0.10713310365156786,batch_2100-2200.arrow,LOW
0007728,0.7966442562546999,batch_2100-2200.arrow,HIGH
0007729,0.6769167023191959,batch_2100-2200.arrow,HIGH
0007730,0.7514027499549321,batch_2100-2200.arrow,HIGH
0007733,0.8091357903575194,batch_2100-2200.arrow,HIGH
0007736,0.1866306967324105,batch_2100-2200.arrow,LOW
0007738,0.6110979186091999,batch_2100-2200.arrow,HIGH
0007739,0.03390890527548811,batch_2100-2200.arrow,LOW
0007740,0.004120834889519542,batch_2100-2200.arrow,LOW
0007742,0.6178892283190528,batch_2100-2200.arrow,HIGH
0007743,0.6449877389797027,batch_2100-2200.arrow,HIGH
0007744,0.11510236576802875,batch_2100-2200.arrow,LOW
0007745,0.7557507391041267,batch_2100-2200.arrow,HIGH
0007747,0.021148184273176676,batch_2100-2200.arrow,LOW
0007748,0.6334020916259281,batch_2100-2200.arrow,HIGH
0007750,0.2039612795996544,batch_2100-2200.arrow,LOW
0007751,0.7777417012548465,batch_2100-2200.arrow,HIGH
0007752,0.7525276314374972,batch_2100-2200.arrow,HIGH
0007753,0.35300447886835706,batch_2100-2200.arrow,LOW
0007756,0.04661114444221429,batch_2100-2200.arrow,LOW
0007757,0.36487843796713554,batch_2100-2200.arrow,LOW
0007758,0.7708548472124314,batch_2100-2200.arrow,HIGH
0007759,0.7330168669019264,batch_2100-2200.arrow,HIGH
0007760,0.7797752874935187,batch_2100-2200.arrow,HIGH
0007761,0.11380961025630872,batch_2100-2200.arrow,LOW
0007764,0.14063924216215856,batch_2100-2200.arrow,LOW
0007765,0.44219960077847037,batch_2100-2200.arrow,LOW
0007766,0.7667026869935096,batch_2100-2200.arrow,HIGH
0007768,0.2420966074860232,batch_2100-2200.arrow,LOW
0007769,0.48404487292540205,batch_2100-2200.arrow,LOW
0007770,0.6304611958644696,batch_2100-2200.arrow,HIGH
0007771,0.6881598680996722,batch_2100-2200.arrow,HIGH
0007772,0.6246100418771562,batch_2100-2200.arrow,HIGH
0007773,0.6482213585006925,batch_2100-2200.arrow,HIGH
0007774,0.7095735544117904,batch_2100-2200.arrow,HIGH
0007775,0.802338910183123,batch_2100-2200.arrow,HIGH
0007777,0.7472931495636356,batch_2100-2200.arrow,HIGH
0007781,0.7678367138990166,batch_2100-2200.arrow,HIGH
0007783,0.574312277626401,batch_2100-2200.arrow,LOW
0007784,0.37099341821450643,batch_2100-2200.arrow,LOW
0007785,0.6083810511544597,batch_2100-2200.arrow,HIGH
0007786,0.7988248016503215,batch_2100-2200.arrow,HIGH
0007787,0.8129372891890667,batch_2100-2200.arrow,HIGH
0007788,0.6006287983224613,batch_2100-2200.arrow,HIGH
0007789,0.6454368615263847,batch_2100-2200.arrow,HIGH
0007790,0.19482388370824835,batch_2100-2200.arrow,LOW
0007791,0.11630279067571116,batch_2100-2200.arrow,LOW
0007792,0.475166541584409,batch_2100-2200.arrow,LOW
0007794,0.21142498137201546,batch_2100-2200.arrow,LOW
0007795,0.47706542543487523,batch_2100-2200.arrow,LOW
0007796,0.7257788275997742,batch_2100-2200.arrow,HIGH
0007797,0.8520607300158636,batch_2100-2200.arrow,HIGH
0007798,0.333058341077664,batch_2100-2200.arrow,LOW
0007799,0.7990774431433877,batch_2100-2200.arrow,HIGH
0007801,0.5917135371679739,batch_2100-2200.arrow,LOW
0007802,0.812175247054478,batch_2100-2200.arrow,HIGH
0007803,0.70157380685121,batch_2100-2200.arrow,HIGH
0007804,0.7072159861080634,batch_2100-2200.arrow,HIGH
0007805,0.7986875063371969,batch_2100-2200.arrow,HIGH
0007806,0.5619495103940807,batch_2100-2200.arrow,LOW
0007807,0.5774453012892328,batch_2100-2200.arrow,LOW
0007808,0.4585202070149643,batch_2100-2200.arrow,LOW
0007810,0.7913286436926823,batch_2100-2200.arrow,HIGH
0007811,0.6033933623504174,batch_2100-2200.arrow,HIGH
0007812,0.5285018865003498,batch_2100-2200.arrow,LOW
0007814,0.6864156300165538,batch_2100-2200.arrow,HIGH
0007816,0.5721293392520215,batch_2100-2200.arrow,LOW
0007817,0.7969724305607048,batch_2100-2200.arrow,HIGH
0007818,0.2154571228304548,batch_2100-2200.arrow,LOW
0007819,0.7957606440093655,batch_2100-2200.arrow,HIGH
0007820,0.6631756556010684,batch_2100-2200.arrow,HIGH
0007821,0.7186550840150119,batch_2100-2200.arrow,HIGH
0007823,0.7940627530453198,batch_2100-2200.arrow,HIGH
0007827,0.31188957094968556,batch_2100-2200.arrow,LOW
0007829,0.6481088778940863,batch_2100-2200.arrow,HIGH
0007833,0.7753099939290132,batch_2100-2200.arrow,HIGH
0007835,0.8089407142273695,batch_2100-2200.arrow,HIGH
0007837,0.5741707668175787,batch_2100-2200.arrow,LOW
0007838,0.4781586590229236,batch_2100-2200.arrow,LOW
0007839,0.8144081195661844,batch_2100-2200.arrow,HIGH
0007840,0.46755551872515894,batch_2100-2200.arrow,LOW
0007842,0.5072985856935001,batch_2100-2200.arrow,LOW
0007843,0.08853645003061739,batch_2100-2200.arrow,LOW
0007844,0.6082080612447708,batch_2100-2200.arrow,HIGH
0007845,0.7466079758722518,batch_2100-2200.arrow,HIGH
0007847,0.800522614609739,batch_2100-2200.arrow,HIGH
0007849,0.6923900150206338,batch_2100-2200.arrow,HIGH
0007850,-0.0019366747145076833,batch_2100-2200.arrow,LOW
0007851,0.5406988348740837,batch_2100-2200.arrow,LOW
0007853,0.15622134695467788,batch_2200-2300.arrow,LOW
0007854,0.7324207346237411,batch_2200-2300.arrow,HIGH
0007856,0.3041785876012459,batch_2200-2300.arrow,LOW
0007857,0.6744057862154372,batch_2200-2300.arrow,HIGH
0007858,0.2621852054169092,batch_2200-2300.arrow,LOW
0007859,0.6899056475030482,batch_2200-2300.arrow,HIGH
0007860,0.7545723511511598,batch_2200-2300.arrow,HIGH
0007861,0.4667679761891614,batch_2200-2300.arrow,LOW
0007862,0.5709411781074039,batch_2200-2300.arrow,LOW
0007863,0.6246722915715428,batch_2200-2300.arrow,HIGH
0007865,0.6547081689970594,batch_2200-2300.arrow,HIGH
0007866,0.594750883485831,batch_2200-2300.arrow,LOW
0007868,0.8466657835958843,batch_2200-2300.arrow,HIGH
0007869,0.807295865104614,batch_2200-2300.arrow,HIGH
0007871,0.7224938863792866,batch_2200-2300.arrow,HIGH
0007873,0.16271807997238605,batch_2200-2300.arrow,LOW
0007874,0.8350668441382082,batch_2200-2300.arrow,HIGH
0007875,0.81833176456025,batch_2200-2300.arrow,HIGH
0007876,0.6164534111482713,batch_2200-2300.arrow,HIGH
0007877,0.8718035538819043,batch_2200-2300.arrow,HIGH
0007879,0.7963791966008221,batch_2200-2300.arrow,HIGH
0007880,0.38414039100071257,batch_2200-2300.arrow,LOW
0007881,0.7873951611689544,batch_2200-2300.arrow,HIGH
0007888,0.7777978356782832,batch_2200-2300.arrow,HIGH
0007890,0.5584239115696751,batch_2200-2300.arrow,LOW
0007892,0.6776409188600273,batch_2200-2300.arrow,HIGH
0007893,0.4084926373739866,batch_2200-2300.arrow,LOW
0007894,0.18614796478262693,batch_2200-2300.arrow,LOW
0007895,0.7029123867208837,batch_2200-2300.arrow,HIGH
0007897,0.2244704545552669,batch_2200-2300.arrow,LOW
0007900,0.236923457933329,batch_2200-2300.arrow,LOW
0007901,0.7500586008963822,batch_2200-2300.arrow,HIGH
0007902,0.7277406442104352,batch_2200-2300.arrow,HIGH
0007904,0.6423122456317993,batch_2200-2300.arrow,HIGH
0007905,0.4453242667077257,batch_2200-2300.arrow,LOW
0007906,0.7620646205406315,batch_2200-2300.arrow,HIGH
0007907,0.5457037752001157,batch_2200-2300.arrow,LOW
0007908,0.7183694933870967,batch_2200-2300.arrow,HIGH
0007910,0.5633021476769083,batch_2200-2300.arrow,LOW
0007911,0.6677447247183369,batch_2200-2300.arrow,HIGH
0007912,0.5598021900141212,batch_2200-2300.arrow,LOW
0007918,0.6558514289102547,batch_2200-2300.arrow,HIGH
0007922,0.5820407546496291,batch_2200-2300.arrow,LOW
0007923,0.5584115633169074,batch_2200-2300.arrow,LOW
0007925,0.5676417779853217,batch_2200-2300.arrow,LOW
0007926,0.8047601667261487,batch_2200-2300.arrow,HIGH
0007928,0.20085984327126213,batch_2200-2300.arrow,LOW
0007930,0.18629293140973643,batch_2200-2300.arrow,LOW
0007931,0.8171789987052275,batch_2200-2300.arrow,HIGH
0007933,0.723591469258258,batch_2200-2300.arrow,HIGH
0007934,0.5400192146191506,batch_2200-2300.arrow,LOW
0007935,0.10109529953063982,batch_2200-2300.arrow,LOW
0007936,0.6099547119747982,batch_2200-2300.arrow,HIGH
0007937,0.714560566056255,batch_2200-2300.arrow,HIGH
0007940,0.792607221477101,batch_2200-2300.arrow,HIGH
0007941,0.35124745079963166,batch_2200-2300.arrow,LOW
0007942,0.6640554632778993,batch_2200-2300.arrow,HIGH
0007943,0.712102293041552,batch_2200-2300.arrow,HIGH
0007947,0.758489741136513,batch_2200-2300.arrow,HIGH
0007948,0.27982016118618197,batch_2200-2300.arrow,LOW
0007949,0.5194480319398718,batch_2200-2300.arrow,LOW
0007951,0.812394620321836,batch_2200-2300.arrow,HIGH
0007955,0.8133882089644618,batch_2200-2300.arrow,HIGH
0007957,0.5279391066222031,batch_2200-2300.arrow,LOW
0007958,0.6559533841221519,batch_2200-2300.arrow,HIGH
0007960,0.7357186318177235,batch_2200-2300.arrow,HIGH
0007961,0.6970479010877605,batch_2200-2300.arrow,HIGH
0007962,0.732769710553684,batch_2200-2300.arrow,HIGH
0007963,0.4154666875920399,batch_2200-2300.arrow,LOW
0007964,0.5437237044572935,batch_2200-2300.arrow,LOW
0007965,0.3138644337596435,batch_2200-2300.arrow,LOW
0007966,0.765016331867339,batch_2200-2300.arrow,HIGH
0007967,0.8103150062303799,batch_2200-2300.arrow,HIGH
0007970,0.6758479688291663,batch_2200-2300.arrow,HIGH
0007972,0.7712862260567673,batch_2200-2300.arrow,HIGH
0007973,0.7262016185363508,batch_2200-2300.arrow,HIGH
0007974,0.7902622026619309,batch_2200-2300.arrow,HIGH
0007976,0.7560483916294988,batch_2200-2300.arrow,HIGH
0007979,0.4475331883945802,batch_2200-2300.arrow,LOW
0007980,0.08634059288452232,batch_2200-2300.arrow,LOW
0007981,0.7539373638157648,batch_2200-2300.arrow,HIGH
0007982,0.08036311080360703,batch_2200-2300.arrow,LOW
0007983,0.6344074785309561,batch_2200-2300.arrow,HIGH
0007984,0.24820943595999725,batch_2200-2300.arrow,LOW
0007985,0.6209287861014849,batch_2200-2300.arrow,HIGH
0007986,0.30341623848370114,batch_2200-2300.arrow,LOW
0007987,0.5712910276330162,batch_2200-2300.arrow,LOW
0007990,0.4854768427674998,batch_2200-2300.arrow,LOW
0007991,0.5975070909159926,batch_2200-2300.arrow,LOW
0007994,0.774259112824837,batch_2200-2300.arrow,HIGH
0007996,0.5088552941666888,batch_2200-2300.arrow,LOW
0007997,0.22557461369113163,batch_2200-2300.arrow,LOW
0007998,0.475614846341128,batch_2200-2300.arrow,LOW
0008000,0.7741171676298152,batch_2200-2300.arrow,HIGH
0008005,0.19474484249881585,batch_2300-2400.arrow,LOW
0008008,0.3720379716779729,batch_2300-2400.arrow,LOW
0008009,0.22246210414320414,batch_2300-2400.arrow,LOW
0008010,0.7353799215502163,batch_2300-2400.arrow,HIGH
0008011,0.6901643034725705,batch_2300-2400.arrow,HIGH
0008012,0.23946016782527,batch_2300-2400.arrow,LOW
0008013,0.13042505476209296,batch_2300-2400.arrow,LOW
0008022,0.7086725910540662,batch_2300-2400.arrow,HIGH
0008023,0.6934210855316753,batch_2300-2400.arrow,HIGH
0008024,0.6694986430842723,batch_2300-2400.arrow,HIGH
0008026,0.7561141840635693,batch_2300-2400.arrow,HIGH
0008028,0.3276828145274395,batch_2300-2400.arrow,LOW
0008029,0.5665530249650256,batch_2300-2400.arrow,LOW
0008030,0.827244192692323,batch_2300-2400.arrow,HIGH
0008031,0.2338092490581214,batch_2300-2400.arrow,LOW
0008032,0.7376607916910746,batch_2300-2400.arrow,HIGH
0008033,0.6047719446658554,batch_2300-2400.arrow,HIGH
0008034,0.22245932053703066,batch_2300-2400.arrow,LOW
0008038,0.21246311177591473,batch_2300-2400.arrow,LOW
0008039,0.30691779975131467,batch_2300-2400.arrow,LOW
0008040,0.4212924923829043,batch_2300-2400.arrow,LOW
0008041,0.0025904864346236235,batch_2300-2400.arrow,LOW
0008042,0.8363385834585116,batch_2300-2400.arrow,HIGH
0008043,0.7729618685054729,batch_2300-2400.arrow,HIGH
0008044,0.8314022933120685,batch_2300-2400.arrow,HIGH
0008045,0.7066278831770448,batch_2300-2400.arrow,HIGH
0008046,0.5472081786626851,batch_2300-2400.arrow,LOW
0008048,0.6610257071193927,batch_2300-2400.arrow,HIGH
0008050,0.7493785170841735,batch_2300-2400.arrow,HIGH
0008051,0.6590056146807548,batch_2300-2400.arrow,HIGH
0008053,0.6293941065672286,batch_2300-2400.arrow,HIGH
0008054,0.6520091259919935,batch_2300-2400.arrow,HIGH
0008055,0.7512010809422666,batch_2300-2400.arrow,HIGH
0008056,0.7570820039862961,batch_2300-2400.arrow,HIGH
0008058,0.22023153701781897,batch_2300-2400.arrow,LOW
0008059,0.5082434350245372,batch_2300-2400.arrow,LOW
0008060,0.8215119908488452,batch_2300-2400.arrow,HIGH
0008061,0.8163775907802576,batch_2300-2400.arrow,HIGH
0008062,0.6639810019290743,batch_2300-2400.arrow,HIGH
0008063,0.7003825802737138,batch_2300-2400.arrow,HIGH
0008065,0.2534245832533312,batch_2300-2400.arrow,LOW
0008067,0.5660953666469047,batch_2300-2400.arrow,LOW
0008068,0.8147114455676604,batch_2300-2400.arrow,HIGH
0008069,0.7282841240906334,batch_2300-2400.arrow,HIGH
0008076,0.3728730674715827,batch_2300-2400.arrow,LOW
0008078,0.8306977031547417,batch_2300-2400.arrow,HIGH
0008079,0.8259298994607747,batch_2300-2400.arrow,HIGH
0008080,0.2453065625235428,batch_2300-2400.arrow,LOW
0008081,0.31276361595555213,batch_2300-2400.arrow,LOW
0008082,0.7690459731731462,batch_2300-2400.arrow,HIGH
0008083,0.13192920838575026,batch_2300-2400.arrow,LOW
0008085,0.7961457308572285,batch_2300-2400.arrow,HIGH
0008086,0.7272968730512291,batch_2300-2400.arrow,HIGH
0008087,0.4982591884703032,batch_2300-2400.arrow,LOW
0008089,0.7240627937674055,batch_2300-2400.arrow,HIGH
0008090,0.8115789841096074,batch_2300-2400.arrow,HIGH
0008091,0.5319853961079365,batch_2300-2400.arrow,LOW
0008092,0.6802199770333376,batch_2300-2400.arrow,HIGH
0008093,0.4169409100530184,batch_2300-2400.arrow,LOW
0008094,0.7813177588342567,batch_2300-2400.arrow,HIGH
0008097,0.48333816291456094,batch_2300-2400.arrow,LOW
0008100,0.44889648558705325,batch_2300-2400.arrow,LOW
0008102,0.7762588449760761,batch_2300-2400.arrow,HIGH
0008103,0.7594962047812964,batch_2300-2400.arrow,HIGH
0008104,0.6341638927640155,batch_2300-2400.arrow,HIGH
0008106,0.8120797670412131,batch_2300-2400.arrow,HIGH
0008109,0.803037223330089,batch_2300-2400.arrow,HIGH
0008112,0.7338211187334555,batch_2300-2400.arrow,HIGH
0008113,0.7762653490657229,batch_2300-2400.arrow,HIGH
0008115,0.696130137754539,batch_2300-2400.arrow,HIGH
0008116,0.11384621924357315,batch_2300-2400.arrow,LOW
0008117,0.7303044568106927,batch_2300-2400.arrow,HIGH
0008118,0.7645104762396876,batch_2300-2400.arrow,HIGH
0008119,0.7355957842881399,batch_2300-2400.arrow,HIGH
0008120,0.7943995949658879,batch_2300-2400.arrow,HIGH
0008121,-0.0027915934262990848,batch_2300-2400.arrow,LOW
0008122,0.13623291005672447,batch_2300-2400.arrow,LOW
0008124,0.8006469038860685,batch_2300-2400.arrow,HIGH
0008125,0.6522522597226375,batch_2300-2400.arrow,HIGH
0008126,0.21513685875867225,batch_2300-2400.arrow,LOW
0008127,0.28630597672847785,batch_2300-2400.arrow,LOW
0008128,0.5655503061795764,batch_2300-2400.arrow,LOW
0008130,0.37592545782301573,batch_2300-2400.arrow,LOW
0008132,0.6851596436307908,batch_2300-2400.arrow,HIGH
0008134,0.1346961502154759,batch_2300-2400.arrow,LOW
0008135,0.6387995195078582,batch_2300-2400.arrow,HIGH
0008136,0.7847727338860356,batch_2300-2400.arrow,HIGH
0008137,0.7454356343589682,batch_2300-2400.arrow,HIGH
0008139,0.3317792378801605,batch_2300-2400.arrow,LOW
0008140,0.26914914396315237,batch_2300-2400.arrow,LOW
0008141,0.5772257949812986,batch_2300-2400.arrow,LOW
0008142,0.5380131930672977,batch_2300-2400.arrow,LOW
0008143,0.20207885142804174,batch_2300-2400.arrow,LOW
0008144,0.7153118465926291,batch_2300-2400.arrow,HIGH
0008145,0.8215481219638249,batch_2300-2400.arrow,HIGH
0008146,0.7211265482748681,batch_2300-2400.arrow,HIGH
0008147,0.8003100915539817,batch_2300-2400.arrow,HIGH
0008148,0.6717297701174957,batch_2300-2400.arrow,HIGH
0008149,0.8025643501078218,batch_2300-2400.arrow,HIGH
0008153,0.6559332218847131,batch_2400-2500.arrow,HIGH
0008155,0.6633547591950365,batch_2400-2500.arrow,HIGH
0008156,0.49711468402081876,batch_2400-2500.arrow,LOW
0008157,0.720805256604229,batch_2400-2500.arrow,HIGH
0008158,0.7141147272768756,batch_2400-2500.arrow,HIGH
0008159,0.48200120373870653,batch_2400-2500.arrow,LOW
0008160,0.7828017496990775,batch_2400-2500.arrow,HIGH
0008161,0.6037706906524481,batch_2400-2500.arrow,HIGH
0008162,0.7765249638188584,batch_2400-2500.arrow,HIGH
0008164,0.4553921873032378,batch_2400-2500.arrow,LOW
0008166,0.8228743793592347,batch_2400-2500.arrow,HIGH
0008168,0.651637164210383,batch_2400-2500.arrow,HIGH
0008171,0.11820463129184772,batch_2400-2500.arrow,LOW
0008173,0.7131624520349992,batch_2400-2500.arrow,HIGH
0008174,0.6486069441009937,batch_2400-2500.arrow,HIGH
0008175,0.010417554606370151,batch_2400-2500.arrow,LOW
0008176,0.8465640155377585,batch_2400-2500.arrow,HIGH
0008177,0.7258038365394163,batch_2400-2500.arrow,HIGH
0008178,0.5125036910685251,batch_2400-2500.arrow,LOW
0008179,0.3867352588682654,batch_2400-2500.arrow,LOW
0008180,0.8552520677823453,batch_2400-2500.arrow,HIGH
0008181,0.6640774656773457,batch_2400-2500.arrow,HIGH
0008183,0.5461186802965773,batch_2400-2500.arrow,LOW
0008184,0.4222045486896105,batch_2400-2500.arrow,LOW
0008186,0.46807701950611885,batch_2400-2500.arrow,LOW
0008189,0.031073125573204453,batch_2400-2500.arrow,LOW
0008190,0.847359303334334,batch_2400-2500.arrow,HIGH
0008191,0.01391151895218228,batch_2400-2500.arrow,LOW
0008192,0.29585250882011754,batch_2400-2500.arrow,LOW
0008194,0.5151480363967575,batch_2400-2500.arrow,LOW
0008197,0.7934084611491491,batch_2400-2500.arrow,HIGH
0008198,0.531236333727624,batch_2400-2500.arrow,LOW
0008199,0.7987096089384487,batch_2400-2500.arrow,HIGH
0008200,0.8206385373361696,batch_2400-2500.arrow,HIGH
0008201,0.7284212083669139,batch_2400-2500.arrow,HIGH
0008205,0.5055258930234026,batch_2400-2500.arrow,LOW
0008206,0.8233280848085832,batch_2400-2500.arrow,HIGH
0008207,0.25218589259688917,batch_2400-2500.arrow,LOW
0008208,0.7202899027641068,batch_2400-2500.arrow,HIGH
0008209,0.8190068383296151,batch_2400-2500.arrow,HIGH
0008211,0.43662682181952506,batch_2400-2500.arrow,LOW
0008212,0.5027162918883795,batch_2400-2500.arrow,LOW
0008213,0.7288640091681143,batch_2400-2500.arrow,HIGH
0008214,0.7028216689020113,batch_2400-2500.arrow,HIGH
0008215,0.6934959536753281,batch_2400-2500.arrow,HIGH
0008216,0.20755419766855276,batch_2400-2500.arrow,LOW
0008217,0.48121648646192255,batch_2400-2500.arrow,LOW
0008218,0.6462875783612043,batch_2400-2500.arrow,HIGH
0008219,0.5354774868588063,batch_2400-2500.arrow,LOW
0008221,0.6925834826260479,batch_2400-2500.arrow,HIGH
0008222,0.7144010631700989,batch_2400-2500.arrow,HIGH
0008223,0.8365814405690258,batch_2400-2500.arrow,HIGH
0008225,0.01532680680203729,batch_2400-2500.arrow,LOW
0008226,0.7633259451271535,batch_2400-2500.arrow,HIGH
0008228,0.06094846535601708,batch_2400-2500.arrow,LOW
0008229,0.7827005357599245,batch_2400-2500.arrow,HIGH
0008233,0.47430401792287674,batch_2400-2500.arrow,LOW
0008235,0.5085472686660548,batch_2400-2500.arrow,LOW
0008236,0.6570962583108402,batch_2400-2500.arrow,HIGH
0008238,0.7796620296342168,batch_2400-2500.arrow,HIGH
0008239,0.44501074037968974,batch_2400-2500.arrow,LOW
0008241,0.10892585547146666,batch_2400-2500.arrow,LOW
0008243,0.7545224693040291,batch_2400-2500.arrow,HIGH
0008244,0.6777259036896132,batch_2400-2500.arrow,HIGH
0008245,0.7838227876690986,batch_2400-2500.arrow,HIGH
0008247,0.7084435840321848,batch_2400-2500.arrow,HIGH
0008248,0.4986128195629232,batch_2400-2500.arrow,LOW
0008250,0.7808464273736465,batch_2400-2500.arrow,HIGH
0008251,0.8033350088575348,batch_2400-2500.arrow,HIGH
0008252,0.6319667915040069,batch_2400-2500.arrow,HIGH
0008253,0.2688064190454357,batch_2400-2500.arrow,LOW
0008254,0.6900325741486887,batch_2400-2500.arrow,HIGH
0008256,0.04437331404770132,batch_2400-2500.arrow,LOW
0008257,0.6916608385941637,batch_2400-2500.arrow,HIGH
0008259,0.6532089563521323,batch_2400-2500.arrow,HIGH
0008260,0.7241647801149979,batch_2400-2500.arrow,HIGH
0008261,0.20207161141643948,batch_2400-2500.arrow,LOW
0008262,0.4452275718697137,batch_2400-2500.arrow,LOW
0008264,0.3956060793274645,batch_2400-2500.arrow,LOW
0008265,0.6387371576585342,batch_2400-2500.arrow,HIGH
0008266,0.5940320291116626,batch_2400-2500.arrow,LOW
0008267,0.7935593971523073,batch_2400-2500.arrow,HIGH
0008268,0.780295178742858,batch_2400-2500.arrow,HIGH
0008269,0.7914301224409778,batch_2400-2500.arrow,HIGH
0008270,0.43886852240375,batch_2400-2500.arrow,LOW
0008271,0.6555581856678052,batch_2400-2500.arrow,HIGH
0008274,0.6864947873021485,batch_2400-2500.arrow,HIGH
0008275,0.7287802409556005,batch_2400-2500.arrow,HIGH
0008278,0.6230636167660215,batch_2400-2500.arrow,HIGH
0008279,0.7129342531097725,batch_2400-2500.arrow,HIGH
0008280,0.7443529071705588,batch_2400-2500.arrow,HIGH
0008281,0.43817057893932415,batch_2400-2500.arrow,LOW
0008282,0.18725374945184672,batch_2400-2500.arrow,LOW
0008283,0.6405941239595604,batch_2400-2500.arrow,HIGH
0008284,0.3021883962660306,batch_2400-2500.arrow,LOW
0008285,0.48744878545331866,batch_2400-2500.arrow,LOW
0008286,0.3762980145202159,batch_2400-2500.arrow,LOW
0008287,0.3644082900117762,batch_2400-2500.arrow,LOW
0008288,0.7668102346811981,batch_2400-2500.arrow,HIGH
0008295,0.2632727697421035,batch_2500-2600.arrow,LOW
0008296,0.8122090593187368,batch_2500-2600.arrow,HIGH
0008297,0.7872261500126531,batch_2500-2600.arrow,HIGH
0008301,0.5825786427282026,batch_2500-2600.arrow,LOW
0008302,0.7171595443165698,batch_2500-2600.arrow,HIGH
0008303,0.0033061635441708434,batch_2500-2600.arrow,LOW
0008304,0.39517449486169404,batch_2500-2600.arrow,LOW
0008308,0.8239713596345517,batch_2500-2600.arrow,HIGH
0008309,0.723060514316316,batch_2500-2600.arrow,HIGH
0008310,0.7041216713915728,batch_2500-2600.arrow,HIGH
0008311,0.8401779407103795,batch_2500-2600.arrow,HIGH
0008312,0.5351691423421888,batch_2500-2600.arrow,LOW
0008314,0.8452782656428983,batch_2500-2600.arrow,HIGH
0008316,0.6489816429438234,batch_2500-2600.arrow,HIGH
0008318,0.731488330258331,batch_2500-2600.arrow,HIGH
0008319,0.028727383633095748,batch_2500-2600.arrow,LOW
0008320,0.5874233760632496,batch_2500-2600.arrow,LOW
0008321,0.6320282520319892,batch_2500-2600.arrow,HIGH
0008322,0.24144518945414747,batch_2500-2600.arrow,LOW
0008323,0.8195478326897505,batch_2500-2600.arrow,HIGH
0008324,0.29870472966346145,batch_2500-2600.arrow,LOW
0008325,0.6282531364255299,batch_2500-2600.arrow,HIGH
0008326,0.8370307925004123,batch_2500-2600.arrow,HIGH
0008328,0.6643426175957542,batch_2500-2600.arrow,HIGH
0008329,0.7360260647990274,batch_2500-2600.arrow,HIGH
0008330,0.5227354214468332,batch_2500-2600.arrow,LOW
0008331,0.7328568816549991,batch_2500-2600.arrow,HIGH
0008332,0.7212680208073962,batch_2500-2600.arrow,HIGH
0008333,0.5149473314697147,batch_2500-2600.arrow,LOW
0008335,0.8292534710344682,batch_2500-2600.arrow,HIGH
0008336,0.688836478706806,batch_2500-2600.arrow,HIGH
0008337,0.7238345140162998,batch_2500-2600.arrow,HIGH
0008340,0.29445575231526927,batch_2500-2600.arrow,LOW
0008341,0.8198389221011193,batch_2500-2600.arrow,HIGH
0008342,0.6158180262185377,batch_2500-2600.arrow,HIGH
0008344,0.3630007633902786,batch_2500-2600.arrow,LOW
0008346,0.5489151292188614,batch_2500-2600.arrow,LOW
0008347,0.728131431877144,batch_2500-2600.arrow,HIGH
0008351,0.4689661077981826,batch_2500-2600.arrow,LOW
0008352,0.3120201612161005,batch_2500-2600.arrow,LOW
0008353,0.5630538280221683,batch_2500-2600.arrow,LOW
0008354,0.7357083463256275,batch_2500-2600.arrow,HIGH
0008356,0.18752088238051245,batch_2500-2600.arrow,LOW
0008358,0.32475139137072956,batch_2500-2600.arrow,LOW
0008359,0.11904974392755675,batch_2500-2600.arrow,LOW
0008360,0.6891295826477143,batch_2500-2600.arrow,HIGH
0008361,0.7538430774876823,batch_2500-2600.arrow,HIGH
0008363,0.6371133701792573,batch_2500-2600.arrow,HIGH
0008364,0.22024448875377298,batch_2500-2600.arrow,LOW
0008365,0.7625530120736941,batch_2500-2600.arrow,HIGH
0008368,0.05409179860026109,batch_2500-2600.arrow,LOW
0008369,0.2022302752515671,batch_2500-2600.arrow,LOW
0008370,0.7723089458413833,batch_2500-2600.arrow,HIGH
0008371,0.6889520797960468,batch_2500-2600.arrow,HIGH
0008372,0.6551809397150812,batch_2500-2600.arrow,HIGH
0008373,0.6981807613354855,batch_2500-2600.arrow,HIGH
0008374,0.5718917309318644,batch_2500-2600.arrow,LOW
0008375,0.7537422426765407,batch_2500-2600.arrow,HIGH
0008376,0.5724191636578495,batch_2500-2600.arrow,LOW
0008377,0.12356487711014123,batch_2500-2600.arrow,LOW
0008381,0.7600526396200458,batch_2500-2600.arrow,HIGH
0008382,0.7231970302598564,batch_2500-2600.arrow,HIGH
0008383,0.8223336339162802,batch_2500-2600.arrow,HIGH
0008384,0.5761070347768351,batch_2500-2600.arrow,LOW
0008386,0.7576471232261867,batch_2500-2600.arrow,HIGH
0008387,0.06705789032495811,batch_2500-2600.arrow,LOW
0008390,0.663093178227665,batch_2500-2600.arrow,HIGH
0008391,0.09031265362703007,batch_2500-2600.arrow,LOW
0008392,0.7416276132663263,batch_2500-2600.arrow,HIGH
0008395,0.4506264836859637,batch_2500-2600.arrow,LOW
0008396,0.5470560087756343,batch_2500-2600.arrow,LOW
0008398,0.7600602015240071,batch_2500-2600.arrow,HIGH
0008399,0.448089324492847,batch_2500-2600.arrow,LOW
0008400,0.8084897681390103,batch_2500-2600.arrow,HIGH
0008401,0.7536787980329702,batch_2500-2600.arrow,HIGH
0008402,0.23331319161867214,batch_2500-2600.arrow,LOW
0008405,0.2930367140608275,batch_2500-2600.arrow,LOW
0008406,0.7893564443768067,batch_2500-2600.arrow,HIGH
0008408,0.6394106568678893,batch_2500-2600.arrow,HIGH
0008409,0.6306749184141004,batch_2500-2600.arrow,HIGH
0008410,0.5882989864379563,batch_2500-2600.arrow,LOW
0008411,0.5354799646450166,batch_2500-2600.arrow,LOW
0008413,0.7655883991193674,batch_2500-2600.arrow,HIGH
0008414,0.7469535200528504,batch_2500-2600.arrow,HIGH
0008416,0.7980220962503727,batch_2500-2600.arrow,HIGH
0008417,0.7468859714691778,batch_2500-2600.arrow,HIGH
0008419,0.5197330871685925,batch_2500-2600.arrow,LOW
0008420,0.7441795720394125,batch_2500-2600.arrow,HIGH
0008422,0.2805173069399963,batch_2500-2600.arrow,LOW
0008425,0.34107624978892587,batch_2500-2600.arrow,LOW
0008426,0.6397128155983697,batch_2500-2600.arrow,HIGH
0008427,0.6494993798109431,batch_2500-2600.arrow,HIGH
0008428,0.10146050737279444,batch_2500-2600.arrow,LOW
0008429,0.5905087967206152,batch_2500-2600.arrow,LOW
0008431,0.7599564366624078,batch_2500-2600.arrow,HIGH
0008432,0.022533529149695183,batch_2500-2600.arrow,LOW
0008567,0.5451587888198929,batch_2700-2800.arrow,LOW
0008568,0.6608657049195492,batch_2700-2800.arrow,HIGH
0008569,0.20821515409479363,batch_2700-2800.arrow,LOW
0008571,0.7375113088296693,batch_2700-2800.arrow,HIGH
0008572,0.4671422205701204,batch_2700-2800.arrow,LOW
0008573,0.5297289696796524,batch_2700-2800.arrow,LOW
0008574,0.5522716499585052,batch_2700-2800.arrow,LOW
0008575,0.6244713780086091,batch_2700-2800.arrow,HIGH
0008576,0.7164835716672745,batch_2700-2800.arrow,HIGH
0008577,0.5180961799509886,batch_2700-2800.arrow,LOW
0008580,0.7628333040026121,batch_2700-2800.arrow,HIGH
0008581,0.669930051610069,batch_2700-2800.arrow,HIGH
0008582,0.7424546552136464,batch_2700-2800.arrow,HIGH
0008584,0.7245235380880849,batch_2700-2800.arrow,HIGH
0008585,0.6342289723175368,batch_2700-2800.arrow,HIGH
0008587,0.7837298531952338,batch_2700-2800.arrow,HIGH
0008589,0.3033418395016843,batch_2700-2800.arrow,LOW
0008591,0.6589704296436664,batch_2700-2800.arrow,HIGH
0008592,0.366005725152261,batch_2700-2800.arrow,LOW
0008594,0.7852149585624414,batch_2700-2800.arrow,HIGH
0008595,0.44871393144017996,batch_2700-2800.arrow,LOW
0008598,0.5259263947855171,batch_2700-2800.arrow,LOW
0008599,0.7506400624301978,batch_2700-2800.arrow,HIGH
0008601,0.5770147484923881,batch_2700-2800.arrow,LOW
0008602,0.506299562219365,batch_2700-2800.arrow,LOW
0008603,0.2514512093572274,batch_2700-2800.arrow,LOW
0008604,0.7602767087702631,batch_2700-2800.arrow,HIGH
0008607,0.7227263419404437,batch_2700-2800.arrow,HIGH
0008608,0.26585051354489403,batch_2700-2800.arrow,LOW
0008609,0.6380257575018433,batch_2700-2800.arrow,HIGH
0008610,0.8000681186425509,batch_2700-2800.arrow,HIGH
0008611,0.20529028882478387,batch_2700-2800.arrow,LOW
0008612,0.22008283126850525,batch_2700-2800.arrow,LOW
0008613,0.7447077248240664,batch_2700-2800.arrow,HIGH
0008614,0.24477165743671545,batch_2700-2800.arrow,LOW
0008615,0.6866773243988961,batch_2700-2800.arrow,HIGH
0008616,0.32557367905860346,batch_2700-2800.arrow,LOW
0008617,0.7650059012269175,batch_2700-2800.arrow,HIGH
0008619,0.5270620504315912,batch_2700-2800.arrow,LOW
0008621,0.7737738924163716,batch_2700-2800.arrow,HIGH
0008622,0.6495985774428943,batch_2700-2800.arrow,HIGH
0008624,0.8031724740007865,batch_2700-2800.arrow,HIGH
0008626,0.39103446803293934,batch_2700-2800.arrow,LOW
0008627,0.447599801707736,batch_2700-2800.arrow,LOW
0008629,0.6198343451414516,batch_2700-2800.arrow,HIGH
0008630,0.7605733257380862,batch_2700-2800.arrow,HIGH
0008632,0.7635017744140723,batch_2700-2800.arrow,HIGH
0008633,0.6848319626204701,batch_2700-2800.arrow,HIGH
0008635,0.7638390363783226,batch_2700-2800.arrow,HIGH
0008636,0.7351816380335063,batch_2700-2800.arrow,HIGH
0008637,0.5220144971107029,batch_2700-2800.arrow,LOW
0008638,0.6154329920289442,batch_2700-2800.arrow,HIGH
0008639,0.6352802487124984,batch_2700-2800.arrow,HIGH
0008640,0.8517048590682679,batch_2700-2800.arrow,HIGH
0008641,0.6591835202502724,batch_2700-2800.arrow,HIGH
0008642,0.785166326130665,batch_2700-2800.arrow,HIGH
0008644,0.8837487835311806,batch_2700-2800.arrow,HIGH
0008645,0.755517697526677,batch_2700-2800.arrow,HIGH
0008646,0.09708335190278743,batch_2700-2800.arrow,LOW
0008647,0.7920155891676576,batch_2700-2800.arrow,HIGH
0008649,0.4729261465810259,batch_2700-2800.arrow,LOW
0008650,0.7897397164560057,batch_2700-2800.arrow,HIGH
0008651,0.483480571597745,batch_2700-2800.arrow,LOW
0008654,0.7410226056768519,batch_2700-2800.arrow,HIGH
0008655,0.8153963150177113,batch_2700-2800.arrow,HIGH
0008658,0.36074884232967747,batch_2700-2800.arrow,LOW
0008659,0.7336775951055124,batch_2700-2800.arrow,HIGH
0008660,0.7566999118320306,batch_2700-2800.arrow,HIGH
0008662,0.6376880015513247,batch_2700-2800.arrow,HIGH
0008663,0.8251062563427848,batch_2700-2800.arrow,HIGH
0008664,0.6981977181505507,batch_2700-2800.arrow,HIGH
0008665,0.3344403819730579,batch_2700-2800.arrow,LOW
0008666,0.29275945383214624,batch_2700-2800.arrow,LOW
0008668,0.48714227516585734,batch_2700-2800.arrow,LOW
0008670,0.42497482937807884,batch_2700-2800.arrow,LOW
0008671,0.7543140403447882,batch_2700-2800.arrow,HIGH
0008672,0.8632392913949417,batch_2700-2800.arrow,HIGH
0008673,0.6623090189414423,batch_2700-2800.arrow,HIGH
0008674,0.7228891976787084,batch_2700-2800.arrow,HIGH
0008675,0.6063664087867513,batch_2700-2800.arrow,HIGH
0008676,0.19817367688197937,batch_2700-2800.arrow,LOW
0008677,0.5648353674302325,batch_2700-2800.arrow,LOW
0008678,0.6574777038497253,batch_2700-2800.arrow,HIGH
0008679,0.4483415884300445,batch_2700-2800.arrow,LOW
0008680,0.3180815048699686,batch_2700-2800.arrow,LOW
0008681,0.7410920865721945,batch_2700-2800.arrow,HIGH
0008682,0.7760882283945202,batch_2700-2800.arrow,HIGH
0008683,0.2304092530750889,batch_2700-2800.arrow,LOW
0008684,0.6270314547664025,batch_2700-2800.arrow,HIGH
0008685,0.25218164280239413,batch_2700-2800.arrow,LOW
0008686,0.8210759204794026,batch_2700-2800.arrow,HIGH
0008691,0.46882567484527043,batch_2700-2800.arrow,LOW
0008692,0.650421195521461,batch_2700-2800.arrow,HIGH
0008693,0.589453143620391,batch_2700-2800.arrow,LOW
0008694,0.7984718515628773,batch_2700-2800.arrow,HIGH
0008696,0.7872949510565953,batch_2700-2800.arrow,HIGH
0008697,0.7681387168636343,batch_2700-2800.arrow,HIGH
0008698,0.25156658861147285,batch_2800-2900.arrow,LOW
0008699,0.7764407702760016,batch_2800-2900.arrow,HIGH
0008700,0.4857758849615997,batch_2800-2900.arrow,LOW
0008701,0.2931842934555636,batch_2800-2900.arrow,LOW
0008702,0.7290973579071146,batch_2800-2900.arrow,HIGH
0008703,0.5498676971804627,batch_2800-2900.arrow,LOW
0008704,0.6068645235827134,batch_2800-2900.arrow,HIGH
0008705,0.7077024266156847,batch_2800-2900.arrow,HIGH
0008706,0.6606288500493126,batch_2800-2900.arrow,HIGH
0008707,0.8278388265137195,batch_2800-2900.arrow,HIGH
0008708,0.7658704958165288,batch_2800-2900.arrow,HIGH
0008709,0.7739074539252098,batch_2800-2900.arrow,HIGH
0008710,0.27488600786718365,batch_2800-2900.arrow,LOW
0008711,0.7834640975368643,batch_2800-2900.arrow,HIGH
0008712,0.625977935784733,batch_2800-2900.arrow,HIGH
0008713,0.7135515138502878,batch_2800-2900.arrow,HIGH
0008714,0.6786700024025683,batch_2800-2900.arrow,HIGH
0008716,0.7721863987038402,batch_2800-2900.arrow,HIGH
0008717,0.7006621183413649,batch_2800-2900.arrow,HIGH
0008719,0.6807632535627306,batch_2800-2900.arrow,HIGH
0008720,0.6960523847130932,batch_2800-2900.arrow,HIGH
0008723,0.39214752867307556,batch_2800-2900.arrow,LOW
0008725,0.6141964620715944,batch_2800-2900.arrow,HIGH
0008726,0.2676861187887915,batch_2800-2900.arrow,LOW
0008727,0.49157438694916816,batch_2800-2900.arrow,LOW
0008729,0.5669646069600829,batch_2800-2900.arrow,LOW
0008730,0.6788493869511525,batch_2800-2900.arrow,HIGH
0008731,0.7337599748744356,batch_2800-2900.arrow,HIGH
0008732,0.6218213851084953,batch_2800-2900.arrow,HIGH
0008733,0.3535734112127782,batch_2800-2900.arrow,LOW
0008734,0.7683752840789867,batch_2800-2900.arrow,HIGH
0008735,0.7900934993933072,batch_2800-2900.arrow,HIGH
0008736,0.5669557113791305,batch_2800-2900.arrow,LOW
0008737,0.3542266337080693,batch_2800-2900.arrow,LOW
0008738,0.7953612721484874,batch_2800-2900.arrow,HIGH
0008741,0.5491823161306227,batch_2800-2900.arrow,LOW
0008742,0.8330903465994237,batch_2800-2900.arrow,HIGH
0008743,0.3474433450120509,batch_2800-2900.arrow,LOW
0008745,0.7712584534828398,batch_2800-2900.arrow,HIGH
0008747,0.7261188006415952,batch_2800-2900.arrow,HIGH
0008748,0.6939901132708179,batch_2800-2900.arrow,HIGH
0008749,0.5469466783630416,batch_2800-2900.arrow,LOW
0008750,0.7787741521176111,batch_2800-2900.arrow,HIGH
0008751,0.2831121855812674,batch_2800-2900.arrow,LOW
0008752,0.8174477216608063,batch_2800-2900.arrow,HIGH
0008753,0.6436193877463885,batch_2800-2900.arrow,HIGH
0008754,0.31947519113473827,batch_2800-2900.arrow,LOW
0008755,0.48186067205356703,batch_2800-2900.arrow,LOW
0008756,0.6720625541897506,batch_2800-2900.arrow,HIGH
0008757,0.6965700305818125,batch_2800-2900.arrow,HIGH
0008758,0.7927506447323411,batch_2800-2900.arrow,HIGH
0008759,0.45025898455728064,batch_2800-2900.arrow,LOW
0008760,0.4623859485404355,batch_2800-2900.arrow,LOW
0008761,0.3410227692293866,batch_2800-2900.arrow,LOW
0008762,0.8463752715650035,batch_2800-2900.arrow,HIGH
0008763,0.5790629827808736,batch_2800-2900.arrow,LOW
0008764,0.1346607688882058,batch_2800-2900.arrow,LOW
0008766,0.808187023614488,batch_2800-2900.arrow,HIGH
0008768,0.72833032130091,batch_2800-2900.arrow,HIGH
0008769,0.5879084553005127,batch_2800-2900.arrow,LOW
0008771,0.7201963478582721,batch_2800-2900.arrow,HIGH
0008772,0.7866581268154257,batch_2800-2900.arrow,HIGH
0008773,0.5843045656009792,batch_2800-2900.arrow,LOW
0008774,0.8039423246362741,batch_2800-2900.arrow,HIGH
0008775,0.6626207011536498,batch_2800-2900.arrow,HIGH
0008776,0.8034680060314097,batch_2800-2900.arrow,HIGH
0008780,0.23321067976872978,batch_2800-2900.arrow,LOW
0008781,0.7432930014385923,batch_2800-2900.arrow,HIGH
0008782,0.3115638585345644,batch_2800-2900.arrow,LOW
0008784,0.2653215090402003,batch_2800-2900.arrow,LOW
0008785,0.5791682854865893,batch_2800-2900.arrow,LOW
0008788,0.47895036552409304,batch_2800-2900.arrow,LOW
0008789,0.008192612491173694,batch_2800-2900.arrow,LOW
0008792,0.7928398286588695,batch_2800-2900.arrow,HIGH
0008793,0.041726497332943334,batch_2800-2900.arrow,LOW
0008794,0.47836944822377286,batch_2800-2900.arrow,LOW
0008795,0.7239353922049331,batch_2800-2900.arrow,HIGH
0008796,0.7778593984335077,batch_2800-2900.arrow,HIGH
0008797,0.7575895026945934,batch_2800-2900.arrow,HIGH
0008798,0.5516666304381698,batch_2800-2900.arrow,LOW
0008799,0.6097825204136266,batch_2800-2900.arrow,HIGH
0008800,0.568630989234547,batch_2800-2900.arrow,LOW
0008801,0.2148183338395874,batch_2800-2900.arrow,LOW
0008802,0.30370356426429473,batch_2800-2900.arrow,LOW
0008807,0.5347156084744915,batch_2800-2900.arrow,LOW
0008808,0.6960361199962737,batch_2800-2900.arrow,HIGH
0008810,0.8189090705301453,batch_2800-2900.arrow,HIGH
0008811,0.566762419310246,batch_2800-2900.arrow,LOW
0008812,0.7070287019245342,batch_2800-2900.arrow,HIGH
0008813,0.7423278086849106,batch_2800-2900.arrow,HIGH
0008814,0.6310807066244356,batch_2800-2900.arrow,HIGH
0008815,0.7260166301310687,batch_2800-2900.arrow,HIGH
0008816,0.5487145904553604,batch_2800-2900.arrow,LOW
0008817,0.08421210387444823,batch_2800-2900.arrow,LOW
0008818,0.7584431620414732,batch_2800-2900.arrow,HIGH
0008820,0.01130590066471176,batch_2800-2900.arrow,LOW
0008821,0.7894264368049085,batch_2800-2900.arrow,HIGH
0008822,0.5145360696674572,batch_2800-2900.arrow,LOW
0008823,0.005764158061649282,batch_2800-2900.arrow,LOW
0008953,0.7479734404108607,batch_3000-3100.arrow,HIGH
0008954,0.7035316028391224,batch_3000-3100.arrow,HIGH
0008955,0.23998726535434386,batch_3000-3100.arrow,LOW
0008956,0.7597411825984824,batch_3000-3100.arrow,HIGH
0008957,0.8345522077647214,batch_3000-3100.arrow,HIGH
0008960,0.7416582418084573,batch_3000-3100.arrow,HIGH
0008961,0.6701235286180841,batch_3000-3100.arrow,HIGH
0008962,0.7063366297075957,batch_3000-3100.arrow,HIGH
0008964,0.6594494356753513,batch_3000-3100.arrow,HIGH
0008965,0.3069835013245568,batch_3000-3100.arrow,LOW
0008966,0.7911331079963619,batch_3000-3100.arrow,HIGH
0008967,0.6165172748554844,batch_3000-3100.arrow,HIGH
0008969,0.7498670825299927,batch_3000-3100.arrow,HIGH
0008970,0.7476529773246691,batch_3000-3100.arrow,HIGH
0008971,0.5450071892591267,batch_3000-3100.arrow,LOW
0008972,0.6928239849618357,batch_3000-3100.arrow,HIGH
0008973,0.5264309145510864,batch_3000-3100.arrow,LOW
0008974,0.7532324914946411,batch_3000-3100.arrow,HIGH
0008975,0.6913482025942174,batch_3000-3100.arrow,HIGH
0008976,0.7231787914825399,batch_3000-3100.arrow,HIGH
0008977,0.7301374084884218,batch_3000-3100.arrow,HIGH
0008978,0.4457418896591166,batch_3000-3100.arrow,LOW
0008979,0.7844943550530639,batch_3000-3100.arrow,HIGH
0008980,0.8101194223326907,batch_3000-3100.arrow,HIGH
0008981,0.8258273359318548,batch_3000-3100.arrow,HIGH
0008982,0.05265354853553746,batch_3000-3100.arrow,LOW
0008983,0.699651428805918,batch_3000-3100.arrow,HIGH
0008985,0.7616206061655054,batch_3000-3100.arrow,HIGH
0008986,0.4131639591405006,batch_3000-3100.arrow,LOW
0008987,0.746212271502599,batch_3000-3100.arrow,HIGH
0008988,0.3166588435221968,batch_3000-3100.arrow,LOW
0008989,0.6871796281480668,batch_3000-3100.arrow,HIGH
0008990,0.36242956746153654,batch_3000-3100.arrow,LOW
0008991,0.4775824385729009,batch_3000-3100.arrow,LOW
0008993,0.03938337677895868,batch_3000-3100.arrow,LOW
0008994,0.7000249504536189,batch_3000-3100.arrow,HIGH
0008995,0.7560611571446119,batch_3000-3100.arrow,HIGH
0008997,0.2011825912494313,batch_3000-3100.arrow,LOW
0008998,0.5444423301130304,batch_3000-3100.arrow,LOW
0009000,0.3361681898180477,batch_3000-3100.arrow,LOW
0009001,0.6796151771540578,batch_3000-3100.arrow,HIGH
0009002,0.6673651546066979,batch_3000-3100.arrow,HIGH
0009004,0.8205919260479306,batch_3000-3100.arrow,HIGH
0009005,0.5272410314009018,batch_3000-3100.arrow,LOW
0009008,0.813841746214036,batch_3000-3100.arrow,HIGH
0009009,0.7356557432278262,batch_3000-3100.arrow,HIGH
0009010,0.3373771613073108,batch_3000-3100.arrow,LOW
0009011,0.5298667715963433,batch_3000-3100.arrow,LOW
0009012,0.7726153817829428,batch_3000-3100.arrow,HIGH
0009013,0.773259775382285,batch_3000-3100.arrow,HIGH
0009014,0.47258596562842836,batch_3000-3100.arrow,LOW
0009016,0.8072716999656776,batch_3000-3100.arrow,HIGH
0009018,0.584538881471088,batch_3000-3100.arrow,LOW
0009019,0.7208178222218056,batch_3000-3100.arrow,HIGH
0009020,0.5554917279955437,batch_3000-3100.arrow,LOW
0009021,0.7133388516937837,batch_3000-3100.arrow,HIGH
0009022,0.18180171858523167,batch_3000-3100.arrow,LOW
0009023,0.7426982149747121,batch_3000-3100.arrow,HIGH
0009024,0.5049286015639137,batch_3000-3100.arrow,LOW
0009025,0.6744667184317911,batch_3000-3100.arrow,HIGH
0009026,0.7955231897628402,batch_3000-3100.arrow,HIGH
0009027,0.7534595508649636,batch_3000-3100.arrow,HIGH
0009028,0.8547539664256978,batch_3000-3100.arrow,HIGH
0009029,0.8226751247256114,batch_3000-3100.arrow,HIGH
0009030,0.6207499054360925,batch_3000-3100.arrow,HIGH
0009031,0.614285129670069,batch_3000-3100.arrow,HIGH
0009032,0.39886730901950457,batch_3000-3100.arrow,LOW
0009034,0.7213211096387431,batch_3000-3100.arrow,HIGH
0009036,0.721888211680796,batch_3000-3100.arrow,HIGH
0009038,0.7332760889427613,batch_3000-3100.arrow,HIGH
0009039,0.5155291597788704,batch_3000-3100.arrow,LOW
0009040,0.5545422309142679,batch_3000-3100.arrow,LOW
0009042,0.7550883582431619,batch_3000-3100.arrow,HIGH
0009043,0.5634281082157168,batch_3000-3100.arrow,LOW
0009044,0.6967878256665735,batch_3000-3100.arrow,HIGH
0009045,0.7754970979210861,batch_3000-3100.arrow,HIGH
0009046,0.604772255294996,batch_3000-3100.arrow,HIGH
0009047,0.5003014986933401,batch_3000-3100.arrow,LOW
0009048,0.35484551912794865,batch_3000-3100.arrow,LOW
0009050,0.5408434492290185,batch_3000-3100.arrow,LOW
0009051,0.4922748862657194,batch_3000-3100.arrow,LOW
0009052,0.5768877388060077,batch_3000-3100.arrow,LOW
0009053,0.26493386828827076,batch_3000-3100.arrow,LOW
0009054,0.5705506161445043,batch_3000-3100.arrow,LOW
0009056,0.808525293398215,batch_3000-3100.arrow,HIGH
0009057,0.7402918056893689,batch_3000-3100.arrow,HIGH
0009058,0.6590726397774732,batch_3000-3100.arrow,HIGH
0009060,0.738145658650744,batch_3000-3100.arrow,HIGH
0009062,0.5872749582214835,batch_3000-3100.arrow,LOW
0009063,0.7921374440708933,batch_3000-3100.arrow,HIGH
0009064,0.28313326215798096,batch_3000-3100.arrow,LOW
0009066,0.6635936313350455,batch_3000-3100.arrow,HIGH
0009068,0.5517425603367069,batch_3000-3100.arrow,LOW
0009069,0.23732160631746715,batch_3000-3100.arrow,LOW
0009073,0.39567183906455,batch_3000-3100.arrow,LOW
0009074,0.7444059530716239,batch_3000-3100.arrow,HIGH
0009075,0.49237446047384137,batch_3000-3100.arrow,LOW
0009076,0.5938038482990743,batch_3000-3100.arrow,LOW
0009338,0.7618658882098254,batch_3300-3400.arrow,HIGH
0009339,0.6928040796030764,batch_3300-3400.arrow,HIGH
0009340,0.8784038551868681,batch_3300-3400.arrow,HIGH
0009341,0.7864256508859458,batch_3300-3400.arrow,HIGH
0009342,0.8727442285780569,batch_3300-3400.arrow,HIGH
0009343,0.6665289456068405,batch_3300-3400.arrow,HIGH
0009344,0.6928590779625988,batch_3300-3400.arrow,HIGH
0009345,0.5092742524760357,batch_3300-3400.arrow,LOW
0009346,0.1743641281658678,batch_3300-3400.arrow,LOW
0009348,0.5587481263764905,batch_3300-3400.arrow,LOW
0009349,0.4824872452008746,batch_3300-3400.arrow,LOW
0009350,0.7925232626845102,batch_3300-3400.arrow,HIGH
0009351,0.7371564237993509,batch_3300-3400.arrow,HIGH
0009352,0.1963052542223183,batch_3300-3400.arrow,LOW
0009353,0.13796657395547296,batch_3300-3400.arrow,LOW
0009354,0.7634303450930019,batch_3300-3400.arrow,HIGH
0009355,0.5950751080211582,batch_3300-3400.arrow,LOW
0009356,0.7077634745359583,batch_3300-3400.arrow,HIGH
0009357,0.773843217155325,batch_3300-3400.arrow,HIGH
0009358,0.6009760689782626,batch_3300-3400.arrow,HIGH
0009359,0.4147554574868155,batch_3300-3400.arrow,LOW
0009360,0.8450832393836342,batch_3300-3400.arrow,HIGH
0009361,0.7085366562764127,batch_3300-3400.arrow,HIGH
0009363,0.5050472311335877,batch_3300-3400.arrow,LOW
0009364,0.444263250521817,batch_3300-3400.arrow,LOW
0009365,0.6256518660365117,batch_3300-3400.arrow,HIGH
0009366,0.2537967286372315,batch_3300-3400.arrow,LOW
0009367,0.6961383103258068,batch_3300-3400.arrow,HIGH
0009370,0.15167758734074233,batch_3300-3400.arrow,LOW
0009371,0.5961807711763237,batch_3300-3400.arrow,LOW
0009372,0.7276345745745617,batch_3300-3400.arrow,HIGH
0009373,0.7641350350365977,batch_3300-3400.arrow,HIGH
0009375,0.7381795758164543,batch_3300-3400.arrow,HIGH
0009377,0.6563922436854934,batch_3300-3400.arrow,HIGH
0009378,0.19905576915035791,batch_3300-3400.arrow,LOW
0009379,0.45573009094044137,batch_3300-3400.arrow,LOW
0009381,0.7153225371187221,batch_3300-3400.arrow,HIGH
0009382,0.8252017452476417,batch_3300-3400.arrow,HIGH
0009384,0.6916737848105962,batch_3300-3400.arrow,HIGH
0009385,0.7399747488004612,batch_3300-3400.arrow,HIGH
0009387,0.768177198268274,batch_3300-3400.arrow,HIGH
0009390,0.8180070448655051,batch_3300-3400.arrow,HIGH
0009391,0.7588741271168907,batch_3300-3400.arrow,HIGH
0009393,0.5622558161349932,batch_3300-3400.arrow,LOW
0009394,0.822627100593769,batch_3300-3400.arrow,HIGH
0009395,0.65935874501627,batch_3300-3400.arrow,HIGH
0009396,0.12021322183541532,batch_3300-3400.arrow,LOW
0009397,0.8154999837614523,batch_3300-3400.arrow,HIGH
0009398,0.7268138585611915,batch_3300-3400.arrow,HIGH
0009399,0.23696837078597086,batch_3300-3400.arrow,LOW
0009400,0.6864633776130233,batch_3300-3400.arrow,HIGH
0009403,0.5484011402291653,batch_3300-3400.arrow,LOW
0009405,0.4875023527925815,batch_3300-3400.arrow,LOW
0009408,0.786115503070257,batch_3300-3400.arrow,HIGH
0009409,0.667062389248594,batch_3300-3400.arrow,HIGH
0009410,0.5632872778852516,batch_3300-3400.arrow,LOW
0009412,0.7559795484777582,batch_3300-3400.arrow,HIGH
0009413,-0.015710067519949026,batch_3300-3400.arrow,LOW
0009414,0.042028924607348694,batch_3300-3400.arrow,LOW
0009417,0.8526180814487789,batch_3300-3400.arrow,HIGH
0009418,0.4298005900969046,batch_3300-3400.arrow,LOW
0009419,0.7617720210738271,batch_3300-3400.arrow,HIGH
0009420,0.7224608861618501,batch_3300-3400.arrow,HIGH
0009421,0.23539033837096643,batch_3300-3400.arrow,LOW
0009422,0.5512757601287851,batch_3300-3400.arrow,LOW
0009423,0.6843215733485218,batch_3300-3400.arrow,HIGH
0009424,0.5881781670945748,batch_3300-3400.arrow,LOW
0009426,0.6930760570716915,batch_3300-3400.arrow,HIGH
0009427,0.7202683204659895,batch_3300-3400.arrow,HIGH
0009429,0.44138954184791573,batch_3300-3400.arrow,LOW
0009430,0.043932041133427475,batch_3300-3400.arrow,LOW
0009431,0.2997015588313467,batch_3300-3400.arrow,LOW
0009432,0.486367414929243,batch_3300-3400.arrow,LOW
0009433,0.4653139975348664,batch_3300-3400.arrow,LOW
0009435,0.7762092997551061,batch_3300-3400.arrow,HIGH
0009436,0.5919759164632702,batch_3300-3400.arrow,LOW
0009438,0.657397090156833,batch_3300-3400.arrow,HIGH
0009441,0.786100425871969,batch_3300-3400.arrow,HIGH
0009442,0.7133942584752964,batch_3300-3400.arrow,HIGH
0009443,0.763314125147199,batch_3300-3400.arrow,HIGH
0009444,0.5614333001730248,batch_3300-3400.arrow,LOW
0009445,0.8540841357794591,batch_3300-3400.arrow,HIGH
0009446,0.3495452686787608,batch_3300-3400.arrow,LOW
0009447,0.7771732004361803,batch_3300-3400.arrow,HIGH
0009448,0.7547003702960836,batch_3300-3400.arrow,HIGH
0009449,0.7682694790149878,batch_3300-3400.arrow,HIGH
0009450,0.08290478286476129,batch_3300-3400.arrow,LOW
0009451,0.5814128444474638,batch_3300-3400.arrow,LOW
0009452,0.24720743120042313,batch_3300-3400.arrow,LOW
0009454,0.3558088494523907,batch_3300-3400.arrow,LOW
0009456,0.6112629434794128,batch_3300-3400.arrow,HIGH
0009458,0.5898255560414581,batch_3300-3400.arrow,LOW
0009459,0.6907905888727287,batch_3300-3400.arrow,HIGH
0009460,0.7052041465871692,batch_3300-3400.arrow,HIGH
0009461,0.7647795656303513,batch_3300-3400.arrow,HIGH
0009465,0.3407846691903947,batch_3300-3400.arrow,LOW
0009466,0.2017313258500347,batch_3300-3400.arrow,LOW
0009468,0.10807466836053542,batch_3300-3400.arrow,LOW
0009469,0.19422519668813754,batch_3300-3400.arrow,LOW
0009470,0.5828106450435699,batch_3300-3400.arrow,LOW
0009471,0.516421416170706,batch_3400-3500.arrow,LOW
0009472,0.05473889689834383,batch_3400-3500.arrow,LOW
0009476,0.8104296547707183,batch_3400-3500.arrow,HIGH
0009479,0.6449253697242935,batch_3400-3500.arrow,HIGH
0009480,0.6937581279091071,batch_3400-3500.arrow,HIGH
0009483,0.5056683286427973,batch_3400-3500.arrow,LOW
0009484,0.6408750423812163,batch_3400-3500.arrow,HIGH
0009485,0.8375237902891425,batch_3400-3500.arrow,HIGH
0009486,0.3176439733157445,batch_3400-3500.arrow,LOW
0009487,0.6815445931581617,batch_3400-3500.arrow,HIGH
0009489,0.8406003223843831,batch_3400-3500.arrow,HIGH
0009490,0.6939641465682248,batch_3400-3500.arrow,HIGH
0009491,0.6420790403877549,batch_3400-3500.arrow,HIGH
0009492,0.788884799791639,batch_3400-3500.arrow,HIGH
0009493,0.045371421578940065,batch_3400-3500.arrow,LOW
0009494,0.752333311677944,batch_3400-3500.arrow,HIGH
0009495,0.703610067156269,batch_3400-3500.arrow,HIGH
0009496,0.5026261733504359,batch_3400-3500.arrow,LOW
0009497,0.7879869837146162,batch_3400-3500.arrow,HIGH
0009498,0.2397139932993492,batch_3400-3500.arrow,LOW
0009500,0.542679238663161,batch_3400-3500.arrow,LOW
0009501,0.5993559876163016,batch_3400-3500.arrow,LOW
0009502,0.6872328288348784,batch_3400-3500.arrow,HIGH
0009503,0.690557525252684,batch_3400-3500.arrow,HIGH
0009509,0.44355020754863644,batch_3400-3500.arrow,LOW
0009510,0.618625425733403,batch_3400-3500.arrow,HIGH
0009511,0.6119083869425532,batch_3400-3500.arrow,HIGH
0009512,0.7994086910355845,batch_3400-3500.arrow,HIGH
0009513,0.7558896317933629,batch_3400-3500.arrow,HIGH
0009515,0.5728893156076246,batch_3400-3500.arrow,LOW
0009517,0.6587312121139682,batch_3400-3500.arrow,HIGH
0009518,0.6201747482825702,batch_3400-3500.arrow,HIGH
0009519,0.09441234434927108,batch_3400-3500.arrow,LOW
0009520,0.6953422348405299,batch_3400-3500.arrow,HIGH
0009521,0.7805875932481472,batch_3400-3500.arrow,HIGH
0009522,0.6260936166920845,batch_3400-3500.arrow,HIGH
0009523,0.4778450928104124,batch_3400-3500.arrow,LOW
0009524,0.8486770776584306,batch_3400-3500.arrow,HIGH
0009525,0.6265765541708355,batch_3400-3500.arrow,HIGH
0009527,0.762048269706363,batch_3400-3500.arrow,HIGH
0009528,0.6783013752249115,batch_3400-3500.arrow,HIGH
0009529,0.6273502729675742,batch_3400-3500.arrow,HIGH
0009532,0.8035891001043699,batch_3400-3500.arrow,HIGH
0009533,0.780682314484464,batch_3400-3500.arrow,HIGH
0009534,0.6924975761202455,batch_3400-3500.arrow,HIGH
0009535,0.44381718110424795,batch_3400-3500.arrow,LOW
0009536,0.8569288316871454,batch_3400-3500.arrow,HIGH
0009537,0.5055625140932292,batch_3400-3500.arrow,LOW
0009538,0.8429622631505965,batch_3400-3500.arrow,HIGH
0009539,0.6015335481734398,batch_3400-3500.arrow,HIGH
0009540,0.6339459670054951,batch_3400-3500.arrow,HIGH
0009541,0.2367234871876859,batch_3400-3500.arrow,LOW
0009542,0.6617863037926417,batch_3400-3500.arrow,HIGH
0009543,0.7193338561256883,batch_3400-3500.arrow,HIGH
0009544,0.5673326248409702,batch_3400-3500.arrow,LOW
0009545,0.5378879558077312,batch_3400-3500.arrow,LOW
0009546,0.5164959914090486,batch_3400-3500.arrow,LOW
0009547,0.7113105951340953,batch_3400-3500.arrow,HIGH
0009548,0.7783976003541087,batch_3400-3500.arrow,HIGH
0009549,0.8186121859648209,batch_3400-3500.arrow,HIGH
0009550,0.8130847821305703,batch_3400-3500.arrow,HIGH
0009551,0.8098700776715918,batch_3400-3500.arrow,HIGH
0009552,0.8284982593770848,batch_3400-3500.arrow,HIGH
0009553,0.5520749330695541,batch_3400-3500.arrow,LOW
0009554,0.7380433682561419,batch_3400-3500.arrow,HIGH
0009555,0.8463417988651015,batch_3400-3500.arrow,HIGH
0009556,0.679399236998352,batch_3400-3500.arrow,HIGH
0009557,0.32790853176558993,batch_3400-3500.arrow,LOW
0009558,0.30251848135516163,batch_3400-3500.arrow,LOW
0009559,0.7272069913155629,batch_3400-3500.arrow,HIGH
0009560,0.47735605480259796,batch_3400-3500.arrow,LOW
0009561,0.5263783309915345,batch_3400-3500.arrow,LOW
0009562,0.4192498374123274,batch_3400-3500.arrow,LOW
0009563,0.8139409494838833,batch_3400-3500.arrow,HIGH
0009564,0.8151843266782676,batch_3400-3500.arrow,HIGH
0009565,0.7361301291751198,batch_3400-3500.arrow,HIGH
0009566,0.7349441206440684,batch_3400-3500.arrow,HIGH
0009567,0.7479204585783273,batch_3400-3500.arrow,HIGH
0009568,0.7941953034891198,batch_3400-3500.arrow,HIGH
0009569,0.8295259919741965,batch_3400-3500.arrow,HIGH
0009570,0.7395396483135578,batch_3400-3500.arrow,HIGH
0009572,0.6453054147092416,batch_3400-3500.arrow,HIGH
0009573,0.6661513864804037,batch_3400-3500.arrow,HIGH
0009574,0.6886290684042043,batch_3400-3500.arrow,HIGH
0009575,0.6685027943566269,batch_3400-3500.arrow,HIGH
0009577,0.6603815878374084,batch_3400-3500.arrow,HIGH
0009578,0.7633053303059681,batch_3400-3500.arrow,HIGH
0009579,0.17398003560857633,batch_3400-3500.arrow,LOW
0009580,0.19187935018148317,batch_3400-3500.arrow,LOW
0009584,0.6844016846099862,batch_3400-3500.arrow,HIGH
0009585,0.6003263514431042,batch_3400-3500.arrow,HIGH
0009587,0.8145148982115423,batch_3400-3500.arrow,HIGH
0009588,0.754759879341742,batch_3400-3500.arrow,HIGH
0009589,0.833083132951717,batch_3400-3500.arrow,HIGH
0009590,0.4637833462169019,batch_3400-3500.arrow,LOW
0009593,0.7529680120944904,batch_3400-3500.arrow,HIGH
0009594,0.010331018692671052,batch_3400-3500.arrow,LOW
0009595,0.6155696029167617,batch_3400-3500.arrow,HIGH
0005551,0.22265615133044925,batch_500-600.arrow,LOW
0005554,0.5830567985047633,batch_500-600.arrow,LOW
0005556,0.01870421502844684,batch_500-600.arrow,LOW
0005557,0.62242986925644,batch_500-600.arrow,HIGH
0005558,0.6326339428908044,batch_500-600.arrow,HIGH
0005561,0.8721173305032127,batch_500-600.arrow,HIGH
0005563,0.7512036040301647,batch_500-600.arrow,HIGH
0005565,0.28736338886412316,batch_500-600.arrow,LOW
0005567,0.7653668074009295,batch_500-600.arrow,HIGH
0005568,0.46124362168573696,batch_500-600.arrow,LOW
0005569,0.5420625169345742,batch_500-600.arrow,LOW
0005570,0.5170164819760391,batch_500-600.arrow,LOW
0005572,0.5786746132499244,batch_500-600.arrow,LOW
0005573,0.776087860788016,batch_500-600.arrow,HIGH
0005575,0.6687209665203867,batch_500-600.arrow,HIGH
0005576,0.2925206440395306,batch_500-600.arrow,LOW
0005581,0.7953902378886034,batch_500-600.arrow,HIGH
0005585,0.5972154868528831,batch_500-600.arrow,LOW
0005586,0.7940795970524704,batch_500-600.arrow,HIGH
0005587,0.6794953274834882,batch_500-600.arrow,HIGH
0005588,0.8301174807396663,batch_500-600.arrow,HIGH
0005589,0.6775710694850963,batch_500-600.arrow,HIGH
0005590,0.6558696619852159,batch_500-600.arrow,HIGH
0005591,0.7619420572969876,batch_500-600.arrow,HIGH
0005593,0.35879485057624105,batch_500-600.arrow,LOW
0005594,0.2852465595575359,batch_500-600.arrow,LOW
0005595,0.32714510890596477,batch_500-600.arrow,LOW
0005596,0.6245100073986417,batch_500-600.arrow,HIGH
0005599,0.860601304055901,batch_500-600.arrow,HIGH
0005600,0.20708515289280413,batch_500-600.arrow,LOW
0005601,0.4899929574425655,batch_500-600.arrow,LOW
0005602,0.365211511728327,batch_500-600.arrow,LOW
0005603,0.6232796507823797,batch_500-600.arrow,HIGH
0005604,0.6663521668648703,batch_500-600.arrow,HIGH
0005606,0.319776737017393,batch_500-600.arrow,LOW
0005608,0.8398894227245788,batch_500-600.arrow,HIGH
0005609,0.8031225720989065,batch_500-600.arrow,HIGH
0005610,0.6859209137916796,batch_500-600.arrow,HIGH
0005612,0.8496503548361783,batch_500-600.arrow,HIGH
0005613,0.48428538037283514,batch_500-600.arrow,LOW
0005614,0.7173537797547368,batch_500-600.arrow,HIGH
0005615,0.7560964671892547,batch_500-600.arrow,HIGH
0005616,0.6916211549381317,batch_500-600.arrow,HIGH
0005619,0.8189876754934223,batch_500-600.arrow,HIGH
0005620,0.411439280136521,batch_500-600.arrow,LOW
0005621,0.7305675696145091,batch_500-600.arrow,HIGH
0005622,0.8268146346354305,batch_500-600.arrow,HIGH
0005624,0.42461502264460194,batch_500-600.arrow,LOW
0005625,0.5293462386603668,batch_500-600.arrow,LOW
0005626,0.7266470248649712,batch_500-600.arrow,HIGH
0005628,0.6575538816864648,batch_500-600.arrow,HIGH
0005629,0.49635203442251213,batch_500-600.arrow,LOW
0005630,0.7128547661709468,batch_500-600.arrow,HIGH
0005631,0.8059369366210988,batch_500-600.arrow,HIGH
0005633,0.22144187132045723,batch_500-600.arrow,LOW
0005636,0.8086133806132162,batch_500-600.arrow,HIGH
0005637,0.8628906472153594,batch_500-600.arrow,HIGH
0005638,0.7791446892483265,batch_500-600.arrow,HIGH
0005639,0.7979658960043441,batch_500-600.arrow,HIGH
0005640,0.8164523721083413,batch_500-600.arrow,HIGH
0005641,0.6144736373618915,batch_500-600.arrow,HIGH
0005642,0.010538717053122747,batch_500-600.arrow,LOW
0005643,0.7208063574372421,batch_500-600.arrow,HIGH
0005644,0.5001806631680411,batch_500-600.arrow,LOW
0005647,0.7744954333228623,batch_500-600.arrow,HIGH
0005648,0.15010656089590202,batch_500-600.arrow,LOW
0005650,0.8105981418393243,batch_500-600.arrow,HIGH
0005651,0.4218382958930708,batch_500-600.arrow,LOW
0005652,0.27549514452005264,batch_500-600.arrow,LOW
0005656,0.5967230344107901,batch_500-600.arrow,LOW
0005657,0.8040273507111122,batch_500-600.arrow,HIGH
0005659,0.46750814216738884,batch_500-600.arrow,LOW
0005660,0.7438991146107412,batch_500-600.arrow,HIGH
0005661,0.14191739312598148,batch_500-600.arrow,LOW
0005662,0.7340242589830585,batch_500-600.arrow,HIGH
0005663,0.7724686775751781,batch_500-600.arrow,HIGH
0005664,0.7379968274425038,batch_500-600.arrow,HIGH
0005665,0.7464660331690639,batch_500-600.arrow,HIGH
0005667,0.6847408162243663,batch_500-600.arrow,HIGH
0005668,0.8498974549325743,batch_500-600.arrow,HIGH
0005669,0.803272402542362,batch_500-600.arrow,HIGH
0005670,0.6428989361681282,batch_500-600.arrow,HIGH
0005671,0.6662505956910291,batch_500-600.arrow,HIGH
0005672,0.6223187930265142,batch_500-600.arrow,HIGH
0005673,0.7828055934080762,batch_500-600.arrow,HIGH
0005675,0.6369021408051236,batch_500-600.arrow,HIGH
0005677,0.03439157033878624,batch_500-600.arrow,LOW
0005678,0.718704137361282,batch_500-600.arrow,HIGH
0005679,0.8322133320036217,batch_500-600.arrow,HIGH
0005680,0.6481138758205521,batch_500-600.arrow,HIGH
0005681,0.7923283251455323,batch_500-600.arrow,HIGH
0005682,0.7134883743668623,batch_500-600.arrow,HIGH
0005685,0.6181330034787637,batch_500-600.arrow,HIGH
0005687,0.3819687305297454,batch_500-600.arrow,LOW
0005689,0.8550871232156695,batch_500-600.arrow,HIGH
0005690,0.7817802806695825,batch_500-600.arrow,HIGH
0005691,0.5314853586754343,batch_500-600.arrow,LOW
0005692,0.7810766334040512,batch_500-600.arrow,HIGH
0005693,0.7044358713950656,batch_500-600.arrow,HIGH
0005694,0.7845495503617501,batch_500-600.arrow,HIGH
0005695,0.7475132857601147,batch_600-700.arrow,HIGH
0005696,0.4076027708097247,batch_600-700.arrow,LOW
0005697,0.2900945532798407,batch_600-700.arrow,LOW
0005700,0.4978834953985473,batch_600-700.arrow,LOW
0005701,0.7695473140407935,batch_600-700.arrow,HIGH
0005703,0.7708606799271106,batch_600-700.arrow,HIGH
0005704,0.8051963783265386,batch_600-700.arrow,HIGH
0005705,0.6028736994938869,batch_600-700.arrow,HIGH
0005706,0.8270996935194921,batch_600-700.arrow,HIGH
0005707,0.7555261677352599,batch_600-700.arrow,HIGH
0005708,0.8115370933764693,batch_600-700.arrow,HIGH
0005709,0.7759677679363423,batch_600-700.arrow,HIGH
0005710,0.5880249454194976,batch_600-700.arrow,LOW
0005712,0.7006216484543403,batch_600-700.arrow,HIGH
0005713,0.7374095266518791,batch_600-700.arrow,HIGH
0005714,0.6549166422197401,batch_600-700.arrow,HIGH
0005715,0.6659428828307501,batch_600-700.arrow,HIGH
0005716,0.8422136372862227,batch_600-700.arrow,HIGH
0005717,0.11543560200411923,batch_600-700.arrow,LOW
0005718,0.6310914748455795,batch_600-700.arrow,HIGH
0005719,0.609842486667513,batch_600-700.arrow,HIGH
0005721,0.6305555741711805,batch_600-700.arrow,HIGH
0005723,0.5322425483585931,batch_600-700.arrow,LOW
0005724,0.8256052054779762,batch_600-700.arrow,HIGH
0005725,0.787858572985435,batch_600-700.arrow,HIGH
0005726,0.6638222361211696,batch_600-700.arrow,HIGH
0005727,0.6288174718032782,batch_600-700.arrow,HIGH
0005729,0.7879938333329791,batch_600-700.arrow,HIGH
0005730,0.3168340481026687,batch_600-700.arrow,LOW
0005731,0.7741474390343308,batch_600-700.arrow,HIGH
0005732,0.6671617968319028,batch_600-700.arrow,HIGH
0005734,0.6542338859178879,batch_600-700.arrow,HIGH
0005736,0.6683026103325495,batch_600-700.arrow,HIGH
0005738,0.8096863774595228,batch_600-700.arrow,HIGH
0005741,0.565715391885032,batch_600-700.arrow,LOW
0005743,0.518753471166384,batch_600-700.arrow,LOW
0005744,0.8157231441815699,batch_600-700.arrow,HIGH
0005746,0.7275479752951916,batch_600-700.arrow,HIGH
0005747,0.7873272801897322,batch_600-700.arrow,HIGH
0005749,0.35106184105024973,batch_600-700.arrow,LOW
0005750,0.650114576698214,batch_600-700.arrow,HIGH
0005751,0.6049439052545688,batch_600-700.arrow,HIGH
0005752,0.7613321956548078,batch_600-700.arrow,HIGH
0005753,0.7205687284811649,batch_600-700.arrow,HIGH
0005755,0.586321016909422,batch_600-700.arrow,LOW
0005759,0.47934887694619915,batch_600-700.arrow,LOW
0005760,0.23995163135568567,batch_600-700.arrow,LOW
0005761,0.5762131270556178,batch_600-700.arrow,LOW
0005762,0.7858360597318853,batch_600-700.arrow,HIGH
0005764,0.7109039458515259,batch_600-700.arrow,HIGH
0005765,0.6542536572301815,batch_600-700.arrow,HIGH
0005767,0.7136511628710686,batch_600-700.arrow,HIGH
0005770,0.2846310390549743,batch_600-700.arrow,LOW
0005771,0.687034564993211,batch_600-700.arrow,HIGH
0005772,0.7954578235626509,batch_600-700.arrow,HIGH
0005777,0.6044041220552453,batch_600-700.arrow,HIGH
0005780,0.37871762172632034,batch_600-700.arrow,LOW
0005781,0.8054217734823554,batch_600-700.arrow,HIGH
0005783,0.6831577413429906,batch_600-700.arrow,HIGH
0005784,0.6120493419615441,batch_600-700.arrow,HIGH
0005787,0.5874953376116056,batch_600-700.arrow,LOW
0005788,0.6944505244331536,batch_600-700.arrow,HIGH
0005789,0.718015054006611,batch_600-700.arrow,HIGH
0005790,0.7036771859388026,batch_600-700.arrow,HIGH
0005791,0.782436547964337,batch_600-700.arrow,HIGH
0005792,0.7770968088435266,batch_600-700.arrow,HIGH
0005793,0.625028855414305,batch_600-700.arrow,HIGH
0005794,0.3187259739335827,batch_600-700.arrow,LOW
0005795,0.8037699438875322,batch_600-700.arrow,HIGH
0005796,0.015036894391180155,batch_600-700.arrow,LOW
0005797,0.729934377961564,batch_600-700.arrow,HIGH
0005798,0.29944005324536904,batch_600-700.arrow,LOW
0005803,0.28052367788442084,batch_600-700.arrow,LOW
0005804,0.6646897349157848,batch_600-700.arrow,HIGH
0005807,0.7654687167042004,batch_600-700.arrow,HIGH
0005809,0.8363123531172841,batch_600-700.arrow,HIGH
0005810,0.44348753682324843,batch_600-700.arrow,LOW
0005817,0.7160892077373057,batch_600-700.arrow,HIGH
0005821,0.7093535044613418,batch_600-700.arrow,HIGH
0005822,0.6964395675291684,batch_600-700.arrow,HIGH
0005823,0.3771184566972668,batch_600-700.arrow,LOW
0005824,0.8223817931995203,batch_600-700.arrow,HIGH
0005826,0.8394974195412575,batch_600-700.arrow,HIGH
0005827,0.7880930283352575,batch_600-700.arrow,HIGH
0005831,0.8457952084323838,batch_600-700.arrow,HIGH
0005832,0.638177762340839,batch_600-700.arrow,HIGH
0005833,0.6049542023733666,batch_600-700.arrow,HIGH
0005834,0.6360669468559546,batch_600-700.arrow,HIGH
0005835,0.29824999341772224,batch_600-700.arrow,LOW
0005836,0.707328084199145,batch_600-700.arrow,HIGH
0005837,0.578667437983503,batch_600-700.arrow,LOW
0005838,0.7603167767199683,batch_600-700.arrow,HIGH
0005840,0.7174099539637329,batch_600-700.arrow,HIGH
0005842,0.6397091512401423,batch_600-700.arrow,HIGH
0005843,0.6896597903508713,batch_600-700.arrow,HIGH
0005845,0.7025758825717924,batch_600-700.arrow,HIGH
0005846,0.7888559508770242,batch_600-700.arrow,HIGH
0005847,0.668075788574523,batch_600-700.arrow,HIGH
0005848,0.4745755841191473,batch_600-700.arrow,LOW
0005850,0.8622420388065567,batch_700-800.arrow,HIGH
0005854,0.7060942645072513,batch_700-800.arrow,HIGH
0005855,0.5577553834235492,batch_700-800.arrow,LOW
0005863,0.4167198904982407,batch_700-800.arrow,LOW
0005864,0.5572152769309037,batch_700-800.arrow,LOW
0005868,0.5745003789061774,batch_700-800.arrow,LOW
0005871,0.4352756358958441,batch_700-800.arrow,LOW
0005872,0.5930485700501106,batch_700-800.arrow,LOW
0005873,0.6226339656764978,batch_700-800.arrow,HIGH
0005874,0.6882114993282,batch_700-800.arrow,HIGH
0005875,0.7363214285445817,batch_700-800.arrow,HIGH
0005876,0.7141734903792268,batch_700-800.arrow,HIGH
0005879,0.5639683795118915,batch_700-800.arrow,LOW
0005880,0.6207125075830954,batch_700-800.arrow,HIGH
0005881,0.48499062939667037,batch_700-800.arrow,LOW
0005882,0.12644999454455805,batch_700-800.arrow,LOW
0005883,0.8026203274383942,batch_700-800.arrow,HIGH
0005884,0.25981046433327876,batch_700-800.arrow,LOW
0005885,0.6618869318998989,batch_700-800.arrow,HIGH
0005886,0.7325047034267825,batch_700-800.arrow,HIGH
0005887,0.5019075790874408,batch_700-800.arrow,LOW
0005888,0.8040145777128171,batch_700-800.arrow,HIGH
0005889,0.6734221011433213,batch_700-800.arrow,HIGH
0005890,0.38651262277934384,batch_700-800.arrow,LOW
0005891,0.7303762027977673,batch_700-800.arrow,HIGH
0005894,0.7700443484476461,batch_700-800.arrow,HIGH
0005897,0.7215107633553862,batch_700-800.arrow,HIGH
0005898,0.17603279676374547,batch_700-800.arrow,LOW
0005901,0.8279337186885675,batch_700-800.arrow,HIGH
0005902,0.29732051577047774,batch_700-800.arrow,LOW
0005903,0.4231053747020805,batch_700-800.arrow,LOW
0005904,0.7859054225640368,batch_700-800.arrow,HIGH
0005905,0.22290137083672526,batch_700-800.arrow,LOW
0005906,0.6654653697081813,batch_700-800.arrow,HIGH
0005907,0.7708465663109724,batch_700-800.arrow,HIGH
0005908,0.704389173368194,batch_700-800.arrow,HIGH
0005909,0.4562567221332625,batch_700-800.arrow,LOW
0005910,0.7660829219530371,batch_700-800.arrow,HIGH
0005912,0.35829079371912914,batch_700-800.arrow,LOW
0005913,0.6963626839147009,batch_700-800.arrow,HIGH
0005914,0.4322350059808109,batch_700-800.arrow,LOW
0005917,0.6838775273951722,batch_700-800.arrow,HIGH
0005919,0.842240467828589,batch_700-800.arrow,HIGH
0005920,0.4879632026365604,batch_700-800.arrow,LOW
0005921,0.014585022772762517,batch_700-800.arrow,LOW
0005922,0.27849973782524223,batch_700-800.arrow,LOW
0005923,0.7479995428003985,batch_700-800.arrow,HIGH
0005924,0.8138424050044044,batch_700-800.arrow,HIGH
0005925,0.3673336610180249,batch_700-800.arrow,LOW
0005927,0.5942408426175216,batch_700-800.arrow,LOW
0005928,0.5456001712908093,batch_700-800.arrow,LOW
0005929,0.0792578221705502,batch_700-800.arrow,LOW
0005930,0.5229781209826944,batch_700-800.arrow,LOW
0005931,0.27782801788364203,batch_700-800.arrow,LOW
0005933,0.28168981091027995,batch_700-800.arrow,LOW
0005934,0.7438607914181121,batch_700-800.arrow,HIGH
0005936,0.7134129679552078,batch_700-800.arrow,HIGH
0005938,0.8048046237482414,batch_700-800.arrow,HIGH
0005940,0.8403169410685546,batch_700-800.arrow,HIGH
0005941,0.4195549098448827,batch_700-800.arrow,LOW
0005942,0.6054542648225252,batch_700-800.arrow,HIGH
0005943,0.47636709135952265,batch_700-800.arrow,LOW
0005944,0.19627976000993527,batch_700-800.arrow,LOW
0005947,0.5330210428955297,batch_700-800.arrow,LOW
0005948,0.3586319029471859,batch_700-800.arrow,LOW
0005949,0.7749161178614123,batch_700-800.arrow,HIGH
0005953,0.31613628687649536,batch_700-800.arrow,LOW
0005955,0.3462083639928964,batch_700-800.arrow,LOW
0005956,0.6559049397221086,batch_700-800.arrow,HIGH
0005957,0.7296876472304934,batch_700-800.arrow,HIGH
0005958,0.633510017873736,batch_700-800.arrow,HIGH
0005959,0.62861844459332,batch_700-800.arrow,HIGH
0005960,0.7708502106401043,batch_700-800.arrow,HIGH
0005963,0.8456037278854144,batch_700-800.arrow,HIGH
0005964,0.4777729392150931,batch_700-800.arrow,LOW
0005966,0.5378466429709332,batch_700-800.arrow,LOW
0005967,0.6991628449060405,batch_700-800.arrow,HIGH
0005968,0.7139820833566662,batch_700-800.arrow,HIGH
0005970,0.5820243021377561,batch_700-800.arrow,LOW
0005973,0.7409135913812362,batch_700-800.arrow,HIGH
0005974,0.7227626050871816,batch_700-800.arrow,HIGH
0005975,0.4822239318514779,batch_700-800.arrow,LOW
0005977,0.5845305351447181,batch_700-800.arrow,LOW
0005978,0.6493552600220976,batch_700-800.arrow,HIGH
0005979,0.6719263764444597,batch_700-800.arrow,HIGH
0005980,0.37830749070043507,batch_700-800.arrow,LOW
0005982,0.7877888804039714,batch_700-800.arrow,HIGH
0005983,0.8394120311600596,batch_700-800.arrow,HIGH
0005984,0.7908023174536366,batch_700-800.arrow,HIGH
0005987,0.7068663152308471,batch_700-800.arrow,HIGH
0005988,0.7747606567929947,batch_700-800.arrow,HIGH
0005990,0.7153845422283934,batch_700-800.arrow,HIGH
0005992,0.662564741969379,batch_700-800.arrow,HIGH
0005993,0.7881810150276719,batch_700-800.arrow,HIGH
0005994,0.6938330750214906,batch_700-800.arrow,HIGH
0005995,0.7666113183408795,batch_700-800.arrow,HIGH
0005996,0.7821330199016354,batch_700-800.arrow,HIGH
0005997,0.17529826362025602,batch_800-900.arrow,LOW
0005998,0.04168833343525921,batch_800-900.arrow,LOW
0006000,0.10858388506320264,batch_800-900.arrow,LOW
0006001,0.6480430973798197,batch_800-900.arrow,HIGH
0006002,0.5399887095584636,batch_800-900.arrow,LOW
0006003,0.7192578168452618,batch_800-900.arrow,HIGH
0006004,0.6301241623773307,batch_800-900.arrow,HIGH
0006005,0.5287300880909495,batch_800-900.arrow,LOW
0006007,0.427546893648097,batch_800-900.arrow,LOW
0006008,0.7819097217032697,batch_800-900.arrow,HIGH
0006009,0.3195267733599177,batch_800-900.arrow,LOW
0006010,0.8391847617303604,batch_800-900.arrow,HIGH
0006011,0.7811200900911729,batch_800-900.arrow,HIGH
0006012,0.4560481700530792,batch_800-900.arrow,LOW
0006014,0.28253621053021666,batch_800-900.arrow,LOW
0006015,0.6536350657814195,batch_800-900.arrow,HIGH
0006016,0.5086702806917766,batch_800-900.arrow,LOW
0006017,0.7282724121863157,batch_800-900.arrow,HIGH
0006018,0.7640618560395321,batch_800-900.arrow,HIGH
0006021,0.7207014930839195,batch_800-900.arrow,HIGH
0006022,0.4914555130244966,batch_800-900.arrow,LOW
0006023,0.668173681428882,batch_800-900.arrow,HIGH
0006024,0.7139276132035333,batch_800-900.arrow,HIGH
0006025,0.5587086429525813,batch_800-900.arrow,LOW
0006026,0.7654575696074195,batch_800-900.arrow,HIGH
0006028,0.15796416325803472,batch_800-900.arrow,LOW
0006030,0.757733889531842,batch_800-900.arrow,HIGH
0006031,0.7682469786498293,batch_800-900.arrow,HIGH
0006032,0.0296060726283263,batch_800-900.arrow,LOW
0006033,0.4796307806038434,batch_800-900.arrow,LOW
0006034,0.4191831606345035,batch_800-900.arrow,LOW
0006035,0.8375796699899939,batch_800-900.arrow,HIGH
0006036,0.40786240469432,batch_800-900.arrow,LOW
0006037,0.678058415840324,batch_800-900.arrow,HIGH
0006039,0.6880388782629491,batch_800-900.arrow,HIGH
0006040,0.7179317140533065,batch_800-900.arrow,HIGH
0006041,0.756145697425684,batch_800-900.arrow,HIGH
0006042,0.1727415743839934,batch_800-900.arrow,LOW
0006043,0.7415096041406364,batch_800-900.arrow,HIGH
0006044,0.7263403155165502,batch_800-900.arrow,HIGH
0006045,0.5000386629471893,batch_800-900.arrow,LOW
0006046,0.052190952340991824,batch_800-900.arrow,LOW
0006049,0.36965304156221457,batch_800-900.arrow,LOW
0006050,0.17021059306203776,batch_800-900.arrow,LOW
0006052,0.6800105850352011,batch_800-900.arrow,HIGH
0006055,0.792088752623064,batch_800-900.arrow,HIGH
0006057,0.7787184157882744,batch_800-900.arrow,HIGH
0006058,0.37898553951889496,batch_800-900.arrow,LOW
0006060,0.7089526112186263,batch_800-900.arrow,HIGH
0006064,0.8193914926762943,batch_800-900.arrow,HIGH
0006066,0.8193050455412166,batch_800-900.arrow,HIGH
0006067,0.6642270346237386,batch_800-900.arrow,HIGH
0006068,0.6263598888153074,batch_800-900.arrow,HIGH
0006070,0.7205892801952526,batch_800-900.arrow,HIGH
0006071,0.8356078543720646,batch_800-900.arrow,HIGH
0006074,0.581576765860158,batch_800-900.arrow,LOW
0006075,0.582378340981491,batch_800-900.arrow,LOW
0006076,0.5295705432381762,batch_800-900.arrow,LOW
0006077,0.055200586936028674,batch_800-900.arrow,LOW
0006078,0.7621103264467001,batch_800-900.arrow,HIGH
0006079,0.8271557018860375,batch_800-900.arrow,HIGH
0006080,0.3508131369834751,batch_800-900.arrow,LOW
0006081,0.5409203697307522,batch_800-900.arrow,LOW
0006082,0.7792482117463809,batch_800-900.arrow,HIGH
0006084,0.8330354041141973,batch_800-900.arrow,HIGH
0006085,0.5524155323289809,batch_800-900.arrow,LOW
0006087,0.7478454564654928,batch_800-900.arrow,HIGH
0006088,0.7754908201166608,batch_800-900.arrow,HIGH
0006089,0.3122035401238239,batch_800-900.arrow,LOW
0006090,0.7812566922858726,batch_800-900.arrow,HIGH
0006091,0.5842054442829734,batch_800-900.arrow,LOW
0006093,0.3886599788129009,batch_800-900.arrow,LOW
0006095,0.28376677758044144,batch_800-900.arrow,LOW
0006096,0.5663413853979865,batch_800-900.arrow,LOW
0006097,0.61455954030105,batch_800-900.arrow,HIGH
0006098,0.7877206325513194,batch_800-900.arrow,HIGH
0006099,0.20929719045176817,batch_800-900.arrow,LOW
0006103,0.7560635340236725,batch_800-900.arrow,HIGH
0006104,0.7985638815665053,batch_800-900.arrow,HIGH
0006105,0.8225820961592674,batch_800-900.arrow,HIGH
0006106,0.7034101948031433,batch_800-900.arrow,HIGH
0006107,0.6066529448228234,batch_800-900.arrow,HIGH
0006109,0.848774173670375,batch_800-900.arrow,HIGH
0006110,0.8532516336260451,batch_800-900.arrow,HIGH
0006111,0.1479130647777593,batch_800-900.arrow,LOW
0006112,0.7153158750940186,batch_800-900.arrow,HIGH
0006113,0.2407822325247848,batch_800-900.arrow,LOW
0006114,0.4388457634810923,batch_800-900.arrow,LOW
0006116,0.7782916750808052,batch_800-900.arrow,HIGH
0006117,0.7049304031838447,batch_800-900.arrow,HIGH
0006118,0.4432063975921025,batch_800-900.arrow,LOW
0006120,0.8237336326698149,batch_800-900.arrow,HIGH
0006121,0.7256591422875037,batch_800-900.arrow,HIGH
0006124,0.859079073598877,batch_800-900.arrow,HIGH
0006125,0.6970554412480489,batch_800-900.arrow,HIGH
0006128,0.8162704529504623,batch_800-900.arrow,HIGH
0006129,0.5100758407752187,batch_800-900.arrow,LOW
0006130,0.22100227193475733,batch_900-1000.arrow,LOW
0006131,0.7207449084975016,batch_900-1000.arrow,HIGH
0006133,0.8016955413145309,batch_900-1000.arrow,HIGH
0006134,0.3443624062915283,batch_900-1000.arrow,LOW
0006136,0.7710747999686908,batch_900-1000.arrow,HIGH
0006137,0.6896314659495615,batch_900-1000.arrow,HIGH
0006138,0.7128992743398461,batch_900-1000.arrow,HIGH
0006139,0.4853970923657669,batch_900-1000.arrow,LOW
0006140,0.6621855397872428,batch_900-1000.arrow,HIGH
0006141,0.6655163744676655,batch_900-1000.arrow,HIGH
0006142,0.4060724703000748,batch_900-1000.arrow,LOW
0006143,0.0848708011626036,batch_900-1000.arrow,LOW
0006144,0.7077147535918916,batch_900-1000.arrow,HIGH
0006145,0.36056576745492747,batch_900-1000.arrow,LOW
0006148,0.7385008047619516,batch_900-1000.arrow,HIGH
0006149,0.6636183549122939,batch_900-1000.arrow,HIGH
0006154,0.4075499635204012,batch_900-1000.arrow,LOW
0006155,0.4372788386715958,batch_900-1000.arrow,LOW
0006156,0.7205670745399001,batch_900-1000.arrow,HIGH
0006157,0.29907392553239215,batch_900-1000.arrow,LOW
0006158,0.7360209614530384,batch_900-1000.arrow,HIGH
0006160,0.7018767978612673,batch_900-1000.arrow,HIGH
0006161,0.8304554895045045,batch_900-1000.arrow,HIGH
0006162,0.8413948591017518,batch_900-1000.arrow,HIGH
0006163,0.639235334920018,batch_900-1000.arrow,HIGH
0006164,0.1699739156923132,batch_900-1000.arrow,LOW
0006165,0.22289344234512484,batch_900-1000.arrow,LOW
0006167,0.5253554162626975,batch_900-1000.arrow,LOW
0006169,0.5935527049726713,batch_900-1000.arrow,LOW
0006170,0.5559892716365833,batch_900-1000.arrow,LOW
0006171,0.663193174664357,batch_900-1000.arrow,HIGH
0006172,0.5866507893103081,batch_900-1000.arrow,LOW
0006174,0.5144191148354929,batch_900-1000.arrow,LOW
0006177,0.7583590433912576,batch_900-1000.arrow,HIGH
0006180,0.5409447432066687,batch_900-1000.arrow,LOW
0006181,0.46424200273381366,batch_900-1000.arrow,LOW
0006182,0.22769452064721993,batch_900-1000.arrow,LOW
0006183,0.7638491400330647,batch_900-1000.arrow,HIGH
0006184,0.4725641671194846,batch_900-1000.arrow,LOW
0006185,0.7244908256191595,batch_900-1000.arrow,HIGH
0006186,0.4256251444259485,batch_900-1000.arrow,LOW
0006187,0.16348895208484934,batch_900-1000.arrow,LOW
0006191,0.5518589069427003,batch_900-1000.arrow,LOW
0006192,0.6630638730625654,batch_900-1000.arrow,HIGH
0006193,0.787416526415908,batch_900-1000.arrow,HIGH
0006194,0.5314807589880918,batch_900-1000.arrow,LOW
0006195,0.6819372047688845,batch_900-1000.arrow,HIGH
0006196,0.7089366728350202,batch_900-1000.arrow,HIGH
0006197,0.6323504136604134,batch_900-1000.arrow,HIGH
0006198,0.15350331497460218,batch_900-1000.arrow,LOW
0006199,0.33753916906811404,batch_900-1000.arrow,LOW
0006201,0.7586715783024394,batch_900-1000.arrow,HIGH
0006202,0.5120735159963314,batch_900-1000.arrow,LOW
0006204,0.3932352952514713,batch_900-1000.arrow,LOW
0006205,0.3994518693225137,batch_900-1000.arrow,LOW
0006209,0.42265091530646054,batch_900-1000.arrow,LOW
0006210,0.7320453260827054,batch_900-1000.arrow,HIGH
0006211,0.4477206357653832,batch_900-1000.arrow,LOW
0006212,0.47117376877916484,batch_900-1000.arrow,LOW
0006215,0.7147633112870316,batch_900-1000.arrow,HIGH
0006218,0.43387323976616576,batch_900-1000.arrow,LOW
0006220,0.5548688511226686,batch_900-1000.arrow,LOW
0006221,0.8358020525430554,batch_900-1000.arrow,HIGH
0006222,0.40030979846531206,batch_900-1000.arrow,LOW
0006224,0.7076901048634161,batch_900-1000.arrow,HIGH
0006225,0.8186479603042364,batch_900-1000.arrow,HIGH
0006226,0.7848769896585855,batch_900-1000.arrow,HIGH
0006227,0.7096776099173226,batch_900-1000.arrow,HIGH
0006228,0.6676149484471111,batch_900-1000.arrow,HIGH
0006229,0.3495361996204436,batch_900-1000.arrow,LOW
0006230,0.6983046232158587,batch_900-1000.arrow,HIGH
0006232,0.718492361012203,batch_900-1000.arrow,HIGH
0006233,0.3536521071746855,batch_900-1000.arrow,LOW
0006234,0.7381428078964872,batch_900-1000.arrow,HIGH
0006235,0.6297481557895387,batch_900-1000.arrow,HIGH
0006238,0.7637723698072049,batch_900-1000.arrow,HIGH
0006241,0.6368547409945505,batch_900-1000.arrow,HIGH
0006242,0.8403986451195804,batch_900-1000.arrow,HIGH
0006243,0.7005602481050879,batch_900-1000.arrow,HIGH
0006247,0.8217620520128723,batch_900-1000.arrow,HIGH
0006249,0.8098043169865846,batch_900-1000.arrow,HIGH
0006250,0.5664051214733248,batch_900-1000.arrow,LOW
0006253,0.7388293219734754,batch_900-1000.arrow,HIGH
0006255,0.4373423701279937,batch_900-1000.arrow,LOW
0006256,0.11765091789374882,batch_900-1000.arrow,LOW
0006258,0.41948526458755026,batch_900-1000.arrow,LOW
0006259,0.7257501758441744,batch_900-1000.arrow,HIGH
0006260,0.7377403356856581,batch_900-1000.arrow,HIGH
0006261,0.6138896137184302,batch_900-1000.arrow,HIGH
0006262,0.6946515336365203,batch_900-1000.arrow,HIGH
0006263,0.5129188629936033,batch_900-1000.arrow,LOW
0006264,0.7983584870988905,batch_900-1000.arrow,HIGH
0006265,0.7734271162932554,batch_900-1000.arrow,HIGH
0006266,0.8047014153851083,batch_900-1000.arrow,HIGH
0006267,0.781196053096668,batch_900-1000.arrow,HIGH
0006273,0.7431521087620897,batch_900-1000.arrow,HIGH
0006275,0.12405197951625424,batch_900-1000.arrow,LOW
0006276,0.2405594435568834,batch_900-1000.arrow,LOW
