ref_id,ssim,batch_file,quality
0004850,0.31758575705759373,batch_0-100.arrow,LOW
0004851,0.30673749286570967,batch_0-100.arrow,LOW
0004852,0.2788553725665855,batch_0-100.arrow,LOW
0004853,0.22649627497778313,batch_0-100.arrow,LOW
0004854,0.639560936485205,batch_0-100.arrow,HIGH
0004856,0.7182240569627328,batch_0-100.arrow,HIGH
0004857,0.2730981542533029,batch_0-100.arrow,LOW
0004858,0.647076174705602,batch_0-100.arrow,HIGH
0004859,0.5774395196123746,batch_0-100.arrow,HIGH
0004860,0.5377296425090534,batch_0-100.arrow,HIGH
0004861,0.6767337455232001,batch_0-100.arrow,HIGH
0004864,0.6676186889897714,batch_0-100.arrow,HIGH
0004866,0.6393310028770823,batch_0-100.arrow,HIGH
0004868,0.6450908327720147,batch_0-100.arrow,HIGH
0004869,0.6807601541400271,batch_0-100.arrow,HIGH
0004870,0.5875513341287524,batch_0-100.arrow,HIGH
0004872,0.5486653030593399,batch_0-100.arrow,HIGH
0004873,0.6030268290758007,batch_0-100.arrow,HIGH
0004874,0.6637474748048787,batch_0-100.arrow,HIGH
0004876,0.6871231012459411,batch_0-100.arrow,HIGH
0004877,0.5244251971837509,batch_0-100.arrow,HIGH
0004879,0.48344637362868115,batch_0-100.arrow,LOW
0004881,0.6111528308302837,batch_0-100.arrow,HIGH
0004882,0.1264960332182985,batch_0-100.arrow,LOW
0004883,0.7006622490263598,batch_0-100.arrow,HIGH
0004884,0.5364137753646842,batch_0-100.arrow,HIGH
0004885,0.5923079832209197,batch_0-100.arrow,HIGH
0004887,0.5708203353135902,batch_0-100.arrow,HIGH
0004888,0.4968649280097363,batch_0-100.arrow,LOW
0004889,0.7756650529473245,batch_0-100.arrow,HIGH
0004890,0.7074993796530956,batch_0-100.arrow,HIGH
0004892,0.7571256473616658,batch_0-100.arrow,HIGH
0004893,0.6221429050004345,batch_0-100.arrow,HIGH
0004895,0.5283639216377047,batch_0-100.arrow,HIGH
0004898,0.4858534688708176,batch_0-100.arrow,LOW
0004899,0.19409904171564432,batch_0-100.arrow,LOW
0004900,0.3214733440246471,batch_0-100.arrow,LOW
0004901,0.6605939875113361,batch_0-100.arrow,HIGH
0004902,0.6469161823453223,batch_0-100.arrow,HIGH
0004903,0.4944572740163904,batch_0-100.arrow,LOW
0004904,0.6102865899491791,batch_0-100.arrow,HIGH
0004905,0.5781155305330157,batch_0-100.arrow,HIGH
0004906,0.28470511385998337,batch_0-100.arrow,LOW
0004908,0.43082244714196793,batch_0-100.arrow,LOW
0004909,0.6937641187778242,batch_0-100.arrow,HIGH
0004910,0.39719222435360807,batch_0-100.arrow,LOW
0004913,0.6104135247003396,batch_0-100.arrow,HIGH
0004914,0.6089061681885553,batch_0-100.arrow,HIGH
0004918,0.5815377595045442,batch_0-100.arrow,HIGH
0004920,0.3548439344126573,batch_0-100.arrow,LOW
0004921,0.3326917588166762,batch_0-100.arrow,LOW
0004923,0.16882808227498627,batch_0-100.arrow,LOW
0004925,0.6437766046038714,batch_0-100.arrow,HIGH
0004928,0.5677123432830044,batch_0-100.arrow,HIGH
0004932,0.6679482583566538,batch_0-100.arrow,HIGH
0004933,0.14046352877678536,batch_0-100.arrow,LOW
0004936,0.16188471450991151,batch_0-100.arrow,LOW
0004937,0.6403448951661237,batch_0-100.arrow,HIGH
0004939,0.7004645549183722,batch_0-100.arrow,HIGH
0004941,0.544943730854048,batch_0-100.arrow,HIGH
0004942,0.11249528366313577,batch_0-100.arrow,LOW
0004943,0.40950550838380434,batch_0-100.arrow,LOW
0004944,0.6830725964123395,batch_0-100.arrow,HIGH
0004945,0.3657496396435878,batch_0-100.arrow,LOW
0004948,0.6063372702820216,batch_0-100.arrow,HIGH
0004949,0.5379574001508248,batch_0-100.arrow,HIGH
0004951,0.37602449495096485,batch_0-100.arrow,LOW
0004953,0.6309904456106915,batch_0-100.arrow,HIGH
0004955,0.046486854802841295,batch_0-100.arrow,LOW
0004957,0.544191834639768,batch_0-100.arrow,HIGH
0004958,0.34673569213569005,batch_0-100.arrow,LOW
0004960,0.6071006725938307,batch_0-100.arrow,HIGH
0004966,0.7307672650799525,batch_0-100.arrow,HIGH
0004967,0.5577323144017675,batch_0-100.arrow,HIGH
0004968,0.48181071945890713,batch_0-100.arrow,LOW
0004969,0.5107778576689023,batch_0-100.arrow,HIGH
0004972,0.40119085591675324,batch_0-100.arrow,LOW
0004973,0.6283756107466677,batch_0-100.arrow,HIGH
0004974,0.46017245966251547,batch_0-100.arrow,LOW
0004975,0.3179384929173095,batch_0-100.arrow,LOW
0004976,0.5483383729579208,batch_0-100.arrow,HIGH
0004977,0.27445832430935635,batch_0-100.arrow,LOW
0004978,0.5878568481005501,batch_0-100.arrow,HIGH
0004979,0.6743168939530638,batch_0-100.arrow,HIGH
0004980,0.6101013227174447,batch_0-100.arrow,HIGH
0004982,0.1847643120813058,batch_0-100.arrow,LOW
0004983,0.573690099156538,batch_0-100.arrow,HIGH
0004984,0.1794902617694445,batch_0-100.arrow,LOW
0004985,0.23070497724197314,batch_0-100.arrow,LOW
0004986,0.7116697907504511,batch_0-100.arrow,HIGH
0004987,0.62579816265876,batch_0-100.arrow,HIGH
0004990,0.6399307219841758,batch_0-100.arrow,HIGH
0004991,0.6941486667552769,batch_0-100.arrow,HIGH
0004993,0.4458073420343713,batch_0-100.arrow,LOW
0004994,0.28455546504260243,batch_0-100.arrow,LOW
0004996,0.5241658015203305,batch_0-100.arrow,HIGH
0004997,0.7039994977666147,batch_0-100.arrow,HIGH
0004999,0.12629608171045648,batch_0-100.arrow,LOW
0006277,0.681499885184906,batch_1000-1100.arrow,HIGH
0006278,0.22326135546540268,batch_1000-1100.arrow,LOW
0006282,0.37061331620183086,batch_1000-1100.arrow,LOW
0006283,0.45038107040500247,batch_1000-1100.arrow,LOW
0006284,0.1641167661598305,batch_1000-1100.arrow,LOW
0006285,0.658516387861541,batch_1000-1100.arrow,HIGH
0006288,0.6223573909791794,batch_1000-1100.arrow,HIGH
0006289,0.428592570842784,batch_1000-1100.arrow,LOW
0006290,0.283447774647862,batch_1000-1100.arrow,LOW
0006291,0.5939946119957645,batch_1000-1100.arrow,HIGH
0006292,0.6693374935358962,batch_1000-1100.arrow,HIGH
0006293,0.7932965059784194,batch_1000-1100.arrow,HIGH
0006294,0.3734857836455338,batch_1000-1100.arrow,LOW
0006295,0.09306251489372419,batch_1000-1100.arrow,LOW
0006296,0.4383818498127035,batch_1000-1100.arrow,LOW
0006299,0.49930621867843444,batch_1000-1100.arrow,LOW
0006301,0.6743518961505983,batch_1000-1100.arrow,HIGH
0006304,0.14508870310520192,batch_1000-1100.arrow,LOW
0006305,0.5737180186344603,batch_1000-1100.arrow,HIGH
0006306,0.5393312577421435,batch_1000-1100.arrow,HIGH
0006307,0.5321245387761309,batch_1000-1100.arrow,HIGH
0006309,0.3449599689167344,batch_1000-1100.arrow,LOW
0006310,0.17288069338642612,batch_1000-1100.arrow,LOW
0006313,0.5163206500675214,batch_1000-1100.arrow,HIGH
0006314,0.6009352056190193,batch_1000-1100.arrow,HIGH
0006315,0.6734482169264099,batch_1000-1100.arrow,HIGH
0006318,0.13577253650833224,batch_1000-1100.arrow,LOW
0006319,0.5391938316328808,batch_1000-1100.arrow,HIGH
0006320,0.5245790507494345,batch_1000-1100.arrow,HIGH
0006323,0.7299556744094722,batch_1000-1100.arrow,HIGH
0006324,0.6486502912169162,batch_1000-1100.arrow,HIGH
0006325,0.6654418821760107,batch_1000-1100.arrow,HIGH
0006326,0.5555073944006689,batch_1000-1100.arrow,HIGH
0006327,0.5529385936814849,batch_1000-1100.arrow,HIGH
0006329,0.45925603137032844,batch_1000-1100.arrow,LOW
0006330,0.5551121287528188,batch_1000-1100.arrow,HIGH
0006332,0.5964756833090782,batch_1000-1100.arrow,HIGH
0006333,0.5858020035562146,batch_1000-1100.arrow,HIGH
0006335,0.1824892676787938,batch_1000-1100.arrow,LOW
0006336,0.6775120975177784,batch_1000-1100.arrow,HIGH
0006337,0.5944424715096926,batch_1000-1100.arrow,HIGH
0006339,0.5886743816167882,batch_1000-1100.arrow,HIGH
0006340,0.6846788196866268,batch_1000-1100.arrow,HIGH
0006342,0.08693586322085949,batch_1000-1100.arrow,LOW
0006343,0.33071348937607103,batch_1000-1100.arrow,LOW
0006344,0.3186383336660586,batch_1000-1100.arrow,LOW
0006345,0.7177195790261836,batch_1000-1100.arrow,HIGH
0006346,0.6545830100550368,batch_1000-1100.arrow,HIGH
0006347,0.6207675235848464,batch_1000-1100.arrow,HIGH
0006348,0.1499444889857027,batch_1000-1100.arrow,LOW
0006349,0.49406546450683836,batch_1000-1100.arrow,LOW
0006353,0.6781872191875001,batch_1000-1100.arrow,HIGH
0006354,0.5815416312796037,batch_1000-1100.arrow,HIGH
0006362,0.5436003911325663,batch_1000-1100.arrow,HIGH
0006364,0.6931148107637465,batch_1000-1100.arrow,HIGH
0006365,0.5196353573786904,batch_1000-1100.arrow,HIGH
0006366,0.7057383329290552,batch_1000-1100.arrow,HIGH
0006367,0.1362891065616388,batch_1000-1100.arrow,LOW
0006368,0.6392421113598512,batch_1000-1100.arrow,HIGH
0006369,0.4957357093015222,batch_1000-1100.arrow,LOW
0006373,0.0984325186049375,batch_1000-1100.arrow,LOW
0006375,0.05129929566971018,batch_1000-1100.arrow,LOW
0006376,0.695753667019619,batch_1000-1100.arrow,HIGH
0006377,0.31175328217899007,batch_1000-1100.arrow,LOW
0006378,0.6616286528687776,batch_1000-1100.arrow,HIGH
0006381,0.25767374098766443,batch_1000-1100.arrow,LOW
0006384,0.6649650395425526,batch_1000-1100.arrow,HIGH
0006385,0.6543379702935791,batch_1000-1100.arrow,HIGH
0006386,0.12205703109197541,batch_1000-1100.arrow,LOW
0006387,0.687467460281672,batch_1000-1100.arrow,HIGH
0006388,0.5790194877844643,batch_1000-1100.arrow,HIGH
0006389,0.527438144162517,batch_1000-1100.arrow,HIGH
0006390,0.514153461604824,batch_1000-1100.arrow,HIGH
0006391,0.4296074659612075,batch_1000-1100.arrow,LOW
0006392,0.28622605697769005,batch_1000-1100.arrow,LOW
0006393,0.3498711388289186,batch_1000-1100.arrow,LOW
0006395,0.6319715319795486,batch_1000-1100.arrow,HIGH
0006396,0.6698410902304782,batch_1000-1100.arrow,HIGH
0006398,0.5911928787380702,batch_1000-1100.arrow,HIGH
0006399,0.7503720704545409,batch_1000-1100.arrow,HIGH
0006400,0.6637274293528211,batch_1000-1100.arrow,HIGH
0006401,0.730534236746616,batch_1000-1100.arrow,HIGH
0006402,0.15407083633581004,batch_1000-1100.arrow,LOW
0006403,0.6830811212433988,batch_1000-1100.arrow,HIGH
0006404,0.6651903509269536,batch_1000-1100.arrow,HIGH
0006405,0.7532437097113925,batch_1000-1100.arrow,HIGH
0006406,0.5998653728227316,batch_1000-1100.arrow,HIGH
0006408,0.4627588207897902,batch_1000-1100.arrow,LOW
0006409,0.46657357785355735,batch_1000-1100.arrow,LOW
0006410,0.7881457986989705,batch_1000-1100.arrow,HIGH
0006411,0.6187708035894673,batch_1000-1100.arrow,HIGH
0006412,0.6717406158247416,batch_1000-1100.arrow,HIGH
0006413,0.6027149219013829,batch_1000-1100.arrow,HIGH
0006415,0.6960201836071698,batch_1000-1100.arrow,HIGH
0006416,0.6531968195854797,batch_1000-1100.arrow,HIGH
0006417,0.3500979393391516,batch_1000-1100.arrow,LOW
0006418,0.4697512673326713,batch_1100-1200.arrow,LOW
0006419,0.6584228771826348,batch_1100-1200.arrow,HIGH
0006420,0.4955272741352356,batch_1100-1200.arrow,LOW
0006421,0.6054760328117406,batch_1100-1200.arrow,HIGH
0006422,0.22692636600013139,batch_1100-1200.arrow,LOW
0006424,0.31242955388391197,batch_1100-1200.arrow,LOW
0006426,0.3525615080001505,batch_1100-1200.arrow,LOW
0006427,0.24470479115951818,batch_1100-1200.arrow,LOW
0006429,0.6328613386455713,batch_1100-1200.arrow,HIGH
0006430,0.6515858690023388,batch_1100-1200.arrow,HIGH
0006432,0.6803384098127073,batch_1100-1200.arrow,HIGH
0006433,0.5321024113794359,batch_1100-1200.arrow,HIGH
0006434,0.6633546249130114,batch_1100-1200.arrow,HIGH
0006435,0.3475571738420588,batch_1100-1200.arrow,LOW
0006437,0.5797410587113668,batch_1100-1200.arrow,HIGH
0006438,0.5596951365017852,batch_1100-1200.arrow,HIGH
0006439,0.4446313907433095,batch_1100-1200.arrow,LOW
0006440,0.6421841892416863,batch_1100-1200.arrow,HIGH
0006441,0.6226179069479603,batch_1100-1200.arrow,HIGH
0006445,0.19636342332168666,batch_1100-1200.arrow,LOW
0006446,0.5317114658935637,batch_1100-1200.arrow,HIGH
0006447,0.6283558443168052,batch_1100-1200.arrow,HIGH
0006449,0.24706006964352537,batch_1100-1200.arrow,LOW
0006450,0.6234492000055362,batch_1100-1200.arrow,HIGH
0006451,0.33395697768782256,batch_1100-1200.arrow,LOW
0006452,0.5982389931720752,batch_1100-1200.arrow,HIGH
0006453,0.5011026498221626,batch_1100-1200.arrow,HIGH
0006454,0.2607136782524087,batch_1100-1200.arrow,LOW
0006456,0.7396795925648602,batch_1100-1200.arrow,HIGH
0006458,0.6970949281246589,batch_1100-1200.arrow,HIGH
0006459,0.32949435578683534,batch_1100-1200.arrow,LOW
0006460,0.41710353959559326,batch_1100-1200.arrow,LOW
0006461,0.6052082952115841,batch_1100-1200.arrow,HIGH
0006463,0.2029614474633091,batch_1100-1200.arrow,LOW
0006464,0.43257859504193624,batch_1100-1200.arrow,LOW
0006465,0.7468488788728317,batch_1100-1200.arrow,HIGH
0006466,0.5496424399205946,batch_1100-1200.arrow,HIGH
0006467,0.6787752825269487,batch_1100-1200.arrow,HIGH
0006468,0.6450542088818141,batch_1100-1200.arrow,HIGH
0006469,0.716382621017473,batch_1100-1200.arrow,HIGH
0006471,0.21979006043669658,batch_1100-1200.arrow,LOW
0006472,0.5533721076052988,batch_1100-1200.arrow,HIGH
0006473,0.6583363815432163,batch_1100-1200.arrow,HIGH
0006474,0.4502237816185559,batch_1100-1200.arrow,LOW
0006475,0.19704039118323782,batch_1100-1200.arrow,LOW
0006476,0.7223571853463181,batch_1100-1200.arrow,HIGH
0006478,0.7533850250305892,batch_1100-1200.arrow,HIGH
0006479,0.1917895757139756,batch_1100-1200.arrow,LOW
0006480,0.47218263739010397,batch_1100-1200.arrow,LOW
0006481,0.4773898961678664,batch_1100-1200.arrow,LOW
0006482,0.6900182650831391,batch_1100-1200.arrow,HIGH
0006483,0.33682071595952906,batch_1100-1200.arrow,LOW
0006485,0.2307736834398976,batch_1100-1200.arrow,LOW
0006487,0.6250316289247638,batch_1100-1200.arrow,HIGH
0006491,0.18258486820584163,batch_1100-1200.arrow,LOW
0006492,0.7314161708820429,batch_1100-1200.arrow,HIGH
0006494,0.2782262681700708,batch_1100-1200.arrow,LOW
0006497,0.6146079055278411,batch_1100-1200.arrow,HIGH
0006499,0.5698756783876827,batch_1100-1200.arrow,HIGH
0006500,0.23601459398635882,batch_1100-1200.arrow,LOW
0006502,0.42412286691275974,batch_1100-1200.arrow,LOW
0006503,0.7797730159325522,batch_1100-1200.arrow,HIGH
0006505,0.10391300192719034,batch_1100-1200.arrow,LOW
0006507,0.2517311219663481,batch_1100-1200.arrow,LOW
0006508,0.2536977452773402,batch_1100-1200.arrow,LOW
0006510,0.5751531675769086,batch_1100-1200.arrow,HIGH
0006512,0.5288811796408417,batch_1100-1200.arrow,HIGH
0006515,0.611418518974088,batch_1100-1200.arrow,HIGH
0006516,0.6747124514003154,batch_1100-1200.arrow,HIGH
0006518,0.747122830814161,batch_1100-1200.arrow,HIGH
0006521,0.44662003463840766,batch_1100-1200.arrow,LOW
0006528,0.26932094678239227,batch_1100-1200.arrow,LOW
0006529,0.6799494102304973,batch_1100-1200.arrow,HIGH
0006530,0.33364603959379463,batch_1100-1200.arrow,LOW
0006531,0.470193378353563,batch_1100-1200.arrow,LOW
0006532,0.6036360552871877,batch_1100-1200.arrow,HIGH
0006533,0.5633925190176772,batch_1100-1200.arrow,HIGH
0006534,0.46420496765797153,batch_1100-1200.arrow,LOW
0006535,0.6329871072100828,batch_1100-1200.arrow,HIGH
0006536,0.6264751919310206,batch_1100-1200.arrow,HIGH
0006537,0.6810669444120271,batch_1100-1200.arrow,HIGH
0006538,0.5341958847025116,batch_1100-1200.arrow,HIGH
0006540,0.6253103381095712,batch_1100-1200.arrow,HIGH
0006541,0.5319914133886655,batch_1100-1200.arrow,HIGH
0006542,0.5125682483140747,batch_1100-1200.arrow,HIGH
0006544,0.37072455323863346,batch_1100-1200.arrow,LOW
0006545,0.0568820501519696,batch_1100-1200.arrow,LOW
0006546,0.5042400114221316,batch_1100-1200.arrow,HIGH
0006547,0.43902865888744275,batch_1100-1200.arrow,LOW
0006549,0.4402417218466778,batch_1100-1200.arrow,LOW
0006551,0.6685291789604549,batch_1100-1200.arrow,HIGH
0006554,0.5665471931293844,batch_1100-1200.arrow,HIGH
0006555,0.6293974053651522,batch_1100-1200.arrow,HIGH
0006556,0.11071840271784623,batch_1100-1200.arrow,LOW
0006689,0.6096413367550443,batch_1300-1400.arrow,HIGH
0006690,0.6482367140857072,batch_1300-1400.arrow,HIGH
0006691,0.6409994721099334,batch_1300-1400.arrow,HIGH
0006692,0.4105407954585769,batch_1300-1400.arrow,LOW
0006693,0.6783006057964257,batch_1300-1400.arrow,HIGH
0006694,0.5526409430476913,batch_1300-1400.arrow,HIGH
0006696,0.6646063613354919,batch_1300-1400.arrow,HIGH
0006697,0.6260398512048201,batch_1300-1400.arrow,HIGH
0006698,0.6437222516064955,batch_1300-1400.arrow,HIGH
0006700,0.6438741488939427,batch_1300-1400.arrow,HIGH
0006701,0.6151869577884569,batch_1300-1400.arrow,HIGH
0006702,0.11685613815387834,batch_1300-1400.arrow,LOW
0006705,0.6727686173072666,batch_1300-1400.arrow,HIGH
0006706,0.5085281085846572,batch_1300-1400.arrow,HIGH
0006708,0.18100461239087917,batch_1300-1400.arrow,LOW
0006710,0.48833842683571027,batch_1300-1400.arrow,LOW
0006711,0.6215874690901467,batch_1300-1400.arrow,HIGH
0006713,0.5855130857975275,batch_1300-1400.arrow,HIGH
0006714,0.414179973142178,batch_1300-1400.arrow,LOW
0006715,0.647528777449733,batch_1300-1400.arrow,HIGH
0006716,0.6691895744021705,batch_1300-1400.arrow,HIGH
0006717,0.5912491853846745,batch_1300-1400.arrow,HIGH
0006719,0.6318808409368416,batch_1300-1400.arrow,HIGH
0006720,0.4198964133784555,batch_1300-1400.arrow,LOW
0006721,0.7272801055155118,batch_1300-1400.arrow,HIGH
0006722,0.6756741222773511,batch_1300-1400.arrow,HIGH
0006723,0.7298979590915998,batch_1300-1400.arrow,HIGH
0006724,0.5041041843417527,batch_1300-1400.arrow,HIGH
0006725,0.33781023775767727,batch_1300-1400.arrow,LOW
0006726,0.6011015108689689,batch_1300-1400.arrow,HIGH
0006727,0.5471602919769344,batch_1300-1400.arrow,HIGH
0006728,0.5459269596997998,batch_1300-1400.arrow,HIGH
0006729,0.5470870434690269,batch_1300-1400.arrow,HIGH
0006730,0.0658438569016641,batch_1300-1400.arrow,LOW
0006731,0.24737049126590657,batch_1300-1400.arrow,LOW
0006734,0.6742981355642601,batch_1300-1400.arrow,HIGH
0006736,0.2196259702255924,batch_1300-1400.arrow,LOW
0006737,0.42570121312989095,batch_1300-1400.arrow,LOW
0006738,0.5159430147419198,batch_1300-1400.arrow,HIGH
0006739,0.1138378709038169,batch_1300-1400.arrow,LOW
0006740,0.46668377920893284,batch_1300-1400.arrow,LOW
0006741,0.5757647702628733,batch_1300-1400.arrow,HIGH
0006742,0.5706881412110535,batch_1300-1400.arrow,HIGH
0006743,0.2941592416483851,batch_1300-1400.arrow,LOW
0006744,0.3675408927560229,batch_1300-1400.arrow,LOW
0006745,0.5092430508907224,batch_1300-1400.arrow,HIGH
0006747,0.6294158664479682,batch_1300-1400.arrow,HIGH
0006750,0.6240343544592116,batch_1300-1400.arrow,HIGH
0006751,0.6162156743890591,batch_1300-1400.arrow,HIGH
0006752,0.338038170857389,batch_1300-1400.arrow,LOW
0006753,0.28553100719118496,batch_1300-1400.arrow,LOW
0006754,0.6276825204781908,batch_1300-1400.arrow,HIGH
0006756,0.5405656980359655,batch_1300-1400.arrow,HIGH
0006757,0.14310703040899805,batch_1300-1400.arrow,LOW
0006758,0.091270499835917,batch_1300-1400.arrow,LOW
0006761,0.5610333904042492,batch_1300-1400.arrow,HIGH
0006762,0.6629300284433199,batch_1300-1400.arrow,HIGH
0006763,0.7802320799584246,batch_1300-1400.arrow,HIGH
0006764,0.6037748180225394,batch_1300-1400.arrow,HIGH
0006765,0.25779698208571017,batch_1300-1400.arrow,LOW
0006766,0.7103849777424612,batch_1300-1400.arrow,HIGH
0006767,0.5863560110058939,batch_1300-1400.arrow,HIGH
0006768,0.6250035125989047,batch_1300-1400.arrow,HIGH
0006769,0.6048534313195622,batch_1300-1400.arrow,HIGH
0006770,0.7515097233190273,batch_1300-1400.arrow,HIGH
0006771,0.468668837939275,batch_1300-1400.arrow,LOW
0006772,0.48306238254529194,batch_1300-1400.arrow,LOW
0006774,0.09540542476574539,batch_1300-1400.arrow,LOW
0006775,0.5056179636616835,batch_1300-1400.arrow,HIGH
0006776,0.7689020221592636,batch_1300-1400.arrow,HIGH
0006778,0.6842117502815417,batch_1300-1400.arrow,HIGH
0006779,0.4879498378211542,batch_1300-1400.arrow,LOW
0006780,0.1442466860595848,batch_1300-1400.arrow,LOW
0006782,0.752829494082131,batch_1300-1400.arrow,HIGH
0006784,0.6375456061382482,batch_1300-1400.arrow,HIGH
0006785,0.0932130500522093,batch_1300-1400.arrow,LOW
0006786,0.19971696675879355,batch_1300-1400.arrow,LOW
0006787,0.6919365036651229,batch_1300-1400.arrow,HIGH
0006788,0.16362033625258848,batch_1300-1400.arrow,LOW
0006790,0.5413600706631224,batch_1300-1400.arrow,HIGH
0006791,0.5851819370537944,batch_1300-1400.arrow,HIGH
0006792,0.5298062712550133,batch_1300-1400.arrow,HIGH
0006794,0.5203609942185546,batch_1300-1400.arrow,HIGH
0006795,0.5294636372951217,batch_1300-1400.arrow,HIGH
0006796,0.1400181873839537,batch_1300-1400.arrow,LOW
0006797,0.46354151447080527,batch_1300-1400.arrow,LOW
0006798,0.5414608524045259,batch_1300-1400.arrow,HIGH
0006799,0.6143878510518757,batch_1300-1400.arrow,HIGH
0006800,0.4014022781318897,batch_1300-1400.arrow,LOW
0006801,0.34452963494371386,batch_1300-1400.arrow,LOW
0006803,0.634337105018813,batch_1300-1400.arrow,HIGH
0006805,0.6395627021982312,batch_1300-1400.arrow,HIGH
0006806,0.6883474565036343,batch_1300-1400.arrow,HIGH
0006807,0.7030245498606101,batch_1300-1400.arrow,HIGH
0006808,0.6573214738795591,batch_1300-1400.arrow,HIGH
0006809,0.724784089412479,batch_1300-1400.arrow,HIGH
0006810,0.6978743098845525,batch_1300-1400.arrow,HIGH
0006811,0.4828651782427616,batch_1300-1400.arrow,LOW
0006812,0.2799031347249834,batch_1400-1500.arrow,LOW
0006813,0.5270467150663932,batch_1400-1500.arrow,HIGH
0006815,0.6499219385848849,batch_1400-1500.arrow,HIGH
0006817,0.7603993090808617,batch_1400-1500.arrow,HIGH
0006818,0.8332932685608379,batch_1400-1500.arrow,HIGH
0006819,0.28872960245009427,batch_1400-1500.arrow,LOW
0006820,0.6525560698746808,batch_1400-1500.arrow,HIGH
0006822,0.45531366118939726,batch_1400-1500.arrow,LOW
0006823,0.6494844101637505,batch_1400-1500.arrow,HIGH
0006824,0.506809783465903,batch_1400-1500.arrow,HIGH
0006827,0.37459600199119514,batch_1400-1500.arrow,LOW
0006828,0.6762772432569067,batch_1400-1500.arrow,HIGH
0006829,0.2652891025625025,batch_1400-1500.arrow,LOW
0006830,0.17578667413742824,batch_1400-1500.arrow,LOW
0006831,0.5899180456783364,batch_1400-1500.arrow,HIGH
0006832,0.2733110866234293,batch_1400-1500.arrow,LOW
0006833,0.5417183674372139,batch_1400-1500.arrow,HIGH
0006834,0.44625715296783003,batch_1400-1500.arrow,LOW
0006835,0.48932255741940617,batch_1400-1500.arrow,LOW
0006838,0.3942583438877596,batch_1400-1500.arrow,LOW
0006839,0.508456363307917,batch_1400-1500.arrow,HIGH
0006842,0.5977913495623193,batch_1400-1500.arrow,HIGH
0006843,0.6593642530958571,batch_1400-1500.arrow,HIGH
0006844,0.2697132713640968,batch_1400-1500.arrow,LOW
0006845,0.50107911159381,batch_1400-1500.arrow,HIGH
0006846,0.6639092531926204,batch_1400-1500.arrow,HIGH
0006847,0.6440306333957716,batch_1400-1500.arrow,HIGH
0006848,0.5432982956670163,batch_1400-1500.arrow,HIGH
0006849,0.5285851702930836,batch_1400-1500.arrow,HIGH
0006850,0.5698164074664295,batch_1400-1500.arrow,HIGH
0006853,0.303572260824768,batch_1400-1500.arrow,LOW
0006854,0.1083649841632235,batch_1400-1500.arrow,LOW
0006855,0.14886871551888864,batch_1400-1500.arrow,LOW
0006856,0.5485235783682842,batch_1400-1500.arrow,HIGH
0006857,0.5394310401982192,batch_1400-1500.arrow,HIGH
0006858,0.5227883658640816,batch_1400-1500.arrow,HIGH
0006859,0.21325238833953508,batch_1400-1500.arrow,LOW
0006860,0.668407902286317,batch_1400-1500.arrow,HIGH
0006861,0.5210138611488673,batch_1400-1500.arrow,HIGH
0006863,0.7481071858473006,batch_1400-1500.arrow,HIGH
0006864,0.19294827338894083,batch_1400-1500.arrow,LOW
0006865,0.5204293201538115,batch_1400-1500.arrow,HIGH
0006866,0.5196616263331425,batch_1400-1500.arrow,HIGH
0006867,0.6471870018566265,batch_1400-1500.arrow,HIGH
0006868,0.3452240683900212,batch_1400-1500.arrow,LOW
0006869,0.08372863846425516,batch_1400-1500.arrow,LOW
0006870,0.6112480920034666,batch_1400-1500.arrow,HIGH
0006873,0.6532326303213684,batch_1400-1500.arrow,HIGH
0006874,0.6235907940433787,batch_1400-1500.arrow,HIGH
0006875,0.5382288494640561,batch_1400-1500.arrow,HIGH
0006876,0.5699366844607652,batch_1400-1500.arrow,HIGH
0006879,0.38623662750452087,batch_1400-1500.arrow,LOW
0006880,0.5014273389021267,batch_1400-1500.arrow,HIGH
0006881,0.6218447759468999,batch_1400-1500.arrow,HIGH
0006882,0.5859071634982004,batch_1400-1500.arrow,HIGH
0006884,0.6208913606659092,batch_1400-1500.arrow,HIGH
0006885,0.31167384061197395,batch_1400-1500.arrow,LOW
0006886,0.6555954302322036,batch_1400-1500.arrow,HIGH
0006887,0.08869345428352321,batch_1400-1500.arrow,LOW
0006888,0.6049769754039451,batch_1400-1500.arrow,HIGH
0006889,0.5967910170699794,batch_1400-1500.arrow,HIGH
0006890,0.41008737815279567,batch_1400-1500.arrow,LOW
0006891,0.5116891563841143,batch_1400-1500.arrow,HIGH
0006892,0.2685617321036466,batch_1400-1500.arrow,LOW
0006893,0.5292157858844729,batch_1400-1500.arrow,HIGH
0006894,0.3190810196239911,batch_1400-1500.arrow,LOW
0006897,0.16701797427038031,batch_1400-1500.arrow,LOW
0006899,0.5208201249971848,batch_1400-1500.arrow,HIGH
0006901,0.5807824011366939,batch_1400-1500.arrow,HIGH
0006902,0.5948751552540847,batch_1400-1500.arrow,HIGH
0006903,0.7326056986142807,batch_1400-1500.arrow,HIGH
0006905,0.5004032309161779,batch_1400-1500.arrow,HIGH
0006906,0.7650806250326573,batch_1400-1500.arrow,HIGH
0006908,0.6592152343345435,batch_1400-1500.arrow,HIGH
0006909,0.05912567351659078,batch_1400-1500.arrow,LOW
0006910,0.4456300133755984,batch_1400-1500.arrow,LOW
0006911,0.6906854820148113,batch_1400-1500.arrow,HIGH
0006912,0.674137339822213,batch_1400-1500.arrow,HIGH
0006913,0.698563396971139,batch_1400-1500.arrow,HIGH
0006914,0.5964714842477213,batch_1400-1500.arrow,HIGH
0006915,0.6084190215705353,batch_1400-1500.arrow,HIGH
0006916,0.42684853251692817,batch_1400-1500.arrow,LOW
0006917,0.3119042602749847,batch_1400-1500.arrow,LOW
0006918,0.6537584576852773,batch_1400-1500.arrow,HIGH
0006920,0.1778417587238851,batch_1400-1500.arrow,LOW
0006921,0.5431969134781727,batch_1400-1500.arrow,HIGH
0006922,0.16057904661446362,batch_1400-1500.arrow,LOW
0006923,0.18697398640475135,batch_1400-1500.arrow,LOW
0006924,0.05516490790704262,batch_1400-1500.arrow,LOW
0006925,0.22854745764888276,batch_1400-1500.arrow,LOW
0006926,0.28483347826465044,batch_1400-1500.arrow,LOW
0006927,0.6261167409125153,batch_1400-1500.arrow,HIGH
0006928,0.6366879311359779,batch_1400-1500.arrow,HIGH
0006929,0.41279946487042074,batch_1400-1500.arrow,LOW
0006930,0.6764939914157476,batch_1400-1500.arrow,HIGH
0006931,0.4696037104963209,batch_1400-1500.arrow,LOW
0006932,0.18432311493617473,batch_1400-1500.arrow,LOW
0006933,0.6723196927662572,batch_1400-1500.arrow,HIGH
0006935,0.6949130756598535,batch_1500-1600.arrow,HIGH
0006936,0.6179797409941139,batch_1500-1600.arrow,HIGH
0006937,0.45567777259549214,batch_1500-1600.arrow,LOW
0006938,0.6467428540525653,batch_1500-1600.arrow,HIGH
0006939,0.5285389945962429,batch_1500-1600.arrow,HIGH
0006940,0.47391163488730165,batch_1500-1600.arrow,LOW
0006941,0.605972497819712,batch_1500-1600.arrow,HIGH
0006942,0.5312855126195483,batch_1500-1600.arrow,HIGH
0006944,0.4669961835390468,batch_1500-1600.arrow,LOW
0006946,0.6558861794544697,batch_1500-1600.arrow,HIGH
0006947,0.15969429222774575,batch_1500-1600.arrow,LOW
0006948,0.7667688662037596,batch_1500-1600.arrow,HIGH
0006951,0.6260977198516061,batch_1500-1600.arrow,HIGH
0006952,0.3504825315469517,batch_1500-1600.arrow,LOW
0006953,0.5878821893027305,batch_1500-1600.arrow,HIGH
0006954,0.7017731123450681,batch_1500-1600.arrow,HIGH
0006955,0.6863266843362547,batch_1500-1600.arrow,HIGH
0006956,0.7432938596955548,batch_1500-1600.arrow,HIGH
0006957,0.43153104202389797,batch_1500-1600.arrow,LOW
0006958,0.5852032288877043,batch_1500-1600.arrow,HIGH
0006959,0.7627683823108976,batch_1500-1600.arrow,HIGH
0006960,0.5580354193333015,batch_1500-1600.arrow,HIGH
0006961,0.33863300980175537,batch_1500-1600.arrow,LOW
0006962,0.25339368740269663,batch_1500-1600.arrow,LOW
0006964,0.576578660713372,batch_1500-1600.arrow,HIGH
0006966,0.3719861941236405,batch_1500-1600.arrow,LOW
0006967,0.5061693828046238,batch_1500-1600.arrow,HIGH
0006968,0.5168517832898379,batch_1500-1600.arrow,HIGH
0006969,0.6464377071067711,batch_1500-1600.arrow,HIGH
0006970,0.5074628725652954,batch_1500-1600.arrow,HIGH
0006972,0.6265433940391799,batch_1500-1600.arrow,HIGH
0006973,0.24063320085760428,batch_1500-1600.arrow,LOW
0006974,0.6452610399855097,batch_1500-1600.arrow,HIGH
0006975,0.22235283984121823,batch_1500-1600.arrow,LOW
0006977,0.6184797514978824,batch_1500-1600.arrow,HIGH
0006979,0.49899381658037933,batch_1500-1600.arrow,LOW
0006980,0.5452188142122947,batch_1500-1600.arrow,HIGH
0006981,0.6831274282402191,batch_1500-1600.arrow,HIGH
0006982,0.6752835313401039,batch_1500-1600.arrow,HIGH
0006983,0.7361292924645112,batch_1500-1600.arrow,HIGH
0006984,0.5548160157896116,batch_1500-1600.arrow,HIGH
0006985,0.5503640750872408,batch_1500-1600.arrow,HIGH
0006986,0.6135681978046943,batch_1500-1600.arrow,HIGH
0006987,0.6165132884835399,batch_1500-1600.arrow,HIGH
0006988,0.7947534644249731,batch_1500-1600.arrow,HIGH
0006989,0.6237108659106575,batch_1500-1600.arrow,HIGH
0006990,0.5044295378626275,batch_1500-1600.arrow,HIGH
0006991,0.5952153102564567,batch_1500-1600.arrow,HIGH
0006992,0.5069855806619751,batch_1500-1600.arrow,HIGH
0006993,0.7735754724805819,batch_1500-1600.arrow,HIGH
0006994,0.5699755056946106,batch_1500-1600.arrow,HIGH
0006995,0.6877175428783925,batch_1500-1600.arrow,HIGH
0006996,0.6721355623663361,batch_1500-1600.arrow,HIGH
0006997,0.2051937364136693,batch_1500-1600.arrow,LOW
0006998,0.43105019596979693,batch_1500-1600.arrow,LOW
0006999,0.7250598316231843,batch_1500-1600.arrow,HIGH
0007001,0.31417228563948146,batch_1500-1600.arrow,LOW
0007003,0.3750950812529628,batch_1500-1600.arrow,LOW
0007004,0.6351672220427838,batch_1500-1600.arrow,HIGH
0007005,0.5412302249101427,batch_1500-1600.arrow,HIGH
0007006,0.17024926957493913,batch_1500-1600.arrow,LOW
0007010,0.566312738155911,batch_1500-1600.arrow,HIGH
0007011,0.3501790135901352,batch_1500-1600.arrow,LOW
0007012,0.4981394512217859,batch_1500-1600.arrow,LOW
0007013,0.6045108507320984,batch_1500-1600.arrow,HIGH
0007014,0.3331021762254191,batch_1500-1600.arrow,LOW
0007015,0.7618222556297912,batch_1500-1600.arrow,HIGH
0007016,0.34808112514793593,batch_1500-1600.arrow,LOW
0007017,0.286317352478729,batch_1500-1600.arrow,LOW
0007018,0.7432694559296978,batch_1500-1600.arrow,HIGH
0007019,0.5252838481410539,batch_1500-1600.arrow,HIGH
0007020,0.4056236103170467,batch_1500-1600.arrow,LOW
0007022,0.6490130579837072,batch_1500-1600.arrow,HIGH
0007023,0.6925817251047741,batch_1500-1600.arrow,HIGH
0007024,0.6506241116731918,batch_1500-1600.arrow,HIGH
0007025,0.6686347737141954,batch_1500-1600.arrow,HIGH
0007026,0.2334527409681578,batch_1500-1600.arrow,LOW
0007027,0.44980141859971207,batch_1500-1600.arrow,LOW
0007028,0.2438449388058861,batch_1500-1600.arrow,LOW
0007029,0.5637321556351175,batch_1500-1600.arrow,HIGH
0007030,0.7566844819977527,batch_1500-1600.arrow,HIGH
0007032,0.6494145619271264,batch_1500-1600.arrow,HIGH
0007033,0.10991933504640672,batch_1500-1600.arrow,LOW
0007037,0.664717493775953,batch_1500-1600.arrow,HIGH
0007039,0.5452000652798422,batch_1500-1600.arrow,HIGH
0007041,0.6405321066158652,batch_1500-1600.arrow,HIGH
0007043,0.7489340516761466,batch_1500-1600.arrow,HIGH
0007044,0.4666266604957727,batch_1500-1600.arrow,LOW
0007047,0.632734266689896,batch_1500-1600.arrow,HIGH
0007048,0.671140468613581,batch_1500-1600.arrow,HIGH
0007052,0.5242925972986056,batch_1500-1600.arrow,HIGH
0007053,0.6404551569311708,batch_1500-1600.arrow,HIGH
0007054,0.006779537315705998,batch_1500-1600.arrow,LOW
0007057,0.7062803212264287,batch_1500-1600.arrow,HIGH
0007058,0.6813427472225536,batch_1500-1600.arrow,HIGH
0007059,0.6331574621885796,batch_1500-1600.arrow,HIGH
0007060,0.6804333233732464,batch_1500-1600.arrow,HIGH
0007061,0.6064845427689267,batch_1500-1600.arrow,HIGH
0007063,0.617963235979285,batch_1500-1600.arrow,HIGH
0007064,0.6555141469821949,batch_1600-1700.arrow,HIGH
0007066,0.7013123066032931,batch_1600-1700.arrow,HIGH
0007067,0.6937686497610059,batch_1600-1700.arrow,HIGH
0007068,0.258595179335956,batch_1600-1700.arrow,LOW
0007069,0.5350515918802989,batch_1600-1700.arrow,HIGH
0007071,0.5827631192989914,batch_1600-1700.arrow,HIGH
0007072,0.6876898028483013,batch_1600-1700.arrow,HIGH
0007073,0.5744352775483681,batch_1600-1700.arrow,HIGH
0007074,0.6410683786991079,batch_1600-1700.arrow,HIGH
0007075,0.5735786529105044,batch_1600-1700.arrow,HIGH
0007078,0.2135214442974471,batch_1600-1700.arrow,LOW
0007079,0.3330506916941167,batch_1600-1700.arrow,LOW
0007080,0.47568331904553046,batch_1600-1700.arrow,LOW
0007081,0.5523694263825615,batch_1600-1700.arrow,HIGH
0007084,0.6796158719782649,batch_1600-1700.arrow,HIGH
0007085,0.6944317200600851,batch_1600-1700.arrow,HIGH
0007086,0.6052881991366048,batch_1600-1700.arrow,HIGH
0007087,0.5734788226472277,batch_1600-1700.arrow,HIGH
0007088,0.6099080381708628,batch_1600-1700.arrow,HIGH
0007089,0.6613871370122121,batch_1600-1700.arrow,HIGH
0007091,0.6086311687460969,batch_1600-1700.arrow,HIGH
0007092,0.5558450315243998,batch_1600-1700.arrow,HIGH
0007094,0.7468397783975881,batch_1600-1700.arrow,HIGH
0007095,0.5544237967604876,batch_1600-1700.arrow,HIGH
0007096,0.67738434533119,batch_1600-1700.arrow,HIGH
0007097,0.12123627022922327,batch_1600-1700.arrow,LOW
0007100,0.7492652897416928,batch_1600-1700.arrow,HIGH
0007101,0.6394775326424395,batch_1600-1700.arrow,HIGH
0007102,0.22652006425121493,batch_1600-1700.arrow,LOW
0007105,0.18599510310858883,batch_1600-1700.arrow,LOW
0007107,0.48518298125504516,batch_1600-1700.arrow,LOW
0007108,0.3005743066992685,batch_1600-1700.arrow,LOW
0007109,0.6114680396325504,batch_1600-1700.arrow,HIGH
0007110,0.6549593732983049,batch_1600-1700.arrow,HIGH
0007111,0.13329707393827359,batch_1600-1700.arrow,LOW
0007112,0.46940836163819627,batch_1600-1700.arrow,LOW
0007113,0.7637978500862107,batch_1600-1700.arrow,HIGH
0007114,0.17622017231249823,batch_1600-1700.arrow,LOW
0007115,0.36353414650009036,batch_1600-1700.arrow,LOW
0007116,0.27140853356012323,batch_1600-1700.arrow,LOW
0007117,0.7565291428590853,batch_1600-1700.arrow,HIGH
0007118,0.7059174439326985,batch_1600-1700.arrow,HIGH
0007119,0.20905957148897425,batch_1600-1700.arrow,LOW
0007122,0.5449509371438097,batch_1600-1700.arrow,HIGH
0007123,0.5676173472914215,batch_1600-1700.arrow,HIGH
0007124,0.5274677062197856,batch_1600-1700.arrow,HIGH
0007126,0.10168664179243107,batch_1600-1700.arrow,LOW
0007128,0.22779933559876955,batch_1600-1700.arrow,LOW
0007132,0.17580906726206325,batch_1600-1700.arrow,LOW
0007134,0.6373781028778434,batch_1600-1700.arrow,HIGH
0007135,0.13692287829887836,batch_1600-1700.arrow,LOW
0007136,0.5750909592459766,batch_1600-1700.arrow,HIGH
0007137,0.6550401874680309,batch_1600-1700.arrow,HIGH
0007140,0.5369650853011768,batch_1600-1700.arrow,HIGH
0007141,0.5633041921661822,batch_1600-1700.arrow,HIGH
0007142,0.24049092769226146,batch_1600-1700.arrow,LOW
0007143,0.6366237817469261,batch_1600-1700.arrow,HIGH
0007144,0.4275313072036088,batch_1600-1700.arrow,LOW
0007145,0.4060781487831017,batch_1600-1700.arrow,LOW
0007146,0.2054788809478991,batch_1600-1700.arrow,LOW
0007148,0.5902107280638716,batch_1600-1700.arrow,HIGH
0007149,0.5045077472363682,batch_1600-1700.arrow,HIGH
0007152,0.19613040787050043,batch_1600-1700.arrow,LOW
0007154,0.6390113437779157,batch_1600-1700.arrow,HIGH
0007155,0.6775330540090106,batch_1600-1700.arrow,HIGH
0007156,0.5292698901763474,batch_1600-1700.arrow,HIGH
0007157,0.4903154207216917,batch_1600-1700.arrow,LOW
0007158,0.7220612463878494,batch_1600-1700.arrow,HIGH
0007159,0.16054767478971388,batch_1600-1700.arrow,LOW
0007160,0.7844793614890598,batch_1600-1700.arrow,HIGH
0007163,0.4770811959173206,batch_1600-1700.arrow,LOW
0007165,0.4470835119582815,batch_1600-1700.arrow,LOW
0007166,0.6661631615061685,batch_1600-1700.arrow,HIGH
0007167,0.6468639132227089,batch_1600-1700.arrow,HIGH
0007168,0.6668491378267335,batch_1600-1700.arrow,HIGH
0007170,0.27510245740250067,batch_1600-1700.arrow,LOW
0007171,0.6427895854537652,batch_1600-1700.arrow,HIGH
0007172,0.4182060368091008,batch_1600-1700.arrow,LOW
0007174,0.7233098617415988,batch_1600-1700.arrow,HIGH
0007175,0.24294066738010792,batch_1600-1700.arrow,LOW
0007178,0.3797772482519832,batch_1600-1700.arrow,LOW
0007179,0.6531831087765919,batch_1600-1700.arrow,HIGH
0007180,0.3342066438665518,batch_1600-1700.arrow,LOW
0007181,0.6506515419292045,batch_1600-1700.arrow,HIGH
0007182,0.4772614250749787,batch_1600-1700.arrow,LOW
0007185,0.37809632638136775,batch_1600-1700.arrow,LOW
0007186,0.4156875293147298,batch_1600-1700.arrow,LOW
0007187,0.3318191462931856,batch_1600-1700.arrow,LOW
0007188,0.5625753412856422,batch_1600-1700.arrow,HIGH
0007189,0.6314513804376397,batch_1600-1700.arrow,HIGH
0007191,0.5772624999399724,batch_1600-1700.arrow,HIGH
0007192,0.5543605774602454,batch_1600-1700.arrow,HIGH
0007193,0.71086679046314,batch_1600-1700.arrow,HIGH
0007194,0.18769590087365462,batch_1600-1700.arrow,LOW
0007195,0.6865836222059647,batch_1600-1700.arrow,HIGH
0007196,0.6270274780382886,batch_1600-1700.arrow,HIGH
0007197,0.7214669185978582,batch_1600-1700.arrow,HIGH
0007198,0.1380056044382125,batch_1600-1700.arrow,LOW
0007199,0.07183472815629975,batch_1600-1700.arrow,LOW
0007200,0.06642120523117824,batch_1700-1800.arrow,LOW
0007201,0.6138928297459512,batch_1700-1800.arrow,HIGH
0007203,0.38762617385089887,batch_1700-1800.arrow,LOW
0007204,0.11172351333440718,batch_1700-1800.arrow,LOW
0007205,0.13640853738700062,batch_1700-1800.arrow,LOW
0007206,0.6006012063735194,batch_1700-1800.arrow,HIGH
0007211,0.67366300667599,batch_1700-1800.arrow,HIGH
0007212,0.4692141065656874,batch_1700-1800.arrow,LOW
0007213,0.1679154470522405,batch_1700-1800.arrow,LOW
0007214,0.5175434895153067,batch_1700-1800.arrow,HIGH
0007216,0.5299446724942182,batch_1700-1800.arrow,HIGH
0007218,0.6392789751344397,batch_1700-1800.arrow,HIGH
0007219,0.6218868388287727,batch_1700-1800.arrow,HIGH
0007220,0.5396841084907668,batch_1700-1800.arrow,HIGH
0007221,0.686393158306072,batch_1700-1800.arrow,HIGH
0007222,0.24225940258615145,batch_1700-1800.arrow,LOW
0007223,0.6390982173932594,batch_1700-1800.arrow,HIGH
0007224,0.5691109907526354,batch_1700-1800.arrow,HIGH
0007226,0.37458918305424954,batch_1700-1800.arrow,LOW
0007227,0.7817868911192036,batch_1700-1800.arrow,HIGH
0007228,0.09708812513078718,batch_1700-1800.arrow,LOW
0007229,0.47237440341719067,batch_1700-1800.arrow,LOW
0007231,0.45453340425310357,batch_1700-1800.arrow,LOW
0007232,0.7465063953304775,batch_1700-1800.arrow,HIGH
0007233,0.5840121960392753,batch_1700-1800.arrow,HIGH
0007235,0.5582252956003417,batch_1700-1800.arrow,HIGH
0007236,0.32599483983743577,batch_1700-1800.arrow,LOW
0007237,0.11318503756877085,batch_1700-1800.arrow,LOW
0007238,0.36813515026489796,batch_1700-1800.arrow,LOW
0007239,0.48995544041332545,batch_1700-1800.arrow,LOW
0007240,0.578514921193791,batch_1700-1800.arrow,HIGH
0007241,0.7278117780613232,batch_1700-1800.arrow,HIGH
0007242,0.5123978073128673,batch_1700-1800.arrow,HIGH
0007243,0.6216996728066578,batch_1700-1800.arrow,HIGH
0007245,0.7066630411000299,batch_1700-1800.arrow,HIGH
0007247,0.13743033472029564,batch_1700-1800.arrow,LOW
0007248,0.30527090962555636,batch_1700-1800.arrow,LOW
0007249,0.40091305800985566,batch_1700-1800.arrow,LOW
0007250,0.628091304622923,batch_1700-1800.arrow,HIGH
0007253,0.5738581803765874,batch_1700-1800.arrow,HIGH
0007254,0.6559827191945135,batch_1700-1800.arrow,HIGH
0007255,0.6886134224523853,batch_1700-1800.arrow,HIGH
0007256,0.7392832436867307,batch_1700-1800.arrow,HIGH
0007257,0.5965905161156341,batch_1700-1800.arrow,HIGH
0007258,0.6008439218439254,batch_1700-1800.arrow,HIGH
0007259,0.44976368980949494,batch_1700-1800.arrow,LOW
0007260,0.7481680275330013,batch_1700-1800.arrow,HIGH
0007261,0.23223785677372022,batch_1700-1800.arrow,LOW
0007263,0.3820326491032513,batch_1700-1800.arrow,LOW
0007264,0.5172040001576446,batch_1700-1800.arrow,HIGH
0007266,0.6239129126321649,batch_1700-1800.arrow,HIGH
0007267,0.4243465413612028,batch_1700-1800.arrow,LOW
0007268,0.593915433248894,batch_1700-1800.arrow,HIGH
0007269,0.5287595916573448,batch_1700-1800.arrow,HIGH
0007270,0.6301533167031738,batch_1700-1800.arrow,HIGH
0007271,0.44204628490228143,batch_1700-1800.arrow,LOW
0007272,0.4399154097385356,batch_1700-1800.arrow,LOW
0007273,0.18443172381619813,batch_1700-1800.arrow,LOW
0007274,0.1860287084282025,batch_1700-1800.arrow,LOW
0007275,0.5339334664044079,batch_1700-1800.arrow,HIGH
0007276,0.7981227578198572,batch_1700-1800.arrow,HIGH
0007277,0.4474867154114435,batch_1700-1800.arrow,LOW
0007278,0.10892786155390227,batch_1700-1800.arrow,LOW
0007280,0.6739045848457864,batch_1700-1800.arrow,HIGH
0007281,0.6984854204620862,batch_1700-1800.arrow,HIGH
0007282,0.5502626909342561,batch_1700-1800.arrow,HIGH
0007283,0.2024058670969816,batch_1700-1800.arrow,LOW
0007284,0.6605493598163713,batch_1700-1800.arrow,HIGH
0007285,0.18226053433032485,batch_1700-1800.arrow,LOW
0007286,0.549402568415659,batch_1700-1800.arrow,HIGH
0007287,0.3166595151163434,batch_1700-1800.arrow,LOW
0007290,0.28803683346583864,batch_1700-1800.arrow,LOW
0007291,0.5975534855359056,batch_1700-1800.arrow,HIGH
0007292,0.663479869881326,batch_1700-1800.arrow,HIGH
0007293,0.5353037960763677,batch_1700-1800.arrow,HIGH
0007294,0.7488461153387105,batch_1700-1800.arrow,HIGH
0007295,0.4204062603334746,batch_1700-1800.arrow,LOW
0007296,0.6210732180431945,batch_1700-1800.arrow,HIGH
0007298,0.17334020729000724,batch_1700-1800.arrow,LOW
0007299,0.5678531546435927,batch_1700-1800.arrow,HIGH
0007301,0.10502121071009562,batch_1700-1800.arrow,LOW
0007302,0.5488370508363581,batch_1700-1800.arrow,HIGH
0007303,0.47161439306709213,batch_1700-1800.arrow,LOW
0007304,0.6496706788929938,batch_1700-1800.arrow,HIGH
0007305,0.5949823120903462,batch_1700-1800.arrow,HIGH
0007306,0.5400124761384042,batch_1700-1800.arrow,HIGH
0007308,0.4786296983885591,batch_1700-1800.arrow,LOW
0007309,0.558098719603699,batch_1700-1800.arrow,HIGH
0007310,0.4553055692056271,batch_1700-1800.arrow,LOW
0007312,0.6523426780411778,batch_1700-1800.arrow,HIGH
0007313,0.8332197356558858,batch_1700-1800.arrow,HIGH
0007314,0.3729535361703531,batch_1700-1800.arrow,LOW
0007315,0.3362375486152094,batch_1700-1800.arrow,LOW
0007316,0.6951390459873972,batch_1700-1800.arrow,HIGH
0007317,0.726550883798998,batch_1700-1800.arrow,HIGH
0007318,0.34253834542955236,batch_1700-1800.arrow,LOW
0007320,0.5984507011882176,batch_1800-1900.arrow,HIGH
0007322,0.5470124152684156,batch_1800-1900.arrow,HIGH
0007323,0.492797833698648,batch_1800-1900.arrow,LOW
0007324,0.3082232436707695,batch_1800-1900.arrow,LOW
0007325,0.5654207930718442,batch_1800-1900.arrow,HIGH
0007326,0.6148887689282664,batch_1800-1900.arrow,HIGH
0007327,0.4277217485745555,batch_1800-1900.arrow,LOW
0007328,0.5824176657717384,batch_1800-1900.arrow,HIGH
0007330,0.33529084429213957,batch_1800-1900.arrow,LOW
0007331,0.516987840322344,batch_1800-1900.arrow,HIGH
0007332,0.4877506766853881,batch_1800-1900.arrow,LOW
0007333,0.6249506466129234,batch_1800-1900.arrow,HIGH
0007334,0.18943303332697248,batch_1800-1900.arrow,LOW
0007335,0.7035587360538149,batch_1800-1900.arrow,HIGH
0007336,0.7827088359659738,batch_1800-1900.arrow,HIGH
0007337,0.5717649616473482,batch_1800-1900.arrow,HIGH
0007338,0.6465202512085334,batch_1800-1900.arrow,HIGH
0007339,0.4661955025072779,batch_1800-1900.arrow,LOW
0007341,0.4984266640084844,batch_1800-1900.arrow,LOW
0007344,0.5133136911532942,batch_1800-1900.arrow,HIGH
0007345,0.6678588827187787,batch_1800-1900.arrow,HIGH
0007346,0.6803234758401371,batch_1800-1900.arrow,HIGH
0007347,0.6104391765010869,batch_1800-1900.arrow,HIGH
0007348,0.5278430634850174,batch_1800-1900.arrow,HIGH
0007349,0.6967743348386551,batch_1800-1900.arrow,HIGH
0007350,0.5287406899579955,batch_1800-1900.arrow,HIGH
0007352,0.5401274448532613,batch_1800-1900.arrow,HIGH
0007353,0.6061275996092669,batch_1800-1900.arrow,HIGH
0007354,0.5115572860173692,batch_1800-1900.arrow,HIGH
0007356,0.5574152657364889,batch_1800-1900.arrow,HIGH
0007357,0.6471581958230038,batch_1800-1900.arrow,HIGH
0007358,0.7974974578798317,batch_1800-1900.arrow,HIGH
0007359,0.6717431308299728,batch_1800-1900.arrow,HIGH
0007360,0.6235363907591401,batch_1800-1900.arrow,HIGH
0007361,0.5819659023625946,batch_1800-1900.arrow,HIGH
0007363,0.5591093683347651,batch_1800-1900.arrow,HIGH
0007364,0.6168412832624677,batch_1800-1900.arrow,HIGH
0007365,0.6660214078162736,batch_1800-1900.arrow,HIGH
0007367,0.7048721243048703,batch_1800-1900.arrow,HIGH
0007368,0.6373249642101614,batch_1800-1900.arrow,HIGH
0007369,0.5752963792817501,batch_1800-1900.arrow,HIGH
0007370,0.6061153011991999,batch_1800-1900.arrow,HIGH
0007372,0.5023973137532275,batch_1800-1900.arrow,HIGH
0007373,0.2020459755808137,batch_1800-1900.arrow,LOW
0007374,0.7128828069065835,batch_1800-1900.arrow,HIGH
0007375,0.4709766052896626,batch_1800-1900.arrow,LOW
0007377,0.5051137969230389,batch_1800-1900.arrow,HIGH
0007379,0.5949027545168327,batch_1800-1900.arrow,HIGH
0007381,0.5715092725236685,batch_1800-1900.arrow,HIGH
0007382,0.5235618907968498,batch_1800-1900.arrow,HIGH
0007384,0.6456271890911393,batch_1800-1900.arrow,HIGH
0007385,0.6139428809564232,batch_1800-1900.arrow,HIGH
0007386,0.3155152317806534,batch_1800-1900.arrow,LOW
0007387,0.47769088632406037,batch_1800-1900.arrow,LOW
0007388,0.46102386259002376,batch_1800-1900.arrow,LOW
0007389,0.6507794435631916,batch_1800-1900.arrow,HIGH
0007390,0.5730576953221177,batch_1800-1900.arrow,HIGH
0007391,0.21746749998768802,batch_1800-1900.arrow,LOW
0007393,0.7201338940170839,batch_1800-1900.arrow,HIGH
0007394,0.7073467890935303,batch_1800-1900.arrow,HIGH
0007396,0.5096730742692626,batch_1800-1900.arrow,HIGH
0007397,0.5859014536942602,batch_1800-1900.arrow,HIGH
0007398,0.2841863549860686,batch_1800-1900.arrow,LOW
0007399,0.539212083202767,batch_1800-1900.arrow,HIGH
0007400,0.36311951041995894,batch_1800-1900.arrow,LOW
0007401,0.6479547501711765,batch_1800-1900.arrow,HIGH
0007402,0.6331389342877006,batch_1800-1900.arrow,HIGH
0007403,0.6361064265271753,batch_1800-1900.arrow,HIGH
0007405,0.7226507096749932,batch_1800-1900.arrow,HIGH
0007406,0.5336331482084798,batch_1800-1900.arrow,HIGH
0007407,0.6212390102548814,batch_1800-1900.arrow,HIGH
0007408,0.6030995096006391,batch_1800-1900.arrow,HIGH
0007409,0.48022429456375115,batch_1800-1900.arrow,LOW
0007410,0.2846159061876277,batch_1800-1900.arrow,LOW
0007411,0.6667221471854937,batch_1800-1900.arrow,HIGH
0007412,0.36589793104847645,batch_1800-1900.arrow,LOW
0007414,0.6979359736774257,batch_1800-1900.arrow,HIGH
0007417,0.6477427583213132,batch_1800-1900.arrow,HIGH
0007418,0.662286804507007,batch_1800-1900.arrow,HIGH
0007420,0.7595959735337844,batch_1800-1900.arrow,HIGH
0007421,0.3462761328659627,batch_1800-1900.arrow,LOW
0007422,0.5640534038456435,batch_1800-1900.arrow,HIGH
0007423,0.4083417368506706,batch_1800-1900.arrow,LOW
0007426,0.3327868118944579,batch_1800-1900.arrow,LOW
0007427,0.7228125400158509,batch_1800-1900.arrow,HIGH
0007428,0.5454888051537335,batch_1800-1900.arrow,HIGH
0007429,0.7119254121407906,batch_1800-1900.arrow,HIGH
0007430,0.45884373102555376,batch_1800-1900.arrow,LOW
0007431,0.5801891625788289,batch_1800-1900.arrow,HIGH
0007432,0.2985132397770439,batch_1800-1900.arrow,LOW
0007433,0.5460282445058106,batch_1800-1900.arrow,HIGH
0007434,0.7101292302170211,batch_1800-1900.arrow,HIGH
0007435,0.481142821079082,batch_1800-1900.arrow,LOW
0007436,0.49093124663936455,batch_1800-1900.arrow,LOW
0007437,0.5888616925394009,batch_1800-1900.arrow,HIGH
0007438,0.6509397274971388,batch_1800-1900.arrow,HIGH
0007439,0.22941695881436264,batch_1800-1900.arrow,LOW
0007440,0.4527003157206973,batch_1800-1900.arrow,LOW
0007441,0.7755957314599646,batch_1800-1900.arrow,HIGH
0007566,0.639832516046496,batch_2000-2100.arrow,HIGH
0007567,0.5041380548523807,batch_2000-2100.arrow,HIGH
0007568,0.5088584608607816,batch_2000-2100.arrow,HIGH
0007569,0.5899499324241728,batch_2000-2100.arrow,HIGH
0007571,0.7411631470037509,batch_2000-2100.arrow,HIGH
0007572,0.6626905870424952,batch_2000-2100.arrow,HIGH
0007576,0.6114278961263856,batch_2000-2100.arrow,HIGH
0007577,0.4992977677178228,batch_2000-2100.arrow,LOW
0007578,0.018745274860414798,batch_2000-2100.arrow,LOW
0007579,0.5663814259790066,batch_2000-2100.arrow,HIGH
0007580,0.6320750169696838,batch_2000-2100.arrow,HIGH
0007581,0.20099538546333875,batch_2000-2100.arrow,LOW
0007582,0.4224105684434167,batch_2000-2100.arrow,LOW
0007584,0.6974999898149795,batch_2000-2100.arrow,HIGH
0007585,0.734014173947115,batch_2000-2100.arrow,HIGH
0007586,0.6061693131396423,batch_2000-2100.arrow,HIGH
0007588,0.663183527316584,batch_2000-2100.arrow,HIGH
0007591,0.5889040297416254,batch_2000-2100.arrow,HIGH
0007592,0.6365698754340251,batch_2000-2100.arrow,HIGH
0007593,0.6185755334321551,batch_2000-2100.arrow,HIGH
0007594,0.0447310636858081,batch_2000-2100.arrow,LOW
0007595,0.6165433582581747,batch_2000-2100.arrow,HIGH
0007598,0.6029054354264107,batch_2000-2100.arrow,HIGH
0007599,0.7625762037103017,batch_2000-2100.arrow,HIGH
0007600,0.7334838942376881,batch_2000-2100.arrow,HIGH
0007601,0.6377590578482795,batch_2000-2100.arrow,HIGH
0007602,0.5447072374803695,batch_2000-2100.arrow,HIGH
0007605,0.5544820071791715,batch_2000-2100.arrow,HIGH
0007607,0.30959796173851056,batch_2000-2100.arrow,LOW
0007609,0.363952484642523,batch_2000-2100.arrow,LOW
0007611,0.6018763424211722,batch_2000-2100.arrow,HIGH
0007612,0.5407659504817123,batch_2000-2100.arrow,HIGH
0007613,0.13025459430718975,batch_2000-2100.arrow,LOW
0007616,0.5929285410689785,batch_2000-2100.arrow,HIGH
0007618,0.6503538175274187,batch_2000-2100.arrow,HIGH
0007620,0.3157934842558204,batch_2000-2100.arrow,LOW
0007621,0.3215101332302736,batch_2000-2100.arrow,LOW
0007625,0.5205373395147909,batch_2000-2100.arrow,HIGH
0007628,0.6460253465389353,batch_2000-2100.arrow,HIGH
0007632,0.6292284230673366,batch_2000-2100.arrow,HIGH
0007633,0.6002147531229176,batch_2000-2100.arrow,HIGH
0007634,0.5178190688029324,batch_2000-2100.arrow,HIGH
0007637,0.3152485979374228,batch_2000-2100.arrow,LOW
0007638,0.7395504889845849,batch_2000-2100.arrow,HIGH
0007640,0.6511531757695111,batch_2000-2100.arrow,HIGH
0007641,0.6330234737741066,batch_2000-2100.arrow,HIGH
0007642,0.5717384929348018,batch_2000-2100.arrow,HIGH
0007643,0.479265496247473,batch_2000-2100.arrow,LOW
0007644,0.685421170093583,batch_2000-2100.arrow,HIGH
0007646,0.48949633831880157,batch_2000-2100.arrow,LOW
0007647,0.4668966782329689,batch_2000-2100.arrow,LOW
0007648,0.7501748182066924,batch_2000-2100.arrow,HIGH
0007649,0.13331960496457707,batch_2000-2100.arrow,LOW
0007650,0.2746789885202423,batch_2000-2100.arrow,LOW
0007651,0.3787992273739062,batch_2000-2100.arrow,LOW
0007654,0.13539318100453543,batch_2000-2100.arrow,LOW
0007655,0.6460642796724021,batch_2000-2100.arrow,HIGH
0007656,0.1338492154024158,batch_2000-2100.arrow,LOW
0007657,0.5377538089577762,batch_2000-2100.arrow,HIGH
0007658,0.3824748105636245,batch_2000-2100.arrow,LOW
0007659,0.5006393908003026,batch_2000-2100.arrow,HIGH
0007661,0.6019961952206571,batch_2000-2100.arrow,HIGH
0007665,0.42814744007779443,batch_2000-2100.arrow,LOW
0007666,0.6149130272314035,batch_2000-2100.arrow,HIGH
0007669,0.7375079880376774,batch_2000-2100.arrow,HIGH
0007670,0.6063844221712619,batch_2000-2100.arrow,HIGH
0007671,0.22205939486571502,batch_2000-2100.arrow,LOW
0007672,0.09142332514958408,batch_2000-2100.arrow,LOW
0007674,0.5021291354568448,batch_2000-2100.arrow,HIGH
0007675,0.40970660604265685,batch_2000-2100.arrow,LOW
0007676,0.24762802569279593,batch_2000-2100.arrow,LOW
0007677,0.7424819638746935,batch_2000-2100.arrow,HIGH
0007678,0.5225401950946454,batch_2000-2100.arrow,HIGH
0007679,0.5392600543371707,batch_2000-2100.arrow,HIGH
0007681,0.5954027385025996,batch_2000-2100.arrow,HIGH
0007682,0.6272528154217932,batch_2000-2100.arrow,HIGH
0007684,0.4710025126793314,batch_2000-2100.arrow,LOW
0007685,0.7678363626538941,batch_2000-2100.arrow,HIGH
0007686,0.4587380618308177,batch_2000-2100.arrow,LOW
0007687,0.6503048887464417,batch_2000-2100.arrow,HIGH
0007689,0.6747039599100724,batch_2000-2100.arrow,HIGH
0007690,0.21667799743570795,batch_2000-2100.arrow,LOW
0007691,0.31838762194007614,batch_2000-2100.arrow,LOW
0007692,0.1055983496780849,batch_2000-2100.arrow,LOW
0007695,0.6641243659516288,batch_2000-2100.arrow,HIGH
0007697,0.5350985073248039,batch_2000-2100.arrow,HIGH
0007699,0.6330742788366964,batch_2000-2100.arrow,HIGH
0007701,0.4518385575885699,batch_2000-2100.arrow,LOW
0007702,0.6420832262075519,batch_2000-2100.arrow,HIGH
0007703,0.6587917019723036,batch_2000-2100.arrow,HIGH
0007706,0.2982691175480793,batch_2000-2100.arrow,LOW
0007707,0.7966536707627941,batch_2000-2100.arrow,HIGH
0007708,0.3041698471916052,batch_2000-2100.arrow,LOW
0007710,0.25717695053364936,batch_2000-2100.arrow,LOW
0007711,0.5164835182874209,batch_2000-2100.arrow,HIGH
0007712,0.6273501340602191,batch_2000-2100.arrow,HIGH
0007713,0.33646620388328025,batch_2000-2100.arrow,LOW
0007717,0.31884000164095383,batch_2100-2200.arrow,LOW
0007719,0.435711570798296,batch_2100-2200.arrow,LOW
0007720,0.6959288297785645,batch_2100-2200.arrow,HIGH
0007721,0.1349553648542238,batch_2100-2200.arrow,LOW
0007722,0.5499765519839658,batch_2100-2200.arrow,HIGH
0007723,0.5509359910394717,batch_2100-2200.arrow,HIGH
0007724,0.6779429850030848,batch_2100-2200.arrow,HIGH
0007725,0.5714064793113901,batch_2100-2200.arrow,HIGH
0007726,0.7728285252273047,batch_2100-2200.arrow,HIGH
0007727,0.6820296716010734,batch_2100-2200.arrow,HIGH
0007728,0.7453687061964348,batch_2100-2200.arrow,HIGH
0007729,0.6828005699778852,batch_2100-2200.arrow,HIGH
0007730,0.6939235225214929,batch_2100-2200.arrow,HIGH
0007733,0.24614050227235115,batch_2100-2200.arrow,LOW
0007736,0.29149306636845745,batch_2100-2200.arrow,LOW
0007738,0.5714428830725569,batch_2100-2200.arrow,HIGH
0007739,0.557508533647342,batch_2100-2200.arrow,HIGH
0007740,0.6788197750696128,batch_2100-2200.arrow,HIGH
0007742,0.2905915393159417,batch_2100-2200.arrow,LOW
0007743,0.21533047656362278,batch_2100-2200.arrow,LOW
0007744,0.6149283029374946,batch_2100-2200.arrow,HIGH
0007745,0.21538047175980782,batch_2100-2200.arrow,LOW
0007747,0.74405038776744,batch_2100-2200.arrow,HIGH
0007748,0.6513687505247506,batch_2100-2200.arrow,HIGH
0007750,0.3500332392160371,batch_2100-2200.arrow,LOW
0007751,0.5442711568996574,batch_2100-2200.arrow,HIGH
0007752,0.15453554116860643,batch_2100-2200.arrow,LOW
0007753,0.04962806137475492,batch_2100-2200.arrow,LOW
0007756,0.5921433061412643,batch_2100-2200.arrow,HIGH
0007757,0.7512416187222438,batch_2100-2200.arrow,HIGH
0007758,0.721837659137894,batch_2100-2200.arrow,HIGH
0007759,0.6189007217502814,batch_2100-2200.arrow,HIGH
0007760,0.6295930083691066,batch_2100-2200.arrow,HIGH
0007761,0.6313178149215313,batch_2100-2200.arrow,HIGH
0007764,0.5864709458280859,batch_2100-2200.arrow,HIGH
0007765,0.25037323180322746,batch_2100-2200.arrow,LOW
0007766,0.6349124718446693,batch_2100-2200.arrow,HIGH
0007768,0.5745309903269753,batch_2100-2200.arrow,HIGH
0007769,0.5463774075268557,batch_2100-2200.arrow,HIGH
0007770,0.6553967505681016,batch_2100-2200.arrow,HIGH
0007771,0.4425504913900566,batch_2100-2200.arrow,LOW
0007772,0.0705303066675761,batch_2100-2200.arrow,LOW
0007773,0.8088139739614107,batch_2100-2200.arrow,HIGH
0007774,0.23516718871473705,batch_2100-2200.arrow,LOW
0007775,0.481065628859783,batch_2100-2200.arrow,LOW
0007777,0.5951323636792187,batch_2100-2200.arrow,HIGH
0007781,0.7820227603104234,batch_2100-2200.arrow,HIGH
0007783,0.4600349943670925,batch_2100-2200.arrow,LOW
0007784,0.7136809097905795,batch_2100-2200.arrow,HIGH
0007785,0.359784753378287,batch_2100-2200.arrow,LOW
0007786,0.6051496359744167,batch_2100-2200.arrow,HIGH
0007787,0.6730531832832863,batch_2100-2200.arrow,HIGH
0007788,0.5861120203058692,batch_2100-2200.arrow,HIGH
0007789,0.4310048875787173,batch_2100-2200.arrow,LOW
0007790,0.65638944875981,batch_2100-2200.arrow,HIGH
0007791,0.7648487582199821,batch_2100-2200.arrow,HIGH
0007792,0.15708265122747567,batch_2100-2200.arrow,LOW
0007794,0.6904936569170439,batch_2100-2200.arrow,HIGH
0007795,0.5790872963075928,batch_2100-2200.arrow,HIGH
0007796,0.0541059872736519,batch_2100-2200.arrow,LOW
0007797,0.4694045148444335,batch_2100-2200.arrow,LOW
0007798,0.39447354658575245,batch_2100-2200.arrow,LOW
0007799,0.15261887983930794,batch_2100-2200.arrow,LOW
0007801,0.502524184343932,batch_2100-2200.arrow,HIGH
0007802,0.7256750869828087,batch_2100-2200.arrow,HIGH
0007803,0.6710796881213322,batch_2100-2200.arrow,HIGH
0007804,0.6032072229699234,batch_2100-2200.arrow,HIGH
0007805,0.7327159695522351,batch_2100-2200.arrow,HIGH
0007806,0.6142058427833091,batch_2100-2200.arrow,HIGH
0007807,0.6833665699859383,batch_2100-2200.arrow,HIGH
0007808,0.46403647257683844,batch_2100-2200.arrow,LOW
0007810,0.6562914155062184,batch_2100-2200.arrow,HIGH
0007811,0.11148843201473631,batch_2100-2200.arrow,LOW
0007812,0.42928556920612754,batch_2100-2200.arrow,LOW
0007814,0.6198709497990916,batch_2100-2200.arrow,HIGH
0007816,0.15607073685449954,batch_2100-2200.arrow,LOW
0007817,0.7329737125346746,batch_2100-2200.arrow,HIGH
0007818,0.6355903957517394,batch_2100-2200.arrow,HIGH
0007819,0.5856530998094315,batch_2100-2200.arrow,HIGH
0007820,0.5545743085165173,batch_2100-2200.arrow,HIGH
0007821,0.23433811063618235,batch_2100-2200.arrow,LOW
0007823,0.6559074958503227,batch_2100-2200.arrow,HIGH
0007827,0.6339483257710663,batch_2100-2200.arrow,HIGH
0007829,0.3110337727124368,batch_2100-2200.arrow,LOW
0007833,0.6703540017344217,batch_2100-2200.arrow,HIGH
0007835,0.6360446666221358,batch_2100-2200.arrow,HIGH
0007837,0.2973571916099325,batch_2100-2200.arrow,LOW
0007838,0.33360926603096336,batch_2100-2200.arrow,LOW
0007839,0.2529174766435827,batch_2100-2200.arrow,LOW
0007840,0.5513716318876537,batch_2100-2200.arrow,HIGH
0007842,0.5128923643411588,batch_2100-2200.arrow,HIGH
0007843,0.6449633769559853,batch_2100-2200.arrow,HIGH
0007844,0.5637075886409308,batch_2100-2200.arrow,HIGH
0007845,0.5947394049982839,batch_2100-2200.arrow,HIGH
0007847,0.7887518991452712,batch_2100-2200.arrow,HIGH
0007849,0.6445330608481846,batch_2100-2200.arrow,HIGH
0007850,0.44217895074383523,batch_2100-2200.arrow,LOW
0007851,0.39116578053838597,batch_2100-2200.arrow,LOW
0008005,0.519781409330671,batch_2300-2400.arrow,HIGH
0008008,0.28330498619447186,batch_2300-2400.arrow,LOW
0008009,0.7718422145062043,batch_2300-2400.arrow,HIGH
0008010,0.7670725482443493,batch_2300-2400.arrow,HIGH
0008011,0.7527075835563936,batch_2300-2400.arrow,HIGH
0008012,0.5250583769058855,batch_2300-2400.arrow,HIGH
0008013,0.6685078876881615,batch_2300-2400.arrow,HIGH
0008022,0.7609001543920183,batch_2300-2400.arrow,HIGH
0008023,0.13797585542903765,batch_2300-2400.arrow,LOW
0008024,0.6623898098191504,batch_2300-2400.arrow,HIGH
0008026,0.520582395682388,batch_2300-2400.arrow,HIGH
0008028,0.5375219040897147,batch_2300-2400.arrow,HIGH
0008029,0.6439891071499765,batch_2300-2400.arrow,HIGH
0008030,0.20557073859078523,batch_2300-2400.arrow,LOW
0008031,0.6489214176545238,batch_2300-2400.arrow,HIGH
0008032,0.6584839428431589,batch_2300-2400.arrow,HIGH
0008033,0.20671154275983325,batch_2300-2400.arrow,LOW
0008034,0.42507524762423704,batch_2300-2400.arrow,LOW
0008038,0.696597432951843,batch_2300-2400.arrow,HIGH
0008039,0.5876710222550056,batch_2300-2400.arrow,HIGH
0008040,0.6311984109027424,batch_2300-2400.arrow,HIGH
0008041,0.6264282667417912,batch_2300-2400.arrow,HIGH
0008042,0.6809547507425081,batch_2300-2400.arrow,HIGH
0008043,0.5610049641438638,batch_2300-2400.arrow,HIGH
0008044,0.4748231886878673,batch_2300-2400.arrow,LOW
0008045,0.7045174719869367,batch_2300-2400.arrow,HIGH
0008046,0.7350805300428433,batch_2300-2400.arrow,HIGH
0008048,0.6386896433179207,batch_2300-2400.arrow,HIGH
0008050,0.7483644093389032,batch_2300-2400.arrow,HIGH
0008051,0.556392994012862,batch_2300-2400.arrow,HIGH
0008053,0.18777418981297278,batch_2300-2400.arrow,LOW
0008054,0.437665696316399,batch_2300-2400.arrow,LOW
0008055,0.6648667408445982,batch_2300-2400.arrow,HIGH
0008056,0.6071016537493651,batch_2300-2400.arrow,HIGH
0008058,0.7530663122555158,batch_2300-2400.arrow,HIGH
0008059,0.1333167061294138,batch_2300-2400.arrow,LOW
0008060,0.18192110041363252,batch_2300-2400.arrow,LOW
0008061,0.26244045693857526,batch_2300-2400.arrow,LOW
0008062,0.5496273241596034,batch_2300-2400.arrow,HIGH
0008063,0.7296865826326862,batch_2300-2400.arrow,HIGH
0008065,0.21321589368618585,batch_2300-2400.arrow,LOW
0008067,0.4261502111555902,batch_2300-2400.arrow,LOW
0008068,0.629053676516823,batch_2300-2400.arrow,HIGH
0008069,-0.002386894162924403,batch_2300-2400.arrow,LOW
0008076,0.58501320176624,batch_2300-2400.arrow,HIGH
0008078,0.2121221286011926,batch_2300-2400.arrow,LOW
0008079,0.7158666081849402,batch_2300-2400.arrow,HIGH
0008080,0.18490475714581836,batch_2300-2400.arrow,LOW
0008081,0.44555703050551637,batch_2300-2400.arrow,LOW
0008082,0.6811522647207685,batch_2300-2400.arrow,HIGH
0008083,0.6940206759174049,batch_2300-2400.arrow,HIGH
0008085,0.610417146351669,batch_2300-2400.arrow,HIGH
0008086,0.6145134619376355,batch_2300-2400.arrow,HIGH
0008087,0.3071675928058742,batch_2300-2400.arrow,LOW
0008089,0.35109782848189913,batch_2300-2400.arrow,LOW
0008090,0.21856818604523554,batch_2300-2400.arrow,LOW
0008091,0.16582100474520647,batch_2300-2400.arrow,LOW
0008092,0.4736581255316361,batch_2300-2400.arrow,LOW
0008093,0.35944986072588225,batch_2300-2400.arrow,LOW
0008094,0.5336010572546369,batch_2300-2400.arrow,HIGH
0008097,0.5822283322066235,batch_2300-2400.arrow,HIGH
0008100,0.7015275419455967,batch_2300-2400.arrow,HIGH
0008102,0.1221528740122491,batch_2300-2400.arrow,LOW
0008103,0.5916698654897407,batch_2300-2400.arrow,HIGH
0008104,0.6084085095457376,batch_2300-2400.arrow,HIGH
0008106,0.5155603541191804,batch_2300-2400.arrow,HIGH
0008109,0.5053540799395693,batch_2300-2400.arrow,HIGH
0008112,0.22766373319606967,batch_2300-2400.arrow,LOW
0008113,0.5471155665469705,batch_2300-2400.arrow,HIGH
0008115,0.682820461626573,batch_2300-2400.arrow,HIGH
0008116,0.7358692538680285,batch_2300-2400.arrow,HIGH
0008117,0.7009363778424952,batch_2300-2400.arrow,HIGH
0008118,0.26623419248238606,batch_2300-2400.arrow,LOW
0008119,0.6117869286418518,batch_2300-2400.arrow,HIGH
0008120,0.7118682349396549,batch_2300-2400.arrow,HIGH
0008121,0.7272151582592139,batch_2300-2400.arrow,HIGH
0008122,0.6404639256378637,batch_2300-2400.arrow,HIGH
0008124,0.7774797237822333,batch_2300-2400.arrow,HIGH
0008125,0.6392082934372256,batch_2300-2400.arrow,HIGH
0008126,0.7197563711566713,batch_2300-2400.arrow,HIGH
0008127,0.24650372352387587,batch_2300-2400.arrow,LOW
0008128,0.6744731187702855,batch_2300-2400.arrow,HIGH
0008130,0.20690614726429946,batch_2300-2400.arrow,LOW
0008132,0.44638248186012947,batch_2300-2400.arrow,LOW
0008134,0.5873807816836356,batch_2300-2400.arrow,HIGH
0008135,0.586593953080997,batch_2300-2400.arrow,HIGH
0008136,0.6064414980401774,batch_2300-2400.arrow,HIGH
0008137,0.6450584188366003,batch_2300-2400.arrow,HIGH
0008139,0.71718050892206,batch_2300-2400.arrow,HIGH
0008140,0.28766464210914294,batch_2300-2400.arrow,LOW
0008141,0.6929287156381928,batch_2300-2400.arrow,HIGH
0008142,0.439896576126662,batch_2300-2400.arrow,LOW
0008143,0.6541099711350875,batch_2300-2400.arrow,HIGH
0008144,0.4035129120834449,batch_2300-2400.arrow,LOW
0008145,0.5125399679165831,batch_2300-2400.arrow,HIGH
0008146,0.5159850182201683,batch_2300-2400.arrow,HIGH
0008147,0.5728415131522041,batch_2300-2400.arrow,HIGH
0008148,0.6258158105203483,batch_2300-2400.arrow,HIGH
0008149,0.6181547711627893,batch_2300-2400.arrow,HIGH
0008295,0.5507576796587298,batch_2500-2600.arrow,HIGH
0008296,0.5754293330890179,batch_2500-2600.arrow,HIGH
0008297,0.5773996143361723,batch_2500-2600.arrow,HIGH
0008301,0.5427461350487646,batch_2500-2600.arrow,HIGH
0008302,0.7301511892290807,batch_2500-2600.arrow,HIGH
0008303,0.17945353052447344,batch_2500-2600.arrow,LOW
0008304,0.8015080433603722,batch_2500-2600.arrow,HIGH
0008308,0.5423804603031496,batch_2500-2600.arrow,HIGH
0008309,0.6139646378904366,batch_2500-2600.arrow,HIGH
0008310,0.672056940660843,batch_2500-2600.arrow,HIGH
0008311,0.662115799966123,batch_2500-2600.arrow,HIGH
0008312,0.6222392965619369,batch_2500-2600.arrow,HIGH
0008314,0.664670323121534,batch_2500-2600.arrow,HIGH
0008316,0.3160727675189006,batch_2500-2600.arrow,LOW
0008318,0.1002799515357225,batch_2500-2600.arrow,LOW
0008319,0.34384266307250516,batch_2500-2600.arrow,LOW
0008320,0.5551616999928373,batch_2500-2600.arrow,HIGH
0008321,0.5931262653769679,batch_2500-2600.arrow,HIGH
0008322,0.163911436803322,batch_2500-2600.arrow,LOW
0008323,0.668322405089096,batch_2500-2600.arrow,HIGH
0008324,0.7078784014139207,batch_2500-2600.arrow,HIGH
0008325,0.7800824855655965,batch_2500-2600.arrow,HIGH
0008326,0.49438361272694326,batch_2500-2600.arrow,LOW
0008328,0.6895786865627239,batch_2500-2600.arrow,HIGH
0008329,0.5891010519901637,batch_2500-2600.arrow,HIGH
0008330,0.4300530011873694,batch_2500-2600.arrow,LOW
0008331,0.5299446765095605,batch_2500-2600.arrow,HIGH
0008332,0.6094264285210798,batch_2500-2600.arrow,HIGH
0008333,0.6142827346399268,batch_2500-2600.arrow,HIGH
0008335,0.377739626310391,batch_2500-2600.arrow,LOW
0008336,0.4436674324361572,batch_2500-2600.arrow,LOW
0008337,0.6519975725917856,batch_2500-2600.arrow,HIGH
0008340,0.17194352704396512,batch_2500-2600.arrow,LOW
0008341,0.6277058078437969,batch_2500-2600.arrow,HIGH
0008342,0.6379491048291795,batch_2500-2600.arrow,HIGH
0008344,0.5418352107102694,batch_2500-2600.arrow,HIGH
0008346,0.40403347003387013,batch_2500-2600.arrow,LOW
0008347,0.6124392684734793,batch_2500-2600.arrow,HIGH
0008351,0.251956164293079,batch_2500-2600.arrow,LOW
0008352,0.33758470118823625,batch_2500-2600.arrow,LOW
0008353,0.49410438679557594,batch_2500-2600.arrow,LOW
0008354,0.5844089199035296,batch_2500-2600.arrow,HIGH
0008356,0.1733289360130962,batch_2500-2600.arrow,LOW
0008358,0.08566338881910689,batch_2500-2600.arrow,LOW
0008359,0.057285328348676806,batch_2500-2600.arrow,LOW
0008360,0.40540027157456415,batch_2500-2600.arrow,LOW
0008361,0.600785514495874,batch_2500-2600.arrow,HIGH
0008363,0.6191163196581092,batch_2500-2600.arrow,HIGH
0008364,0.6382201826426354,batch_2500-2600.arrow,HIGH
0008365,0.5928694074960493,batch_2500-2600.arrow,HIGH
0008368,0.6740397707873104,batch_2500-2600.arrow,HIGH
0008369,0.2999201384686921,batch_2500-2600.arrow,LOW
0008370,0.6641612909851057,batch_2500-2600.arrow,HIGH
0008371,0.25884304110891804,batch_2500-2600.arrow,LOW
0008372,0.7174590103874201,batch_2500-2600.arrow,HIGH
0008373,0.7685687216557299,batch_2500-2600.arrow,HIGH
0008374,0.6218512061658735,batch_2500-2600.arrow,HIGH
0008375,0.6684145794869706,batch_2500-2600.arrow,HIGH
0008376,0.7659657996615857,batch_2500-2600.arrow,HIGH
0008377,0.2659682735781782,batch_2500-2600.arrow,LOW
0008381,0.517526480879034,batch_2500-2600.arrow,HIGH
0008382,0.10191765129892964,batch_2500-2600.arrow,LOW
0008383,0.6059628032466807,batch_2500-2600.arrow,HIGH
0008384,0.6441263747300666,batch_2500-2600.arrow,HIGH
0008386,0.18169134996840489,batch_2500-2600.arrow,LOW
0008387,0.02967636361609845,batch_2500-2600.arrow,LOW
0008390,0.4024385646422814,batch_2500-2600.arrow,LOW
0008391,0.6597670317454397,batch_2500-2600.arrow,HIGH
0008392,0.5628128404465845,batch_2500-2600.arrow,HIGH
0008395,0.6273378201858861,batch_2500-2600.arrow,HIGH
0008396,0.5359580286522487,batch_2500-2600.arrow,HIGH
0008398,0.7150575612296667,batch_2500-2600.arrow,HIGH
0008399,0.5850527743163295,batch_2500-2600.arrow,HIGH
0008400,0.25095020464699774,batch_2500-2600.arrow,LOW
0008401,0.36544789843219144,batch_2500-2600.arrow,LOW
0008402,0.5775637178219744,batch_2500-2600.arrow,HIGH
0008405,0.626654185521529,batch_2500-2600.arrow,HIGH
0008406,0.5628867566334108,batch_2500-2600.arrow,HIGH
0008408,0.21207555280850324,batch_2500-2600.arrow,LOW
0008409,0.5612872307212077,batch_2500-2600.arrow,HIGH
0008410,0.5771933717313774,batch_2500-2600.arrow,HIGH
0008411,0.30639674993637445,batch_2500-2600.arrow,LOW
0008413,0.5456780859758452,batch_2500-2600.arrow,HIGH
0008414,0.5920270917574344,batch_2500-2600.arrow,HIGH
0008416,0.5675250720053464,batch_2500-2600.arrow,HIGH
0008417,0.05799187779788576,batch_2500-2600.arrow,LOW
0008419,0.2625858256457328,batch_2500-2600.arrow,LOW
0008420,0.5211008957887816,batch_2500-2600.arrow,HIGH
0008422,0.16052157062556474,batch_2500-2600.arrow,LOW
0008425,0.2719299308339875,batch_2500-2600.arrow,LOW
0008426,0.36757615482966055,batch_2500-2600.arrow,LOW
0008427,0.44744936201771474,batch_2500-2600.arrow,LOW
0008428,0.6186405544998134,batch_2500-2600.arrow,HIGH
0008429,0.3318708524967899,batch_2500-2600.arrow,LOW
0008431,0.4880702012902838,batch_2500-2600.arrow,LOW
0008432,0.7412145808473677,batch_2500-2600.arrow,HIGH
0008567,0.6444143807015895,batch_2700-2800.arrow,HIGH
0008568,0.6465734997680722,batch_2700-2800.arrow,HIGH
0008569,0.5813726922508593,batch_2700-2800.arrow,HIGH
0008571,0.40896967638928255,batch_2700-2800.arrow,LOW
0008572,0.07572377388056173,batch_2700-2800.arrow,LOW
0008573,0.6047252368733828,batch_2700-2800.arrow,HIGH
0008574,0.5725810097711534,batch_2700-2800.arrow,HIGH
0008575,0.6113598299650439,batch_2700-2800.arrow,HIGH
0008576,0.22304866132596035,batch_2700-2800.arrow,LOW
0008577,0.41767231413495504,batch_2700-2800.arrow,LOW
0008580,0.6847831288247311,batch_2700-2800.arrow,HIGH
0008581,0.3260978661752129,batch_2700-2800.arrow,LOW
0008582,0.5952888733053465,batch_2700-2800.arrow,HIGH
0008584,0.14052119167741475,batch_2700-2800.arrow,LOW
0008585,0.5202551451768666,batch_2700-2800.arrow,HIGH
0008587,0.22880715156791745,batch_2700-2800.arrow,LOW
0008589,0.49974804440337534,batch_2700-2800.arrow,LOW
0008591,0.376195140978099,batch_2700-2800.arrow,LOW
0008592,0.6440586397835454,batch_2700-2800.arrow,HIGH
0008594,0.7521772279602909,batch_2700-2800.arrow,HIGH
0008595,0.7725793017379305,batch_2700-2800.arrow,HIGH
0008598,0.8098131919201864,batch_2700-2800.arrow,HIGH
0008599,0.5228644655151318,batch_2700-2800.arrow,HIGH
0008601,0.6361697621825085,batch_2700-2800.arrow,HIGH
0008602,0.7215506922154397,batch_2700-2800.arrow,HIGH
0008603,0.6669515034874532,batch_2700-2800.arrow,HIGH
0008604,0.38888232822813246,batch_2700-2800.arrow,LOW
0008607,0.4411001259468639,batch_2700-2800.arrow,LOW
0008608,0.3067595836477916,batch_2700-2800.arrow,LOW
0008609,0.05797824305755978,batch_2700-2800.arrow,LOW
0008610,0.4804336797910203,batch_2700-2800.arrow,LOW
0008611,0.426448600818848,batch_2700-2800.arrow,LOW
0008612,0.6860494544998458,batch_2700-2800.arrow,HIGH
0008613,0.583669257273459,batch_2700-2800.arrow,HIGH
0008614,0.21329513229812944,batch_2700-2800.arrow,LOW
0008615,0.10602645428163622,batch_2700-2800.arrow,LOW
0008616,0.41102312811177893,batch_2700-2800.arrow,LOW
0008617,0.6406862473321705,batch_2700-2800.arrow,HIGH
0008619,0.508563102834024,batch_2700-2800.arrow,HIGH
0008621,0.5841044008653385,batch_2700-2800.arrow,HIGH
0008622,0.6287447645096128,batch_2700-2800.arrow,HIGH
0008624,0.49099196829122294,batch_2700-2800.arrow,LOW
0008626,0.15809228575971024,batch_2700-2800.arrow,LOW
0008627,0.6083109665188359,batch_2700-2800.arrow,HIGH
0008629,0.682897017056391,batch_2700-2800.arrow,HIGH
0008630,0.1254523127477308,batch_2700-2800.arrow,LOW
0008632,0.48068509887532523,batch_2700-2800.arrow,LOW
0008633,0.5664832513219115,batch_2700-2800.arrow,HIGH
0008635,0.5848701673682033,batch_2700-2800.arrow,HIGH
0008636,0.2899951674546857,batch_2700-2800.arrow,LOW
0008637,0.8330352324741274,batch_2700-2800.arrow,HIGH
0008638,0.6756665958979601,batch_2700-2800.arrow,HIGH
0008639,0.8377688828591138,batch_2700-2800.arrow,HIGH
0008640,0.5876314262947919,batch_2700-2800.arrow,HIGH
0008641,0.544575917766953,batch_2700-2800.arrow,HIGH
0008642,0.5576876420136897,batch_2700-2800.arrow,HIGH
0008644,0.5442691409909287,batch_2700-2800.arrow,HIGH
0008645,0.6572815679909646,batch_2700-2800.arrow,HIGH
0008646,0.05297760039053436,batch_2700-2800.arrow,LOW
0008647,0.7374143813743902,batch_2700-2800.arrow,HIGH
0008649,0.7283675577582166,batch_2700-2800.arrow,HIGH
0008650,0.6074971882903049,batch_2700-2800.arrow,HIGH
0008651,0.3773812063047768,batch_2700-2800.arrow,LOW
0008654,0.12722886586349566,batch_2700-2800.arrow,LOW
0008655,0.5952507609911478,batch_2700-2800.arrow,HIGH
0008658,0.44823545423684336,batch_2700-2800.arrow,LOW
0008659,0.5220268618708601,batch_2700-2800.arrow,HIGH
0008660,0.47936679285472156,batch_2700-2800.arrow,LOW
0008662,0.5823107829815591,batch_2700-2800.arrow,HIGH
0008663,0.5203107581432943,batch_2700-2800.arrow,HIGH
0008664,0.70207204120595,batch_2700-2800.arrow,HIGH
0008665,0.6335982947812787,batch_2700-2800.arrow,HIGH
0008666,0.1857553840282443,batch_2700-2800.arrow,LOW
0008668,0.12531728487164542,batch_2700-2800.arrow,LOW
0008670,0.16089267241280122,batch_2700-2800.arrow,LOW
0008671,0.6285893347337095,batch_2700-2800.arrow,HIGH
0008672,0.656434460556936,batch_2700-2800.arrow,HIGH
0008673,0.5086627569718027,batch_2700-2800.arrow,HIGH
0008674,0.5851804836473257,batch_2700-2800.arrow,HIGH
0008675,0.5470473689309227,batch_2700-2800.arrow,HIGH
0008676,0.75641923416757,batch_2700-2800.arrow,HIGH
0008677,0.6399538373044108,batch_2700-2800.arrow,HIGH
0008678,0.053596960844267676,batch_2700-2800.arrow,LOW
0008679,0.277160836446146,batch_2700-2800.arrow,LOW
0008680,0.6803987101634426,batch_2700-2800.arrow,HIGH
0008681,0.6816562035606674,batch_2700-2800.arrow,HIGH
0008682,0.1684645448549277,batch_2700-2800.arrow,LOW
0008683,0.7498355449815254,batch_2700-2800.arrow,HIGH
0008684,0.07473430950430911,batch_2700-2800.arrow,LOW
0008685,0.7413676365626953,batch_2700-2800.arrow,HIGH
0008686,0.622486146864004,batch_2700-2800.arrow,HIGH
0008691,0.21360794819967824,batch_2700-2800.arrow,LOW
0008692,0.6417166088038831,batch_2700-2800.arrow,HIGH
0008693,0.6818699330638328,batch_2700-2800.arrow,HIGH
0008694,0.4573236179462625,batch_2700-2800.arrow,LOW
0008696,0.4749380231652696,batch_2700-2800.arrow,LOW
0008697,0.6603914398728228,batch_2700-2800.arrow,HIGH
0009338,0.4955790229368247,batch_3300-3400.arrow,LOW
0009339,0.30002363105986046,batch_3300-3400.arrow,LOW
0009340,0.6360830273564924,batch_3300-3400.arrow,HIGH
0009341,0.19732291563860596,batch_3300-3400.arrow,LOW
0009342,0.7039583926916825,batch_3300-3400.arrow,HIGH
0009343,0.6375170891337558,batch_3300-3400.arrow,HIGH
0009344,0.6317456990832628,batch_3300-3400.arrow,HIGH
0009345,0.39745138288317566,batch_3300-3400.arrow,LOW
0009346,0.1960734671105149,batch_3300-3400.arrow,LOW
0009348,0.323868983971724,batch_3300-3400.arrow,LOW
0009349,0.4730309582857228,batch_3300-3400.arrow,LOW
0009350,0.6198272994966323,batch_3300-3400.arrow,HIGH
0009351,0.41092314128201246,batch_3300-3400.arrow,LOW
0009352,0.6154529077719648,batch_3300-3400.arrow,HIGH
0009353,0.09256855213158462,batch_3300-3400.arrow,LOW
0009354,0.44126283430041524,batch_3300-3400.arrow,LOW
0009355,0.540787509420889,batch_3300-3400.arrow,HIGH
0009356,0.31562465945182866,batch_3300-3400.arrow,LOW
0009357,0.6040929186510064,batch_3300-3400.arrow,HIGH
0009358,0.7761497710880025,batch_3300-3400.arrow,HIGH
0009359,0.3230228832438374,batch_3300-3400.arrow,LOW
0009360,0.5796082886408934,batch_3300-3400.arrow,HIGH
0009361,0.6348797300821858,batch_3300-3400.arrow,HIGH
0009363,0.33381527781104,batch_3300-3400.arrow,LOW
0009364,0.47272750786941575,batch_3300-3400.arrow,LOW
0009365,0.44614835243000267,batch_3300-3400.arrow,LOW
0009366,0.215965194967037,batch_3300-3400.arrow,LOW
0009367,0.7096152032669715,batch_3300-3400.arrow,HIGH
0009370,0.3309131624791965,batch_3300-3400.arrow,LOW
0009371,0.6088746614685122,batch_3300-3400.arrow,HIGH
0009372,0.33985553572392146,batch_3300-3400.arrow,LOW
0009373,0.20851568647144103,batch_3300-3400.arrow,LOW
0009375,0.7249917876096627,batch_3300-3400.arrow,HIGH
0009377,0.14527179681636923,batch_3300-3400.arrow,LOW
0009378,0.6087257591148548,batch_3300-3400.arrow,HIGH
0009379,0.7936722936660724,batch_3300-3400.arrow,HIGH
0009381,0.5984151216299707,batch_3300-3400.arrow,HIGH
0009382,0.4642903548512334,batch_3300-3400.arrow,LOW
0009384,0.35463576771629307,batch_3300-3400.arrow,LOW
0009385,0.6899355608415597,batch_3300-3400.arrow,HIGH
0009387,0.5558406448044196,batch_3300-3400.arrow,HIGH
0009390,0.13122417368378292,batch_3300-3400.arrow,LOW
0009391,0.6632819338855617,batch_3300-3400.arrow,HIGH
0009393,0.6616424425172119,batch_3300-3400.arrow,HIGH
0009394,0.20348229869366866,batch_3300-3400.arrow,LOW
0009395,0.19376838598325766,batch_3300-3400.arrow,LOW
0009396,0.5792349925955209,batch_3300-3400.arrow,HIGH
0009397,0.633846638891251,batch_3300-3400.arrow,HIGH
0009398,0.47422029637727703,batch_3300-3400.arrow,LOW
0009399,0.512606191765542,batch_3300-3400.arrow,HIGH
0009400,0.2278112834900068,batch_3300-3400.arrow,LOW
0009403,0.42926643287414246,batch_3300-3400.arrow,LOW
0009405,0.5801833237209972,batch_3300-3400.arrow,HIGH
0009408,0.1921744600284435,batch_3300-3400.arrow,LOW
0009409,0.6144742719859628,batch_3300-3400.arrow,HIGH
0009410,0.4673983870896616,batch_3300-3400.arrow,LOW
0009412,0.7275630457855605,batch_3300-3400.arrow,HIGH
0009413,0.5598053625414011,batch_3300-3400.arrow,HIGH
0009414,0.6639511387576986,batch_3300-3400.arrow,HIGH
0009417,0.6783142243213974,batch_3300-3400.arrow,HIGH
0009418,0.5896958240240256,batch_3300-3400.arrow,HIGH
0009419,0.1329725278678755,batch_3300-3400.arrow,LOW
0009420,0.2721382023826595,batch_3300-3400.arrow,LOW
0009421,0.6151717215106408,batch_3300-3400.arrow,HIGH
0009422,0.37373512669464,batch_3300-3400.arrow,LOW
0009423,0.6072190271733412,batch_3300-3400.arrow,HIGH
0009424,0.3721551828156994,batch_3300-3400.arrow,LOW
0009426,0.20962709758576634,batch_3300-3400.arrow,LOW
0009427,0.6479079124725226,batch_3300-3400.arrow,HIGH
0009429,0.2093098912367648,batch_3300-3400.arrow,LOW
0009430,0.7070373879014178,batch_3300-3400.arrow,HIGH
0009431,0.5658863783459149,batch_3300-3400.arrow,HIGH
0009432,0.6150527571188064,batch_3300-3400.arrow,HIGH
0009433,0.8001423234033727,batch_3300-3400.arrow,HIGH
0009435,0.712903091264807,batch_3300-3400.arrow,HIGH
0009436,0.6069722586216374,batch_3300-3400.arrow,HIGH
0009438,0.5989626279232039,batch_3300-3400.arrow,HIGH
0009441,0.6651885106222047,batch_3300-3400.arrow,HIGH
0009442,0.4188485874119932,batch_3300-3400.arrow,LOW
0009443,0.7433577112956414,batch_3300-3400.arrow,HIGH
0009444,0.11610414915857731,batch_3300-3400.arrow,LOW
0009445,0.48082629960920703,batch_3300-3400.arrow,LOW
0009446,0.5307622387111781,batch_3300-3400.arrow,HIGH
0009447,0.5284898739615485,batch_3300-3400.arrow,HIGH
0009448,0.4128613701814429,batch_3300-3400.arrow,LOW
0009449,0.6440632636818168,batch_3300-3400.arrow,HIGH
0009450,0.6403139883386877,batch_3300-3400.arrow,HIGH
0009451,0.7419440068449289,batch_3300-3400.arrow,HIGH
0009452,0.6327935800424586,batch_3300-3400.arrow,HIGH
0009454,0.2196292433357466,batch_3300-3400.arrow,LOW
0009456,0.7298522855118964,batch_3300-3400.arrow,HIGH
0009458,0.5011585785046878,batch_3300-3400.arrow,HIGH
0009459,0.412635598043224,batch_3300-3400.arrow,LOW
0009460,0.6619979670276626,batch_3300-3400.arrow,HIGH
0009461,0.6347243125483961,batch_3300-3400.arrow,HIGH
0009465,0.13950079072080152,batch_3300-3400.arrow,LOW
0009466,0.6582002336586009,batch_3300-3400.arrow,HIGH
0009468,0.713352641136748,batch_3300-3400.arrow,HIGH
0009469,0.6551574576501178,batch_3300-3400.arrow,HIGH
0009470,0.3852415786790708,batch_3300-3400.arrow,LOW
0009471,0.6478993157251581,batch_3400-3500.arrow,HIGH
0009472,0.6264150073384629,batch_3400-3500.arrow,HIGH
0009476,0.6424063422261708,batch_3400-3500.arrow,HIGH
0009479,0.6520019560172976,batch_3400-3500.arrow,HIGH
0009480,0.735259926858706,batch_3400-3500.arrow,HIGH
0009483,0.6508760006692557,batch_3400-3500.arrow,HIGH
0009484,0.5914845294437482,batch_3400-3500.arrow,HIGH
0009485,0.5891875586901683,batch_3400-3500.arrow,HIGH
0009486,0.6007281080584761,batch_3400-3500.arrow,HIGH
0009487,0.20717765266309504,batch_3400-3500.arrow,LOW
0009489,0.6169521160592226,batch_3400-3500.arrow,HIGH
0009490,0.16924801509104817,batch_3400-3500.arrow,LOW
0009491,0.4775325022872951,batch_3400-3500.arrow,LOW
0009492,0.6168296503061087,batch_3400-3500.arrow,HIGH
0009493,0.6423644283273661,batch_3400-3500.arrow,HIGH
0009494,0.666320888677737,batch_3400-3500.arrow,HIGH
0009495,0.6936607130857587,batch_3400-3500.arrow,HIGH
0009496,0.8125552563553016,batch_3400-3500.arrow,HIGH
0009497,0.6438089699410259,batch_3400-3500.arrow,HIGH
0009498,0.6174231882541102,batch_3400-3500.arrow,HIGH
0009500,0.4359234969303351,batch_3400-3500.arrow,LOW
0009501,0.5590330886420916,batch_3400-3500.arrow,HIGH
0009502,0.20899616993556033,batch_3400-3500.arrow,LOW
0009503,0.6975481130030144,batch_3400-3500.arrow,HIGH
0009509,0.19839686049824176,batch_3400-3500.arrow,LOW
0009510,0.5657853370778837,batch_3400-3500.arrow,HIGH
0009511,0.10630469961461704,batch_3400-3500.arrow,LOW
0009512,0.5499734441933112,batch_3400-3500.arrow,HIGH
0009513,0.5119017297656187,batch_3400-3500.arrow,HIGH
0009515,0.2529865086830892,batch_3400-3500.arrow,LOW
0009517,0.516029401358288,batch_3400-3500.arrow,HIGH
0009518,0.48463135453197914,batch_3400-3500.arrow,LOW
0009519,0.541015395223499,batch_3400-3500.arrow,HIGH
0009520,0.120656139413484,batch_3400-3500.arrow,LOW
0009521,0.6607131997058503,batch_3400-3500.arrow,HIGH
0009522,0.5332754446421183,batch_3400-3500.arrow,HIGH
0009523,0.24907598975271203,batch_3400-3500.arrow,LOW
0009524,0.7609421297516756,batch_3400-3500.arrow,HIGH
0009525,0.5949693211507492,batch_3400-3500.arrow,HIGH
0009527,0.7103840947828614,batch_3400-3500.arrow,HIGH
0009528,0.46762171938774055,batch_3400-3500.arrow,LOW
0009529,0.18925958160695333,batch_3400-3500.arrow,LOW
0009532,0.23658968629510516,batch_3400-3500.arrow,LOW
0009533,0.22336506863363526,batch_3400-3500.arrow,LOW
0009534,0.5642155675187477,batch_3400-3500.arrow,HIGH
0009535,0.6947724354710966,batch_3400-3500.arrow,HIGH
0009536,0.45969503825381325,batch_3400-3500.arrow,LOW
0009537,0.6631676994426234,batch_3400-3500.arrow,HIGH
0009538,0.11461272172347337,batch_3400-3500.arrow,LOW
0009539,0.4285992122698821,batch_3400-3500.arrow,LOW
0009540,0.800210233637253,batch_3400-3500.arrow,HIGH
0009541,0.656834529896276,batch_3400-3500.arrow,HIGH
0009542,0.5446012466787643,batch_3400-3500.arrow,HIGH
0009543,0.6598751837782165,batch_3400-3500.arrow,HIGH
0009544,0.6402120447555882,batch_3400-3500.arrow,HIGH
0009545,0.6530521950049727,batch_3400-3500.arrow,HIGH
0009546,0.6758627013894616,batch_3400-3500.arrow,HIGH
0009547,0.2703927573519853,batch_3400-3500.arrow,LOW
0009548,0.5519125565656507,batch_3400-3500.arrow,HIGH
0009549,0.7573944203486079,batch_3400-3500.arrow,HIGH
0009550,0.7511626954723939,batch_3400-3500.arrow,HIGH
0009551,0.3992086759315978,batch_3400-3500.arrow,LOW
0009552,0.4816103911757112,batch_3400-3500.arrow,LOW
0009553,0.6732020192875418,batch_3400-3500.arrow,HIGH
0009554,0.20004105816093568,batch_3400-3500.arrow,LOW
0009555,0.1377584089160813,batch_3400-3500.arrow,LOW
0009556,0.5870532874667908,batch_3400-3500.arrow,HIGH
0009557,0.14971963810399988,batch_3400-3500.arrow,LOW
0009558,0.6165892064786064,batch_3400-3500.arrow,HIGH
0009559,0.5151509595252376,batch_3400-3500.arrow,HIGH
0009560,0.6384621187649621,batch_3400-3500.arrow,HIGH
0009561,0.6519612291532441,batch_3400-3500.arrow,HIGH
0009562,0.4171499398968808,batch_3400-3500.arrow,LOW
0009563,0.6584081192534038,batch_3400-3500.arrow,HIGH
0009564,0.726580554206615,batch_3400-3500.arrow,HIGH
0009565,0.6596407972914472,batch_3400-3500.arrow,HIGH
0009566,0.3420732477673403,batch_3400-3500.arrow,LOW
0009567,0.6555136334048078,batch_3400-3500.arrow,HIGH
0009568,0.5785128307497734,batch_3400-3500.arrow,HIGH
0009569,0.5797313582033135,batch_3400-3500.arrow,HIGH
0009570,0.26853337219230483,batch_3400-3500.arrow,LOW
0009572,0.6640747936492378,batch_3400-3500.arrow,HIGH
0009573,0.7299934619060379,batch_3400-3500.arrow,HIGH
0009574,0.4870525718437914,batch_3400-3500.arrow,LOW
0009575,0.5688456928747675,batch_3400-3500.arrow,HIGH
0009577,0.3322633964565027,batch_3400-3500.arrow,LOW
0009578,0.6506729527378082,batch_3400-3500.arrow,HIGH
0009579,0.20625662124014954,batch_3400-3500.arrow,LOW
0009580,0.23269069369089235,batch_3400-3500.arrow,LOW
0009584,0.1824885195085936,batch_3400-3500.arrow,LOW
0009585,0.6717736807933762,batch_3400-3500.arrow,HIGH
0009587,0.34150335358105527,batch_3400-3500.arrow,LOW
0009588,0.6336474519095802,batch_3400-3500.arrow,HIGH
0009589,0.20227216195477773,batch_3400-3500.arrow,LOW
0009590,0.6788006579163789,batch_3400-3500.arrow,HIGH
0009593,0.6511038100776988,batch_3400-3500.arrow,HIGH
0009594,0.60927069993715,batch_3400-3500.arrow,HIGH
0009595,0.5747208649215172,batch_3400-3500.arrow,HIGH
0005410,0.22494414257761877,batch_400-500.arrow,LOW
0005411,0.5673767162114961,batch_400-500.arrow,HIGH
0005415,0.44622832605706514,batch_400-500.arrow,LOW
0005416,0.6346206705071896,batch_400-500.arrow,HIGH
0005418,0.6432335429026549,batch_400-500.arrow,HIGH
0005419,0.7905262773187305,batch_400-500.arrow,HIGH
0005420,0.3391335639282215,batch_400-500.arrow,LOW
0005421,0.5011921703351324,batch_400-500.arrow,HIGH
0005422,0.16885168908446216,batch_400-500.arrow,LOW
0005423,0.542784704984259,batch_400-500.arrow,HIGH
0005425,0.27384176747751693,batch_400-500.arrow,LOW
0005426,0.5450491213946326,batch_400-500.arrow,HIGH
0005428,0.6872265893618371,batch_400-500.arrow,HIGH
0005429,0.47218403817143456,batch_400-500.arrow,LOW
0005430,0.5290213929556705,batch_400-500.arrow,HIGH
0005431,0.6906860760124204,batch_400-500.arrow,HIGH
0005435,0.5220592003597376,batch_400-500.arrow,HIGH
0005436,0.21411879980679757,batch_400-500.arrow,LOW
0005437,0.48519721014872635,batch_400-500.arrow,LOW
0005438,0.6849927639191549,batch_400-500.arrow,HIGH
0005439,0.6966473381181771,batch_400-500.arrow,HIGH
0005440,0.6576186969706233,batch_400-500.arrow,HIGH
0005441,0.4718178154889512,batch_400-500.arrow,LOW
0005442,0.40701170857184166,batch_400-500.arrow,LOW
0005443,0.738820255883688,batch_400-500.arrow,HIGH
0005445,0.6071853415152555,batch_400-500.arrow,HIGH
0005446,0.7820435444002145,batch_400-500.arrow,HIGH
0005447,0.4262601524568452,batch_400-500.arrow,LOW
0005448,0.7033787107165005,batch_400-500.arrow,HIGH
0005449,0.6620532526936524,batch_400-500.arrow,HIGH
0005450,0.6487722766737561,batch_400-500.arrow,HIGH
0005451,0.6077823166769617,batch_400-500.arrow,HIGH
0005452,0.3519134341610872,batch_400-500.arrow,LOW
0005453,0.5533120180092763,batch_400-500.arrow,HIGH
0005454,0.6299697117579767,batch_400-500.arrow,HIGH
0005455,0.2975147020807107,batch_400-500.arrow,LOW
0005456,0.2480903469539639,batch_400-500.arrow,LOW
0005457,0.8429755598349473,batch_400-500.arrow,HIGH
0005458,0.5142580557084644,batch_400-500.arrow,HIGH
0005459,0.529020192823756,batch_400-500.arrow,HIGH
0005461,0.6346308324657453,batch_400-500.arrow,HIGH
0005462,0.5434045187766968,batch_400-500.arrow,HIGH
0005463,0.36069952839849656,batch_400-500.arrow,LOW
0005464,0.5821554582165238,batch_400-500.arrow,HIGH
0005465,0.6431749912939901,batch_400-500.arrow,HIGH
0005467,0.6045761728880937,batch_400-500.arrow,HIGH
0005468,0.7220142302969745,batch_400-500.arrow,HIGH
0005472,0.5640914968433969,batch_400-500.arrow,HIGH
0005475,0.10841644834342744,batch_400-500.arrow,LOW
0005476,0.3052896566226915,batch_400-500.arrow,LOW
0005478,0.4868000938043317,batch_400-500.arrow,LOW
0005479,0.6579286552140998,batch_400-500.arrow,HIGH
0005481,0.5498978365578181,batch_400-500.arrow,HIGH
0005482,0.3390534029911696,batch_400-500.arrow,LOW
0005483,0.7354815592397306,batch_400-500.arrow,HIGH
0005484,0.1200816994728956,batch_400-500.arrow,LOW
0005487,0.16311785972109602,batch_400-500.arrow,LOW
0005488,0.6829155584274925,batch_400-500.arrow,HIGH
0005492,0.568243837633046,batch_400-500.arrow,HIGH
0005493,0.5698795578508703,batch_400-500.arrow,HIGH
0005496,0.6831276774307157,batch_400-500.arrow,HIGH
0005497,0.14415238140196127,batch_400-500.arrow,LOW
0005498,0.6551958496496629,batch_400-500.arrow,HIGH
0005499,0.11603693240652137,batch_400-500.arrow,LOW
0005500,0.5789885688647524,batch_400-500.arrow,HIGH
0005501,0.8177701645525502,batch_400-500.arrow,HIGH
0005502,0.6962016436658116,batch_400-500.arrow,HIGH
0005503,0.7252254575703906,batch_400-500.arrow,HIGH
0005504,0.121136444971525,batch_400-500.arrow,LOW
0005505,0.26741928360466577,batch_400-500.arrow,LOW
0005507,0.7016517071176009,batch_400-500.arrow,HIGH
0005508,0.20214170305379028,batch_400-500.arrow,LOW
0005509,0.7258507341977132,batch_400-500.arrow,HIGH
0005510,0.779714881282135,batch_400-500.arrow,HIGH
0005511,0.6835182156590136,batch_400-500.arrow,HIGH
0005512,0.455329996901961,batch_400-500.arrow,LOW
0005513,0.5477468694970088,batch_400-500.arrow,HIGH
0005517,0.49301471220826915,batch_400-500.arrow,LOW
0005519,0.5424700774024268,batch_400-500.arrow,HIGH
0005520,0.6879022020482303,batch_400-500.arrow,HIGH
0005521,0.6147653497572202,batch_400-500.arrow,HIGH
0005524,0.5172685271348155,batch_400-500.arrow,HIGH
0005525,0.22987844434566249,batch_400-500.arrow,LOW
0005526,0.4221225347488719,batch_400-500.arrow,LOW
0005527,0.3453058241402125,batch_400-500.arrow,LOW
0005529,0.36582270404890505,batch_400-500.arrow,LOW
0005530,0.3884027226703017,batch_400-500.arrow,LOW
0005531,0.7449669193836531,batch_400-500.arrow,HIGH
0005532,0.6236650267360829,batch_400-500.arrow,HIGH
0005534,0.7346244091327788,batch_400-500.arrow,HIGH
0005535,0.3403655216076544,batch_400-500.arrow,LOW
0005537,0.26319599834944785,batch_400-500.arrow,LOW
0005538,0.493791836466972,batch_400-500.arrow,LOW
0005540,0.48655727974408663,batch_400-500.arrow,LOW
0005542,0.7786980010723962,batch_400-500.arrow,HIGH
0005546,0.6817275590182298,batch_400-500.arrow,HIGH
0005549,0.4528713750728311,batch_400-500.arrow,LOW
0005550,0.2991457669142532,batch_400-500.arrow,LOW
0005695,0.30025017036272017,batch_600-700.arrow,LOW
0005696,0.6789003358661688,batch_600-700.arrow,HIGH
0005697,0.6130675867251122,batch_600-700.arrow,HIGH
0005700,0.7164838820885704,batch_600-700.arrow,HIGH
0005701,0.310685043471783,batch_600-700.arrow,LOW
0005703,0.4230859250147023,batch_600-700.arrow,LOW
0005704,0.73081264384486,batch_600-700.arrow,HIGH
0005705,0.025584626362001744,batch_600-700.arrow,LOW
0005706,0.5655704381925625,batch_600-700.arrow,HIGH
0005707,0.24681115591188404,batch_600-700.arrow,LOW
0005708,0.6028921874713783,batch_600-700.arrow,HIGH
0005709,0.5716653121343965,batch_600-700.arrow,HIGH
0005710,0.7877158639183514,batch_600-700.arrow,HIGH
0005712,0.5954475616566965,batch_600-700.arrow,HIGH
0005713,0.5214043146332522,batch_600-700.arrow,HIGH
0005714,0.6681986900974817,batch_600-700.arrow,HIGH
0005715,0.601864683646344,batch_600-700.arrow,HIGH
0005716,0.07829216867932699,batch_600-700.arrow,LOW
0005717,0.5091948124840445,batch_600-700.arrow,HIGH
0005718,0.22261340793471393,batch_600-700.arrow,LOW
0005719,0.5044888391806239,batch_600-700.arrow,HIGH
0005721,0.66155533960151,batch_600-700.arrow,HIGH
0005723,0.5387401087136667,batch_600-700.arrow,HIGH
0005724,0.6777491137441833,batch_600-700.arrow,HIGH
0005725,0.5503542833290088,batch_600-700.arrow,HIGH
0005726,0.521268198517231,batch_600-700.arrow,HIGH
0005727,0.5733423533470794,batch_600-700.arrow,HIGH
0005729,0.6888763990790623,batch_600-700.arrow,HIGH
0005730,0.30378182917642804,batch_600-700.arrow,LOW
0005731,0.532811230799277,batch_600-700.arrow,HIGH
0005732,0.5186293176092035,batch_600-700.arrow,HIGH
0005734,0.534330057419733,batch_600-700.arrow,HIGH
0005736,0.7148266883305392,batch_600-700.arrow,HIGH
0005738,0.27590490983954413,batch_600-700.arrow,LOW
0005741,0.48155993768112476,batch_600-700.arrow,LOW
0005743,0.1750345474505416,batch_600-700.arrow,LOW
0005744,0.5332641190053747,batch_600-700.arrow,HIGH
0005746,0.2579969497685955,batch_600-700.arrow,LOW
0005747,0.495358923248844,batch_600-700.arrow,LOW
0005749,0.3103567072071276,batch_600-700.arrow,LOW
0005750,0.5360715179783332,batch_600-700.arrow,HIGH
0005751,0.45022929730177635,batch_600-700.arrow,LOW
0005752,0.6375183691245736,batch_600-700.arrow,HIGH
0005753,0.6412125937728276,batch_600-700.arrow,HIGH
0005755,0.24223588378354458,batch_600-700.arrow,LOW
0005759,0.1822231934330537,batch_600-700.arrow,LOW
0005760,0.1762567899967498,batch_600-700.arrow,LOW
0005761,0.5802632959315871,batch_600-700.arrow,HIGH
0005762,0.4288911234532921,batch_600-700.arrow,LOW
0005764,0.6805575426762066,batch_600-700.arrow,HIGH
0005765,0.42486919287267577,batch_600-700.arrow,LOW
0005767,0.3888332243700809,batch_600-700.arrow,LOW
0005770,0.37322464016011,batch_600-700.arrow,LOW
0005771,0.7002264668582162,batch_600-700.arrow,HIGH
0005772,0.5483455820157751,batch_600-700.arrow,HIGH
0005777,0.5102574103840204,batch_600-700.arrow,HIGH
0005780,0.4532400905312306,batch_600-700.arrow,LOW
0005781,0.614591443074921,batch_600-700.arrow,HIGH
0005783,0.5625187928251224,batch_600-700.arrow,HIGH
0005784,0.12674459806881258,batch_600-700.arrow,LOW
0005787,0.6742372075630758,batch_600-700.arrow,HIGH
0005788,0.5713177464138999,batch_600-700.arrow,HIGH
0005789,0.3261958852972831,batch_600-700.arrow,LOW
0005790,0.39698837848365987,batch_600-700.arrow,LOW
0005791,0.3713086335576534,batch_600-700.arrow,LOW
0005792,0.619174803982051,batch_600-700.arrow,HIGH
0005793,0.14344436678933178,batch_600-700.arrow,LOW
0005794,0.652300673936709,batch_600-700.arrow,HIGH
0005795,0.4550975174601084,batch_600-700.arrow,LOW
0005796,0.6408024528623759,batch_600-700.arrow,HIGH
0005797,0.14573764430627298,batch_600-700.arrow,LOW
0005798,0.37437921388996004,batch_600-700.arrow,LOW
0005803,0.5579351833175915,batch_600-700.arrow,HIGH
0005804,0.6158979706436751,batch_600-700.arrow,HIGH
0005807,0.6929565176000292,batch_600-700.arrow,HIGH
0005809,0.7440695456477148,batch_600-700.arrow,HIGH
0005810,0.21383639804876975,batch_600-700.arrow,LOW
0005817,0.47637449015754846,batch_600-700.arrow,LOW
0005821,0.7548768162534357,batch_600-700.arrow,HIGH
0005822,0.7092683784319748,batch_600-700.arrow,HIGH
0005823,0.5335553410223313,batch_600-700.arrow,HIGH
0005824,0.5355105191634809,batch_600-700.arrow,HIGH
0005826,0.6933226568694426,batch_600-700.arrow,HIGH
0005827,0.6881125171472253,batch_600-700.arrow,HIGH
0005831,0.673315011707492,batch_600-700.arrow,HIGH
0005832,0.493430141849762,batch_600-700.arrow,LOW
0005833,0.7150687150423689,batch_600-700.arrow,HIGH
0005834,0.5877820686408636,batch_600-700.arrow,HIGH
0005835,0.701169793503437,batch_600-700.arrow,HIGH
0005836,0.47407602839564733,batch_600-700.arrow,LOW
0005837,0.34011895055028124,batch_600-700.arrow,LOW
0005838,0.601789993270282,batch_600-700.arrow,HIGH
0005840,0.6774269878815713,batch_600-700.arrow,HIGH
0005842,0.50555567870846,batch_600-700.arrow,HIGH
0005843,0.17724551366299882,batch_600-700.arrow,LOW
0005845,0.5019272637825775,batch_600-700.arrow,HIGH
0005846,0.6666242886081841,batch_600-700.arrow,HIGH
0005847,0.47444295445098233,batch_600-700.arrow,LOW
0005848,0.06206323158978314,batch_600-700.arrow,LOW
0005850,0.6543387929131249,batch_700-800.arrow,HIGH
0005854,0.36926537728252007,batch_700-800.arrow,LOW
0005855,0.1536680263480358,batch_700-800.arrow,LOW
0005863,0.5588907836164906,batch_700-800.arrow,HIGH
0005864,0.379344498246386,batch_700-800.arrow,LOW
0005868,0.39520727705556197,batch_700-800.arrow,LOW
0005871,0.6131860457576888,batch_700-800.arrow,HIGH
0005872,0.3568468541468326,batch_700-800.arrow,LOW
0005873,0.2793299907651899,batch_700-800.arrow,LOW
0005874,0.633379525415085,batch_700-800.arrow,HIGH
0005875,0.6524238963147408,batch_700-800.arrow,HIGH
0005876,0.6507043110180394,batch_700-800.arrow,HIGH
0005879,0.46944493689996464,batch_700-800.arrow,LOW
0005880,0.6497055342239939,batch_700-800.arrow,HIGH
0005881,0.5187268204078964,batch_700-800.arrow,HIGH
0005882,0.6174817423996081,batch_700-800.arrow,HIGH
0005883,0.4383692989254959,batch_700-800.arrow,LOW
0005884,0.5484920191471255,batch_700-800.arrow,HIGH
0005885,0.2454071281744968,batch_700-800.arrow,LOW
0005886,0.756064294304065,batch_700-800.arrow,HIGH
0005887,0.6491453837743718,batch_700-800.arrow,HIGH
0005888,0.6989977969573519,batch_700-800.arrow,HIGH
0005889,0.29098707990906764,batch_700-800.arrow,LOW
0005890,0.2261931347569021,batch_700-800.arrow,LOW
0005891,0.5862336275324646,batch_700-800.arrow,HIGH
0005894,0.5804759505470679,batch_700-800.arrow,HIGH
0005897,0.7330335810584582,batch_700-800.arrow,HIGH
0005898,0.6937502539242679,batch_700-800.arrow,HIGH
0005901,0.556049174843304,batch_700-800.arrow,HIGH
0005902,0.4628012239428882,batch_700-800.arrow,LOW
0005903,0.23479352929424158,batch_700-800.arrow,LOW
0005904,0.5369911213235748,batch_700-800.arrow,HIGH
0005905,0.15694710745337867,batch_700-800.arrow,LOW
0005906,0.3731097652081845,batch_700-800.arrow,LOW
0005907,0.6007408510632144,batch_700-800.arrow,HIGH
0005908,0.6128468236226362,batch_700-800.arrow,HIGH
0005909,0.6717445967240622,batch_700-800.arrow,HIGH
0005910,0.18469045960708275,batch_700-800.arrow,LOW
0005912,0.5414686972692334,batch_700-800.arrow,HIGH
0005913,0.45181967080113866,batch_700-800.arrow,LOW
0005914,0.6112653915778754,batch_700-800.arrow,HIGH
0005917,0.6170239011006533,batch_700-800.arrow,HIGH
0005919,0.28358756936989243,batch_700-800.arrow,LOW
0005920,0.6086599716507163,batch_700-800.arrow,HIGH
0005921,0.49828767581611383,batch_700-800.arrow,LOW
0005922,0.4739030107347925,batch_700-800.arrow,LOW
0005923,0.276385002418684,batch_700-800.arrow,LOW
0005924,0.6524030587151192,batch_700-800.arrow,HIGH
0005925,0.6214486686083881,batch_700-800.arrow,HIGH
0005927,0.525752468410604,batch_700-800.arrow,HIGH
0005928,0.6907062735104662,batch_700-800.arrow,HIGH
0005929,0.10952541004502386,batch_700-800.arrow,LOW
0005930,0.16232021137477767,batch_700-800.arrow,LOW
0005931,0.20008028816217183,batch_700-800.arrow,LOW
0005933,0.6731685534214847,batch_700-800.arrow,HIGH
0005934,0.22988764338682358,batch_700-800.arrow,LOW
0005936,0.5903317736504602,batch_700-800.arrow,HIGH
0005938,0.4543085007378029,batch_700-800.arrow,LOW
0005940,0.6904943920292085,batch_700-800.arrow,HIGH
0005941,0.5303135438997562,batch_700-800.arrow,HIGH
0005942,0.5243377194394432,batch_700-800.arrow,HIGH
0005943,0.718622943295724,batch_700-800.arrow,HIGH
0005944,0.43330917877125635,batch_700-800.arrow,LOW
0005947,0.17428232592823065,batch_700-800.arrow,LOW
0005948,0.5934958926781574,batch_700-800.arrow,HIGH
0005949,0.5253346620789523,batch_700-800.arrow,HIGH
0005953,0.7014770401205211,batch_700-800.arrow,HIGH
0005955,0.670649023732183,batch_700-800.arrow,HIGH
0005956,0.17930752712961273,batch_700-800.arrow,LOW
0005957,0.7476888305679216,batch_700-800.arrow,HIGH
0005958,0.7469226923530123,batch_700-800.arrow,HIGH
0005959,0.6572557442498711,batch_700-800.arrow,HIGH
0005960,0.6100651400886533,batch_700-800.arrow,HIGH
0005963,0.6418720480371549,batch_700-800.arrow,HIGH
0005964,0.19825438375436302,batch_700-800.arrow,LOW
0005966,0.5585154854709811,batch_700-800.arrow,HIGH
0005967,0.3472176636942715,batch_700-800.arrow,LOW
0005968,0.4588951928092901,batch_700-800.arrow,LOW
0005970,0.443330938668039,batch_700-800.arrow,LOW
0005973,0.7475801061607937,batch_700-800.arrow,HIGH
0005974,0.6583066212042183,batch_700-800.arrow,HIGH
0005975,0.666947079470592,batch_700-800.arrow,HIGH
0005977,0.29298552649014536,batch_700-800.arrow,LOW
0005978,0.5113727064209371,batch_700-800.arrow,HIGH
0005979,0.5456842792384845,batch_700-800.arrow,HIGH
0005980,0.3412937246775369,batch_700-800.arrow,LOW
0005982,0.5716407830668068,batch_700-800.arrow,HIGH
0005983,0.22532761402796608,batch_700-800.arrow,LOW
0005984,0.19700272587485124,batch_700-800.arrow,LOW
0005987,0.6568796135677634,batch_700-800.arrow,HIGH
0005988,0.5835990433690506,batch_700-800.arrow,HIGH
0005990,0.4703885813294509,batch_700-800.arrow,LOW
0005992,0.167164181466298,batch_700-800.arrow,LOW
0005993,0.5690366369190227,batch_700-800.arrow,HIGH
0005994,0.6401166955990769,batch_700-800.arrow,HIGH
0005995,0.8285952008384001,batch_700-800.arrow,HIGH
0005996,0.5778722436603161,batch_700-800.arrow,HIGH
0005997,0.46519292149456143,batch_800-900.arrow,LOW
0005998,0.7987194073529672,batch_800-900.arrow,HIGH
0006000,0.5977502230429835,batch_800-900.arrow,HIGH
0006001,0.14707307430939334,batch_800-900.arrow,LOW
0006002,0.3814701588933653,batch_800-900.arrow,LOW
0006003,0.3758579782470768,batch_800-900.arrow,LOW
0006004,0.43114282526273523,batch_800-900.arrow,LOW
0006005,0.17694051980386324,batch_800-900.arrow,LOW
0006007,0.2285464982481122,batch_800-900.arrow,LOW
0006008,0.644326568936165,batch_800-900.arrow,HIGH
0006009,0.6688495227365511,batch_800-900.arrow,HIGH
0006010,0.12327465021458624,batch_800-900.arrow,LOW
0006011,0.5095031655390825,batch_800-900.arrow,HIGH
0006012,0.7392071390665146,batch_800-900.arrow,HIGH
0006014,0.7260829761897746,batch_800-900.arrow,HIGH
0006015,0.6371165497679705,batch_800-900.arrow,HIGH
0006016,0.3764485406961288,batch_800-900.arrow,LOW
0006017,0.2587287782556024,batch_800-900.arrow,LOW
0006018,0.09425119287590782,batch_800-900.arrow,LOW
0006021,0.49527059304439724,batch_800-900.arrow,LOW
0006022,0.22388811154859545,batch_800-900.arrow,LOW
0006023,0.6790787129271072,batch_800-900.arrow,HIGH
0006024,0.6221372662387197,batch_800-900.arrow,HIGH
0006025,0.5472426939989379,batch_800-900.arrow,HIGH
0006026,0.6537793015312555,batch_800-900.arrow,HIGH
0006028,0.3563394484764693,batch_800-900.arrow,LOW
0006030,0.5606010898430741,batch_800-900.arrow,HIGH
0006031,0.4089046092716306,batch_800-900.arrow,LOW
0006032,0.26460140676234895,batch_800-900.arrow,LOW
0006033,0.7131428705970695,batch_800-900.arrow,HIGH
0006034,0.6203672531446376,batch_800-900.arrow,HIGH
0006035,0.6888970956021806,batch_800-900.arrow,HIGH
0006036,0.5979575786467404,batch_800-900.arrow,HIGH
0006037,0.577105958812815,batch_800-900.arrow,HIGH
0006039,0.5506679220426288,batch_800-900.arrow,HIGH
0006040,0.6157741146034114,batch_800-900.arrow,HIGH
0006041,0.21367495109654264,batch_800-900.arrow,LOW
0006042,0.09484900156767673,batch_800-900.arrow,LOW
0006043,0.6098124900285643,batch_800-900.arrow,HIGH
0006044,0.7107606027885501,batch_800-900.arrow,HIGH
0006045,0.6791723061143825,batch_800-900.arrow,HIGH
0006046,0.72886841527091,batch_800-900.arrow,HIGH
0006049,0.5549998882316117,batch_800-900.arrow,HIGH
0006050,0.19949133615400175,batch_800-900.arrow,LOW
0006052,0.31803490346044067,batch_800-900.arrow,LOW
0006055,0.7258294264718747,batch_800-900.arrow,HIGH
0006057,0.5530818433072389,batch_800-900.arrow,HIGH
0006058,0.35398703476105337,batch_800-900.arrow,LOW
0006060,0.16404098841220272,batch_800-900.arrow,LOW
0006064,0.7069797174852696,batch_800-900.arrow,HIGH
0006066,0.5545088808418343,batch_800-900.arrow,HIGH
0006067,0.537048704598278,batch_800-900.arrow,HIGH
0006068,0.5455386114516863,batch_800-900.arrow,HIGH
0006070,0.652139339595427,batch_800-900.arrow,HIGH
0006071,0.6355854436748031,batch_800-900.arrow,HIGH
0006074,0.10646449500850665,batch_800-900.arrow,LOW
0006075,0.6374833051450527,batch_800-900.arrow,HIGH
0006076,0.5626960307453327,batch_800-900.arrow,HIGH
0006077,0.6462094450310752,batch_800-900.arrow,HIGH
0006078,0.5638272662716571,batch_800-900.arrow,HIGH
0006079,0.637493859836617,batch_800-900.arrow,HIGH
0006080,0.5247491706085716,batch_800-900.arrow,HIGH
0006081,0.6573969634274061,batch_800-900.arrow,HIGH
0006082,0.6597657993689356,batch_800-900.arrow,HIGH
0006084,0.5695394452133101,batch_800-900.arrow,HIGH
0006085,0.690967320859027,batch_800-900.arrow,HIGH
0006087,0.24608502212127562,batch_800-900.arrow,LOW
0006088,0.37679683477725545,batch_800-900.arrow,LOW
0006089,0.34798435400891586,batch_800-900.arrow,LOW
0006090,0.5199382875803703,batch_800-900.arrow,HIGH
0006091,0.3670791039400094,batch_800-900.arrow,LOW
0006093,0.5571409612416743,batch_800-900.arrow,HIGH
0006095,0.721421344162723,batch_800-900.arrow,HIGH
0006096,0.4282618704418178,batch_800-900.arrow,LOW
0006097,0.5588844143504471,batch_800-900.arrow,HIGH
0006098,0.1808765489599641,batch_800-900.arrow,LOW
0006099,0.6519234269450612,batch_800-900.arrow,HIGH
0006103,0.6052173771325173,batch_800-900.arrow,HIGH
0006104,0.6668147201282674,batch_800-900.arrow,HIGH
0006105,0.5488391052251208,batch_800-900.arrow,HIGH
0006106,0.6474883532828063,batch_800-900.arrow,HIGH
0006107,0.5960417955988628,batch_800-900.arrow,HIGH
0006109,0.6269147199976167,batch_800-900.arrow,HIGH
0006110,0.5950897582942939,batch_800-900.arrow,HIGH
0006111,0.7939779698852392,batch_800-900.arrow,HIGH
0006112,0.5771698859300106,batch_800-900.arrow,HIGH
0006113,0.6642063346090692,batch_800-900.arrow,HIGH
0006114,0.4813144104395258,batch_800-900.arrow,LOW
0006116,0.6685544142813544,batch_800-900.arrow,HIGH
0006117,0.6702287106000758,batch_800-900.arrow,HIGH
0006118,0.6207162338389304,batch_800-900.arrow,HIGH
0006120,0.28387628141653737,batch_800-900.arrow,LOW
0006121,0.737513801968071,batch_800-900.arrow,HIGH
0006124,0.6329730128120324,batch_800-900.arrow,HIGH
0006125,0.1546413851738336,batch_800-900.arrow,LOW
0006128,0.6052116056586256,batch_800-900.arrow,HIGH
0006129,0.5287527280111189,batch_800-900.arrow,HIGH
0006130,0.5948623700196022,batch_900-1000.arrow,HIGH
0006131,0.6268840523080287,batch_900-1000.arrow,HIGH
0006133,0.27668516639240276,batch_900-1000.arrow,LOW
0006134,0.6041957152174388,batch_900-1000.arrow,HIGH
0006136,0.6535615682686935,batch_900-1000.arrow,HIGH
0006137,0.5915238617600854,batch_900-1000.arrow,HIGH
0006138,0.4010891172622169,batch_900-1000.arrow,LOW
0006139,0.22230331597871245,batch_900-1000.arrow,LOW
0006140,0.5441962554169065,batch_900-1000.arrow,HIGH
0006141,0.7302934458786384,batch_900-1000.arrow,HIGH
0006142,0.26786172481350695,batch_900-1000.arrow,LOW
0006143,0.5123781480736405,batch_900-1000.arrow,HIGH
0006144,0.49224626162933166,batch_900-1000.arrow,LOW
0006145,0.4986962360716583,batch_900-1000.arrow,LOW
0006148,0.23034842765176067,batch_900-1000.arrow,LOW
0006149,0.5757264480804939,batch_900-1000.arrow,HIGH
0006154,0.7139921705564231,batch_900-1000.arrow,HIGH
0006155,0.7425254558107618,batch_900-1000.arrow,HIGH
0006156,0.6712096434872897,batch_900-1000.arrow,HIGH
0006157,0.6291399918973365,batch_900-1000.arrow,HIGH
0006158,0.6397160199517851,batch_900-1000.arrow,HIGH
0006160,0.6447519289880582,batch_900-1000.arrow,HIGH
0006161,0.532950217314592,batch_900-1000.arrow,HIGH
0006162,0.5929719752689476,batch_900-1000.arrow,HIGH
0006163,0.49002340784709725,batch_900-1000.arrow,LOW
0006164,0.6903324836337377,batch_900-1000.arrow,HIGH
0006165,0.5355909376624505,batch_900-1000.arrow,HIGH
0006167,0.4888330657422673,batch_900-1000.arrow,LOW
0006169,0.2750489549466072,batch_900-1000.arrow,LOW
0006170,0.34575018456708073,batch_900-1000.arrow,LOW
0006171,0.3103177771353233,batch_900-1000.arrow,LOW
0006172,0.32586035081407844,batch_900-1000.arrow,LOW
0006174,0.4568335145695879,batch_900-1000.arrow,LOW
0006177,0.1654629916391058,batch_900-1000.arrow,LOW
0006180,0.5293898648113585,batch_900-1000.arrow,HIGH
0006181,0.7187115033024911,batch_900-1000.arrow,HIGH
0006182,0.48271558438713563,batch_900-1000.arrow,LOW
0006183,0.5633854110919808,batch_900-1000.arrow,HIGH
0006184,0.565927241836638,batch_900-1000.arrow,HIGH
0006185,0.42848925308005564,batch_900-1000.arrow,LOW
0006186,0.5471397844961899,batch_900-1000.arrow,HIGH
0006187,0.20532936860963316,batch_900-1000.arrow,LOW
0006191,0.553167841090213,batch_900-1000.arrow,HIGH
0006192,0.5545570151048312,batch_900-1000.arrow,HIGH
0006193,0.2521122937407001,batch_900-1000.arrow,LOW
0006194,0.10553156395441864,batch_900-1000.arrow,LOW
0006195,0.6158583615455532,batch_900-1000.arrow,HIGH
0006196,0.5134470589847725,batch_900-1000.arrow,HIGH
0006197,0.6285217530947983,batch_900-1000.arrow,HIGH
0006198,0.5209794857058023,batch_900-1000.arrow,HIGH
0006199,0.446329667634729,batch_900-1000.arrow,LOW
0006201,0.550057514467628,batch_900-1000.arrow,HIGH
0006202,0.6703851143641751,batch_900-1000.arrow,HIGH
0006204,0.2999252848221451,batch_900-1000.arrow,LOW
0006205,0.5322826063882483,batch_900-1000.arrow,HIGH
0006209,0.4412299799539674,batch_900-1000.arrow,LOW
0006210,0.6518679934297366,batch_900-1000.arrow,HIGH
0006211,0.6193420489630203,batch_900-1000.arrow,HIGH
0006212,0.8405840664943094,batch_900-1000.arrow,HIGH
0006215,0.6141707569876694,batch_900-1000.arrow,HIGH
0006218,0.34502346672796874,batch_900-1000.arrow,LOW
0006220,0.1837310558681845,batch_900-1000.arrow,LOW
0006221,0.6134314438036471,batch_900-1000.arrow,HIGH
0006222,0.15562698679215822,batch_900-1000.arrow,LOW
0006224,0.4766967585049655,batch_900-1000.arrow,LOW
0006225,0.5176204454828491,batch_900-1000.arrow,HIGH
0006226,0.5898443681243718,batch_900-1000.arrow,HIGH
0006227,0.6247266316392013,batch_900-1000.arrow,HIGH
0006228,0.6605673617624608,batch_900-1000.arrow,HIGH
0006229,0.5817667697666881,batch_900-1000.arrow,HIGH
0006230,0.5840514792788771,batch_900-1000.arrow,HIGH
0006232,0.12748005753186434,batch_900-1000.arrow,LOW
0006233,0.4466092055959719,batch_900-1000.arrow,LOW
0006234,0.6319783665934514,batch_900-1000.arrow,HIGH
0006235,0.16360882929325968,batch_900-1000.arrow,LOW
0006238,0.6411269946166004,batch_900-1000.arrow,HIGH
0006241,0.5742044672047799,batch_900-1000.arrow,HIGH
0006242,0.5853024619134443,batch_900-1000.arrow,HIGH
0006243,0.7428872264401516,batch_900-1000.arrow,HIGH
0006247,0.5046665932791387,batch_900-1000.arrow,HIGH
0006249,0.6128856917730237,batch_900-1000.arrow,HIGH
0006250,0.659332816597702,batch_900-1000.arrow,HIGH
0006253,0.5183086553087821,batch_900-1000.arrow,HIGH
0006255,0.21283398337626033,batch_900-1000.arrow,LOW
0006256,0.4210454677200275,batch_900-1000.arrow,LOW
0006258,0.4700551275184313,batch_900-1000.arrow,LOW
0006259,0.7065937044767128,batch_900-1000.arrow,HIGH
0006260,0.45259028338726154,batch_900-1000.arrow,LOW
0006261,0.4330896431041092,batch_900-1000.arrow,LOW
0006262,0.37493028729933603,batch_900-1000.arrow,LOW
0006263,0.7239185974992446,batch_900-1000.arrow,HIGH
0006264,0.16616763727716105,batch_900-1000.arrow,LOW
0006265,0.6137045014816523,batch_900-1000.arrow,HIGH
0006266,0.6157846394027068,batch_900-1000.arrow,HIGH
0006267,0.5465170155082498,batch_900-1000.arrow,HIGH
0006273,0.6788575406041185,batch_900-1000.arrow,HIGH
0006275,0.6414499203360805,batch_900-1000.arrow,HIGH
0006276,0.2708345960094423,batch_900-1000.arrow,LOW
